world_size,avg_steps_time
1,1.1646809747187512
2,0.8089999584872762
4,0.5509568682801278
8,0.4533189422558013
10,0.40101291045705506
16,0.36614222259122414
20,0.34173274108514257
24,0.320810328365644
32,0.30686205321931165
40,0.2964008468595625
