world_size,avg_steps_time
1,6.3482587064676625
2,3.522388059701493
4,3.030845771144279
8,2.1890547263681595
10,1.890547263681592
16,1.691542288557214
20,1.5920398009950252
24,1.492537313432836
32,1.3930348258706469
40,1.2935323383084578
