world_size,avg_steps_time
1,2.6752293577981647
2,1.823853211009174
4,1.456880733944954
8,1.0458715596330272
10,0.8110091743119265
16,0.6532110091743119
20,0.5798165137614678
24,0.5321100917431192
32,0.491743119266055
40,0.4623853211009174
