world_size,avg_steps_time
1,0.19555555555555557
2,0.11555555555555556
4,0.062222222222222234
8,0.03377777777777778
16,0.018666666666666668
