world_size,avg_steps_time
1,12.591044776119404
2,7.5820895522388065
4,5.592039800995026
8,3.8606965174129355
10,3.1840796019900504
16,2.5870646766169156
20,2.3880597014925375
24,2.1890547263681595
32,1.9900497512437814
40,1.890547263681592
