world_size,avg_steps_time
1,5.974831723734271
2,3.315188762071993
4,2.8525607257828507
8,2.0602868012876794
10,1.7793386011120866
16,1.592039800995025
20,1.4983904009364943
24,1.4047410008779633
32,1.3110916008194324
40,1.2174422007609014
