world_size,avg_steps_time
1,1.2256880733944955
2,0.8513761467889908
4,0.5798165137614678
8,0.4770642201834862
10,0.4220183486238532
16,0.38532110091743116
20,0.35963302752293574
24,0.33761467889908253
32,0.3229357798165137
40,0.3119266055045872
