tp,first_scene_time,per_scene_time
1,2.1185185185185187,0.2571818181818182
2,1.2903703703703704,0.17425
4,0.8859259259259259,0.1118181818181818
8,0.7511111111111111,0.09877272727272726
