# Per-minute request arrivals of the Azure LMM Inference Trace 2025 (ModServe, SoCC'25).
# Source: https://github.com/Azure/AzurePublicDataset/raw/master/data/AzureLMMInferenceTrace_multimodal.csv.gz
# License: CC-BY (https://github.com/Azure/AzurePublicDataset/blob/master/LICENSE)
minute,timestamp,requests
0,2024-10-15T12:00Z,132
1,2024-10-15T12:01Z,154
2,2024-10-15T12:02Z,115
3,2024-10-15T12:03Z,277
4,2024-10-15T12:04Z,197
5,2024-10-15T12:05Z,262
6,2024-10-15T12:06Z,200
7,2024-10-15T12:07Z,235
8,2024-10-15T12:08Z,62
9,2024-10-15T12:09Z,116
10,2024-10-15T12:10Z,122
11,2024-10-15T12:11Z,126
12,2024-10-15T12:12Z,71
13,2024-10-15T12:13Z,166
14,2024-10-15T12:14Z,97
15,2024-10-15T12:15Z,79
16,2024-10-15T12:16Z,115
17,2024-10-15T12:17Z,150
18,2024-10-15T12:18Z,82
19,2024-10-15T12:19Z,85
20,2024-10-15T12:20Z,43
21,2024-10-15T12:21Z,41
22,2024-10-15T12:22Z,112
23,2024-10-15T12:23Z,82
24,2024-10-15T12:24Z,41
25,2024-10-15T12:25Z,44
26,2024-10-15T12:26Z,106
27,2024-10-15T12:27Z,64
28,2024-10-15T12:28Z,145
29,2024-10-15T12:29Z,38
30,2024-10-15T12:30Z,85
31,2024-10-15T12:31Z,65
32,2024-10-15T12:32Z,100
33,2024-10-15T12:33Z,76
34,2024-10-15T12:34Z,74
35,2024-10-15T12:35Z,81
36,2024-10-15T12:36Z,70
37,2024-10-15T12:37Z,74
38,2024-10-15T12:38Z,55
39,2024-10-15T12:39Z,101
40,2024-10-15T12:40Z,150
41,2024-10-15T12:41Z,75
42,2024-10-15T12:42Z,98
43,2024-10-15T12:43Z,126
44,2024-10-15T12:44Z,120
45,2024-10-15T12:45Z,82
46,2024-10-15T12:46Z,80
47,2024-10-15T12:47Z,80
48,2024-10-15T12:48Z,112
49,2024-10-15T12:49Z,133
50,2024-10-15T12:50Z,104
51,2024-10-15T12:51Z,91
52,2024-10-15T12:52Z,135
53,2024-10-15T12:53Z,143
54,2024-10-15T12:54Z,272
55,2024-10-15T12:55Z,49
56,2024-10-15T12:56Z,53
57,2024-10-15T12:57Z,57
58,2024-10-15T12:58Z,104
59,2024-10-15T12:59Z,141
60,2024-10-15T13:00Z,55
61,2024-10-15T13:01Z,62
62,2024-10-15T13:02Z,156
63,2024-10-15T13:03Z,118
64,2024-10-15T13:04Z,57
65,2024-10-15T13:05Z,82
66,2024-10-15T13:06Z,88
67,2024-10-15T13:07Z,128
68,2024-10-15T13:08Z,102
69,2024-10-15T13:09Z,62
70,2024-10-15T13:10Z,37
71,2024-10-15T13:11Z,138
72,2024-10-15T13:12Z,111
73,2024-10-15T13:13Z,39
74,2024-10-15T13:14Z,56
75,2024-10-15T13:15Z,93
76,2024-10-15T13:16Z,74
77,2024-10-15T13:17Z,196
78,2024-10-15T13:18Z,91
79,2024-10-15T13:19Z,32
80,2024-10-15T13:20Z,107
81,2024-10-15T13:21Z,59
82,2024-10-15T13:22Z,27
83,2024-10-15T13:23Z,52
84,2024-10-15T13:24Z,143
85,2024-10-15T13:25Z,66
86,2024-10-15T13:26Z,57
87,2024-10-15T13:27Z,22
88,2024-10-15T13:28Z,106
89,2024-10-15T13:29Z,87
90,2024-10-15T13:30Z,98
91,2024-10-15T13:31Z,112
92,2024-10-15T13:32Z,89
93,2024-10-15T13:33Z,103
94,2024-10-15T13:34Z,160
95,2024-10-15T13:35Z,144
96,2024-10-15T13:36Z,222
97,2024-10-15T13:37Z,72
98,2024-10-15T13:38Z,202
99,2024-10-15T13:39Z,246
100,2024-10-15T13:40Z,227
101,2024-10-15T13:41Z,96
102,2024-10-15T13:42Z,149
103,2024-10-15T13:43Z,171
104,2024-10-15T13:44Z,191
105,2024-10-15T13:45Z,173
106,2024-10-15T13:46Z,139
107,2024-10-15T13:47Z,156
108,2024-10-15T13:48Z,213
109,2024-10-15T13:49Z,254
110,2024-10-15T13:50Z,146
111,2024-10-15T13:51Z,109
112,2024-10-15T13:52Z,181
113,2024-10-15T13:53Z,168
114,2024-10-15T13:54Z,83
115,2024-10-15T13:55Z,156
116,2024-10-15T13:56Z,249
117,2024-10-15T13:57Z,57
118,2024-10-15T13:58Z,60
119,2024-10-15T13:59Z,150
120,2024-10-15T14:00Z,171
121,2024-10-15T14:01Z,173
122,2024-10-15T14:02Z,77
123,2024-10-15T14:03Z,174
124,2024-10-15T14:04Z,105
125,2024-10-15T14:05Z,169
126,2024-10-15T14:06Z,113
127,2024-10-15T14:07Z,213
128,2024-10-15T14:08Z,234
129,2024-10-15T14:09Z,169
130,2024-10-15T14:10Z,279
131,2024-10-15T14:11Z,157
132,2024-10-15T14:12Z,141
133,2024-10-15T14:13Z,121
134,2024-10-15T14:14Z,72
135,2024-10-15T14:15Z,61
136,2024-10-15T14:16Z,141
137,2024-10-15T14:17Z,218
138,2024-10-15T14:18Z,270
139,2024-10-15T14:19Z,120
140,2024-10-15T14:20Z,97
141,2024-10-15T14:21Z,257
142,2024-10-15T14:22Z,169
143,2024-10-15T14:23Z,109
144,2024-10-15T14:24Z,97
145,2024-10-15T14:25Z,168
146,2024-10-15T14:26Z,150
147,2024-10-15T14:27Z,170
148,2024-10-15T14:28Z,110
149,2024-10-15T14:29Z,150
150,2024-10-15T14:30Z,115
151,2024-10-15T14:31Z,158
152,2024-10-15T14:32Z,146
153,2024-10-15T14:33Z,134
154,2024-10-15T14:34Z,207
155,2024-10-15T14:35Z,187
156,2024-10-15T14:36Z,108
157,2024-10-15T14:37Z,104
158,2024-10-15T14:38Z,147
159,2024-10-15T14:39Z,154
160,2024-10-15T14:40Z,126
161,2024-10-15T14:41Z,141
162,2024-10-15T14:42Z,173
163,2024-10-15T14:43Z,159
164,2024-10-15T14:44Z,195
165,2024-10-15T14:45Z,194
166,2024-10-15T14:46Z,195
167,2024-10-15T14:47Z,72
168,2024-10-15T14:48Z,234
169,2024-10-15T14:49Z,135
170,2024-10-15T14:50Z,131
171,2024-10-15T14:51Z,143
172,2024-10-15T14:52Z,151
173,2024-10-15T14:53Z,160
174,2024-10-15T14:54Z,116
175,2024-10-15T14:55Z,139
176,2024-10-15T14:56Z,206
177,2024-10-15T14:57Z,166
178,2024-10-15T14:58Z,237
179,2024-10-15T14:59Z,202
180,2024-10-15T15:00Z,162
181,2024-10-15T15:01Z,164
182,2024-10-15T15:02Z,139
183,2024-10-15T15:03Z,134
184,2024-10-15T15:04Z,181
185,2024-10-15T15:05Z,234
186,2024-10-15T15:06Z,234
187,2024-10-15T15:07Z,164
188,2024-10-15T15:08Z,117
189,2024-10-15T15:09Z,214
190,2024-10-15T15:10Z,183
191,2024-10-15T15:11Z,169
192,2024-10-15T15:12Z,180
193,2024-10-15T15:13Z,206
194,2024-10-15T15:14Z,194
195,2024-10-15T15:15Z,130
196,2024-10-15T15:16Z,192
197,2024-10-15T15:17Z,137
198,2024-10-15T15:18Z,95
199,2024-10-15T15:19Z,97
200,2024-10-15T15:20Z,106
201,2024-10-15T15:21Z,128
202,2024-10-15T15:22Z,152
203,2024-10-15T15:23Z,225
204,2024-10-15T15:24Z,287
205,2024-10-15T15:25Z,79
206,2024-10-15T15:26Z,109
207,2024-10-15T15:27Z,156
208,2024-10-15T15:28Z,115
209,2024-10-15T15:29Z,51
210,2024-10-15T15:30Z,135
211,2024-10-15T15:31Z,97
212,2024-10-15T15:32Z,72
213,2024-10-15T15:33Z,92
214,2024-10-15T15:34Z,163
215,2024-10-15T15:35Z,146
216,2024-10-15T15:36Z,108
217,2024-10-15T15:37Z,236
218,2024-10-15T15:38Z,173
219,2024-10-15T15:39Z,132
220,2024-10-15T15:40Z,234
221,2024-10-15T15:41Z,157
222,2024-10-15T15:42Z,143
223,2024-10-15T15:43Z,105
224,2024-10-15T15:44Z,144
225,2024-10-15T15:45Z,104
226,2024-10-15T15:46Z,154
227,2024-10-15T15:47Z,136
228,2024-10-15T15:48Z,119
229,2024-10-15T15:49Z,149
230,2024-10-15T15:50Z,213
231,2024-10-15T15:51Z,105
232,2024-10-15T15:52Z,191
233,2024-10-15T15:53Z,180
234,2024-10-15T15:54Z,179
235,2024-10-15T15:55Z,134
236,2024-10-15T15:56Z,127
237,2024-10-15T15:57Z,114
238,2024-10-15T15:58Z,189
239,2024-10-15T15:59Z,243
240,2024-10-15T16:00Z,231
241,2024-10-15T16:01Z,217
242,2024-10-15T16:02Z,137
243,2024-10-15T16:03Z,113
244,2024-10-15T16:04Z,137
245,2024-10-15T16:05Z,161
246,2024-10-15T16:06Z,134
247,2024-10-15T16:07Z,261
248,2024-10-15T16:08Z,174
249,2024-10-15T16:09Z,194
250,2024-10-15T16:10Z,180
251,2024-10-15T16:11Z,188
252,2024-10-15T16:12Z,195
253,2024-10-15T16:13Z,278
254,2024-10-15T16:14Z,185
255,2024-10-15T16:15Z,182
256,2024-10-15T16:16Z,241
257,2024-10-15T16:17Z,162
258,2024-10-15T16:18Z,224
259,2024-10-15T16:19Z,126
260,2024-10-15T16:20Z,280
261,2024-10-15T16:21Z,150
262,2024-10-15T16:22Z,134
263,2024-10-15T16:23Z,108
264,2024-10-15T16:24Z,123
265,2024-10-15T16:25Z,191
266,2024-10-15T16:26Z,120
267,2024-10-15T16:27Z,100
268,2024-10-15T16:28Z,103
269,2024-10-15T16:29Z,129
270,2024-10-15T16:30Z,195
271,2024-10-15T16:31Z,113
272,2024-10-15T16:32Z,173
273,2024-10-15T16:33Z,109
274,2024-10-15T16:34Z,93
275,2024-10-15T16:35Z,117
276,2024-10-15T16:36Z,89
277,2024-10-15T16:37Z,34
278,2024-10-15T16:38Z,156
279,2024-10-15T16:39Z,258
280,2024-10-15T16:40Z,222
281,2024-10-15T16:41Z,151
282,2024-10-15T16:42Z,134
283,2024-10-15T16:43Z,68
284,2024-10-15T16:44Z,168
285,2024-10-15T16:45Z,161
286,2024-10-15T16:46Z,138
287,2024-10-15T16:47Z,117
288,2024-10-15T16:48Z,144
289,2024-10-15T16:49Z,85
290,2024-10-15T16:50Z,99
291,2024-10-15T16:51Z,174
292,2024-10-15T16:52Z,128
293,2024-10-15T16:53Z,151
294,2024-10-15T16:54Z,122
295,2024-10-15T16:55Z,148
296,2024-10-15T16:56Z,155
297,2024-10-15T16:57Z,124
298,2024-10-15T16:58Z,172
299,2024-10-15T16:59Z,158
300,2024-10-15T17:00Z,196
301,2024-10-15T17:01Z,159
302,2024-10-15T17:02Z,107
303,2024-10-15T17:03Z,105
304,2024-10-15T17:04Z,160
305,2024-10-15T17:05Z,116
306,2024-10-15T17:06Z,147
307,2024-10-15T17:07Z,45
308,2024-10-15T17:08Z,106
309,2024-10-15T17:09Z,77
310,2024-10-15T17:10Z,130
311,2024-10-15T17:11Z,76
312,2024-10-15T17:12Z,61
313,2024-10-15T17:13Z,136
314,2024-10-15T17:14Z,228
315,2024-10-15T17:15Z,241
316,2024-10-15T17:16Z,218
317,2024-10-15T17:17Z,182
318,2024-10-15T17:18Z,169
319,2024-10-15T17:19Z,118
320,2024-10-15T17:20Z,175
321,2024-10-15T17:21Z,175
322,2024-10-15T17:22Z,142
323,2024-10-15T17:23Z,208
324,2024-10-15T17:24Z,200
325,2024-10-15T17:25Z,124
326,2024-10-15T17:26Z,89
327,2024-10-15T17:27Z,118
328,2024-10-15T17:28Z,215
329,2024-10-15T17:29Z,92
330,2024-10-15T17:30Z,135
331,2024-10-15T17:31Z,108
332,2024-10-15T17:32Z,154
333,2024-10-15T17:33Z,203
334,2024-10-15T17:34Z,225
335,2024-10-15T17:35Z,197
336,2024-10-15T17:36Z,253
337,2024-10-15T17:37Z,234
338,2024-10-15T17:38Z,182
339,2024-10-15T17:39Z,123
340,2024-10-15T17:40Z,196
341,2024-10-15T17:41Z,260
342,2024-10-15T17:42Z,236
343,2024-10-15T17:43Z,294
344,2024-10-15T17:44Z,242
345,2024-10-15T17:45Z,212
346,2024-10-15T17:46Z,177
347,2024-10-15T17:47Z,155
348,2024-10-15T17:48Z,132
349,2024-10-15T17:49Z,144
350,2024-10-15T17:50Z,228
351,2024-10-15T17:51Z,186
352,2024-10-15T17:52Z,179
353,2024-10-15T17:53Z,172
354,2024-10-15T17:54Z,192
355,2024-10-15T17:55Z,170
356,2024-10-15T17:56Z,131
357,2024-10-15T17:57Z,152
358,2024-10-15T17:58Z,197
359,2024-10-15T17:59Z,204
360,2024-10-15T18:00Z,215
361,2024-10-15T18:01Z,166
362,2024-10-15T18:02Z,216
363,2024-10-15T18:03Z,202
364,2024-10-15T18:04Z,126
365,2024-10-15T18:05Z,168
366,2024-10-15T18:06Z,169
367,2024-10-15T18:07Z,168
368,2024-10-15T18:08Z,105
369,2024-10-15T18:09Z,184
370,2024-10-15T18:10Z,162
371,2024-10-15T18:11Z,104
372,2024-10-15T18:12Z,116
373,2024-10-15T18:13Z,117
374,2024-10-15T18:14Z,133
375,2024-10-15T18:15Z,124
376,2024-10-15T18:16Z,96
377,2024-10-15T18:17Z,78
378,2024-10-15T18:18Z,128
379,2024-10-15T18:19Z,120
380,2024-10-15T18:20Z,127
381,2024-10-15T18:21Z,69
382,2024-10-15T18:22Z,97
383,2024-10-15T18:23Z,145
384,2024-10-15T18:24Z,124
385,2024-10-15T18:25Z,95
386,2024-10-15T18:26Z,101
387,2024-10-15T18:27Z,133
388,2024-10-15T18:28Z,111
389,2024-10-15T18:29Z,175
390,2024-10-15T18:30Z,134
391,2024-10-15T18:31Z,198
392,2024-10-15T18:32Z,197
393,2024-10-15T18:33Z,129
394,2024-10-15T18:34Z,156
395,2024-10-15T18:35Z,165
396,2024-10-15T18:36Z,158
397,2024-10-15T18:37Z,152
398,2024-10-15T18:38Z,218
399,2024-10-15T18:39Z,61
400,2024-10-15T18:40Z,271
401,2024-10-15T18:41Z,88
402,2024-10-15T18:42Z,118
403,2024-10-15T18:43Z,145
404,2024-10-15T18:44Z,152
405,2024-10-15T18:45Z,117
406,2024-10-15T18:46Z,58
407,2024-10-15T18:47Z,84
408,2024-10-15T18:48Z,132
409,2024-10-15T18:49Z,102
410,2024-10-15T18:50Z,149
411,2024-10-15T18:51Z,145
412,2024-10-15T18:52Z,114
413,2024-10-15T18:53Z,56
414,2024-10-15T18:54Z,103
415,2024-10-15T18:55Z,102
416,2024-10-15T18:56Z,92
417,2024-10-15T18:57Z,144
418,2024-10-15T18:58Z,172
419,2024-10-15T18:59Z,89
420,2024-10-15T19:00Z,120
421,2024-10-15T19:01Z,100
422,2024-10-15T19:02Z,167
423,2024-10-15T19:03Z,130
424,2024-10-15T19:04Z,189
425,2024-10-15T19:05Z,170
426,2024-10-15T19:06Z,150
427,2024-10-15T19:07Z,169
428,2024-10-15T19:08Z,93
429,2024-10-15T19:09Z,122
430,2024-10-15T19:10Z,65
431,2024-10-15T19:11Z,84
432,2024-10-15T19:12Z,111
433,2024-10-15T19:13Z,91
434,2024-10-15T19:14Z,189
435,2024-10-15T19:15Z,77
436,2024-10-15T19:16Z,181
437,2024-10-15T19:17Z,111
438,2024-10-15T19:18Z,79
439,2024-10-15T19:19Z,118
440,2024-10-15T19:20Z,138
441,2024-10-15T19:21Z,93
442,2024-10-15T19:22Z,104
443,2024-10-15T19:23Z,133
444,2024-10-15T19:24Z,146
445,2024-10-15T19:25Z,112
446,2024-10-15T19:26Z,85
447,2024-10-15T19:27Z,144
448,2024-10-15T19:28Z,148
449,2024-10-15T19:29Z,144
450,2024-10-15T19:30Z,169
451,2024-10-15T19:31Z,151
452,2024-10-15T19:32Z,235
453,2024-10-15T19:33Z,145
454,2024-10-15T19:34Z,125
455,2024-10-15T19:35Z,93
456,2024-10-15T19:36Z,147
457,2024-10-15T19:37Z,183
458,2024-10-15T19:38Z,132
459,2024-10-15T19:39Z,136
460,2024-10-15T19:40Z,147
461,2024-10-15T19:41Z,144
462,2024-10-15T19:42Z,114
463,2024-10-15T19:43Z,81
464,2024-10-15T19:44Z,128
465,2024-10-15T19:45Z,94
466,2024-10-15T19:46Z,130
467,2024-10-15T19:47Z,156
468,2024-10-15T19:48Z,147
469,2024-10-15T19:49Z,131
470,2024-10-15T19:50Z,198
471,2024-10-15T19:51Z,199
472,2024-10-15T19:52Z,172
473,2024-10-15T19:53Z,176
474,2024-10-15T19:54Z,201
475,2024-10-15T19:55Z,134
476,2024-10-15T19:56Z,135
477,2024-10-15T19:57Z,135
478,2024-10-15T19:58Z,110
479,2024-10-15T19:59Z,167
480,2024-10-15T20:00Z,205
481,2024-10-15T20:01Z,147
482,2024-10-15T20:02Z,243
483,2024-10-15T20:03Z,180
484,2024-10-15T20:04Z,95
485,2024-10-15T20:05Z,97
486,2024-10-15T20:06Z,186
487,2024-10-15T20:07Z,137
488,2024-10-15T20:08Z,191
489,2024-10-15T20:09Z,153
490,2024-10-15T20:10Z,225
491,2024-10-15T20:11Z,164
492,2024-10-15T20:12Z,188
493,2024-10-15T20:13Z,210
494,2024-10-15T20:14Z,214
495,2024-10-15T20:15Z,118
496,2024-10-15T20:16Z,182
497,2024-10-15T20:17Z,158
498,2024-10-15T20:18Z,172
499,2024-10-15T20:19Z,143
500,2024-10-15T20:20Z,148
501,2024-10-15T20:21Z,268
502,2024-10-15T20:22Z,203
503,2024-10-15T20:23Z,146
504,2024-10-15T20:24Z,138
505,2024-10-15T20:25Z,179
506,2024-10-15T20:26Z,188
507,2024-10-15T20:27Z,159
508,2024-10-15T20:28Z,133
509,2024-10-15T20:29Z,168
510,2024-10-15T20:30Z,108
511,2024-10-15T20:31Z,208
512,2024-10-15T20:32Z,154
513,2024-10-15T20:33Z,152
514,2024-10-15T20:34Z,156
515,2024-10-15T20:35Z,149
516,2024-10-15T20:36Z,140
517,2024-10-15T20:37Z,65
518,2024-10-15T20:38Z,78
519,2024-10-15T20:39Z,98
520,2024-10-15T20:40Z,155
521,2024-10-15T20:41Z,188
522,2024-10-15T20:42Z,73
523,2024-10-15T20:43Z,88
524,2024-10-15T20:44Z,129
525,2024-10-15T20:45Z,117
526,2024-10-15T20:46Z,186
527,2024-10-15T20:47Z,160
528,2024-10-15T20:48Z,127
529,2024-10-15T20:49Z,91
530,2024-10-15T20:50Z,175
531,2024-10-15T20:51Z,150
532,2024-10-15T20:52Z,170
533,2024-10-15T20:53Z,173
534,2024-10-15T20:54Z,188
535,2024-10-15T20:55Z,79
536,2024-10-15T20:56Z,58
537,2024-10-15T20:57Z,69
538,2024-10-15T20:58Z,57
539,2024-10-15T20:59Z,73
540,2024-10-15T21:00Z,74
541,2024-10-15T21:01Z,53
542,2024-10-15T21:02Z,87
543,2024-10-15T21:03Z,148
544,2024-10-15T21:04Z,65
545,2024-10-15T21:05Z,96
546,2024-10-15T21:06Z,111
547,2024-10-15T21:07Z,136
548,2024-10-15T21:08Z,88
549,2024-10-15T21:09Z,123
550,2024-10-15T21:10Z,129
551,2024-10-15T21:11Z,104
552,2024-10-15T21:12Z,151
553,2024-10-15T21:13Z,99
554,2024-10-15T21:14Z,139
555,2024-10-15T21:15Z,44
556,2024-10-15T21:16Z,89
557,2024-10-15T21:17Z,149
558,2024-10-15T21:18Z,81
559,2024-10-15T21:19Z,58
560,2024-10-15T21:20Z,184
561,2024-10-15T21:21Z,122
562,2024-10-15T21:22Z,123
563,2024-10-15T21:23Z,114
564,2024-10-15T21:24Z,120
565,2024-10-15T21:25Z,210
566,2024-10-15T21:26Z,173
567,2024-10-15T21:27Z,131
568,2024-10-15T21:28Z,170
569,2024-10-15T21:29Z,114
570,2024-10-15T21:30Z,139
571,2024-10-15T21:31Z,117
572,2024-10-15T21:32Z,123
573,2024-10-15T21:33Z,176
574,2024-10-15T21:34Z,97
575,2024-10-15T21:35Z,193
576,2024-10-15T21:36Z,121
577,2024-10-15T21:37Z,144
578,2024-10-15T21:38Z,134
579,2024-10-15T21:39Z,181
580,2024-10-15T21:40Z,109
581,2024-10-15T21:41Z,150
582,2024-10-15T21:42Z,94
583,2024-10-15T21:43Z,110
584,2024-10-15T21:44Z,98
585,2024-10-15T21:45Z,123
586,2024-10-15T21:46Z,141
587,2024-10-15T21:47Z,73
588,2024-10-15T21:48Z,134
589,2024-10-15T21:49Z,98
590,2024-10-15T21:50Z,114
591,2024-10-15T21:51Z,193
592,2024-10-15T21:52Z,134
593,2024-10-15T21:53Z,133
594,2024-10-15T21:54Z,170
595,2024-10-15T21:55Z,65
596,2024-10-15T21:56Z,114
597,2024-10-15T21:57Z,80
598,2024-10-15T21:58Z,82
599,2024-10-15T21:59Z,83
600,2024-10-15T22:00Z,158
601,2024-10-15T22:01Z,70
602,2024-10-15T22:02Z,68
603,2024-10-15T22:03Z,94
604,2024-10-15T22:04Z,110
605,2024-10-15T22:05Z,138
606,2024-10-15T22:06Z,106
607,2024-10-15T22:07Z,124
608,2024-10-15T22:08Z,152
609,2024-10-15T22:09Z,204
610,2024-10-15T22:10Z,118
611,2024-10-15T22:11Z,143
612,2024-10-15T22:12Z,115
613,2024-10-15T22:13Z,123
614,2024-10-15T22:14Z,234
615,2024-10-15T22:15Z,166
616,2024-10-15T22:16Z,129
617,2024-10-15T22:17Z,68
618,2024-10-15T22:18Z,146
619,2024-10-15T22:19Z,102
620,2024-10-15T22:20Z,179
621,2024-10-15T22:21Z,94
622,2024-10-15T22:22Z,159
623,2024-10-15T22:23Z,103
624,2024-10-15T22:24Z,119
625,2024-10-15T22:25Z,77
626,2024-10-15T22:26Z,125
627,2024-10-15T22:27Z,97
628,2024-10-15T22:28Z,129
629,2024-10-15T22:29Z,109
630,2024-10-15T22:30Z,130
631,2024-10-15T22:31Z,105
632,2024-10-15T22:32Z,102
633,2024-10-15T22:33Z,146
634,2024-10-15T22:34Z,107
635,2024-10-15T22:35Z,134
636,2024-10-15T22:36Z,101
637,2024-10-15T22:37Z,114
638,2024-10-15T22:38Z,103
639,2024-10-15T22:39Z,178
640,2024-10-15T22:40Z,103
641,2024-10-15T22:41Z,135
642,2024-10-15T22:42Z,107
643,2024-10-15T22:43Z,182
644,2024-10-15T22:44Z,96
645,2024-10-15T22:45Z,81
646,2024-10-15T22:46Z,149
647,2024-10-15T22:47Z,130
648,2024-10-15T22:48Z,130
649,2024-10-15T22:49Z,101
650,2024-10-15T22:50Z,112
651,2024-10-15T22:51Z,57
652,2024-10-15T22:52Z,129
653,2024-10-15T22:53Z,120
654,2024-10-15T22:54Z,99
655,2024-10-15T22:55Z,133
656,2024-10-15T22:56Z,104
657,2024-10-15T22:57Z,95
658,2024-10-15T22:58Z,163
659,2024-10-15T22:59Z,125
660,2024-10-15T23:00Z,131
661,2024-10-15T23:01Z,87
662,2024-10-15T23:02Z,65
663,2024-10-15T23:03Z,91
664,2024-10-15T23:04Z,75
665,2024-10-15T23:05Z,103
666,2024-10-15T23:06Z,95
667,2024-10-15T23:07Z,109
668,2024-10-15T23:08Z,91
669,2024-10-15T23:09Z,132
670,2024-10-15T23:10Z,84
671,2024-10-15T23:11Z,165
672,2024-10-15T23:12Z,98
673,2024-10-15T23:13Z,124
674,2024-10-15T23:14Z,94
675,2024-10-15T23:15Z,104
676,2024-10-15T23:16Z,119
677,2024-10-15T23:17Z,110
678,2024-10-15T23:18Z,65
679,2024-10-15T23:19Z,94
680,2024-10-15T23:20Z,130
681,2024-10-15T23:21Z,67
682,2024-10-15T23:22Z,48
683,2024-10-15T23:23Z,154
684,2024-10-15T23:24Z,77
685,2024-10-15T23:25Z,88
686,2024-10-15T23:26Z,110
687,2024-10-15T23:27Z,141
688,2024-10-15T23:28Z,104
689,2024-10-15T23:29Z,117
690,2024-10-15T23:30Z,67
691,2024-10-15T23:31Z,83
692,2024-10-15T23:32Z,104
693,2024-10-15T23:33Z,93
694,2024-10-15T23:34Z,127
695,2024-10-15T23:35Z,89
696,2024-10-15T23:36Z,48
697,2024-10-15T23:37Z,138
698,2024-10-15T23:38Z,126
699,2024-10-15T23:39Z,116
700,2024-10-15T23:40Z,132
701,2024-10-15T23:41Z,214
702,2024-10-15T23:42Z,117
703,2024-10-15T23:43Z,98
704,2024-10-15T23:44Z,93
705,2024-10-15T23:45Z,64
706,2024-10-15T23:46Z,145
707,2024-10-15T23:47Z,124
708,2024-10-15T23:48Z,116
709,2024-10-15T23:49Z,119
710,2024-10-15T23:50Z,64
711,2024-10-15T23:51Z,102
712,2024-10-15T23:52Z,95
713,2024-10-15T23:53Z,125
714,2024-10-15T23:54Z,73
715,2024-10-15T23:55Z,184
716,2024-10-15T23:56Z,158
717,2024-10-15T23:57Z,81
718,2024-10-15T23:58Z,87
719,2024-10-15T23:59Z,63
720,2024-10-16T00:00Z,77
721,2024-10-16T00:01Z,89
722,2024-10-16T00:02Z,187
723,2024-10-16T00:03Z,97
724,2024-10-16T00:04Z,77
725,2024-10-16T00:05Z,188
726,2024-10-16T00:06Z,72
727,2024-10-16T00:07Z,69
728,2024-10-16T00:08Z,152
729,2024-10-16T00:09Z,112
730,2024-10-16T00:10Z,71
731,2024-10-16T00:11Z,104
732,2024-10-16T00:12Z,100
733,2024-10-16T00:13Z,113
734,2024-10-16T00:14Z,162
735,2024-10-16T00:15Z,167
736,2024-10-16T00:16Z,75
737,2024-10-16T00:17Z,92
738,2024-10-16T00:18Z,243
739,2024-10-16T00:19Z,190
740,2024-10-16T00:20Z,86
741,2024-10-16T00:21Z,120
742,2024-10-16T00:22Z,154
743,2024-10-16T00:23Z,157
744,2024-10-16T00:24Z,192
745,2024-10-16T00:25Z,92
746,2024-10-16T00:26Z,56
747,2024-10-16T00:27Z,86
748,2024-10-16T00:28Z,69
749,2024-10-16T00:29Z,219
750,2024-10-16T00:30Z,149
751,2024-10-16T00:31Z,69
752,2024-10-16T00:32Z,141
753,2024-10-16T00:33Z,142
754,2024-10-16T00:34Z,121
755,2024-10-16T00:35Z,92
756,2024-10-16T00:36Z,119
757,2024-10-16T00:37Z,136
758,2024-10-16T00:38Z,54
759,2024-10-16T00:39Z,146
760,2024-10-16T00:40Z,179
761,2024-10-16T00:41Z,159
762,2024-10-16T00:42Z,84
763,2024-10-16T00:43Z,138
764,2024-10-16T00:44Z,139
765,2024-10-16T00:45Z,192
766,2024-10-16T00:46Z,157
767,2024-10-16T00:47Z,219
768,2024-10-16T00:48Z,138
769,2024-10-16T00:49Z,136
770,2024-10-16T00:50Z,58
771,2024-10-16T00:51Z,114
772,2024-10-16T00:52Z,63
773,2024-10-16T00:53Z,64
774,2024-10-16T00:54Z,55
775,2024-10-16T00:55Z,78
776,2024-10-16T00:56Z,77
777,2024-10-16T00:57Z,86
778,2024-10-16T00:58Z,116
779,2024-10-16T00:59Z,92
780,2024-10-16T01:00Z,131
781,2024-10-16T01:01Z,128
782,2024-10-16T01:02Z,165
783,2024-10-16T01:03Z,185
784,2024-10-16T01:04Z,95
785,2024-10-16T01:05Z,164
786,2024-10-16T01:06Z,95
787,2024-10-16T01:07Z,163
788,2024-10-16T01:08Z,154
789,2024-10-16T01:09Z,84
790,2024-10-16T01:10Z,102
791,2024-10-16T01:11Z,126
792,2024-10-16T01:12Z,121
793,2024-10-16T01:13Z,115
794,2024-10-16T01:14Z,85
795,2024-10-16T01:15Z,83
796,2024-10-16T01:16Z,124
797,2024-10-16T01:17Z,96
798,2024-10-16T01:18Z,132
799,2024-10-16T01:19Z,93
800,2024-10-16T01:20Z,132
801,2024-10-16T01:21Z,185
802,2024-10-16T01:22Z,106
803,2024-10-16T01:23Z,114
804,2024-10-16T01:24Z,165
805,2024-10-16T01:25Z,125
806,2024-10-16T01:26Z,117
807,2024-10-16T01:27Z,47
808,2024-10-16T01:28Z,47
809,2024-10-16T01:29Z,95
810,2024-10-16T01:30Z,48
811,2024-10-16T01:31Z,42
812,2024-10-16T01:32Z,53
813,2024-10-16T01:33Z,49
814,2024-10-16T01:34Z,42
815,2024-10-16T01:35Z,51
816,2024-10-16T01:36Z,59
817,2024-10-16T01:37Z,69
818,2024-10-16T01:38Z,126
819,2024-10-16T01:39Z,209
820,2024-10-16T01:40Z,125
821,2024-10-16T01:41Z,116
822,2024-10-16T01:42Z,84
823,2024-10-16T01:43Z,117
824,2024-10-16T01:44Z,53
825,2024-10-16T01:45Z,71
826,2024-10-16T01:46Z,112
827,2024-10-16T01:47Z,132
828,2024-10-16T01:48Z,124
829,2024-10-16T01:49Z,64
830,2024-10-16T01:50Z,99
831,2024-10-16T01:51Z,182
832,2024-10-16T01:52Z,148
833,2024-10-16T01:53Z,108
834,2024-10-16T01:54Z,106
835,2024-10-16T01:55Z,57
836,2024-10-16T01:56Z,67
837,2024-10-16T01:57Z,82
838,2024-10-16T01:58Z,185
839,2024-10-16T01:59Z,113
840,2024-10-16T02:00Z,172
841,2024-10-16T02:01Z,68
842,2024-10-16T02:02Z,74
843,2024-10-16T02:03Z,123
844,2024-10-16T02:04Z,120
845,2024-10-16T02:05Z,164
846,2024-10-16T02:06Z,47
847,2024-10-16T02:07Z,75
848,2024-10-16T02:08Z,145
849,2024-10-16T02:09Z,150
850,2024-10-16T02:10Z,153
851,2024-10-16T02:11Z,148
852,2024-10-16T02:12Z,86
853,2024-10-16T02:13Z,87
854,2024-10-16T02:14Z,275
855,2024-10-16T02:15Z,199
856,2024-10-16T02:16Z,52
857,2024-10-16T02:17Z,62
858,2024-10-16T02:18Z,126
859,2024-10-16T02:19Z,140
860,2024-10-16T02:20Z,60
861,2024-10-16T02:21Z,85
862,2024-10-16T02:22Z,76
863,2024-10-16T02:23Z,71
864,2024-10-16T02:24Z,26
865,2024-10-16T02:25Z,36
866,2024-10-16T02:26Z,73
867,2024-10-16T02:27Z,104
868,2024-10-16T02:28Z,56
869,2024-10-16T02:29Z,83
870,2024-10-16T02:30Z,51
871,2024-10-16T02:31Z,53
872,2024-10-16T02:32Z,37
873,2024-10-16T02:33Z,79
874,2024-10-16T02:34Z,39
875,2024-10-16T02:35Z,108
876,2024-10-16T02:36Z,73
877,2024-10-16T02:37Z,48
878,2024-10-16T02:38Z,64
879,2024-10-16T02:39Z,57
880,2024-10-16T02:40Z,126
881,2024-10-16T02:41Z,96
882,2024-10-16T02:42Z,110
883,2024-10-16T02:43Z,83
884,2024-10-16T02:44Z,106
885,2024-10-16T02:45Z,42
886,2024-10-16T02:46Z,33
887,2024-10-16T02:47Z,45
888,2024-10-16T02:48Z,135
889,2024-10-16T02:49Z,111
890,2024-10-16T02:50Z,55
891,2024-10-16T02:51Z,58
892,2024-10-16T02:52Z,53
893,2024-10-16T02:53Z,74
894,2024-10-16T02:54Z,66
895,2024-10-16T02:55Z,103
896,2024-10-16T02:56Z,75
897,2024-10-16T02:57Z,69
898,2024-10-16T02:58Z,150
899,2024-10-16T02:59Z,112
900,2024-10-16T03:00Z,199
901,2024-10-16T03:01Z,98
902,2024-10-16T03:02Z,94
903,2024-10-16T03:03Z,58
904,2024-10-16T03:04Z,52
905,2024-10-16T03:05Z,77
906,2024-10-16T03:06Z,92
907,2024-10-16T03:07Z,44
908,2024-10-16T03:08Z,56
909,2024-10-16T03:09Z,56
910,2024-10-16T03:10Z,172
911,2024-10-16T03:11Z,113
912,2024-10-16T03:12Z,123
913,2024-10-16T03:13Z,84
914,2024-10-16T03:14Z,104
915,2024-10-16T03:15Z,75
916,2024-10-16T03:16Z,133
917,2024-10-16T03:17Z,144
918,2024-10-16T03:18Z,220
919,2024-10-16T03:19Z,206
920,2024-10-16T03:20Z,44
921,2024-10-16T03:21Z,63
922,2024-10-16T03:22Z,79
923,2024-10-16T03:23Z,50
924,2024-10-16T03:24Z,183
925,2024-10-16T03:25Z,117
926,2024-10-16T03:26Z,100
927,2024-10-16T03:27Z,119
928,2024-10-16T03:28Z,95
929,2024-10-16T03:29Z,100
930,2024-10-16T03:30Z,69
931,2024-10-16T03:31Z,151
932,2024-10-16T03:32Z,75
933,2024-10-16T03:33Z,144
934,2024-10-16T03:34Z,95
935,2024-10-16T03:35Z,73
936,2024-10-16T03:36Z,139
937,2024-10-16T03:37Z,267
938,2024-10-16T03:38Z,83
939,2024-10-16T03:39Z,55
940,2024-10-16T03:40Z,71
941,2024-10-16T03:41Z,75
942,2024-10-16T03:42Z,48
943,2024-10-16T03:43Z,115
944,2024-10-16T03:44Z,164
945,2024-10-16T03:45Z,162
946,2024-10-16T03:46Z,101
947,2024-10-16T03:47Z,156
948,2024-10-16T03:48Z,132
949,2024-10-16T03:49Z,106
950,2024-10-16T03:50Z,93
951,2024-10-16T03:51Z,121
952,2024-10-16T03:52Z,174
953,2024-10-16T03:53Z,70
954,2024-10-16T03:54Z,56
955,2024-10-16T03:55Z,55
956,2024-10-16T03:56Z,108
957,2024-10-16T03:57Z,120
958,2024-10-16T03:58Z,183
959,2024-10-16T03:59Z,69
960,2024-10-16T04:00Z,158
961,2024-10-16T04:01Z,177
962,2024-10-16T04:02Z,303
963,2024-10-16T04:03Z,184
964,2024-10-16T04:04Z,65
965,2024-10-16T04:05Z,76
966,2024-10-16T04:06Z,122
967,2024-10-16T04:07Z,58
968,2024-10-16T04:08Z,68
969,2024-10-16T04:09Z,55
970,2024-10-16T04:10Z,92
971,2024-10-16T04:11Z,123
972,2024-10-16T04:12Z,61
973,2024-10-16T04:13Z,56
974,2024-10-16T04:14Z,77
975,2024-10-16T04:15Z,74
976,2024-10-16T04:16Z,46
977,2024-10-16T04:17Z,115
978,2024-10-16T04:18Z,80
979,2024-10-16T04:19Z,95
980,2024-10-16T04:20Z,46
981,2024-10-16T04:21Z,60
982,2024-10-16T04:22Z,224
983,2024-10-16T04:23Z,287
984,2024-10-16T04:24Z,79
985,2024-10-16T04:25Z,159
986,2024-10-16T04:26Z,61
987,2024-10-16T04:27Z,73
988,2024-10-16T04:28Z,97
989,2024-10-16T04:29Z,42
990,2024-10-16T04:30Z,62
991,2024-10-16T04:31Z,120
992,2024-10-16T04:32Z,50
993,2024-10-16T04:33Z,120
994,2024-10-16T04:34Z,188
995,2024-10-16T04:35Z,108
996,2024-10-16T04:36Z,67
997,2024-10-16T04:37Z,45
998,2024-10-16T04:38Z,40
999,2024-10-16T04:39Z,98
1000,2024-10-16T04:40Z,98
1001,2024-10-16T04:41Z,82
1002,2024-10-16T04:42Z,127
1003,2024-10-16T04:43Z,75
1004,2024-10-16T04:44Z,82
1005,2024-10-16T04:45Z,86
1006,2024-10-16T04:46Z,94
1007,2024-10-16T04:47Z,87
1008,2024-10-16T04:48Z,65
1009,2024-10-16T04:49Z,71
1010,2024-10-16T04:50Z,131
1011,2024-10-16T04:51Z,145
1012,2024-10-16T04:52Z,48
1013,2024-10-16T04:53Z,102
1014,2024-10-16T04:54Z,177
1015,2024-10-16T04:55Z,150
1016,2024-10-16T04:56Z,133
1017,2024-10-16T04:57Z,103
1018,2024-10-16T04:58Z,149
1019,2024-10-16T04:59Z,110
1020,2024-10-16T05:00Z,102
1021,2024-10-16T05:01Z,119
1022,2024-10-16T05:02Z,96
1023,2024-10-16T05:03Z,76
1024,2024-10-16T05:04Z,119
1025,2024-10-16T05:05Z,75
1026,2024-10-16T05:06Z,55
1027,2024-10-16T05:07Z,50
1028,2024-10-16T05:08Z,54
1029,2024-10-16T05:09Z,43
1030,2024-10-16T05:10Z,122
1031,2024-10-16T05:11Z,100
1032,2024-10-16T05:12Z,104
1033,2024-10-16T05:13Z,89
1034,2024-10-16T05:14Z,70
1035,2024-10-16T05:15Z,51
1036,2024-10-16T05:16Z,99
1037,2024-10-16T05:17Z,136
1038,2024-10-16T05:18Z,75
1039,2024-10-16T05:19Z,158
1040,2024-10-16T05:20Z,57
1041,2024-10-16T05:21Z,114
1042,2024-10-16T05:22Z,53
1043,2024-10-16T05:23Z,71
1044,2024-10-16T05:24Z,88
1045,2024-10-16T05:25Z,98
1046,2024-10-16T05:26Z,52
1047,2024-10-16T05:27Z,50
1048,2024-10-16T05:28Z,46
1049,2024-10-16T05:29Z,179
1050,2024-10-16T05:30Z,59
1051,2024-10-16T05:31Z,53
1052,2024-10-16T05:32Z,52
1053,2024-10-16T05:33Z,67
1054,2024-10-16T05:34Z,94
1055,2024-10-16T05:35Z,49
1056,2024-10-16T05:36Z,104
1057,2024-10-16T05:37Z,122
1058,2024-10-16T05:38Z,53
1059,2024-10-16T05:39Z,91
1060,2024-10-16T05:40Z,167
1061,2024-10-16T05:41Z,129
1062,2024-10-16T05:42Z,93
1063,2024-10-16T05:43Z,89
1064,2024-10-16T05:44Z,47
1065,2024-10-16T05:45Z,51
1066,2024-10-16T05:46Z,59
1067,2024-10-16T05:47Z,53
1068,2024-10-16T05:48Z,97
1069,2024-10-16T05:49Z,88
1070,2024-10-16T05:50Z,50
1071,2024-10-16T05:51Z,110
1072,2024-10-16T05:52Z,90
1073,2024-10-16T05:53Z,128
1074,2024-10-16T05:54Z,63
1075,2024-10-16T05:55Z,112
1076,2024-10-16T05:56Z,148
1077,2024-10-16T05:57Z,122
1078,2024-10-16T05:58Z,47
1079,2024-10-16T05:59Z,41
1080,2024-10-16T06:00Z,51
1081,2024-10-16T06:01Z,65
1082,2024-10-16T06:02Z,135
1083,2024-10-16T06:03Z,104
1084,2024-10-16T06:04Z,84
1085,2024-10-16T06:05Z,43
1086,2024-10-16T06:06Z,68
1087,2024-10-16T06:07Z,89
1088,2024-10-16T06:08Z,43
1089,2024-10-16T06:09Z,55
1090,2024-10-16T06:10Z,77
1091,2024-10-16T06:11Z,50
1092,2024-10-16T06:12Z,74
1093,2024-10-16T06:13Z,79
1094,2024-10-16T06:14Z,68
1095,2024-10-16T06:15Z,62
1096,2024-10-16T06:16Z,110
1097,2024-10-16T06:17Z,58
1098,2024-10-16T06:18Z,51
1099,2024-10-16T06:19Z,43
1100,2024-10-16T06:20Z,35
1101,2024-10-16T06:21Z,67
1102,2024-10-16T06:22Z,72
1103,2024-10-16T06:23Z,64
1104,2024-10-16T06:24Z,64
1105,2024-10-16T06:25Z,98
1106,2024-10-16T06:26Z,55
1107,2024-10-16T06:27Z,57
1108,2024-10-16T06:28Z,46
1109,2024-10-16T06:29Z,48
1110,2024-10-16T06:30Z,108
1111,2024-10-16T06:31Z,43
1112,2024-10-16T06:32Z,52
1113,2024-10-16T06:33Z,85
1114,2024-10-16T06:34Z,100
1115,2024-10-16T06:35Z,101
1116,2024-10-16T06:36Z,63
1117,2024-10-16T06:37Z,104
1118,2024-10-16T06:38Z,101
1119,2024-10-16T06:39Z,149
1120,2024-10-16T06:40Z,111
1121,2024-10-16T06:41Z,68
1122,2024-10-16T06:42Z,157
1123,2024-10-16T06:43Z,197
1124,2024-10-16T06:44Z,79
1125,2024-10-16T06:45Z,102
1126,2024-10-16T06:46Z,91
1127,2024-10-16T06:47Z,61
1128,2024-10-16T06:48Z,108
1129,2024-10-16T06:49Z,151
1130,2024-10-16T06:50Z,128
1131,2024-10-16T06:51Z,217
1132,2024-10-16T06:52Z,121
1133,2024-10-16T06:53Z,60
1134,2024-10-16T06:54Z,55
1135,2024-10-16T06:55Z,95
1136,2024-10-16T06:56Z,82
1137,2024-10-16T06:57Z,53
1138,2024-10-16T06:58Z,56
1139,2024-10-16T06:59Z,77
1140,2024-10-16T07:00Z,75
1141,2024-10-16T07:01Z,97
1142,2024-10-16T07:02Z,115
1143,2024-10-16T07:03Z,140
1144,2024-10-16T07:04Z,71
1145,2024-10-16T07:05Z,112
1146,2024-10-16T07:06Z,62
1147,2024-10-16T07:07Z,45
1148,2024-10-16T07:08Z,47
1149,2024-10-16T07:09Z,48
1150,2024-10-16T07:10Z,62
1151,2024-10-16T07:11Z,62
1152,2024-10-16T07:12Z,64
1153,2024-10-16T07:13Z,51
1154,2024-10-16T07:14Z,42
1155,2024-10-16T07:15Z,65
1156,2024-10-16T07:16Z,71
1157,2024-10-16T07:17Z,60
1158,2024-10-16T07:18Z,99
1159,2024-10-16T07:19Z,120
1160,2024-10-16T07:20Z,68
1161,2024-10-16T07:21Z,56
1162,2024-10-16T07:22Z,110
1163,2024-10-16T07:23Z,116
1164,2024-10-16T07:24Z,78
1165,2024-10-16T07:25Z,97
1166,2024-10-16T07:26Z,133
1167,2024-10-16T07:27Z,98
1168,2024-10-16T07:28Z,125
1169,2024-10-16T07:29Z,85
1170,2024-10-16T07:30Z,92
1171,2024-10-16T07:31Z,71
1172,2024-10-16T07:32Z,65
1173,2024-10-16T07:33Z,90
1174,2024-10-16T07:34Z,117
1175,2024-10-16T07:35Z,123
1176,2024-10-16T07:36Z,168
1177,2024-10-16T07:37Z,61
1178,2024-10-16T07:38Z,59
1179,2024-10-16T07:39Z,153
1180,2024-10-16T07:40Z,154
1181,2024-10-16T07:41Z,144
1182,2024-10-16T07:42Z,137
1183,2024-10-16T07:43Z,65
1184,2024-10-16T07:44Z,88
1185,2024-10-16T07:45Z,104
1186,2024-10-16T07:46Z,68
1187,2024-10-16T07:47Z,65
1188,2024-10-16T07:48Z,106
1189,2024-10-16T07:49Z,143
1190,2024-10-16T07:50Z,102
1191,2024-10-16T07:51Z,57
1192,2024-10-16T07:52Z,137
1193,2024-10-16T07:53Z,208
1194,2024-10-16T07:54Z,173
1195,2024-10-16T07:55Z,292
1196,2024-10-16T07:56Z,67
1197,2024-10-16T07:57Z,55
1198,2024-10-16T07:58Z,109
1199,2024-10-16T07:59Z,126
1200,2024-10-16T08:00Z,128
1201,2024-10-16T08:01Z,163
1202,2024-10-16T08:02Z,103
1203,2024-10-16T08:03Z,73
1204,2024-10-16T08:04Z,177
1205,2024-10-16T08:05Z,58
1206,2024-10-16T08:06Z,97
1207,2024-10-16T08:07Z,137
1208,2024-10-16T08:08Z,77
1209,2024-10-16T08:09Z,151
1210,2024-10-16T08:10Z,167
1211,2024-10-16T08:11Z,243
1212,2024-10-16T08:12Z,83
1213,2024-10-16T08:13Z,73
1214,2024-10-16T08:14Z,169
1215,2024-10-16T08:15Z,321
1216,2024-10-16T08:16Z,231
1217,2024-10-16T08:17Z,58
1218,2024-10-16T08:18Z,62
1219,2024-10-16T08:19Z,316
1220,2024-10-16T08:20Z,229
1221,2024-10-16T08:21Z,177
1222,2024-10-16T08:22Z,81
1223,2024-10-16T08:23Z,135
1224,2024-10-16T08:24Z,178
1225,2024-10-16T08:25Z,69
1226,2024-10-16T08:26Z,172
1227,2024-10-16T08:27Z,153
1228,2024-10-16T08:28Z,94
1229,2024-10-16T08:29Z,227
1230,2024-10-16T08:30Z,77
1231,2024-10-16T08:31Z,52
1232,2024-10-16T08:32Z,112
1233,2024-10-16T08:33Z,139
1234,2024-10-16T08:34Z,248
1235,2024-10-16T08:35Z,155
1236,2024-10-16T08:36Z,88
1237,2024-10-16T08:37Z,107
1238,2024-10-16T08:38Z,365
1239,2024-10-16T08:39Z,468
1240,2024-10-16T08:40Z,263
1241,2024-10-16T08:41Z,150
1242,2024-10-16T08:42Z,138
1243,2024-10-16T08:43Z,85
1244,2024-10-16T08:44Z,247
1245,2024-10-16T08:45Z,54
1246,2024-10-16T08:46Z,163
1247,2024-10-16T08:47Z,130
1248,2024-10-16T08:48Z,149
1249,2024-10-16T08:49Z,129
1250,2024-10-16T08:50Z,88
1251,2024-10-16T08:51Z,53
1252,2024-10-16T08:52Z,64
1253,2024-10-16T08:53Z,145
1254,2024-10-16T08:54Z,156
1255,2024-10-16T08:55Z,118
1256,2024-10-16T08:56Z,116
1257,2024-10-16T08:57Z,160
1258,2024-10-16T08:58Z,156
1259,2024-10-16T08:59Z,165
1260,2024-10-16T09:00Z,261
1261,2024-10-16T09:01Z,159
1262,2024-10-16T09:02Z,199
1263,2024-10-16T09:03Z,193
1264,2024-10-16T09:04Z,57
1265,2024-10-16T09:05Z,52
1266,2024-10-16T09:06Z,76
1267,2024-10-16T09:07Z,82
1268,2024-10-16T09:08Z,52
1269,2024-10-16T09:09Z,75
1270,2024-10-16T09:10Z,128
1271,2024-10-16T09:11Z,140
1272,2024-10-16T09:12Z,216
1273,2024-10-16T09:13Z,189
1274,2024-10-16T09:14Z,167
1275,2024-10-16T09:15Z,114
1276,2024-10-16T09:16Z,95
1277,2024-10-16T09:17Z,99
1278,2024-10-16T09:18Z,149
1279,2024-10-16T09:19Z,98
1280,2024-10-16T09:20Z,80
1281,2024-10-16T09:21Z,166
1282,2024-10-16T09:22Z,163
1283,2024-10-16T09:23Z,66
1284,2024-10-16T09:24Z,71
1285,2024-10-16T09:25Z,79
1286,2024-10-16T09:26Z,109
1287,2024-10-16T09:27Z,63
1288,2024-10-16T09:28Z,67
1289,2024-10-16T09:29Z,158
1290,2024-10-16T09:30Z,135
1291,2024-10-16T09:31Z,114
1292,2024-10-16T09:32Z,63
1293,2024-10-16T09:33Z,71
1294,2024-10-16T09:34Z,133
1295,2024-10-16T09:35Z,69
1296,2024-10-16T09:36Z,53
1297,2024-10-16T09:37Z,86
1298,2024-10-16T09:38Z,76
1299,2024-10-16T09:39Z,86
1300,2024-10-16T09:40Z,66
1301,2024-10-16T09:41Z,129
1302,2024-10-16T09:42Z,85
1303,2024-10-16T09:43Z,54
1304,2024-10-16T09:44Z,61
1305,2024-10-16T09:45Z,109
1306,2024-10-16T09:46Z,84
1307,2024-10-16T09:47Z,109
1308,2024-10-16T09:48Z,65
1309,2024-10-16T09:49Z,71
1310,2024-10-16T09:50Z,76
1311,2024-10-16T09:51Z,144
1312,2024-10-16T09:52Z,145
1313,2024-10-16T09:53Z,49
1314,2024-10-16T09:54Z,77
1315,2024-10-16T09:55Z,189
1316,2024-10-16T09:56Z,233
1317,2024-10-16T09:57Z,223
1318,2024-10-16T09:58Z,147
1319,2024-10-16T09:59Z,77
1320,2024-10-16T10:00Z,115
1321,2024-10-16T10:01Z,143
1322,2024-10-16T10:02Z,116
1323,2024-10-16T10:03Z,131
1324,2024-10-16T10:04Z,75
1325,2024-10-16T10:05Z,182
1326,2024-10-16T10:06Z,162
1327,2024-10-16T10:07Z,113
1328,2024-10-16T10:08Z,86
1329,2024-10-16T10:09Z,216
1330,2024-10-16T10:10Z,170
1331,2024-10-16T10:11Z,146
1332,2024-10-16T10:12Z,110
1333,2024-10-16T10:13Z,56
1334,2024-10-16T10:14Z,83
1335,2024-10-16T10:15Z,68
1336,2024-10-16T10:16Z,71
1337,2024-10-16T10:17Z,49
1338,2024-10-16T10:18Z,61
1339,2024-10-16T10:19Z,61
1340,2024-10-16T10:20Z,76
1341,2024-10-16T10:21Z,121
1342,2024-10-16T10:22Z,61
1343,2024-10-16T10:23Z,62
1344,2024-10-16T10:24Z,51
1345,2024-10-16T10:25Z,54
1346,2024-10-16T10:26Z,62
1347,2024-10-16T10:27Z,62
1348,2024-10-16T10:28Z,116
1349,2024-10-16T10:29Z,217
1350,2024-10-16T10:30Z,81
1351,2024-10-16T10:31Z,58
1352,2024-10-16T10:32Z,61
1353,2024-10-16T10:33Z,66
1354,2024-10-16T10:34Z,81
1355,2024-10-16T10:35Z,55
1356,2024-10-16T10:36Z,95
1357,2024-10-16T10:37Z,250
1358,2024-10-16T10:38Z,88
1359,2024-10-16T10:39Z,122
1360,2024-10-16T10:40Z,53
1361,2024-10-16T10:41Z,165
1362,2024-10-16T10:42Z,113
1363,2024-10-16T10:43Z,66
1364,2024-10-16T10:44Z,74
1365,2024-10-16T10:45Z,231
1366,2024-10-16T10:46Z,75
1367,2024-10-16T10:47Z,259
1368,2024-10-16T10:48Z,97
1369,2024-10-16T10:49Z,91
1370,2024-10-16T10:50Z,178
1371,2024-10-16T10:51Z,185
1372,2024-10-16T10:52Z,267
1373,2024-10-16T10:53Z,277
1374,2024-10-16T10:54Z,75
1375,2024-10-16T10:55Z,55
1376,2024-10-16T10:56Z,141
1377,2024-10-16T10:57Z,68
1378,2024-10-16T10:58Z,50
1379,2024-10-16T10:59Z,57
1380,2024-10-16T11:00Z,115
1381,2024-10-16T11:01Z,36
1382,2024-10-16T11:02Z,64
1383,2024-10-16T11:03Z,59
1384,2024-10-16T11:04Z,81
1385,2024-10-16T11:05Z,131
1386,2024-10-16T11:06Z,68
1387,2024-10-16T11:07Z,279
1388,2024-10-16T11:08Z,101
1389,2024-10-16T11:09Z,128
1390,2024-10-16T11:10Z,56
1391,2024-10-16T11:11Z,82
1392,2024-10-16T11:12Z,96
1393,2024-10-16T11:13Z,68
1394,2024-10-16T11:14Z,44
1395,2024-10-16T11:15Z,79
1396,2024-10-16T11:16Z,41
1397,2024-10-16T11:17Z,35
1398,2024-10-16T11:18Z,60
1399,2024-10-16T11:19Z,82
1400,2024-10-16T11:20Z,51
1401,2024-10-16T11:21Z,97
1402,2024-10-16T11:22Z,74
1403,2024-10-16T11:23Z,101
1404,2024-10-16T11:24Z,68
1405,2024-10-16T11:25Z,161
1406,2024-10-16T11:26Z,177
1407,2024-10-16T11:27Z,99
1408,2024-10-16T11:28Z,126
1409,2024-10-16T11:29Z,99
1410,2024-10-16T11:30Z,145
1411,2024-10-16T11:31Z,183
1412,2024-10-16T11:32Z,155
1413,2024-10-16T11:33Z,168
1414,2024-10-16T11:34Z,128
1415,2024-10-16T11:35Z,132
1416,2024-10-16T11:36Z,40
1417,2024-10-16T11:37Z,79
1418,2024-10-16T11:38Z,106
1419,2024-10-16T11:39Z,115
1420,2024-10-16T11:40Z,155
1421,2024-10-16T11:41Z,67
1422,2024-10-16T11:42Z,45
1423,2024-10-16T11:43Z,41
1424,2024-10-16T11:44Z,178
1425,2024-10-16T11:45Z,116
1426,2024-10-16T11:46Z,122
1427,2024-10-16T11:47Z,169
1428,2024-10-16T11:48Z,151
1429,2024-10-16T11:49Z,75
1430,2024-10-16T11:50Z,35
1431,2024-10-16T11:51Z,51
1432,2024-10-16T11:52Z,121
1433,2024-10-16T11:53Z,80
1434,2024-10-16T11:54Z,146
1435,2024-10-16T11:55Z,49
1436,2024-10-16T11:56Z,49
1437,2024-10-16T11:57Z,54
1438,2024-10-16T11:58Z,50
1439,2024-10-16T11:59Z,44
1440,2024-10-16T12:00Z,82
1441,2024-10-16T12:01Z,55
1442,2024-10-16T12:02Z,52
1443,2024-10-16T12:03Z,54
1444,2024-10-16T12:04Z,96
1445,2024-10-16T12:05Z,90
1446,2024-10-16T12:06Z,46
1447,2024-10-16T12:07Z,57
1448,2024-10-16T12:08Z,102
1449,2024-10-16T12:09Z,78
1450,2024-10-16T12:10Z,92
1451,2024-10-16T12:11Z,95
1452,2024-10-16T12:12Z,143
1453,2024-10-16T12:13Z,110
1454,2024-10-16T12:14Z,59
1455,2024-10-16T12:15Z,83
1456,2024-10-16T12:16Z,83
1457,2024-10-16T12:17Z,111
1458,2024-10-16T12:18Z,41
1459,2024-10-16T12:19Z,34
1460,2024-10-16T12:20Z,45
1461,2024-10-16T12:21Z,50
1462,2024-10-16T12:22Z,60
1463,2024-10-16T12:23Z,53
1464,2024-10-16T12:24Z,79
1465,2024-10-16T12:25Z,39
1466,2024-10-16T12:26Z,88
1467,2024-10-16T12:27Z,92
1468,2024-10-16T12:28Z,136
1469,2024-10-16T12:29Z,76
1470,2024-10-16T12:30Z,41
1471,2024-10-16T12:31Z,98
1472,2024-10-16T12:32Z,55
1473,2024-10-16T12:33Z,180
1474,2024-10-16T12:34Z,119
1475,2024-10-16T12:35Z,140
1476,2024-10-16T12:36Z,65
1477,2024-10-16T12:37Z,42
1478,2024-10-16T12:38Z,55
1479,2024-10-16T12:39Z,63
1480,2024-10-16T12:40Z,84
1481,2024-10-16T12:41Z,122
1482,2024-10-16T12:42Z,79
1483,2024-10-16T12:43Z,45
1484,2024-10-16T12:44Z,198
1485,2024-10-16T12:45Z,86
1486,2024-10-16T12:46Z,45
1487,2024-10-16T12:47Z,184
1488,2024-10-16T12:48Z,178
1489,2024-10-16T12:49Z,209
1490,2024-10-16T12:50Z,205
1491,2024-10-16T12:51Z,56
1492,2024-10-16T12:52Z,98
1493,2024-10-16T12:53Z,117
1494,2024-10-16T12:54Z,87
1495,2024-10-16T12:55Z,140
1496,2024-10-16T12:56Z,180
1497,2024-10-16T12:57Z,57
1498,2024-10-16T12:58Z,107
1499,2024-10-16T12:59Z,140
1500,2024-10-16T13:00Z,220
1501,2024-10-16T13:01Z,109
1502,2024-10-16T13:02Z,136
1503,2024-10-16T13:03Z,124
1504,2024-10-16T13:04Z,71
1505,2024-10-16T13:05Z,103
1506,2024-10-16T13:06Z,47
1507,2024-10-16T13:07Z,89
1508,2024-10-16T13:08Z,113
1509,2024-10-16T13:09Z,226
1510,2024-10-16T13:10Z,146
1511,2024-10-16T13:11Z,103
1512,2024-10-16T13:12Z,76
1513,2024-10-16T13:13Z,91
1514,2024-10-16T13:14Z,92
1515,2024-10-16T13:15Z,171
1516,2024-10-16T13:16Z,159
1517,2024-10-16T13:17Z,102
1518,2024-10-16T13:18Z,84
1519,2024-10-16T13:19Z,147
1520,2024-10-16T13:20Z,72
1521,2024-10-16T13:21Z,126
1522,2024-10-16T13:22Z,51
1523,2024-10-16T13:23Z,58
1524,2024-10-16T13:24Z,82
1525,2024-10-16T13:25Z,142
1526,2024-10-16T13:26Z,157
1527,2024-10-16T13:27Z,74
1528,2024-10-16T13:28Z,76
1529,2024-10-16T13:29Z,206
1530,2024-10-16T13:30Z,140
1531,2024-10-16T13:31Z,146
1532,2024-10-16T13:32Z,128
1533,2024-10-16T13:33Z,111
1534,2024-10-16T13:34Z,49
1535,2024-10-16T13:35Z,227
1536,2024-10-16T13:36Z,80
1537,2024-10-16T13:37Z,194
1538,2024-10-16T13:38Z,101
1539,2024-10-16T13:39Z,106
1540,2024-10-16T13:40Z,48
1541,2024-10-16T13:41Z,129
1542,2024-10-16T13:42Z,81
1543,2024-10-16T13:43Z,133
1544,2024-10-16T13:44Z,94
1545,2024-10-16T13:45Z,56
1546,2024-10-16T13:46Z,84
1547,2024-10-16T13:47Z,121
1548,2024-10-16T13:48Z,120
1549,2024-10-16T13:49Z,121
1550,2024-10-16T13:50Z,206
1551,2024-10-16T13:51Z,142
1552,2024-10-16T13:52Z,70
1553,2024-10-16T13:53Z,36
1554,2024-10-16T13:54Z,208
1555,2024-10-16T13:55Z,149
1556,2024-10-16T13:56Z,69
1557,2024-10-16T13:57Z,109
1558,2024-10-16T13:58Z,106
1559,2024-10-16T13:59Z,124
1560,2024-10-16T14:00Z,168
1561,2024-10-16T14:01Z,146
1562,2024-10-16T14:02Z,205
1563,2024-10-16T14:03Z,92
1564,2024-10-16T14:04Z,67
1565,2024-10-16T14:05Z,162
1566,2024-10-16T14:06Z,137
1567,2024-10-16T14:07Z,85
1568,2024-10-16T14:08Z,145
1569,2024-10-16T14:09Z,180
1570,2024-10-16T14:10Z,140
1571,2024-10-16T14:11Z,224
1572,2024-10-16T14:12Z,215
1573,2024-10-16T14:13Z,93
1574,2024-10-16T14:14Z,77
1575,2024-10-16T14:15Z,127
1576,2024-10-16T14:16Z,172
1577,2024-10-16T14:17Z,85
1578,2024-10-16T14:18Z,127
1579,2024-10-16T14:19Z,200
1580,2024-10-16T14:20Z,100
1581,2024-10-16T14:21Z,117
1582,2024-10-16T14:22Z,202
1583,2024-10-16T14:23Z,172
1584,2024-10-16T14:24Z,160
1585,2024-10-16T14:25Z,117
1586,2024-10-16T14:26Z,100
1587,2024-10-16T14:27Z,122
1588,2024-10-16T14:28Z,179
1589,2024-10-16T14:29Z,102
1590,2024-10-16T14:30Z,130
1591,2024-10-16T14:31Z,78
1592,2024-10-16T14:32Z,112
1593,2024-10-16T14:33Z,118
1594,2024-10-16T14:34Z,240
1595,2024-10-16T14:35Z,282
1596,2024-10-16T14:36Z,233
1597,2024-10-16T14:37Z,137
1598,2024-10-16T14:38Z,158
1599,2024-10-16T14:39Z,97
1600,2024-10-16T14:40Z,214
1601,2024-10-16T14:41Z,190
1602,2024-10-16T14:42Z,143
1603,2024-10-16T14:43Z,164
1604,2024-10-16T14:44Z,155
1605,2024-10-16T14:45Z,126
1606,2024-10-16T14:46Z,140
1607,2024-10-16T14:47Z,135
1608,2024-10-16T14:48Z,84
1609,2024-10-16T14:49Z,153
1610,2024-10-16T14:50Z,223
1611,2024-10-16T14:51Z,229
1612,2024-10-16T14:52Z,131
1613,2024-10-16T14:53Z,102
1614,2024-10-16T14:54Z,162
1615,2024-10-16T14:55Z,212
1616,2024-10-16T14:56Z,147
1617,2024-10-16T14:57Z,122
1618,2024-10-16T14:58Z,229
1619,2024-10-16T14:59Z,118
1620,2024-10-16T15:00Z,146
1621,2024-10-16T15:01Z,108
1622,2024-10-16T15:02Z,74
1623,2024-10-16T15:03Z,188
1624,2024-10-16T15:04Z,199
1625,2024-10-16T15:05Z,181
1626,2024-10-16T15:06Z,144
1627,2024-10-16T15:07Z,84
1628,2024-10-16T15:08Z,47
1629,2024-10-16T15:09Z,131
1630,2024-10-16T15:10Z,92
1631,2024-10-16T15:11Z,110
1632,2024-10-16T15:12Z,152
1633,2024-10-16T15:13Z,99
1634,2024-10-16T15:14Z,50
1635,2024-10-16T15:15Z,142
1636,2024-10-16T15:16Z,166
1637,2024-10-16T15:17Z,244
1638,2024-10-16T15:18Z,132
1639,2024-10-16T15:19Z,73
1640,2024-10-16T15:20Z,106
1641,2024-10-16T15:21Z,227
1642,2024-10-16T15:22Z,195
1643,2024-10-16T15:23Z,210
1644,2024-10-16T15:24Z,192
1645,2024-10-16T15:25Z,121
1646,2024-10-16T15:26Z,155
1647,2024-10-16T15:27Z,139
1648,2024-10-16T15:28Z,209
1649,2024-10-16T15:29Z,176
1650,2024-10-16T15:30Z,216
1651,2024-10-16T15:31Z,213
1652,2024-10-16T15:32Z,225
1653,2024-10-16T15:33Z,237
1654,2024-10-16T15:34Z,222
1655,2024-10-16T15:35Z,111
1656,2024-10-16T15:36Z,164
1657,2024-10-16T15:37Z,300
1658,2024-10-16T15:38Z,169
1659,2024-10-16T15:39Z,110
1660,2024-10-16T15:40Z,118
1661,2024-10-16T15:41Z,76
1662,2024-10-16T15:42Z,70
1663,2024-10-16T15:43Z,149
1664,2024-10-16T15:44Z,108
1665,2024-10-16T15:45Z,217
1666,2024-10-16T15:46Z,124
1667,2024-10-16T15:47Z,100
1668,2024-10-16T15:48Z,140
1669,2024-10-16T15:49Z,200
1670,2024-10-16T15:50Z,130
1671,2024-10-16T15:51Z,152
1672,2024-10-16T15:52Z,136
1673,2024-10-16T15:53Z,165
1674,2024-10-16T15:54Z,144
1675,2024-10-16T15:55Z,175
1676,2024-10-16T15:56Z,89
1677,2024-10-16T15:57Z,154
1678,2024-10-16T15:58Z,253
1679,2024-10-16T15:59Z,81
1680,2024-10-16T16:00Z,106
1681,2024-10-16T16:01Z,193
1682,2024-10-16T16:02Z,224
1683,2024-10-16T16:03Z,102
1684,2024-10-16T16:04Z,248
1685,2024-10-16T16:05Z,258
1686,2024-10-16T16:06Z,197
1687,2024-10-16T16:07Z,162
1688,2024-10-16T16:08Z,120
1689,2024-10-16T16:09Z,238
1690,2024-10-16T16:10Z,108
1691,2024-10-16T16:11Z,117
1692,2024-10-16T16:12Z,290
1693,2024-10-16T16:13Z,310
1694,2024-10-16T16:14Z,137
1695,2024-10-16T16:15Z,119
1696,2024-10-16T16:16Z,74
1697,2024-10-16T16:17Z,246
1698,2024-10-16T16:18Z,123
1699,2024-10-16T16:19Z,45
1700,2024-10-16T16:20Z,125
1701,2024-10-16T16:21Z,129
1702,2024-10-16T16:22Z,168
1703,2024-10-16T16:23Z,151
1704,2024-10-16T16:24Z,143
1705,2024-10-16T16:25Z,86
1706,2024-10-16T16:26Z,122
1707,2024-10-16T16:27Z,146
1708,2024-10-16T16:28Z,107
1709,2024-10-16T16:29Z,118
1710,2024-10-16T16:30Z,198
1711,2024-10-16T16:31Z,126
1712,2024-10-16T16:32Z,132
1713,2024-10-16T16:33Z,125
1714,2024-10-16T16:34Z,187
1715,2024-10-16T16:35Z,301
1716,2024-10-16T16:36Z,207
1717,2024-10-16T16:37Z,93
1718,2024-10-16T16:38Z,368
1719,2024-10-16T16:39Z,196
1720,2024-10-16T16:40Z,326
1721,2024-10-16T16:41Z,252
1722,2024-10-16T16:42Z,204
1723,2024-10-16T16:43Z,131
1724,2024-10-16T16:44Z,297
1725,2024-10-16T16:45Z,185
1726,2024-10-16T16:46Z,327
1727,2024-10-16T16:47Z,357
1728,2024-10-16T16:48Z,318
1729,2024-10-16T16:49Z,288
1730,2024-10-16T16:50Z,142
1731,2024-10-16T16:51Z,166
1732,2024-10-16T16:52Z,134
1733,2024-10-16T16:53Z,109
1734,2024-10-16T16:54Z,116
1735,2024-10-16T16:55Z,133
1736,2024-10-16T16:56Z,211
1737,2024-10-16T16:57Z,188
1738,2024-10-16T16:58Z,235
1739,2024-10-16T16:59Z,123
1740,2024-10-16T17:00Z,161
1741,2024-10-16T17:01Z,138
1742,2024-10-16T17:02Z,188
1743,2024-10-16T17:03Z,188
1744,2024-10-16T17:04Z,163
1745,2024-10-16T17:05Z,135
1746,2024-10-16T17:06Z,140
1747,2024-10-16T17:07Z,157
1748,2024-10-16T17:08Z,158
1749,2024-10-16T17:09Z,143
1750,2024-10-16T17:10Z,179
1751,2024-10-16T17:11Z,117
1752,2024-10-16T17:12Z,134
1753,2024-10-16T17:13Z,124
1754,2024-10-16T17:14Z,157
1755,2024-10-16T17:15Z,180
1756,2024-10-16T17:16Z,177
1757,2024-10-16T17:17Z,138
1758,2024-10-16T17:18Z,189
1759,2024-10-16T17:19Z,144
1760,2024-10-16T17:20Z,162
1761,2024-10-16T17:21Z,166
1762,2024-10-16T17:22Z,148
1763,2024-10-16T17:23Z,117
1764,2024-10-16T17:24Z,126
1765,2024-10-16T17:25Z,118
1766,2024-10-16T17:26Z,143
1767,2024-10-16T17:27Z,155
1768,2024-10-16T17:28Z,145
1769,2024-10-16T17:29Z,127
1770,2024-10-16T17:30Z,148
1771,2024-10-16T17:31Z,122
1772,2024-10-16T17:32Z,147
1773,2024-10-16T17:33Z,128
1774,2024-10-16T17:34Z,154
1775,2024-10-16T17:35Z,166
1776,2024-10-16T17:36Z,151
1777,2024-10-16T17:37Z,112
1778,2024-10-16T17:38Z,141
1779,2024-10-16T17:39Z,145
1780,2024-10-16T17:40Z,66
1781,2024-10-16T17:41Z,109
1782,2024-10-16T17:42Z,152
1783,2024-10-16T17:43Z,86
1784,2024-10-16T17:44Z,119
1785,2024-10-16T17:45Z,123
1786,2024-10-16T17:46Z,94
1787,2024-10-16T17:47Z,139
1788,2024-10-16T17:48Z,125
1789,2024-10-16T17:49Z,76
1790,2024-10-16T17:50Z,75
1791,2024-10-16T17:51Z,119
1792,2024-10-16T17:52Z,77
1793,2024-10-16T17:53Z,70
1794,2024-10-16T17:54Z,157
1795,2024-10-16T17:55Z,156
1796,2024-10-16T17:56Z,188
1797,2024-10-16T17:57Z,143
1798,2024-10-16T17:58Z,131
1799,2024-10-16T17:59Z,98
1800,2024-10-16T18:00Z,175
1801,2024-10-16T18:01Z,173
1802,2024-10-16T18:02Z,91
1803,2024-10-16T18:03Z,134
1804,2024-10-16T18:04Z,136
1805,2024-10-16T18:05Z,99
1806,2024-10-16T18:06Z,153
1807,2024-10-16T18:07Z,139
1808,2024-10-16T18:08Z,150
1809,2024-10-16T18:09Z,177
1810,2024-10-16T18:10Z,174
1811,2024-10-16T18:11Z,119
1812,2024-10-16T18:12Z,233
1813,2024-10-16T18:13Z,118
1814,2024-10-16T18:14Z,241
1815,2024-10-16T18:15Z,87
1816,2024-10-16T18:16Z,120
1817,2024-10-16T18:17Z,153
1818,2024-10-16T18:18Z,123
1819,2024-10-16T18:19Z,109
1820,2024-10-16T18:20Z,147
1821,2024-10-16T18:21Z,171
1822,2024-10-16T18:22Z,96
1823,2024-10-16T18:23Z,126
1824,2024-10-16T18:24Z,127
1825,2024-10-16T18:25Z,147
1826,2024-10-16T18:26Z,94
1827,2024-10-16T18:27Z,78
1828,2024-10-16T18:28Z,115
1829,2024-10-16T18:29Z,125
1830,2024-10-16T18:30Z,186
1831,2024-10-16T18:31Z,173
1832,2024-10-16T18:32Z,146
1833,2024-10-16T18:33Z,151
1834,2024-10-16T18:34Z,99
1835,2024-10-16T18:35Z,128
1836,2024-10-16T18:36Z,140
1837,2024-10-16T18:37Z,167
1838,2024-10-16T18:38Z,160
1839,2024-10-16T18:39Z,160
1840,2024-10-16T18:40Z,125
1841,2024-10-16T18:41Z,145
1842,2024-10-16T18:42Z,153
1843,2024-10-16T18:43Z,163
1844,2024-10-16T18:44Z,106
1845,2024-10-16T18:45Z,64
1846,2024-10-16T18:46Z,124
1847,2024-10-16T18:47Z,89
1848,2024-10-16T18:48Z,80
1849,2024-10-16T18:49Z,98
1850,2024-10-16T18:50Z,103
1851,2024-10-16T18:51Z,86
1852,2024-10-16T18:52Z,163
1853,2024-10-16T18:53Z,200
1854,2024-10-16T18:54Z,249
1855,2024-10-16T18:55Z,124
1856,2024-10-16T18:56Z,136
1857,2024-10-16T18:57Z,116
1858,2024-10-16T18:58Z,110
1859,2024-10-16T18:59Z,138
1860,2024-10-16T19:00Z,137
1861,2024-10-16T19:01Z,75
1862,2024-10-16T19:02Z,115
1863,2024-10-16T19:03Z,80
1864,2024-10-16T19:04Z,88
1865,2024-10-16T19:05Z,150
1866,2024-10-16T19:06Z,107
1867,2024-10-16T19:07Z,126
1868,2024-10-16T19:08Z,98
1869,2024-10-16T19:09Z,148
1870,2024-10-16T19:10Z,182
1871,2024-10-16T19:11Z,221
1872,2024-10-16T19:12Z,122
1873,2024-10-16T19:13Z,88
1874,2024-10-16T19:14Z,121
1875,2024-10-16T19:15Z,53
1876,2024-10-16T19:16Z,116
1877,2024-10-16T19:17Z,120
1878,2024-10-16T19:18Z,100
1879,2024-10-16T19:19Z,116
1880,2024-10-16T19:20Z,134
1881,2024-10-16T19:21Z,100
1882,2024-10-16T19:22Z,139
1883,2024-10-16T19:23Z,137
1884,2024-10-16T19:24Z,159
1885,2024-10-16T19:25Z,109
1886,2024-10-16T19:26Z,106
1887,2024-10-16T19:27Z,118
1888,2024-10-16T19:28Z,110
1889,2024-10-16T19:29Z,129
1890,2024-10-16T19:30Z,91
1891,2024-10-16T19:31Z,118
1892,2024-10-16T19:32Z,171
1893,2024-10-16T19:33Z,142
1894,2024-10-16T19:34Z,92
1895,2024-10-16T19:35Z,173
1896,2024-10-16T19:36Z,165
1897,2024-10-16T19:37Z,188
1898,2024-10-16T19:38Z,174
1899,2024-10-16T19:39Z,129
1900,2024-10-16T19:40Z,162
1901,2024-10-16T19:41Z,178
1902,2024-10-16T19:42Z,78
1903,2024-10-16T19:43Z,131
1904,2024-10-16T19:44Z,81
1905,2024-10-16T19:45Z,108
1906,2024-10-16T19:46Z,114
1907,2024-10-16T19:47Z,75
1908,2024-10-16T19:48Z,83
1909,2024-10-16T19:49Z,154
1910,2024-10-16T19:50Z,90
1911,2024-10-16T19:51Z,95
1912,2024-10-16T19:52Z,131
1913,2024-10-16T19:53Z,109
1914,2024-10-16T19:54Z,94
1915,2024-10-16T19:55Z,135
1916,2024-10-16T19:56Z,134
1917,2024-10-16T19:57Z,124
1918,2024-10-16T19:58Z,147
1919,2024-10-16T19:59Z,104
1920,2024-10-16T20:00Z,136
1921,2024-10-16T20:01Z,165
1922,2024-10-16T20:02Z,183
1923,2024-10-16T20:03Z,146
1924,2024-10-16T20:04Z,106
1925,2024-10-16T20:05Z,112
1926,2024-10-16T20:06Z,114
1927,2024-10-16T20:07Z,114
1928,2024-10-16T20:08Z,120
1929,2024-10-16T20:09Z,102
1930,2024-10-16T20:10Z,141
1931,2024-10-16T20:11Z,154
1932,2024-10-16T20:12Z,140
1933,2024-10-16T20:13Z,153
1934,2024-10-16T20:14Z,146
1935,2024-10-16T20:15Z,194
1936,2024-10-16T20:16Z,165
1937,2024-10-16T20:17Z,119
1938,2024-10-16T20:18Z,117
1939,2024-10-16T20:19Z,82
1940,2024-10-16T20:20Z,84
1941,2024-10-16T20:21Z,144
1942,2024-10-16T20:22Z,144
1943,2024-10-16T20:23Z,139
1944,2024-10-16T20:24Z,167
1945,2024-10-16T20:25Z,113
1946,2024-10-16T20:26Z,107
1947,2024-10-16T20:27Z,77
1948,2024-10-16T20:28Z,74
1949,2024-10-16T20:29Z,114
1950,2024-10-16T20:30Z,163
1951,2024-10-16T20:31Z,142
1952,2024-10-16T20:32Z,131
1953,2024-10-16T20:33Z,117
1954,2024-10-16T20:34Z,84
1955,2024-10-16T20:35Z,128
1956,2024-10-16T20:36Z,152
1957,2024-10-16T20:37Z,83
1958,2024-10-16T20:38Z,58
1959,2024-10-16T20:39Z,81
1960,2024-10-16T20:40Z,125
1961,2024-10-16T20:41Z,123
1962,2024-10-16T20:42Z,117
1963,2024-10-16T20:43Z,79
1964,2024-10-16T20:44Z,62
1965,2024-10-16T20:45Z,133
1966,2024-10-16T20:46Z,93
1967,2024-10-16T20:47Z,88
1968,2024-10-16T20:48Z,116
1969,2024-10-16T20:49Z,84
1970,2024-10-16T20:50Z,103
1971,2024-10-16T20:51Z,104
1972,2024-10-16T20:52Z,117
1973,2024-10-16T20:53Z,189
1974,2024-10-16T20:54Z,135
1975,2024-10-16T20:55Z,45
1976,2024-10-16T20:56Z,150
1977,2024-10-16T20:57Z,82
1978,2024-10-16T20:58Z,71
1979,2024-10-16T20:59Z,102
1980,2024-10-16T21:00Z,87
1981,2024-10-16T21:01Z,135
1982,2024-10-16T21:02Z,87
1983,2024-10-16T21:03Z,86
1984,2024-10-16T21:04Z,85
1985,2024-10-16T21:05Z,91
1986,2024-10-16T21:06Z,125
1987,2024-10-16T21:07Z,83
1988,2024-10-16T21:08Z,35
1989,2024-10-16T21:09Z,80
1990,2024-10-16T21:10Z,141
1991,2024-10-16T21:11Z,161
1992,2024-10-16T21:12Z,102
1993,2024-10-16T21:13Z,104
1994,2024-10-16T21:14Z,115
1995,2024-10-16T21:15Z,113
1996,2024-10-16T21:16Z,88
1997,2024-10-16T21:17Z,74
1998,2024-10-16T21:18Z,154
1999,2024-10-16T21:19Z,149
2000,2024-10-16T21:20Z,72
2001,2024-10-16T21:21Z,62
2002,2024-10-16T21:22Z,41
2003,2024-10-16T21:23Z,120
2004,2024-10-16T21:24Z,101
2005,2024-10-16T21:25Z,134
2006,2024-10-16T21:26Z,180
2007,2024-10-16T21:27Z,156
2008,2024-10-16T21:28Z,148
2009,2024-10-16T21:29Z,188
2010,2024-10-16T21:30Z,181
2011,2024-10-16T21:31Z,131
2012,2024-10-16T21:32Z,124
2013,2024-10-16T21:33Z,139
2014,2024-10-16T21:34Z,146
2015,2024-10-16T21:35Z,130
2016,2024-10-16T21:36Z,158
2017,2024-10-16T21:37Z,165
2018,2024-10-16T21:38Z,115
2019,2024-10-16T21:39Z,106
2020,2024-10-16T21:40Z,139
2021,2024-10-16T21:41Z,97
2022,2024-10-16T21:42Z,134
2023,2024-10-16T21:43Z,121
2024,2024-10-16T21:44Z,110
2025,2024-10-16T21:45Z,107
2026,2024-10-16T21:46Z,136
2027,2024-10-16T21:47Z,155
2028,2024-10-16T21:48Z,151
2029,2024-10-16T21:49Z,119
2030,2024-10-16T21:50Z,157
2031,2024-10-16T21:51Z,148
2032,2024-10-16T21:52Z,123
2033,2024-10-16T21:53Z,168
2034,2024-10-16T21:54Z,149
2035,2024-10-16T21:55Z,132
2036,2024-10-16T21:56Z,141
2037,2024-10-16T21:57Z,137
2038,2024-10-16T21:58Z,150
2039,2024-10-16T21:59Z,162
2040,2024-10-16T22:00Z,140
2041,2024-10-16T22:01Z,141
2042,2024-10-16T22:02Z,163
2043,2024-10-16T22:03Z,102
2044,2024-10-16T22:04Z,179
2045,2024-10-16T22:05Z,143
2046,2024-10-16T22:06Z,121
2047,2024-10-16T22:07Z,132
2048,2024-10-16T22:08Z,94
2049,2024-10-16T22:09Z,133
2050,2024-10-16T22:10Z,150
2051,2024-10-16T22:11Z,137
2052,2024-10-16T22:12Z,118
2053,2024-10-16T22:13Z,109
2054,2024-10-16T22:14Z,108
2055,2024-10-16T22:15Z,154
2056,2024-10-16T22:16Z,137
2057,2024-10-16T22:17Z,145
2058,2024-10-16T22:18Z,110
2059,2024-10-16T22:19Z,132
2060,2024-10-16T22:20Z,111
2061,2024-10-16T22:21Z,146
2062,2024-10-16T22:22Z,153
2063,2024-10-16T22:23Z,123
2064,2024-10-16T22:24Z,100
2065,2024-10-16T22:25Z,146
2066,2024-10-16T22:26Z,157
2067,2024-10-16T22:27Z,133
2068,2024-10-16T22:28Z,135
2069,2024-10-16T22:29Z,173
2070,2024-10-16T22:30Z,96
2071,2024-10-16T22:31Z,120
2072,2024-10-16T22:32Z,130
2073,2024-10-16T22:33Z,102
2074,2024-10-16T22:34Z,157
2075,2024-10-16T22:35Z,114
2076,2024-10-16T22:36Z,126
2077,2024-10-16T22:37Z,105
2078,2024-10-16T22:38Z,122
2079,2024-10-16T22:39Z,116
2080,2024-10-16T22:40Z,104
2081,2024-10-16T22:41Z,104
2082,2024-10-16T22:42Z,170
2083,2024-10-16T22:43Z,170
2084,2024-10-16T22:44Z,151
2085,2024-10-16T22:45Z,140
2086,2024-10-16T22:46Z,92
2087,2024-10-16T22:47Z,95
2088,2024-10-16T22:48Z,130
2089,2024-10-16T22:49Z,114
2090,2024-10-16T22:50Z,93
2091,2024-10-16T22:51Z,142
2092,2024-10-16T22:52Z,144
2093,2024-10-16T22:53Z,110
2094,2024-10-16T22:54Z,155
2095,2024-10-16T22:55Z,97
2096,2024-10-16T22:56Z,145
2097,2024-10-16T22:57Z,111
2098,2024-10-16T22:58Z,141
2099,2024-10-16T22:59Z,111
2100,2024-10-16T23:00Z,147
2101,2024-10-16T23:01Z,132
2102,2024-10-16T23:02Z,121
2103,2024-10-16T23:03Z,111
2104,2024-10-16T23:04Z,161
2105,2024-10-16T23:05Z,118
2106,2024-10-16T23:06Z,186
2107,2024-10-16T23:07Z,145
2108,2024-10-16T23:08Z,154
2109,2024-10-16T23:09Z,105
2110,2024-10-16T23:10Z,106
2111,2024-10-16T23:11Z,101
2112,2024-10-16T23:12Z,149
2113,2024-10-16T23:13Z,110
2114,2024-10-16T23:14Z,98
2115,2024-10-16T23:15Z,157
2116,2024-10-16T23:16Z,195
2117,2024-10-16T23:17Z,144
2118,2024-10-16T23:18Z,109
2119,2024-10-16T23:19Z,150
2120,2024-10-16T23:20Z,114
2121,2024-10-16T23:21Z,145
2122,2024-10-16T23:22Z,139
2123,2024-10-16T23:23Z,151
2124,2024-10-16T23:24Z,149
2125,2024-10-16T23:25Z,112
2126,2024-10-16T23:26Z,141
2127,2024-10-16T23:27Z,96
2128,2024-10-16T23:28Z,98
2129,2024-10-16T23:29Z,138
2130,2024-10-16T23:30Z,142
2131,2024-10-16T23:31Z,99
2132,2024-10-16T23:32Z,116
2133,2024-10-16T23:33Z,141
2134,2024-10-16T23:34Z,179
2135,2024-10-16T23:35Z,107
2136,2024-10-16T23:36Z,95
2137,2024-10-16T23:37Z,132
2138,2024-10-16T23:38Z,134
2139,2024-10-16T23:39Z,168
2140,2024-10-16T23:40Z,122
2141,2024-10-16T23:41Z,168
2142,2024-10-16T23:42Z,108
2143,2024-10-16T23:43Z,97
2144,2024-10-16T23:44Z,113
2145,2024-10-16T23:45Z,108
2146,2024-10-16T23:46Z,109
2147,2024-10-16T23:47Z,90
2148,2024-10-16T23:48Z,115
2149,2024-10-16T23:49Z,142
2150,2024-10-16T23:50Z,132
2151,2024-10-16T23:51Z,124
2152,2024-10-16T23:52Z,99
2153,2024-10-16T23:53Z,186
2154,2024-10-16T23:54Z,142
2155,2024-10-16T23:55Z,78
2156,2024-10-16T23:56Z,125
2157,2024-10-16T23:57Z,127
2158,2024-10-16T23:58Z,170
2159,2024-10-16T23:59Z,110
2160,2024-10-17T00:00Z,125
2161,2024-10-17T00:01Z,162
2162,2024-10-17T00:02Z,103
2163,2024-10-17T00:03Z,149
2164,2024-10-17T00:04Z,112
2165,2024-10-17T00:05Z,152
2166,2024-10-17T00:06Z,123
2167,2024-10-17T00:07Z,143
2168,2024-10-17T00:08Z,124
2169,2024-10-17T00:09Z,117
2170,2024-10-17T00:10Z,99
2171,2024-10-17T00:11Z,99
2172,2024-10-17T00:12Z,122
2173,2024-10-17T00:13Z,74
2174,2024-10-17T00:14Z,123
2175,2024-10-17T00:15Z,107
2176,2024-10-17T00:16Z,102
2177,2024-10-17T00:17Z,85
2178,2024-10-17T00:18Z,107
2179,2024-10-17T00:19Z,111
2180,2024-10-17T00:20Z,133
2181,2024-10-17T00:21Z,95
2182,2024-10-17T00:22Z,96
2183,2024-10-17T00:23Z,116
2184,2024-10-17T00:24Z,102
2185,2024-10-17T00:25Z,92
2186,2024-10-17T00:26Z,151
2187,2024-10-17T00:27Z,79
2188,2024-10-17T00:28Z,124
2189,2024-10-17T00:29Z,83
2190,2024-10-17T00:30Z,85
2191,2024-10-17T00:31Z,131
2192,2024-10-17T00:32Z,118
2193,2024-10-17T00:33Z,139
2194,2024-10-17T00:34Z,145
2195,2024-10-17T00:35Z,103
2196,2024-10-17T00:36Z,133
2197,2024-10-17T00:37Z,90
2198,2024-10-17T00:38Z,106
2199,2024-10-17T00:39Z,112
2200,2024-10-17T00:40Z,135
2201,2024-10-17T00:41Z,138
2202,2024-10-17T00:42Z,99
2203,2024-10-17T00:43Z,82
2204,2024-10-17T00:44Z,85
2205,2024-10-17T00:45Z,128
2206,2024-10-17T00:46Z,97
2207,2024-10-17T00:47Z,124
2208,2024-10-17T00:48Z,88
2209,2024-10-17T00:49Z,119
2210,2024-10-17T00:50Z,127
2211,2024-10-17T00:51Z,154
2212,2024-10-17T00:52Z,213
2213,2024-10-17T00:53Z,118
2214,2024-10-17T00:54Z,109
2215,2024-10-17T00:55Z,133
2216,2024-10-17T00:56Z,120
2217,2024-10-17T00:57Z,194
2218,2024-10-17T00:58Z,140
2219,2024-10-17T00:59Z,167
2220,2024-10-17T01:00Z,160
2221,2024-10-17T01:01Z,160
2222,2024-10-17T01:02Z,149
2223,2024-10-17T01:03Z,153
2224,2024-10-17T01:04Z,99
2225,2024-10-17T01:05Z,134
2226,2024-10-17T01:06Z,91
2227,2024-10-17T01:07Z,112
2228,2024-10-17T01:08Z,109
2229,2024-10-17T01:09Z,104
2230,2024-10-17T01:10Z,110
2231,2024-10-17T01:11Z,209
2232,2024-10-17T01:12Z,115
2233,2024-10-17T01:13Z,91
2234,2024-10-17T01:14Z,106
2235,2024-10-17T01:15Z,165
2236,2024-10-17T01:16Z,126
2237,2024-10-17T01:17Z,130
2238,2024-10-17T01:18Z,127
2239,2024-10-17T01:19Z,139
2240,2024-10-17T01:20Z,152
2241,2024-10-17T01:21Z,145
2242,2024-10-17T01:22Z,124
2243,2024-10-17T01:23Z,157
2244,2024-10-17T01:24Z,116
2245,2024-10-17T01:25Z,143
2246,2024-10-17T01:26Z,166
2247,2024-10-17T01:27Z,122
2248,2024-10-17T01:28Z,117
2249,2024-10-17T01:29Z,91
2250,2024-10-17T01:30Z,123
2251,2024-10-17T01:31Z,117
2252,2024-10-17T01:32Z,99
2253,2024-10-17T01:33Z,88
2254,2024-10-17T01:34Z,106
2255,2024-10-17T01:35Z,127
2256,2024-10-17T01:36Z,104
2257,2024-10-17T01:37Z,107
2258,2024-10-17T01:38Z,103
2259,2024-10-17T01:39Z,142
2260,2024-10-17T01:40Z,163
2261,2024-10-17T01:41Z,121
2262,2024-10-17T01:42Z,103
2263,2024-10-17T01:43Z,130
2264,2024-10-17T01:44Z,125
2265,2024-10-17T01:45Z,78
2266,2024-10-17T01:46Z,79
2267,2024-10-17T01:47Z,67
2268,2024-10-17T01:48Z,72
2269,2024-10-17T01:49Z,95
2270,2024-10-17T01:50Z,129
2271,2024-10-17T01:51Z,77
2272,2024-10-17T01:52Z,91
2273,2024-10-17T01:53Z,76
2274,2024-10-17T01:54Z,151
2275,2024-10-17T01:55Z,122
2276,2024-10-17T01:56Z,137
2277,2024-10-17T01:57Z,87
2278,2024-10-17T01:58Z,80
2279,2024-10-17T01:59Z,140
2280,2024-10-17T02:00Z,119
2281,2024-10-17T02:01Z,112
2282,2024-10-17T02:02Z,101
2283,2024-10-17T02:03Z,71
2284,2024-10-17T02:04Z,132
2285,2024-10-17T02:05Z,121
2286,2024-10-17T02:06Z,132
2287,2024-10-17T02:07Z,135
2288,2024-10-17T02:08Z,99
2289,2024-10-17T02:09Z,95
2290,2024-10-17T02:10Z,131
2291,2024-10-17T02:11Z,131
2292,2024-10-17T02:12Z,152
2293,2024-10-17T02:13Z,118
2294,2024-10-17T02:14Z,104
2295,2024-10-17T02:15Z,91
2296,2024-10-17T02:16Z,78
2297,2024-10-17T02:17Z,125
2298,2024-10-17T02:18Z,108
2299,2024-10-17T02:19Z,110
2300,2024-10-17T02:20Z,157
2301,2024-10-17T02:21Z,153
2302,2024-10-17T02:22Z,101
2303,2024-10-17T02:23Z,121
2304,2024-10-17T02:24Z,73
2305,2024-10-17T02:25Z,105
2306,2024-10-17T02:26Z,91
2307,2024-10-17T02:27Z,142
2308,2024-10-17T02:28Z,112
2309,2024-10-17T02:29Z,95
2310,2024-10-17T02:30Z,87
2311,2024-10-17T02:31Z,110
2312,2024-10-17T02:32Z,205
2313,2024-10-17T02:33Z,152
2314,2024-10-17T02:34Z,130
2315,2024-10-17T02:35Z,115
2316,2024-10-17T02:36Z,130
2317,2024-10-17T02:37Z,141
2318,2024-10-17T02:38Z,130
2319,2024-10-17T02:39Z,107
2320,2024-10-17T02:40Z,199
2321,2024-10-17T02:41Z,135
2322,2024-10-17T02:42Z,128
2323,2024-10-17T02:43Z,136
2324,2024-10-17T02:44Z,162
2325,2024-10-17T02:45Z,199
2326,2024-10-17T02:46Z,101
2327,2024-10-17T02:47Z,147
2328,2024-10-17T02:48Z,107
2329,2024-10-17T02:49Z,200
2330,2024-10-17T02:50Z,138
2331,2024-10-17T02:51Z,165
2332,2024-10-17T02:52Z,122
2333,2024-10-17T02:53Z,107
2334,2024-10-17T02:54Z,129
2335,2024-10-17T02:55Z,76
2336,2024-10-17T02:56Z,118
2337,2024-10-17T02:57Z,118
2338,2024-10-17T02:58Z,107
2339,2024-10-17T02:59Z,102
2340,2024-10-17T03:00Z,120
2341,2024-10-17T03:01Z,126
2342,2024-10-17T03:02Z,106
2343,2024-10-17T03:03Z,93
2344,2024-10-17T03:04Z,99
2345,2024-10-17T03:05Z,106
2346,2024-10-17T03:06Z,85
2347,2024-10-17T03:07Z,118
2348,2024-10-17T03:08Z,102
2349,2024-10-17T03:09Z,86
2350,2024-10-17T03:10Z,109
2351,2024-10-17T03:11Z,113
2352,2024-10-17T03:12Z,111
2353,2024-10-17T03:13Z,96
2354,2024-10-17T03:14Z,78
2355,2024-10-17T03:15Z,76
2356,2024-10-17T03:16Z,116
2357,2024-10-17T03:17Z,72
2358,2024-10-17T03:18Z,76
2359,2024-10-17T03:19Z,131
2360,2024-10-17T03:20Z,123
2361,2024-10-17T03:21Z,86
2362,2024-10-17T03:22Z,90
2363,2024-10-17T03:23Z,94
2364,2024-10-17T03:24Z,114
2365,2024-10-17T03:25Z,112
2366,2024-10-17T03:26Z,86
2367,2024-10-17T03:27Z,115
2368,2024-10-17T03:28Z,149
2369,2024-10-17T03:29Z,90
2370,2024-10-17T03:30Z,92
2371,2024-10-17T03:31Z,192
2372,2024-10-17T03:32Z,175
2373,2024-10-17T03:33Z,157
2374,2024-10-17T03:34Z,145
2375,2024-10-17T03:35Z,135
2376,2024-10-17T03:36Z,187
2377,2024-10-17T03:37Z,108
2378,2024-10-17T03:38Z,92
2379,2024-10-17T03:39Z,131
2380,2024-10-17T03:40Z,126
2381,2024-10-17T03:41Z,160
2382,2024-10-17T03:42Z,94
2383,2024-10-17T03:43Z,120
2384,2024-10-17T03:44Z,215
2385,2024-10-17T03:45Z,180
2386,2024-10-17T03:46Z,214
2387,2024-10-17T03:47Z,114
2388,2024-10-17T03:48Z,78
2389,2024-10-17T03:49Z,96
2390,2024-10-17T03:50Z,93
2391,2024-10-17T03:51Z,126
2392,2024-10-17T03:52Z,109
2393,2024-10-17T03:53Z,56
2394,2024-10-17T03:54Z,155
2395,2024-10-17T03:55Z,128
2396,2024-10-17T03:56Z,118
2397,2024-10-17T03:57Z,162
2398,2024-10-17T03:58Z,103
2399,2024-10-17T03:59Z,78
2400,2024-10-17T04:00Z,101
2401,2024-10-17T04:01Z,95
2402,2024-10-17T04:02Z,79
2403,2024-10-17T04:03Z,198
2404,2024-10-17T04:04Z,106
2405,2024-10-17T04:05Z,269
2406,2024-10-17T04:06Z,83
2407,2024-10-17T04:07Z,75
2408,2024-10-17T04:08Z,116
2409,2024-10-17T04:09Z,83
2410,2024-10-17T04:10Z,91
2411,2024-10-17T04:11Z,155
2412,2024-10-17T04:12Z,158
2413,2024-10-17T04:13Z,81
2414,2024-10-17T04:14Z,81
2415,2024-10-17T04:15Z,104
2416,2024-10-17T04:16Z,97
2417,2024-10-17T04:17Z,203
2418,2024-10-17T04:18Z,162
2419,2024-10-17T04:19Z,157
2420,2024-10-17T04:20Z,104
2421,2024-10-17T04:21Z,91
2422,2024-10-17T04:22Z,135
2423,2024-10-17T04:23Z,82
2424,2024-10-17T04:24Z,97
2425,2024-10-17T04:25Z,139
2426,2024-10-17T04:26Z,78
2427,2024-10-17T04:27Z,144
2428,2024-10-17T04:28Z,139
2429,2024-10-17T04:29Z,116
2430,2024-10-17T04:30Z,163
2431,2024-10-17T04:31Z,88
2432,2024-10-17T04:32Z,161
2433,2024-10-17T04:33Z,127
2434,2024-10-17T04:34Z,167
2435,2024-10-17T04:35Z,173
2436,2024-10-17T04:36Z,252
2437,2024-10-17T04:37Z,180
2438,2024-10-17T04:38Z,64
2439,2024-10-17T04:39Z,127
2440,2024-10-17T04:40Z,215
2441,2024-10-17T04:41Z,131
2442,2024-10-17T04:42Z,282
2443,2024-10-17T04:43Z,188
2444,2024-10-17T04:44Z,131
2445,2024-10-17T04:45Z,60
2446,2024-10-17T04:46Z,134
2447,2024-10-17T04:47Z,163
2448,2024-10-17T04:48Z,99
2449,2024-10-17T04:49Z,106
2450,2024-10-17T04:50Z,113
2451,2024-10-17T04:51Z,217
2452,2024-10-17T04:52Z,89
2453,2024-10-17T04:53Z,70
2454,2024-10-17T04:54Z,121
2455,2024-10-17T04:55Z,229
2456,2024-10-17T04:56Z,226
2457,2024-10-17T04:57Z,350
2458,2024-10-17T04:58Z,127
2459,2024-10-17T04:59Z,87
2460,2024-10-17T05:00Z,146
2461,2024-10-17T05:01Z,110
2462,2024-10-17T05:02Z,80
2463,2024-10-17T05:03Z,69
2464,2024-10-17T05:04Z,118
2465,2024-10-17T05:05Z,45
2466,2024-10-17T05:06Z,96
2467,2024-10-17T05:07Z,53
2468,2024-10-17T05:08Z,185
2469,2024-10-17T05:09Z,82
2470,2024-10-17T05:10Z,42
2471,2024-10-17T05:11Z,64
2472,2024-10-17T05:12Z,74
2473,2024-10-17T05:13Z,62
2474,2024-10-17T05:14Z,61
2475,2024-10-17T05:15Z,132
2476,2024-10-17T05:16Z,210
2477,2024-10-17T05:17Z,48
2478,2024-10-17T05:18Z,50
2479,2024-10-17T05:19Z,231
2480,2024-10-17T05:20Z,83
2481,2024-10-17T05:21Z,63
2482,2024-10-17T05:22Z,56
2483,2024-10-17T05:23Z,43
2484,2024-10-17T05:24Z,33
2485,2024-10-17T05:25Z,35
2486,2024-10-17T05:26Z,39
2487,2024-10-17T05:27Z,55
2488,2024-10-17T05:28Z,263
2489,2024-10-17T05:29Z,71
2490,2024-10-17T05:30Z,79
2491,2024-10-17T05:31Z,76
2492,2024-10-17T05:32Z,48
2493,2024-10-17T05:33Z,84
2494,2024-10-17T05:34Z,98
2495,2024-10-17T05:35Z,82
2496,2024-10-17T05:36Z,57
2497,2024-10-17T05:37Z,59
2498,2024-10-17T05:38Z,77
2499,2024-10-17T05:39Z,57
2500,2024-10-17T05:40Z,79
2501,2024-10-17T05:41Z,84
2502,2024-10-17T05:42Z,81
2503,2024-10-17T05:43Z,64
2504,2024-10-17T05:44Z,75
2505,2024-10-17T05:45Z,68
2506,2024-10-17T05:46Z,123
2507,2024-10-17T05:47Z,69
2508,2024-10-17T05:48Z,65
2509,2024-10-17T05:49Z,96
2510,2024-10-17T05:50Z,113
2511,2024-10-17T05:51Z,125
2512,2024-10-17T05:52Z,166
2513,2024-10-17T05:53Z,117
2514,2024-10-17T05:54Z,116
2515,2024-10-17T05:55Z,122
2516,2024-10-17T05:56Z,85
2517,2024-10-17T05:57Z,108
2518,2024-10-17T05:58Z,119
2519,2024-10-17T05:59Z,124
2520,2024-10-17T06:00Z,73
2521,2024-10-17T06:01Z,231
2522,2024-10-17T06:02Z,73
2523,2024-10-17T06:03Z,93
2524,2024-10-17T06:04Z,106
2525,2024-10-17T06:05Z,122
2526,2024-10-17T06:06Z,79
2527,2024-10-17T06:07Z,96
2528,2024-10-17T06:08Z,80
2529,2024-10-17T06:09Z,181
2530,2024-10-17T06:10Z,93
2531,2024-10-17T06:11Z,87
2532,2024-10-17T06:12Z,160
2533,2024-10-17T06:13Z,159
2534,2024-10-17T06:14Z,153
2535,2024-10-17T06:15Z,122
2536,2024-10-17T06:16Z,118
2537,2024-10-17T06:17Z,157
2538,2024-10-17T06:18Z,125
2539,2024-10-17T06:19Z,130
2540,2024-10-17T06:20Z,103
2541,2024-10-17T06:21Z,137
2542,2024-10-17T06:22Z,129
2543,2024-10-17T06:23Z,123
2544,2024-10-17T06:24Z,172
2545,2024-10-17T06:25Z,128
2546,2024-10-17T06:26Z,190
2547,2024-10-17T06:27Z,154
2548,2024-10-17T06:28Z,113
2549,2024-10-17T06:29Z,148
2550,2024-10-17T06:30Z,151
2551,2024-10-17T06:31Z,196
2552,2024-10-17T06:32Z,120
2553,2024-10-17T06:33Z,180
2554,2024-10-17T06:34Z,135
2555,2024-10-17T06:35Z,154
2556,2024-10-17T06:36Z,165
2557,2024-10-17T06:37Z,154
2558,2024-10-17T06:38Z,162
2559,2024-10-17T06:39Z,184
2560,2024-10-17T06:40Z,174
2561,2024-10-17T06:41Z,184
2562,2024-10-17T06:42Z,152
2563,2024-10-17T06:43Z,157
2564,2024-10-17T06:44Z,252
2565,2024-10-17T06:45Z,144
2566,2024-10-17T06:46Z,142
2567,2024-10-17T06:47Z,160
2568,2024-10-17T06:48Z,168
2569,2024-10-17T06:49Z,163
2570,2024-10-17T06:50Z,147
2571,2024-10-17T06:51Z,187
2572,2024-10-17T06:52Z,144
2573,2024-10-17T06:53Z,160
2574,2024-10-17T06:54Z,152
2575,2024-10-17T06:55Z,122
2576,2024-10-17T06:56Z,124
2577,2024-10-17T06:57Z,160
2578,2024-10-17T06:58Z,119
2579,2024-10-17T06:59Z,159
2580,2024-10-17T07:00Z,185
2581,2024-10-17T07:01Z,200
2582,2024-10-17T07:02Z,161
2583,2024-10-17T07:03Z,164
2584,2024-10-17T07:04Z,151
2585,2024-10-17T07:05Z,232
2586,2024-10-17T07:06Z,189
2587,2024-10-17T07:07Z,293
2588,2024-10-17T07:08Z,201
2589,2024-10-17T07:09Z,170
2590,2024-10-17T07:10Z,192
2591,2024-10-17T07:11Z,234
2592,2024-10-17T07:12Z,174
2593,2024-10-17T07:13Z,146
2594,2024-10-17T07:14Z,119
2595,2024-10-17T07:15Z,122
2596,2024-10-17T07:16Z,210
2597,2024-10-17T07:17Z,155
2598,2024-10-17T07:18Z,157
2599,2024-10-17T07:19Z,141
2600,2024-10-17T07:20Z,240
2601,2024-10-17T07:21Z,177
2602,2024-10-17T07:22Z,175
2603,2024-10-17T07:23Z,156
2604,2024-10-17T07:24Z,185
2605,2024-10-17T07:25Z,217
2606,2024-10-17T07:26Z,133
2607,2024-10-17T07:27Z,187
2608,2024-10-17T07:28Z,144
2609,2024-10-17T07:29Z,113
2610,2024-10-17T07:30Z,213
2611,2024-10-17T07:31Z,166
2612,2024-10-17T07:32Z,143
2613,2024-10-17T07:33Z,133
2614,2024-10-17T07:34Z,133
2615,2024-10-17T07:35Z,146
2616,2024-10-17T07:36Z,233
2617,2024-10-17T07:37Z,171
2618,2024-10-17T07:38Z,160
2619,2024-10-17T07:39Z,194
2620,2024-10-17T07:40Z,102
2621,2024-10-17T07:41Z,138
2622,2024-10-17T07:42Z,181
2623,2024-10-17T07:43Z,114
2624,2024-10-17T07:44Z,153
2625,2024-10-17T07:45Z,105
2626,2024-10-17T07:46Z,126
2627,2024-10-17T07:47Z,148
2628,2024-10-17T07:48Z,131
2629,2024-10-17T07:49Z,182
2630,2024-10-17T07:50Z,236
2631,2024-10-17T07:51Z,188
2632,2024-10-17T07:52Z,338
2633,2024-10-17T07:53Z,149
2634,2024-10-17T07:54Z,187
2635,2024-10-17T07:55Z,147
2636,2024-10-17T07:56Z,216
2637,2024-10-17T07:57Z,155
2638,2024-10-17T07:58Z,214
2639,2024-10-17T07:59Z,150
2640,2024-10-17T08:00Z,166
2641,2024-10-17T08:01Z,200
2642,2024-10-17T08:02Z,145
2643,2024-10-17T08:03Z,185
2644,2024-10-17T08:04Z,155
2645,2024-10-17T08:05Z,120
2646,2024-10-17T08:06Z,144
2647,2024-10-17T08:07Z,205
2648,2024-10-17T08:08Z,198
2649,2024-10-17T08:09Z,261
2650,2024-10-17T08:10Z,149
2651,2024-10-17T08:11Z,192
2652,2024-10-17T08:12Z,192
2653,2024-10-17T08:13Z,126
2654,2024-10-17T08:14Z,132
2655,2024-10-17T08:15Z,197
2656,2024-10-17T08:16Z,178
2657,2024-10-17T08:17Z,116
2658,2024-10-17T08:18Z,154
2659,2024-10-17T08:19Z,177
2660,2024-10-17T08:20Z,256
2661,2024-10-17T08:21Z,165
2662,2024-10-17T08:22Z,145
2663,2024-10-17T08:23Z,221
2664,2024-10-17T08:24Z,136
2665,2024-10-17T08:25Z,169
2666,2024-10-17T08:26Z,168
2667,2024-10-17T08:27Z,112
2668,2024-10-17T08:28Z,179
2669,2024-10-17T08:29Z,273
2670,2024-10-17T08:30Z,277
2671,2024-10-17T08:31Z,152
2672,2024-10-17T08:32Z,108
2673,2024-10-17T08:33Z,143
2674,2024-10-17T08:34Z,223
2675,2024-10-17T08:35Z,123
2676,2024-10-17T08:36Z,278
2677,2024-10-17T08:37Z,215
2678,2024-10-17T08:38Z,248
2679,2024-10-17T08:39Z,234
2680,2024-10-17T08:40Z,128
2681,2024-10-17T08:41Z,131
2682,2024-10-17T08:42Z,139
2683,2024-10-17T08:43Z,243
2684,2024-10-17T08:44Z,149
2685,2024-10-17T08:45Z,150
2686,2024-10-17T08:46Z,241
2687,2024-10-17T08:47Z,147
2688,2024-10-17T08:48Z,137
2689,2024-10-17T08:49Z,242
2690,2024-10-17T08:50Z,142
2691,2024-10-17T08:51Z,136
2692,2024-10-17T08:52Z,133
2693,2024-10-17T08:53Z,105
2694,2024-10-17T08:54Z,110
2695,2024-10-17T08:55Z,158
2696,2024-10-17T08:56Z,147
2697,2024-10-17T08:57Z,268
2698,2024-10-17T08:58Z,244
2699,2024-10-17T08:59Z,112
2700,2024-10-17T09:00Z,223
2701,2024-10-17T09:01Z,171
2702,2024-10-17T09:02Z,271
2703,2024-10-17T09:03Z,87
2704,2024-10-17T09:04Z,65
2705,2024-10-17T09:05Z,53
2706,2024-10-17T09:06Z,62
2707,2024-10-17T09:07Z,65
2708,2024-10-17T09:08Z,112
2709,2024-10-17T09:09Z,112
2710,2024-10-17T09:10Z,73
2711,2024-10-17T09:11Z,106
2712,2024-10-17T09:12Z,92
2713,2024-10-17T09:13Z,66
2714,2024-10-17T09:14Z,97
2715,2024-10-17T09:15Z,109
2716,2024-10-17T09:16Z,188
2717,2024-10-17T09:17Z,68
2718,2024-10-17T09:18Z,90
2719,2024-10-17T09:19Z,69
2720,2024-10-17T09:20Z,134
2721,2024-10-17T09:21Z,203
2722,2024-10-17T09:22Z,229
2723,2024-10-17T09:23Z,73
2724,2024-10-17T09:24Z,136
2725,2024-10-17T09:25Z,59
2726,2024-10-17T09:26Z,71
2727,2024-10-17T09:27Z,65
2728,2024-10-17T09:28Z,59
2729,2024-10-17T09:29Z,77
2730,2024-10-17T09:30Z,82
2731,2024-10-17T09:31Z,83
2732,2024-10-17T09:32Z,80
2733,2024-10-17T09:33Z,69
2734,2024-10-17T09:34Z,77
2735,2024-10-17T09:35Z,134
2736,2024-10-17T09:36Z,120
2737,2024-10-17T09:37Z,81
2738,2024-10-17T09:38Z,66
2739,2024-10-17T09:39Z,76
2740,2024-10-17T09:40Z,74
2741,2024-10-17T09:41Z,91
2742,2024-10-17T09:42Z,76
2743,2024-10-17T09:43Z,75
2744,2024-10-17T09:44Z,66
2745,2024-10-17T09:45Z,71
2746,2024-10-17T09:46Z,71
2747,2024-10-17T09:47Z,74
2748,2024-10-17T09:48Z,96
2749,2024-10-17T09:49Z,197
2750,2024-10-17T09:50Z,157
2751,2024-10-17T09:51Z,127
2752,2024-10-17T09:52Z,97
2753,2024-10-17T09:53Z,170
2754,2024-10-17T09:54Z,83
2755,2024-10-17T09:55Z,56
2756,2024-10-17T09:56Z,82
2757,2024-10-17T09:57Z,64
2758,2024-10-17T09:58Z,66
2759,2024-10-17T09:59Z,65
2760,2024-10-17T10:00Z,61
2761,2024-10-17T10:01Z,98
2762,2024-10-17T10:02Z,85
2763,2024-10-17T10:03Z,59
2764,2024-10-17T10:04Z,137
2765,2024-10-17T10:05Z,174
2766,2024-10-17T10:06Z,87
2767,2024-10-17T10:07Z,88
2768,2024-10-17T10:08Z,252
2769,2024-10-17T10:09Z,83
2770,2024-10-17T10:10Z,90
2771,2024-10-17T10:11Z,162
2772,2024-10-17T10:12Z,145
2773,2024-10-17T10:13Z,106
2774,2024-10-17T10:14Z,102
2775,2024-10-17T10:15Z,121
2776,2024-10-17T10:16Z,124
2777,2024-10-17T10:17Z,52
2778,2024-10-17T10:18Z,67
2779,2024-10-17T10:19Z,67
2780,2024-10-17T10:20Z,30
2781,2024-10-17T10:21Z,35
2782,2024-10-17T10:22Z,83
2783,2024-10-17T10:23Z,45
2784,2024-10-17T10:24Z,147
2785,2024-10-17T10:25Z,156
2786,2024-10-17T10:26Z,93
2787,2024-10-17T10:27Z,72
2788,2024-10-17T10:28Z,75
2789,2024-10-17T10:29Z,47
2790,2024-10-17T10:30Z,234
2791,2024-10-17T10:31Z,84
2792,2024-10-17T10:32Z,88
2793,2024-10-17T10:33Z,122
2794,2024-10-17T10:34Z,97
2795,2024-10-17T10:35Z,149
2796,2024-10-17T10:36Z,44
2797,2024-10-17T10:37Z,79
2798,2024-10-17T10:38Z,144
2799,2024-10-17T10:39Z,67
2800,2024-10-17T10:40Z,71
2801,2024-10-17T10:41Z,137
2802,2024-10-17T10:42Z,134
2803,2024-10-17T10:43Z,137
2804,2024-10-17T10:44Z,70
2805,2024-10-17T10:45Z,55
2806,2024-10-17T10:46Z,33
2807,2024-10-17T10:47Z,47
2808,2024-10-17T10:48Z,130
2809,2024-10-17T10:49Z,40
2810,2024-10-17T10:50Z,36
2811,2024-10-17T10:51Z,37
2812,2024-10-17T10:52Z,66
2813,2024-10-17T10:53Z,46
2814,2024-10-17T10:54Z,34
2815,2024-10-17T10:55Z,31
2816,2024-10-17T10:56Z,46
2817,2024-10-17T10:57Z,70
2818,2024-10-17T10:58Z,87
2819,2024-10-17T10:59Z,38
2820,2024-10-17T11:00Z,96
2821,2024-10-17T11:01Z,69
2822,2024-10-17T11:02Z,158
2823,2024-10-17T11:03Z,44
2824,2024-10-17T11:04Z,80
2825,2024-10-17T11:05Z,82
2826,2024-10-17T11:06Z,148
2827,2024-10-17T11:07Z,70
2828,2024-10-17T11:08Z,54
2829,2024-10-17T11:09Z,55
2830,2024-10-17T11:10Z,49
2831,2024-10-17T11:11Z,35
2832,2024-10-17T11:12Z,44
2833,2024-10-17T11:13Z,60
2834,2024-10-17T11:14Z,104
2835,2024-10-17T11:15Z,195
2836,2024-10-17T11:16Z,56
2837,2024-10-17T11:17Z,42
2838,2024-10-17T11:18Z,62
2839,2024-10-17T11:19Z,151
2840,2024-10-17T11:20Z,246
2841,2024-10-17T11:21Z,127
2842,2024-10-17T11:22Z,60
2843,2024-10-17T11:23Z,174
2844,2024-10-17T11:24Z,105
2845,2024-10-17T11:25Z,47
2846,2024-10-17T11:26Z,53
2847,2024-10-17T11:27Z,49
2848,2024-10-17T11:28Z,67
2849,2024-10-17T11:29Z,44
2850,2024-10-17T11:30Z,83
2851,2024-10-17T11:31Z,61
2852,2024-10-17T11:32Z,45
2853,2024-10-17T11:33Z,48
2854,2024-10-17T11:34Z,26
2855,2024-10-17T11:35Z,107
2856,2024-10-17T11:36Z,46
2857,2024-10-17T11:37Z,52
2858,2024-10-17T11:38Z,41
2859,2024-10-17T11:39Z,45
2860,2024-10-17T11:40Z,42
2861,2024-10-17T11:41Z,52
2862,2024-10-17T11:42Z,49
2863,2024-10-17T11:43Z,77
2864,2024-10-17T11:44Z,37
2865,2024-10-17T11:45Z,53
2866,2024-10-17T11:46Z,42
2867,2024-10-17T11:47Z,39
2868,2024-10-17T11:48Z,88
2869,2024-10-17T11:49Z,201
2870,2024-10-17T11:50Z,183
2871,2024-10-17T11:51Z,133
2872,2024-10-17T11:52Z,93
2873,2024-10-17T11:53Z,48
2874,2024-10-17T11:54Z,105
2875,2024-10-17T11:55Z,63
2876,2024-10-17T11:56Z,63
2877,2024-10-17T11:57Z,51
2878,2024-10-17T11:58Z,57
2879,2024-10-17T11:59Z,75
2880,2024-10-17T12:00Z,53
2881,2024-10-17T12:01Z,46
2882,2024-10-17T12:02Z,119
2883,2024-10-17T12:03Z,66
2884,2024-10-17T12:04Z,62
2885,2024-10-17T12:05Z,60
2886,2024-10-17T12:06Z,114
2887,2024-10-17T12:07Z,91
2888,2024-10-17T12:08Z,98
2889,2024-10-17T12:09Z,68
2890,2024-10-17T12:10Z,151
2891,2024-10-17T12:11Z,119
2892,2024-10-17T12:12Z,102
2893,2024-10-17T12:13Z,53
2894,2024-10-17T12:14Z,46
2895,2024-10-17T12:15Z,65
2896,2024-10-17T12:16Z,79
2897,2024-10-17T12:17Z,51
2898,2024-10-17T12:18Z,105
2899,2024-10-17T12:19Z,74
2900,2024-10-17T12:20Z,36
2901,2024-10-17T12:21Z,148
2902,2024-10-17T12:22Z,57
2903,2024-10-17T12:23Z,86
2904,2024-10-17T12:24Z,147
2905,2024-10-17T12:25Z,108
2906,2024-10-17T12:26Z,108
2907,2024-10-17T12:27Z,141
2908,2024-10-17T12:28Z,69
2909,2024-10-17T12:29Z,68
2910,2024-10-17T12:30Z,94
2911,2024-10-17T12:31Z,36
2912,2024-10-17T12:32Z,68
2913,2024-10-17T12:33Z,204
2914,2024-10-17T12:34Z,153
2915,2024-10-17T12:35Z,82
2916,2024-10-17T12:36Z,83
2917,2024-10-17T12:37Z,96
2918,2024-10-17T12:38Z,104
2919,2024-10-17T12:39Z,103
2920,2024-10-17T12:40Z,112
2921,2024-10-17T12:41Z,89
2922,2024-10-17T12:42Z,108
2923,2024-10-17T12:43Z,62
2924,2024-10-17T12:44Z,69
2925,2024-10-17T12:45Z,47
2926,2024-10-17T12:46Z,50
2927,2024-10-17T12:47Z,42
2928,2024-10-17T12:48Z,43
2929,2024-10-17T12:49Z,54
2930,2024-10-17T12:50Z,48
2931,2024-10-17T12:51Z,40
2932,2024-10-17T12:52Z,61
2933,2024-10-17T12:53Z,57
2934,2024-10-17T12:54Z,95
2935,2024-10-17T12:55Z,77
2936,2024-10-17T12:56Z,48
2937,2024-10-17T12:57Z,66
2938,2024-10-17T12:58Z,89
2939,2024-10-17T12:59Z,79
2940,2024-10-17T13:00Z,125
2941,2024-10-17T13:01Z,62
2942,2024-10-17T13:02Z,58
2943,2024-10-17T13:03Z,123
2944,2024-10-17T13:04Z,69
2945,2024-10-17T13:05Z,84
2946,2024-10-17T13:06Z,83
2947,2024-10-17T13:07Z,189
2948,2024-10-17T13:08Z,128
2949,2024-10-17T13:09Z,126
2950,2024-10-17T13:10Z,105
2951,2024-10-17T13:11Z,95
2952,2024-10-17T13:12Z,84
2953,2024-10-17T13:13Z,48
2954,2024-10-17T13:14Z,58
2955,2024-10-17T13:15Z,113
2956,2024-10-17T13:16Z,161
2957,2024-10-17T13:17Z,81
2958,2024-10-17T13:18Z,105
2959,2024-10-17T13:19Z,75
2960,2024-10-17T13:20Z,46
2961,2024-10-17T13:21Z,137
2962,2024-10-17T13:22Z,52
2963,2024-10-17T13:23Z,77
2964,2024-10-17T13:24Z,189
2965,2024-10-17T13:25Z,216
2966,2024-10-17T13:26Z,140
2967,2024-10-17T13:27Z,83
2968,2024-10-17T13:28Z,162
2969,2024-10-17T13:29Z,77
2970,2024-10-17T13:30Z,64
2971,2024-10-17T13:31Z,95
2972,2024-10-17T13:32Z,109
2973,2024-10-17T13:33Z,92
2974,2024-10-17T13:34Z,43
2975,2024-10-17T13:35Z,63
2976,2024-10-17T13:36Z,91
2977,2024-10-17T13:37Z,105
2978,2024-10-17T13:38Z,103
2979,2024-10-17T13:39Z,76
2980,2024-10-17T13:40Z,62
2981,2024-10-17T13:41Z,54
2982,2024-10-17T13:42Z,185
2983,2024-10-17T13:43Z,71
2984,2024-10-17T13:44Z,59
2985,2024-10-17T13:45Z,134
2986,2024-10-17T13:46Z,100
2987,2024-10-17T13:47Z,138
2988,2024-10-17T13:48Z,100
2989,2024-10-17T13:49Z,71
2990,2024-10-17T13:50Z,141
2991,2024-10-17T13:51Z,58
2992,2024-10-17T13:52Z,47
2993,2024-10-17T13:53Z,52
2994,2024-10-17T13:54Z,100
2995,2024-10-17T13:55Z,56
2996,2024-10-17T13:56Z,86
2997,2024-10-17T13:57Z,173
2998,2024-10-17T13:58Z,74
2999,2024-10-17T13:59Z,74
3000,2024-10-17T14:00Z,84
3001,2024-10-17T14:01Z,93
3002,2024-10-17T14:02Z,51
3003,2024-10-17T14:03Z,70
3004,2024-10-17T14:04Z,172
3005,2024-10-17T14:05Z,132
3006,2024-10-17T14:06Z,93
3007,2024-10-17T14:07Z,156
3008,2024-10-17T14:08Z,71
3009,2024-10-17T14:09Z,68
3010,2024-10-17T14:10Z,124
3011,2024-10-17T14:11Z,157
3012,2024-10-17T14:12Z,130
3013,2024-10-17T14:13Z,89
3014,2024-10-17T14:14Z,87
3015,2024-10-17T14:15Z,107
3016,2024-10-17T14:16Z,87
3017,2024-10-17T14:17Z,139
3018,2024-10-17T14:18Z,122
3019,2024-10-17T14:19Z,105
3020,2024-10-17T14:20Z,131
3021,2024-10-17T14:21Z,113
3022,2024-10-17T14:22Z,105
3023,2024-10-17T14:23Z,82
3024,2024-10-17T14:24Z,82
3025,2024-10-17T14:25Z,52
3026,2024-10-17T14:26Z,71
3027,2024-10-17T14:27Z,66
3028,2024-10-17T14:28Z,75
3029,2024-10-17T14:29Z,58
3030,2024-10-17T14:30Z,72
3031,2024-10-17T14:31Z,91
3032,2024-10-17T14:32Z,116
3033,2024-10-17T14:33Z,71
3034,2024-10-17T14:34Z,65
3035,2024-10-17T14:35Z,90
3036,2024-10-17T14:36Z,146
3037,2024-10-17T14:37Z,111
3038,2024-10-17T14:38Z,72
3039,2024-10-17T14:39Z,115
3040,2024-10-17T14:40Z,106
3041,2024-10-17T14:41Z,88
3042,2024-10-17T14:42Z,90
3043,2024-10-17T14:43Z,52
3044,2024-10-17T14:44Z,98
3045,2024-10-17T14:45Z,119
3046,2024-10-17T14:46Z,164
3047,2024-10-17T14:47Z,151
3048,2024-10-17T14:48Z,108
3049,2024-10-17T14:49Z,190
3050,2024-10-17T14:50Z,181
3051,2024-10-17T14:51Z,95
3052,2024-10-17T14:52Z,128
3053,2024-10-17T14:53Z,105
3054,2024-10-17T14:54Z,123
3055,2024-10-17T14:55Z,126
3056,2024-10-17T14:56Z,130
3057,2024-10-17T14:57Z,148
3058,2024-10-17T14:58Z,120
3059,2024-10-17T14:59Z,57
3060,2024-10-17T15:00Z,137
3061,2024-10-17T15:01Z,121
3062,2024-10-17T15:02Z,184
3063,2024-10-17T15:03Z,195
3064,2024-10-17T15:04Z,146
3065,2024-10-17T15:05Z,159
3066,2024-10-17T15:06Z,186
3067,2024-10-17T15:07Z,123
3068,2024-10-17T15:08Z,96
3069,2024-10-17T15:09Z,99
3070,2024-10-17T15:10Z,146
3071,2024-10-17T15:11Z,95
3072,2024-10-17T15:12Z,81
3073,2024-10-17T15:13Z,103
3074,2024-10-17T15:14Z,170
3075,2024-10-17T15:15Z,133
3076,2024-10-17T15:16Z,123
3077,2024-10-17T15:17Z,82
3078,2024-10-17T15:18Z,139
3079,2024-10-17T15:19Z,185
3080,2024-10-17T15:20Z,133
3081,2024-10-17T15:21Z,162
3082,2024-10-17T15:22Z,118
3083,2024-10-17T15:23Z,122
3084,2024-10-17T15:24Z,74
3085,2024-10-17T15:25Z,93
3086,2024-10-17T15:26Z,177
3087,2024-10-17T15:27Z,120
3088,2024-10-17T15:28Z,158
3089,2024-10-17T15:29Z,150
3090,2024-10-17T15:30Z,83
3091,2024-10-17T15:31Z,99
3092,2024-10-17T15:32Z,147
3093,2024-10-17T15:33Z,193
3094,2024-10-17T15:34Z,196
3095,2024-10-17T15:35Z,136
3096,2024-10-17T15:36Z,107
3097,2024-10-17T15:37Z,64
3098,2024-10-17T15:38Z,99
3099,2024-10-17T15:39Z,73
3100,2024-10-17T15:40Z,126
3101,2024-10-17T15:41Z,143
3102,2024-10-17T15:42Z,107
3103,2024-10-17T15:43Z,113
3104,2024-10-17T15:44Z,118
3105,2024-10-17T15:45Z,99
3106,2024-10-17T15:46Z,65
3107,2024-10-17T15:47Z,53
3108,2024-10-17T15:48Z,70
3109,2024-10-17T15:49Z,169
3110,2024-10-17T15:50Z,122
3111,2024-10-17T15:51Z,109
3112,2024-10-17T15:52Z,160
3113,2024-10-17T15:53Z,123
3114,2024-10-17T15:54Z,142
3115,2024-10-17T15:55Z,191
3116,2024-10-17T15:56Z,150
3117,2024-10-17T15:57Z,130
3118,2024-10-17T15:58Z,121
3119,2024-10-17T15:59Z,126
3120,2024-10-17T16:00Z,195
3121,2024-10-17T16:01Z,136
3122,2024-10-17T16:02Z,95
3123,2024-10-17T16:03Z,213
3124,2024-10-17T16:04Z,187
3125,2024-10-17T16:05Z,245
3126,2024-10-17T16:06Z,138
3127,2024-10-17T16:07Z,179
3128,2024-10-17T16:08Z,257
3129,2024-10-17T16:09Z,159
3130,2024-10-17T16:10Z,257
3131,2024-10-17T16:11Z,264
3132,2024-10-17T16:12Z,289
3133,2024-10-17T16:13Z,169
3134,2024-10-17T16:14Z,129
3135,2024-10-17T16:15Z,178
3136,2024-10-17T16:16Z,110
3137,2024-10-17T16:17Z,228
3138,2024-10-17T16:18Z,228
3139,2024-10-17T16:19Z,250
3140,2024-10-17T16:20Z,173
3141,2024-10-17T16:21Z,192
3142,2024-10-17T16:22Z,201
3143,2024-10-17T16:23Z,93
3144,2024-10-17T16:24Z,65
3145,2024-10-17T16:25Z,103
3146,2024-10-17T16:26Z,132
3147,2024-10-17T16:27Z,68
3148,2024-10-17T16:28Z,113
3149,2024-10-17T16:29Z,134
3150,2024-10-17T16:30Z,161
3151,2024-10-17T16:31Z,153
3152,2024-10-17T16:32Z,61
3153,2024-10-17T16:33Z,81
3154,2024-10-17T16:34Z,160
3155,2024-10-17T16:35Z,128
3156,2024-10-17T16:36Z,103
3157,2024-10-17T16:37Z,68
3158,2024-10-17T16:38Z,95
3159,2024-10-17T16:39Z,75
3160,2024-10-17T16:40Z,133
3161,2024-10-17T16:41Z,60
3162,2024-10-17T16:42Z,124
3163,2024-10-17T16:43Z,90
3164,2024-10-17T16:44Z,82
3165,2024-10-17T16:45Z,128
3166,2024-10-17T16:46Z,134
3167,2024-10-17T16:47Z,133
3168,2024-10-17T16:48Z,88
3169,2024-10-17T16:49Z,101
3170,2024-10-17T16:50Z,148
3171,2024-10-17T16:51Z,104
3172,2024-10-17T16:52Z,128
3173,2024-10-17T16:53Z,109
3174,2024-10-17T16:54Z,154
3175,2024-10-17T16:55Z,69
3176,2024-10-17T16:56Z,172
3177,2024-10-17T16:57Z,153
3178,2024-10-17T16:58Z,258
3179,2024-10-17T16:59Z,190
3180,2024-10-17T17:00Z,344
3181,2024-10-17T17:01Z,382
3182,2024-10-17T17:02Z,266
3183,2024-10-17T17:03Z,274
3184,2024-10-17T17:04Z,114
3185,2024-10-17T17:05Z,164
3186,2024-10-17T17:06Z,302
3187,2024-10-17T17:07Z,276
3188,2024-10-17T17:08Z,62
3189,2024-10-17T17:09Z,165
3190,2024-10-17T17:10Z,210
3191,2024-10-17T17:11Z,113
3192,2024-10-17T17:12Z,160
3193,2024-10-17T17:13Z,242
3194,2024-10-17T17:14Z,261
3195,2024-10-17T17:15Z,145
3196,2024-10-17T17:16Z,191
3197,2024-10-17T17:17Z,135
3198,2024-10-17T17:18Z,98
3199,2024-10-17T17:19Z,228
3200,2024-10-17T17:20Z,209
3201,2024-10-17T17:21Z,167
3202,2024-10-17T17:22Z,43
3203,2024-10-17T17:23Z,131
3204,2024-10-17T17:24Z,243
3205,2024-10-17T17:25Z,128
3206,2024-10-17T17:26Z,71
3207,2024-10-17T17:27Z,103
3208,2024-10-17T17:28Z,102
3209,2024-10-17T17:29Z,101
3210,2024-10-17T17:30Z,148
3211,2024-10-17T17:31Z,210
3212,2024-10-17T17:32Z,97
3213,2024-10-17T17:33Z,166
3214,2024-10-17T17:34Z,158
3215,2024-10-17T17:35Z,161
3216,2024-10-17T17:36Z,149
3217,2024-10-17T17:37Z,247
3218,2024-10-17T17:38Z,151
3219,2024-10-17T17:39Z,128
3220,2024-10-17T17:40Z,179
3221,2024-10-17T17:41Z,185
3222,2024-10-17T17:42Z,211
3223,2024-10-17T17:43Z,307
3224,2024-10-17T17:44Z,211
3225,2024-10-17T17:45Z,129
3226,2024-10-17T17:46Z,101
3227,2024-10-17T17:47Z,141
3228,2024-10-17T17:48Z,109
3229,2024-10-17T17:49Z,161
3230,2024-10-17T17:50Z,107
3231,2024-10-17T17:51Z,110
3232,2024-10-17T17:52Z,80
3233,2024-10-17T17:53Z,80
3234,2024-10-17T17:54Z,65
3235,2024-10-17T17:55Z,66
3236,2024-10-17T17:56Z,93
3237,2024-10-17T17:57Z,70
3238,2024-10-17T17:58Z,74
3239,2024-10-17T17:59Z,98
3240,2024-10-17T18:00Z,93
3241,2024-10-17T18:01Z,140
3242,2024-10-17T18:02Z,93
3243,2024-10-17T18:03Z,85
3244,2024-10-17T18:04Z,75
3245,2024-10-17T18:05Z,121
3246,2024-10-17T18:06Z,74
3247,2024-10-17T18:07Z,121
3248,2024-10-17T18:08Z,99
3249,2024-10-17T18:09Z,87
3250,2024-10-17T18:10Z,90
3251,2024-10-17T18:11Z,72
3252,2024-10-17T18:12Z,86
3253,2024-10-17T18:13Z,110
3254,2024-10-17T18:14Z,54
3255,2024-10-17T18:15Z,108
3256,2024-10-17T18:16Z,120
3257,2024-10-17T18:17Z,69
3258,2024-10-17T18:18Z,100
3259,2024-10-17T18:19Z,91
3260,2024-10-17T18:20Z,51
3261,2024-10-17T18:21Z,132
3262,2024-10-17T18:22Z,109
3263,2024-10-17T18:23Z,126
3264,2024-10-17T18:24Z,106
3265,2024-10-17T18:25Z,55
3266,2024-10-17T18:26Z,87
3267,2024-10-17T18:27Z,84
3268,2024-10-17T18:28Z,89
3269,2024-10-17T18:29Z,186
3270,2024-10-17T18:30Z,210
3271,2024-10-17T18:31Z,99
3272,2024-10-17T18:32Z,163
3273,2024-10-17T18:33Z,90
3274,2024-10-17T18:34Z,94
3275,2024-10-17T18:35Z,144
3276,2024-10-17T18:36Z,199
3277,2024-10-17T18:37Z,197
3278,2024-10-17T18:38Z,136
3279,2024-10-17T18:39Z,175
3280,2024-10-17T18:40Z,79
3281,2024-10-17T18:41Z,85
3282,2024-10-17T18:42Z,173
3283,2024-10-17T18:43Z,121
3284,2024-10-17T18:44Z,114
3285,2024-10-17T18:45Z,122
3286,2024-10-17T18:46Z,54
3287,2024-10-17T18:47Z,120
3288,2024-10-17T18:48Z,148
3289,2024-10-17T18:49Z,95
3290,2024-10-17T18:50Z,122
3291,2024-10-17T18:51Z,94
3292,2024-10-17T18:52Z,125
3293,2024-10-17T18:53Z,153
3294,2024-10-17T18:54Z,148
3295,2024-10-17T18:55Z,128
3296,2024-10-17T18:56Z,100
3297,2024-10-17T18:57Z,239
3298,2024-10-17T18:58Z,157
3299,2024-10-17T18:59Z,147
3300,2024-10-17T19:00Z,89
3301,2024-10-17T19:01Z,89
3302,2024-10-17T19:02Z,119
3303,2024-10-17T19:03Z,180
3304,2024-10-17T19:04Z,167
3305,2024-10-17T19:05Z,179
3306,2024-10-17T19:06Z,114
3307,2024-10-17T19:07Z,112
3308,2024-10-17T19:08Z,148
3309,2024-10-17T19:09Z,69
3310,2024-10-17T19:10Z,142
3311,2024-10-17T19:11Z,213
3312,2024-10-17T19:12Z,227
3313,2024-10-17T19:13Z,261
3314,2024-10-17T19:14Z,287
3315,2024-10-17T19:15Z,211
3316,2024-10-17T19:16Z,283
3317,2024-10-17T19:17Z,169
3318,2024-10-17T19:18Z,196
3319,2024-10-17T19:19Z,259
3320,2024-10-17T19:20Z,219
3321,2024-10-17T19:21Z,235
3322,2024-10-17T19:22Z,217
3323,2024-10-17T19:23Z,242
3324,2024-10-17T19:24Z,156
3325,2024-10-17T19:25Z,123
3326,2024-10-17T19:26Z,132
3327,2024-10-17T19:27Z,201
3328,2024-10-17T19:28Z,146
3329,2024-10-17T19:29Z,114
3330,2024-10-17T19:30Z,240
3331,2024-10-17T19:31Z,78
3332,2024-10-17T19:32Z,194
3333,2024-10-17T19:33Z,182
3334,2024-10-17T19:34Z,285
3335,2024-10-17T19:35Z,279
3336,2024-10-17T19:36Z,226
3337,2024-10-17T19:37Z,278
3338,2024-10-17T19:38Z,173
3339,2024-10-17T19:39Z,139
3340,2024-10-17T19:40Z,164
3341,2024-10-17T19:41Z,303
3342,2024-10-17T19:42Z,194
3343,2024-10-17T19:43Z,159
3344,2024-10-17T19:44Z,295
3345,2024-10-17T19:45Z,164
3346,2024-10-17T19:46Z,155
3347,2024-10-17T19:47Z,157
3348,2024-10-17T19:48Z,266
3349,2024-10-17T19:49Z,153
3350,2024-10-17T19:50Z,110
3351,2024-10-17T19:51Z,195
3352,2024-10-17T19:52Z,175
3353,2024-10-17T19:53Z,160
3354,2024-10-17T19:54Z,134
3355,2024-10-17T19:55Z,152
3356,2024-10-17T19:56Z,145
3357,2024-10-17T19:57Z,209
3358,2024-10-17T19:58Z,104
3359,2024-10-17T19:59Z,228
3360,2024-10-17T20:00Z,221
3361,2024-10-17T20:01Z,180
3362,2024-10-17T20:02Z,192
3363,2024-10-17T20:03Z,78
3364,2024-10-17T20:04Z,106
3365,2024-10-17T20:05Z,76
3366,2024-10-17T20:06Z,100
3367,2024-10-17T20:07Z,155
3368,2024-10-17T20:08Z,124
3369,2024-10-17T20:09Z,228
3370,2024-10-17T20:10Z,161
3371,2024-10-17T20:11Z,95
3372,2024-10-17T20:12Z,196
3373,2024-10-17T20:13Z,156
3374,2024-10-17T20:14Z,179
3375,2024-10-17T20:15Z,123
3376,2024-10-17T20:16Z,192
3377,2024-10-17T20:17Z,230
3378,2024-10-17T20:18Z,175
3379,2024-10-17T20:19Z,131
3380,2024-10-17T20:20Z,210
3381,2024-10-17T20:21Z,189
3382,2024-10-17T20:22Z,199
3383,2024-10-17T20:23Z,150
3384,2024-10-17T20:24Z,106
3385,2024-10-17T20:25Z,229
3386,2024-10-17T20:26Z,165
3387,2024-10-17T20:27Z,80
3388,2024-10-17T20:28Z,159
3389,2024-10-17T20:29Z,209
3390,2024-10-17T20:30Z,135
3391,2024-10-17T20:31Z,151
3392,2024-10-17T20:32Z,199
3393,2024-10-17T20:33Z,262
3394,2024-10-17T20:34Z,118
3395,2024-10-17T20:35Z,118
3396,2024-10-17T20:36Z,189
3397,2024-10-17T20:37Z,176
3398,2024-10-17T20:38Z,171
3399,2024-10-17T20:39Z,207
3400,2024-10-17T20:40Z,128
3401,2024-10-17T20:41Z,180
3402,2024-10-17T20:42Z,160
3403,2024-10-17T20:43Z,194
3404,2024-10-17T20:44Z,168
3405,2024-10-17T20:45Z,116
3406,2024-10-17T20:46Z,69
3407,2024-10-17T20:47Z,92
3408,2024-10-17T20:48Z,203
3409,2024-10-17T20:49Z,185
3410,2024-10-17T20:50Z,215
3411,2024-10-17T20:51Z,121
3412,2024-10-17T20:52Z,143
3413,2024-10-17T20:53Z,161
3414,2024-10-17T20:54Z,149
3415,2024-10-17T20:55Z,148
3416,2024-10-17T20:56Z,156
3417,2024-10-17T20:57Z,203
3418,2024-10-17T20:58Z,181
3419,2024-10-17T20:59Z,142
3420,2024-10-17T21:00Z,143
3421,2024-10-17T21:01Z,145
3422,2024-10-17T21:02Z,224
3423,2024-10-17T21:03Z,196
3424,2024-10-17T21:04Z,138
3425,2024-10-17T21:05Z,179
3426,2024-10-17T21:06Z,114
3427,2024-10-17T21:07Z,73
3428,2024-10-17T21:08Z,217
3429,2024-10-17T21:09Z,264
3430,2024-10-17T21:10Z,142
3431,2024-10-17T21:11Z,126
3432,2024-10-17T21:12Z,216
3433,2024-10-17T21:13Z,201
3434,2024-10-17T21:14Z,142
3435,2024-10-17T21:15Z,209
3436,2024-10-17T21:16Z,253
3437,2024-10-17T21:17Z,210
3438,2024-10-17T21:18Z,199
3439,2024-10-17T21:19Z,122
3440,2024-10-17T21:20Z,173
3441,2024-10-17T21:21Z,172
3442,2024-10-17T21:22Z,159
3443,2024-10-17T21:23Z,164
3444,2024-10-17T21:24Z,137
3445,2024-10-17T21:25Z,158
3446,2024-10-17T21:26Z,233
3447,2024-10-17T21:27Z,163
3448,2024-10-17T21:28Z,144
3449,2024-10-17T21:29Z,97
3450,2024-10-17T21:30Z,164
3451,2024-10-17T21:31Z,224
3452,2024-10-17T21:32Z,335
3453,2024-10-17T21:33Z,234
3454,2024-10-17T21:34Z,222
3455,2024-10-17T21:35Z,227
3456,2024-10-17T21:36Z,266
3457,2024-10-17T21:37Z,260
3458,2024-10-17T21:38Z,252
3459,2024-10-17T21:39Z,161
3460,2024-10-17T21:40Z,219
3461,2024-10-17T21:41Z,259
3462,2024-10-17T21:42Z,171
3463,2024-10-17T21:43Z,273
3464,2024-10-17T21:44Z,219
3465,2024-10-17T21:45Z,319
3466,2024-10-17T21:46Z,209
3467,2024-10-17T21:47Z,211
3468,2024-10-17T21:48Z,243
3469,2024-10-17T21:49Z,261
3470,2024-10-17T21:50Z,280
3471,2024-10-17T21:51Z,176
3472,2024-10-17T21:52Z,221
3473,2024-10-17T21:53Z,223
3474,2024-10-17T21:54Z,150
3475,2024-10-17T21:55Z,247
3476,2024-10-17T21:56Z,246
3477,2024-10-17T21:57Z,188
3478,2024-10-17T21:58Z,187
3479,2024-10-17T21:59Z,211
3480,2024-10-17T22:00Z,144
3481,2024-10-17T22:01Z,149
3482,2024-10-17T22:02Z,161
3483,2024-10-17T22:03Z,192
3484,2024-10-17T22:04Z,145
3485,2024-10-17T22:05Z,144
3486,2024-10-17T22:06Z,184
3487,2024-10-17T22:07Z,119
3488,2024-10-17T22:08Z,185
3489,2024-10-17T22:09Z,144
3490,2024-10-17T22:10Z,148
3491,2024-10-17T22:11Z,171
3492,2024-10-17T22:12Z,194
3493,2024-10-17T22:13Z,88
3494,2024-10-17T22:14Z,180
3495,2024-10-17T22:15Z,151
3496,2024-10-17T22:16Z,112
3497,2024-10-17T22:17Z,187
3498,2024-10-17T22:18Z,296
3499,2024-10-17T22:19Z,153
3500,2024-10-17T22:20Z,118
3501,2024-10-17T22:21Z,132
3502,2024-10-17T22:22Z,136
3503,2024-10-17T22:23Z,167
3504,2024-10-17T22:24Z,138
3505,2024-10-17T22:25Z,234
3506,2024-10-17T22:26Z,170
3507,2024-10-17T22:27Z,203
3508,2024-10-17T22:28Z,173
3509,2024-10-17T22:29Z,131
3510,2024-10-17T22:30Z,102
3511,2024-10-17T22:31Z,156
3512,2024-10-17T22:32Z,95
3513,2024-10-17T22:33Z,189
3514,2024-10-17T22:34Z,117
3515,2024-10-17T22:35Z,124
3516,2024-10-17T22:36Z,123
3517,2024-10-17T22:37Z,110
3518,2024-10-17T22:38Z,118
3519,2024-10-17T22:39Z,155
3520,2024-10-17T22:40Z,131
3521,2024-10-17T22:41Z,98
3522,2024-10-17T22:42Z,88
3523,2024-10-17T22:43Z,95
3524,2024-10-17T22:44Z,114
3525,2024-10-17T22:45Z,144
3526,2024-10-17T22:46Z,161
3527,2024-10-17T22:47Z,93
3528,2024-10-17T22:48Z,152
3529,2024-10-17T22:49Z,137
3530,2024-10-17T22:50Z,59
3531,2024-10-17T22:51Z,95
3532,2024-10-17T22:52Z,107
3533,2024-10-17T22:53Z,138
3534,2024-10-17T22:54Z,78
3535,2024-10-17T22:55Z,89
3536,2024-10-17T22:56Z,118
3537,2024-10-17T22:57Z,102
3538,2024-10-17T22:58Z,58
3539,2024-10-17T22:59Z,66
3540,2024-10-17T23:00Z,50
3541,2024-10-17T23:01Z,69
3542,2024-10-17T23:02Z,61
3543,2024-10-17T23:03Z,118
3544,2024-10-17T23:04Z,58
3545,2024-10-17T23:05Z,78
3546,2024-10-17T23:06Z,120
3547,2024-10-17T23:07Z,78
3548,2024-10-17T23:08Z,114
3549,2024-10-17T23:09Z,99
3550,2024-10-17T23:10Z,62
3551,2024-10-17T23:11Z,97
3552,2024-10-17T23:12Z,79
3553,2024-10-17T23:13Z,86
3554,2024-10-17T23:14Z,72
3555,2024-10-17T23:15Z,100
3556,2024-10-17T23:16Z,143
3557,2024-10-17T23:17Z,97
3558,2024-10-17T23:18Z,87
3559,2024-10-17T23:19Z,96
3560,2024-10-17T23:20Z,109
3561,2024-10-17T23:21Z,80
3562,2024-10-17T23:22Z,48
3563,2024-10-17T23:23Z,92
3564,2024-10-17T23:24Z,103
3565,2024-10-17T23:25Z,62
3566,2024-10-17T23:26Z,79
3567,2024-10-17T23:27Z,51
3568,2024-10-17T23:28Z,66
3569,2024-10-17T23:29Z,61
3570,2024-10-17T23:30Z,112
3571,2024-10-17T23:31Z,127
3572,2024-10-17T23:32Z,89
3573,2024-10-17T23:33Z,106
3574,2024-10-17T23:34Z,98
3575,2024-10-17T23:35Z,56
3576,2024-10-17T23:36Z,116
3577,2024-10-17T23:37Z,114
3578,2024-10-17T23:38Z,82
3579,2024-10-17T23:39Z,73
3580,2024-10-17T23:40Z,77
3581,2024-10-17T23:41Z,98
3582,2024-10-17T23:42Z,77
3583,2024-10-17T23:43Z,63
3584,2024-10-17T23:44Z,55
3585,2024-10-17T23:45Z,62
3586,2024-10-17T23:46Z,68
3587,2024-10-17T23:47Z,85
3588,2024-10-17T23:48Z,51
3589,2024-10-17T23:49Z,44
3590,2024-10-17T23:50Z,97
3591,2024-10-17T23:51Z,78
3592,2024-10-17T23:52Z,86
3593,2024-10-17T23:53Z,51
3594,2024-10-17T23:54Z,48
3595,2024-10-17T23:55Z,61
3596,2024-10-17T23:56Z,45
3597,2024-10-17T23:57Z,42
3598,2024-10-17T23:58Z,72
3599,2024-10-17T23:59Z,108
3600,2024-10-18T00:00Z,85
3601,2024-10-18T00:01Z,154
3602,2024-10-18T00:02Z,56
3603,2024-10-18T00:03Z,63
3604,2024-10-18T00:04Z,81
3605,2024-10-18T00:05Z,71
3606,2024-10-18T00:06Z,134
3607,2024-10-18T00:07Z,91
3608,2024-10-18T00:08Z,84
3609,2024-10-18T00:09Z,108
3610,2024-10-18T00:10Z,95
3611,2024-10-18T00:11Z,68
3612,2024-10-18T00:12Z,79
3613,2024-10-18T00:13Z,46
3614,2024-10-18T00:14Z,94
3615,2024-10-18T00:15Z,135
3616,2024-10-18T00:16Z,129
3617,2024-10-18T00:17Z,156
3618,2024-10-18T00:18Z,167
3619,2024-10-18T00:19Z,185
3620,2024-10-18T00:20Z,164
3621,2024-10-18T00:21Z,200
3622,2024-10-18T00:22Z,196
3623,2024-10-18T00:23Z,162
3624,2024-10-18T00:24Z,202
3625,2024-10-18T00:25Z,135
3626,2024-10-18T00:26Z,205
3627,2024-10-18T00:27Z,164
3628,2024-10-18T00:28Z,132
3629,2024-10-18T00:29Z,135
3630,2024-10-18T00:30Z,119
3631,2024-10-18T00:31Z,131
3632,2024-10-18T00:32Z,183
3633,2024-10-18T00:33Z,146
3634,2024-10-18T00:34Z,177
3635,2024-10-18T00:35Z,169
3636,2024-10-18T00:36Z,177
3637,2024-10-18T00:37Z,171
3638,2024-10-18T00:38Z,162
3639,2024-10-18T00:39Z,205
3640,2024-10-18T00:40Z,165
3641,2024-10-18T00:41Z,166
3642,2024-10-18T00:42Z,151
3643,2024-10-18T00:43Z,104
3644,2024-10-18T00:44Z,197
3645,2024-10-18T00:45Z,167
3646,2024-10-18T00:46Z,135
3647,2024-10-18T00:47Z,163
3648,2024-10-18T00:48Z,129
3649,2024-10-18T00:49Z,174
3650,2024-10-18T00:50Z,164
3651,2024-10-18T00:51Z,147
3652,2024-10-18T00:52Z,156
3653,2024-10-18T00:53Z,95
3654,2024-10-18T00:54Z,98
3655,2024-10-18T00:55Z,108
3656,2024-10-18T00:56Z,137
3657,2024-10-18T00:57Z,131
3658,2024-10-18T00:58Z,109
3659,2024-10-18T00:59Z,126
3660,2024-10-18T01:00Z,183
3661,2024-10-18T01:01Z,133
3662,2024-10-18T01:02Z,129
3663,2024-10-18T01:03Z,87
3664,2024-10-18T01:04Z,113
3665,2024-10-18T01:05Z,119
3666,2024-10-18T01:06Z,108
3667,2024-10-18T01:07Z,101
3668,2024-10-18T01:08Z,141
3669,2024-10-18T01:09Z,120
3670,2024-10-18T01:10Z,99
3671,2024-10-18T01:11Z,109
3672,2024-10-18T01:12Z,147
3673,2024-10-18T01:13Z,160
3674,2024-10-18T01:14Z,117
3675,2024-10-18T01:15Z,156
3676,2024-10-18T01:16Z,279
3677,2024-10-18T01:17Z,127
3678,2024-10-18T01:18Z,156
3679,2024-10-18T01:19Z,156
3680,2024-10-18T01:20Z,106
3681,2024-10-18T01:21Z,103
3682,2024-10-18T01:22Z,130
3683,2024-10-18T01:23Z,122
3684,2024-10-18T01:24Z,140
3685,2024-10-18T01:25Z,92
3686,2024-10-18T01:26Z,129
3687,2024-10-18T01:27Z,186
3688,2024-10-18T01:28Z,92
3689,2024-10-18T01:29Z,109
3690,2024-10-18T01:30Z,131
3691,2024-10-18T01:31Z,123
3692,2024-10-18T01:32Z,206
3693,2024-10-18T01:33Z,135
3694,2024-10-18T01:34Z,142
3695,2024-10-18T01:35Z,134
3696,2024-10-18T01:36Z,139
3697,2024-10-18T01:37Z,158
3698,2024-10-18T01:38Z,102
3699,2024-10-18T01:39Z,153
3700,2024-10-18T01:40Z,200
3701,2024-10-18T01:41Z,218
3702,2024-10-18T01:42Z,129
3703,2024-10-18T01:43Z,149
3704,2024-10-18T01:44Z,130
3705,2024-10-18T01:45Z,152
3706,2024-10-18T01:46Z,138
3707,2024-10-18T01:47Z,119
3708,2024-10-18T01:48Z,122
3709,2024-10-18T01:49Z,162
3710,2024-10-18T01:50Z,102
3711,2024-10-18T01:51Z,128
3712,2024-10-18T01:52Z,202
3713,2024-10-18T01:53Z,126
3714,2024-10-18T01:54Z,113
3715,2024-10-18T01:55Z,120
3716,2024-10-18T01:56Z,102
3717,2024-10-18T01:57Z,115
3718,2024-10-18T01:58Z,117
3719,2024-10-18T01:59Z,161
3720,2024-10-18T02:00Z,126
3721,2024-10-18T02:01Z,121
3722,2024-10-18T02:02Z,256
3723,2024-10-18T02:03Z,168
3724,2024-10-18T02:04Z,129
3725,2024-10-18T02:05Z,121
3726,2024-10-18T02:06Z,124
3727,2024-10-18T02:07Z,132
3728,2024-10-18T02:08Z,228
3729,2024-10-18T02:09Z,161
3730,2024-10-18T02:10Z,136
3731,2024-10-18T02:11Z,169
3732,2024-10-18T02:12Z,143
3733,2024-10-18T02:13Z,170
3734,2024-10-18T02:14Z,109
3735,2024-10-18T02:15Z,162
3736,2024-10-18T02:16Z,120
3737,2024-10-18T02:17Z,99
3738,2024-10-18T02:18Z,75
3739,2024-10-18T02:19Z,89
3740,2024-10-18T02:20Z,221
3741,2024-10-18T02:21Z,186
3742,2024-10-18T02:22Z,164
3743,2024-10-18T02:23Z,173
3744,2024-10-18T02:24Z,144
3745,2024-10-18T02:25Z,206
3746,2024-10-18T02:26Z,132
3747,2024-10-18T02:27Z,143
3748,2024-10-18T02:28Z,133
3749,2024-10-18T02:29Z,126
3750,2024-10-18T02:30Z,130
3751,2024-10-18T02:31Z,154
3752,2024-10-18T02:32Z,82
3753,2024-10-18T02:33Z,127
3754,2024-10-18T02:34Z,140
3755,2024-10-18T02:35Z,104
3756,2024-10-18T02:36Z,114
3757,2024-10-18T02:37Z,123
3758,2024-10-18T02:38Z,104
3759,2024-10-18T02:39Z,196
3760,2024-10-18T02:40Z,145
3761,2024-10-18T02:41Z,129
3762,2024-10-18T02:42Z,96
3763,2024-10-18T02:43Z,86
3764,2024-10-18T02:44Z,84
3765,2024-10-18T02:45Z,107
3766,2024-10-18T02:46Z,104
3767,2024-10-18T02:47Z,173
3768,2024-10-18T02:48Z,123
3769,2024-10-18T02:49Z,131
3770,2024-10-18T02:50Z,160
3771,2024-10-18T02:51Z,110
3772,2024-10-18T02:52Z,218
3773,2024-10-18T02:53Z,124
3774,2024-10-18T02:54Z,149
3775,2024-10-18T02:55Z,112
3776,2024-10-18T02:56Z,89
3777,2024-10-18T02:57Z,111
3778,2024-10-18T02:58Z,111
3779,2024-10-18T02:59Z,107
3780,2024-10-18T03:00Z,97
3781,2024-10-18T03:01Z,90
3782,2024-10-18T03:02Z,141
3783,2024-10-18T03:03Z,119
3784,2024-10-18T03:04Z,111
3785,2024-10-18T03:05Z,128
3786,2024-10-18T03:06Z,115
3787,2024-10-18T03:07Z,142
3788,2024-10-18T03:08Z,170
3789,2024-10-18T03:09Z,141
3790,2024-10-18T03:10Z,196
3791,2024-10-18T03:11Z,172
3792,2024-10-18T03:12Z,173
3793,2024-10-18T03:13Z,243
3794,2024-10-18T03:14Z,157
3795,2024-10-18T03:15Z,240
3796,2024-10-18T03:16Z,242
3797,2024-10-18T03:17Z,109
3798,2024-10-18T03:18Z,181
3799,2024-10-18T03:19Z,142
3800,2024-10-18T03:20Z,132
3801,2024-10-18T03:21Z,146
3802,2024-10-18T03:22Z,103
3803,2024-10-18T03:23Z,124
3804,2024-10-18T03:24Z,162
3805,2024-10-18T03:25Z,164
3806,2024-10-18T03:26Z,189
3807,2024-10-18T03:27Z,138
3808,2024-10-18T03:28Z,178
3809,2024-10-18T03:29Z,220
3810,2024-10-18T03:30Z,150
3811,2024-10-18T03:31Z,143
3812,2024-10-18T03:32Z,171
3813,2024-10-18T03:33Z,143
3814,2024-10-18T03:34Z,165
3815,2024-10-18T03:35Z,199
3816,2024-10-18T03:36Z,150
3817,2024-10-18T03:37Z,152
3818,2024-10-18T03:38Z,119
3819,2024-10-18T03:39Z,125
3820,2024-10-18T03:40Z,131
3821,2024-10-18T03:41Z,126
3822,2024-10-18T03:42Z,85
3823,2024-10-18T03:43Z,173
3824,2024-10-18T03:44Z,162
3825,2024-10-18T03:45Z,153
3826,2024-10-18T03:46Z,122
3827,2024-10-18T03:47Z,130
3828,2024-10-18T03:48Z,128
3829,2024-10-18T03:49Z,173
3830,2024-10-18T03:50Z,136
3831,2024-10-18T03:51Z,142
3832,2024-10-18T03:52Z,139
3833,2024-10-18T03:53Z,150
3834,2024-10-18T03:54Z,138
3835,2024-10-18T03:55Z,140
3836,2024-10-18T03:56Z,96
3837,2024-10-18T03:57Z,119
3838,2024-10-18T03:58Z,136
3839,2024-10-18T03:59Z,153
3840,2024-10-18T04:00Z,145
3841,2024-10-18T04:01Z,141
3842,2024-10-18T04:02Z,157
3843,2024-10-18T04:03Z,114
3844,2024-10-18T04:04Z,126
3845,2024-10-18T04:05Z,154
3846,2024-10-18T04:06Z,189
3847,2024-10-18T04:07Z,183
3848,2024-10-18T04:08Z,124
3849,2024-10-18T04:09Z,147
3850,2024-10-18T04:10Z,172
3851,2024-10-18T04:11Z,125
3852,2024-10-18T04:12Z,156
3853,2024-10-18T04:13Z,141
3854,2024-10-18T04:14Z,197
3855,2024-10-18T04:15Z,185
3856,2024-10-18T04:16Z,171
3857,2024-10-18T04:17Z,228
3858,2024-10-18T04:18Z,183
3859,2024-10-18T04:19Z,174
3860,2024-10-18T04:20Z,129
3861,2024-10-18T04:21Z,125
3862,2024-10-18T04:22Z,164
3863,2024-10-18T04:23Z,167
3864,2024-10-18T04:24Z,179
3865,2024-10-18T04:25Z,164
3866,2024-10-18T04:26Z,133
3867,2024-10-18T04:27Z,126
3868,2024-10-18T04:28Z,97
3869,2024-10-18T04:29Z,113
3870,2024-10-18T04:30Z,160
3871,2024-10-18T04:31Z,135
3872,2024-10-18T04:32Z,129
3873,2024-10-18T04:33Z,73
3874,2024-10-18T04:34Z,145
3875,2024-10-18T04:35Z,112
3876,2024-10-18T04:36Z,98
3877,2024-10-18T04:37Z,95
3878,2024-10-18T04:38Z,175
3879,2024-10-18T04:39Z,125
3880,2024-10-18T04:40Z,98
3881,2024-10-18T04:41Z,134
3882,2024-10-18T04:42Z,110
3883,2024-10-18T04:43Z,97
3884,2024-10-18T04:44Z,108
3885,2024-10-18T04:45Z,140
3886,2024-10-18T04:46Z,99
3887,2024-10-18T04:47Z,67
3888,2024-10-18T04:48Z,76
3889,2024-10-18T04:49Z,130
3890,2024-10-18T04:50Z,109
3891,2024-10-18T04:51Z,87
3892,2024-10-18T04:52Z,112
3893,2024-10-18T04:53Z,90
3894,2024-10-18T04:54Z,155
3895,2024-10-18T04:55Z,75
3896,2024-10-18T04:56Z,69
3897,2024-10-18T04:57Z,69
3898,2024-10-18T04:58Z,116
3899,2024-10-18T04:59Z,125
3900,2024-10-18T05:00Z,78
3901,2024-10-18T05:01Z,71
3902,2024-10-18T05:02Z,85
3903,2024-10-18T05:03Z,91
3904,2024-10-18T05:04Z,81
3905,2024-10-18T05:05Z,88
3906,2024-10-18T05:06Z,123
3907,2024-10-18T05:07Z,110
3908,2024-10-18T05:08Z,124
3909,2024-10-18T05:09Z,106
3910,2024-10-18T05:10Z,96
3911,2024-10-18T05:11Z,81
3912,2024-10-18T05:12Z,114
3913,2024-10-18T05:13Z,103
3914,2024-10-18T05:14Z,110
3915,2024-10-18T05:15Z,101
3916,2024-10-18T05:16Z,102
3917,2024-10-18T05:17Z,124
3918,2024-10-18T05:18Z,113
3919,2024-10-18T05:19Z,122
3920,2024-10-18T05:20Z,109
3921,2024-10-18T05:21Z,109
3922,2024-10-18T05:22Z,180
3923,2024-10-18T05:23Z,116
3924,2024-10-18T05:24Z,118
3925,2024-10-18T05:25Z,107
3926,2024-10-18T05:26Z,94
3927,2024-10-18T05:27Z,95
3928,2024-10-18T05:28Z,106
3929,2024-10-18T05:29Z,74
3930,2024-10-18T05:30Z,75
3931,2024-10-18T05:31Z,126
3932,2024-10-18T05:32Z,87
3933,2024-10-18T05:33Z,100
3934,2024-10-18T05:34Z,112
3935,2024-10-18T05:35Z,103
3936,2024-10-18T05:36Z,167
3937,2024-10-18T05:37Z,124
3938,2024-10-18T05:38Z,102
3939,2024-10-18T05:39Z,108
3940,2024-10-18T05:40Z,89
3941,2024-10-18T05:41Z,80
3942,2024-10-18T05:42Z,79
3943,2024-10-18T05:43Z,88
3944,2024-10-18T05:44Z,120
3945,2024-10-18T05:45Z,109
3946,2024-10-18T05:46Z,153
3947,2024-10-18T05:47Z,133
3948,2024-10-18T05:48Z,114
3949,2024-10-18T05:49Z,97
3950,2024-10-18T05:50Z,129
3951,2024-10-18T05:51Z,75
3952,2024-10-18T05:52Z,129
3953,2024-10-18T05:53Z,169
3954,2024-10-18T05:54Z,116
3955,2024-10-18T05:55Z,107
3956,2024-10-18T05:56Z,166
3957,2024-10-18T05:57Z,108
3958,2024-10-18T05:58Z,115
3959,2024-10-18T05:59Z,130
3960,2024-10-18T06:00Z,128
3961,2024-10-18T06:01Z,131
3962,2024-10-18T06:02Z,209
3963,2024-10-18T06:03Z,133
3964,2024-10-18T06:04Z,162
3965,2024-10-18T06:05Z,108
3966,2024-10-18T06:06Z,86
3967,2024-10-18T06:07Z,135
3968,2024-10-18T06:08Z,99
3969,2024-10-18T06:09Z,66
3970,2024-10-18T06:10Z,92
3971,2024-10-18T06:11Z,119
3972,2024-10-18T06:12Z,132
3973,2024-10-18T06:13Z,107
3974,2024-10-18T06:14Z,149
3975,2024-10-18T06:15Z,136
3976,2024-10-18T06:16Z,136
3977,2024-10-18T06:17Z,119
3978,2024-10-18T06:18Z,75
3979,2024-10-18T06:19Z,80
3980,2024-10-18T06:20Z,86
3981,2024-10-18T06:21Z,94
3982,2024-10-18T06:22Z,60
3983,2024-10-18T06:23Z,96
3984,2024-10-18T06:24Z,73
3985,2024-10-18T06:25Z,100
3986,2024-10-18T06:26Z,78
3987,2024-10-18T06:27Z,107
3988,2024-10-18T06:28Z,95
3989,2024-10-18T06:29Z,174
3990,2024-10-18T06:30Z,88
3991,2024-10-18T06:31Z,66
3992,2024-10-18T06:32Z,89
3993,2024-10-18T06:33Z,98
3994,2024-10-18T06:34Z,66
3995,2024-10-18T06:35Z,92
3996,2024-10-18T06:36Z,100
3997,2024-10-18T06:37Z,81
3998,2024-10-18T06:38Z,103
3999,2024-10-18T06:39Z,133
4000,2024-10-18T06:40Z,150
4001,2024-10-18T06:41Z,110
4002,2024-10-18T06:42Z,113
4003,2024-10-18T06:43Z,131
4004,2024-10-18T06:44Z,109
4005,2024-10-18T06:45Z,115
4006,2024-10-18T06:46Z,129
4007,2024-10-18T06:47Z,104
4008,2024-10-18T06:48Z,91
4009,2024-10-18T06:49Z,116
4010,2024-10-18T06:50Z,204
4011,2024-10-18T06:51Z,175
4012,2024-10-18T06:52Z,81
4013,2024-10-18T06:53Z,155
4014,2024-10-18T06:54Z,151
4015,2024-10-18T06:55Z,135
4016,2024-10-18T06:56Z,87
4017,2024-10-18T06:57Z,105
4018,2024-10-18T06:58Z,68
4019,2024-10-18T06:59Z,133
4020,2024-10-18T07:00Z,180
4021,2024-10-18T07:01Z,95
4022,2024-10-18T07:02Z,97
4023,2024-10-18T07:03Z,130
4024,2024-10-18T07:04Z,116
4025,2024-10-18T07:05Z,174
4026,2024-10-18T07:06Z,110
4027,2024-10-18T07:07Z,100
4028,2024-10-18T07:08Z,75
4029,2024-10-18T07:09Z,123
4030,2024-10-18T07:10Z,211
4031,2024-10-18T07:11Z,127
4032,2024-10-18T07:12Z,97
4033,2024-10-18T07:13Z,84
4034,2024-10-18T07:14Z,73
4035,2024-10-18T07:15Z,109
4036,2024-10-18T07:16Z,96
4037,2024-10-18T07:17Z,93
4038,2024-10-18T07:18Z,146
4039,2024-10-18T07:19Z,116
4040,2024-10-18T07:20Z,123
4041,2024-10-18T07:21Z,94
4042,2024-10-18T07:22Z,136
4043,2024-10-18T07:23Z,99
4044,2024-10-18T07:24Z,153
4045,2024-10-18T07:25Z,85
4046,2024-10-18T07:26Z,62
4047,2024-10-18T07:27Z,85
4048,2024-10-18T07:28Z,111
4049,2024-10-18T07:29Z,137
4050,2024-10-18T07:30Z,138
4051,2024-10-18T07:31Z,135
4052,2024-10-18T07:32Z,119
4053,2024-10-18T07:33Z,80
4054,2024-10-18T07:34Z,90
4055,2024-10-18T07:35Z,73
4056,2024-10-18T07:36Z,104
4057,2024-10-18T07:37Z,114
4058,2024-10-18T07:38Z,57
4059,2024-10-18T07:39Z,80
4060,2024-10-18T07:40Z,81
4061,2024-10-18T07:41Z,134
4062,2024-10-18T07:42Z,50
4063,2024-10-18T07:43Z,85
4064,2024-10-18T07:44Z,111
4065,2024-10-18T07:45Z,110
4066,2024-10-18T07:46Z,79
4067,2024-10-18T07:47Z,87
4068,2024-10-18T07:48Z,110
4069,2024-10-18T07:49Z,118
4070,2024-10-18T07:50Z,115
4071,2024-10-18T07:51Z,74
4072,2024-10-18T07:52Z,186
4073,2024-10-18T07:53Z,143
4074,2024-10-18T07:54Z,82
4075,2024-10-18T07:55Z,109
4076,2024-10-18T07:56Z,114
4077,2024-10-18T07:57Z,101
4078,2024-10-18T07:58Z,159
4079,2024-10-18T07:59Z,184
4080,2024-10-18T08:00Z,113
4081,2024-10-18T08:01Z,157
4082,2024-10-18T08:02Z,124
4083,2024-10-18T08:03Z,142
4084,2024-10-18T08:04Z,101
4085,2024-10-18T08:05Z,109
4086,2024-10-18T08:06Z,84
4087,2024-10-18T08:07Z,98
4088,2024-10-18T08:08Z,77
4089,2024-10-18T08:09Z,153
4090,2024-10-18T08:10Z,197
4091,2024-10-18T08:11Z,117
4092,2024-10-18T08:12Z,167
4093,2024-10-18T08:13Z,150
4094,2024-10-18T08:14Z,129
4095,2024-10-18T08:15Z,112
4096,2024-10-18T08:16Z,82
4097,2024-10-18T08:17Z,147
4098,2024-10-18T08:18Z,186
4099,2024-10-18T08:19Z,93
4100,2024-10-18T08:20Z,191
4101,2024-10-18T08:21Z,150
4102,2024-10-18T08:22Z,128
4103,2024-10-18T08:23Z,152
4104,2024-10-18T08:24Z,101
4105,2024-10-18T08:25Z,127
4106,2024-10-18T08:26Z,118
4107,2024-10-18T08:27Z,88
4108,2024-10-18T08:28Z,138
4109,2024-10-18T08:29Z,128
4110,2024-10-18T08:30Z,153
4111,2024-10-18T08:31Z,168
4112,2024-10-18T08:32Z,120
4113,2024-10-18T08:33Z,266
4114,2024-10-18T08:34Z,269
4115,2024-10-18T08:35Z,214
4116,2024-10-18T08:36Z,130
4117,2024-10-18T08:37Z,191
4118,2024-10-18T08:38Z,91
4119,2024-10-18T08:39Z,92
4120,2024-10-18T08:40Z,158
4121,2024-10-18T08:41Z,237
4122,2024-10-18T08:42Z,159
4123,2024-10-18T08:43Z,199
4124,2024-10-18T08:44Z,215
4125,2024-10-18T08:45Z,275
4126,2024-10-18T08:46Z,193
4127,2024-10-18T08:47Z,182
4128,2024-10-18T08:48Z,178
4129,2024-10-18T08:49Z,189
4130,2024-10-18T08:50Z,118
4131,2024-10-18T08:51Z,260
4132,2024-10-18T08:52Z,138
4133,2024-10-18T08:53Z,141
4134,2024-10-18T08:54Z,298
4135,2024-10-18T08:55Z,237
4136,2024-10-18T08:56Z,159
4137,2024-10-18T08:57Z,195
4138,2024-10-18T08:58Z,215
4139,2024-10-18T08:59Z,194
4140,2024-10-18T09:00Z,152
4141,2024-10-18T09:01Z,126
4142,2024-10-18T09:02Z,97
4143,2024-10-18T09:03Z,126
4144,2024-10-18T09:04Z,86
4145,2024-10-18T09:05Z,86
4146,2024-10-18T09:06Z,130
4147,2024-10-18T09:07Z,86
4148,2024-10-18T09:08Z,77
4149,2024-10-18T09:09Z,74
4150,2024-10-18T09:10Z,99
4151,2024-10-18T09:11Z,61
4152,2024-10-18T09:12Z,107
4153,2024-10-18T09:13Z,107
4154,2024-10-18T09:14Z,143
4155,2024-10-18T09:15Z,100
4156,2024-10-18T09:16Z,73
4157,2024-10-18T09:17Z,95
4158,2024-10-18T09:18Z,109
4159,2024-10-18T09:19Z,77
4160,2024-10-18T09:20Z,61
4161,2024-10-18T09:21Z,72
4162,2024-10-18T09:22Z,73
4163,2024-10-18T09:23Z,70
4164,2024-10-18T09:24Z,154
4165,2024-10-18T09:25Z,129
4166,2024-10-18T09:26Z,76
4167,2024-10-18T09:27Z,98
4168,2024-10-18T09:28Z,86
4169,2024-10-18T09:29Z,56
4170,2024-10-18T09:30Z,117
4171,2024-10-18T09:31Z,74
4172,2024-10-18T09:32Z,93
4173,2024-10-18T09:33Z,83
4174,2024-10-18T09:34Z,129
4175,2024-10-18T09:35Z,136
4176,2024-10-18T09:36Z,91
4177,2024-10-18T09:37Z,167
4178,2024-10-18T09:38Z,203
4179,2024-10-18T09:39Z,134
4180,2024-10-18T09:40Z,82
4181,2024-10-18T09:41Z,73
4182,2024-10-18T09:42Z,96
4183,2024-10-18T09:43Z,119
4184,2024-10-18T09:44Z,194
4185,2024-10-18T09:45Z,66
4186,2024-10-18T09:46Z,79
4187,2024-10-18T09:47Z,87
4188,2024-10-18T09:48Z,80
4189,2024-10-18T09:49Z,106
4190,2024-10-18T09:50Z,90
4191,2024-10-18T09:51Z,64
4192,2024-10-18T09:52Z,88
4193,2024-10-18T09:53Z,114
4194,2024-10-18T09:54Z,143
4195,2024-10-18T09:55Z,92
4196,2024-10-18T09:56Z,190
4197,2024-10-18T09:57Z,105
4198,2024-10-18T09:58Z,70
4199,2024-10-18T09:59Z,130
4200,2024-10-18T10:00Z,122
4201,2024-10-18T10:01Z,115
4202,2024-10-18T10:02Z,202
4203,2024-10-18T10:03Z,94
4204,2024-10-18T10:04Z,139
4205,2024-10-18T10:05Z,138
4206,2024-10-18T10:06Z,137
4207,2024-10-18T10:07Z,119
4208,2024-10-18T10:08Z,64
4209,2024-10-18T10:09Z,108
4210,2024-10-18T10:10Z,205
4211,2024-10-18T10:11Z,103
4212,2024-10-18T10:12Z,159
4213,2024-10-18T10:13Z,184
4214,2024-10-18T10:14Z,146
4215,2024-10-18T10:15Z,74
4216,2024-10-18T10:16Z,102
4217,2024-10-18T10:17Z,109
4218,2024-10-18T10:18Z,135
4219,2024-10-18T10:19Z,95
4220,2024-10-18T10:20Z,166
4221,2024-10-18T10:21Z,183
4222,2024-10-18T10:22Z,102
4223,2024-10-18T10:23Z,76
4224,2024-10-18T10:24Z,65
4225,2024-10-18T10:25Z,93
4226,2024-10-18T10:26Z,63
4227,2024-10-18T10:27Z,65
4228,2024-10-18T10:28Z,83
4229,2024-10-18T10:29Z,226
4230,2024-10-18T10:30Z,107
4231,2024-10-18T10:31Z,105
4232,2024-10-18T10:32Z,121
4233,2024-10-18T10:33Z,106
4234,2024-10-18T10:34Z,73
4235,2024-10-18T10:35Z,64
4236,2024-10-18T10:36Z,66
4237,2024-10-18T10:37Z,161
4238,2024-10-18T10:38Z,115
4239,2024-10-18T10:39Z,79
4240,2024-10-18T10:40Z,97
4241,2024-10-18T10:41Z,159
4242,2024-10-18T10:42Z,213
4243,2024-10-18T10:43Z,158
4244,2024-10-18T10:44Z,117
4245,2024-10-18T10:45Z,104
4246,2024-10-18T10:46Z,79
4247,2024-10-18T10:47Z,64
4248,2024-10-18T10:48Z,76
4249,2024-10-18T10:49Z,123
4250,2024-10-18T10:50Z,89
4251,2024-10-18T10:51Z,195
4252,2024-10-18T10:52Z,83
4253,2024-10-18T10:53Z,66
4254,2024-10-18T10:54Z,68
4255,2024-10-18T10:55Z,127
4256,2024-10-18T10:56Z,123
4257,2024-10-18T10:57Z,56
4258,2024-10-18T10:58Z,131
4259,2024-10-18T10:59Z,69
4260,2024-10-18T11:00Z,52
4261,2024-10-18T11:01Z,56
4262,2024-10-18T11:02Z,178
4263,2024-10-18T11:03Z,163
4264,2024-10-18T11:04Z,90
4265,2024-10-18T11:05Z,88
4266,2024-10-18T11:06Z,60
4267,2024-10-18T11:07Z,158
4268,2024-10-18T11:08Z,139
4269,2024-10-18T11:09Z,53
4270,2024-10-18T11:10Z,60
4271,2024-10-18T11:11Z,80
4272,2024-10-18T11:12Z,121
4273,2024-10-18T11:13Z,112
4274,2024-10-18T11:14Z,82
4275,2024-10-18T11:15Z,87
4276,2024-10-18T11:16Z,148
4277,2024-10-18T11:17Z,60
4278,2024-10-18T11:18Z,85
4279,2024-10-18T11:19Z,61
4280,2024-10-18T11:20Z,53
4281,2024-10-18T11:21Z,125
4282,2024-10-18T11:22Z,173
4283,2024-10-18T11:23Z,193
4284,2024-10-18T11:24Z,128
4285,2024-10-18T11:25Z,56
4286,2024-10-18T11:26Z,220
4287,2024-10-18T11:27Z,152
4288,2024-10-18T11:28Z,120
4289,2024-10-18T11:29Z,165
4290,2024-10-18T11:30Z,122
4291,2024-10-18T11:31Z,151
4292,2024-10-18T11:32Z,76
4293,2024-10-18T11:33Z,132
4294,2024-10-18T11:34Z,117
4295,2024-10-18T11:35Z,77
4296,2024-10-18T11:36Z,106
4297,2024-10-18T11:37Z,70
4298,2024-10-18T11:38Z,94
4299,2024-10-18T11:39Z,84
4300,2024-10-18T11:40Z,90
4301,2024-10-18T11:41Z,104
4302,2024-10-18T11:42Z,122
4303,2024-10-18T11:43Z,95
4304,2024-10-18T11:44Z,95
4305,2024-10-18T11:45Z,155
4306,2024-10-18T11:46Z,86
4307,2024-10-18T11:47Z,81
4308,2024-10-18T11:48Z,135
4309,2024-10-18T11:49Z,86
4310,2024-10-18T11:50Z,69
4311,2024-10-18T11:51Z,118
4312,2024-10-18T11:52Z,163
4313,2024-10-18T11:53Z,123
4314,2024-10-18T11:54Z,139
4315,2024-10-18T11:55Z,95
4316,2024-10-18T11:56Z,65
4317,2024-10-18T11:57Z,114
4318,2024-10-18T11:58Z,123
4319,2024-10-18T11:59Z,185
4320,2024-10-18T12:00Z,126
4321,2024-10-18T12:01Z,72
4322,2024-10-18T12:02Z,108
4323,2024-10-18T12:03Z,130
4324,2024-10-18T12:04Z,100
4325,2024-10-18T12:05Z,90
4326,2024-10-18T12:06Z,83
4327,2024-10-18T12:07Z,73
4328,2024-10-18T12:08Z,88
4329,2024-10-18T12:09Z,83
4330,2024-10-18T12:10Z,109
4331,2024-10-18T12:11Z,98
4332,2024-10-18T12:12Z,80
4333,2024-10-18T12:13Z,66
4334,2024-10-18T12:14Z,61
4335,2024-10-18T12:15Z,106
4336,2024-10-18T12:16Z,65
4337,2024-10-18T12:17Z,72
4338,2024-10-18T12:18Z,61
4339,2024-10-18T12:19Z,73
4340,2024-10-18T12:20Z,84
4341,2024-10-18T12:21Z,57
4342,2024-10-18T12:22Z,67
4343,2024-10-18T12:23Z,64
4344,2024-10-18T12:24Z,116
4345,2024-10-18T12:25Z,95
4346,2024-10-18T12:26Z,68
4347,2024-10-18T12:27Z,105
4348,2024-10-18T12:28Z,126
4349,2024-10-18T12:29Z,114
4350,2024-10-18T12:30Z,70
4351,2024-10-18T12:31Z,68
4352,2024-10-18T12:32Z,131
4353,2024-10-18T12:33Z,165
4354,2024-10-18T12:34Z,116
4355,2024-10-18T12:35Z,142
4356,2024-10-18T12:36Z,133
4357,2024-10-18T12:37Z,102
4358,2024-10-18T12:38Z,114
4359,2024-10-18T12:39Z,83
4360,2024-10-18T12:40Z,132
4361,2024-10-18T12:41Z,92
4362,2024-10-18T12:42Z,94
4363,2024-10-18T12:43Z,131
4364,2024-10-18T12:44Z,95
4365,2024-10-18T12:45Z,115
4366,2024-10-18T12:46Z,80
4367,2024-10-18T12:47Z,98
4368,2024-10-18T12:48Z,101
4369,2024-10-18T12:49Z,153
4370,2024-10-18T12:50Z,88
4371,2024-10-18T12:51Z,83
4372,2024-10-18T12:52Z,98
4373,2024-10-18T12:53Z,140
4374,2024-10-18T12:54Z,106
4375,2024-10-18T12:55Z,67
4376,2024-10-18T12:56Z,111
4377,2024-10-18T12:57Z,115
4378,2024-10-18T12:58Z,73
4379,2024-10-18T12:59Z,100
4380,2024-10-18T13:00Z,114
4381,2024-10-18T13:01Z,70
4382,2024-10-18T13:02Z,57
4383,2024-10-18T13:03Z,76
4384,2024-10-18T13:04Z,98
4385,2024-10-18T13:05Z,87
4386,2024-10-18T13:06Z,190
4387,2024-10-18T13:07Z,99
4388,2024-10-18T13:08Z,74
4389,2024-10-18T13:09Z,88
4390,2024-10-18T13:10Z,138
4391,2024-10-18T13:11Z,143
4392,2024-10-18T13:12Z,78
4393,2024-10-18T13:13Z,102
4394,2024-10-18T13:14Z,171
4395,2024-10-18T13:15Z,96
4396,2024-10-18T13:16Z,105
4397,2024-10-18T13:17Z,104
4398,2024-10-18T13:18Z,139
4399,2024-10-18T13:19Z,64
4400,2024-10-18T13:20Z,147
4401,2024-10-18T13:21Z,106
4402,2024-10-18T13:22Z,80
4403,2024-10-18T13:23Z,56
4404,2024-10-18T13:24Z,105
4405,2024-10-18T13:25Z,128
4406,2024-10-18T13:26Z,117
4407,2024-10-18T13:27Z,151
4408,2024-10-18T13:28Z,196
4409,2024-10-18T13:29Z,113
4410,2024-10-18T13:30Z,91
4411,2024-10-18T13:31Z,102
4412,2024-10-18T13:32Z,82
4413,2024-10-18T13:33Z,86
4414,2024-10-18T13:34Z,55
4415,2024-10-18T13:35Z,57
4416,2024-10-18T13:36Z,55
4417,2024-10-18T13:37Z,60
4418,2024-10-18T13:38Z,91
4419,2024-10-18T13:39Z,94
4420,2024-10-18T13:40Z,130
4421,2024-10-18T13:41Z,125
4422,2024-10-18T13:42Z,103
4423,2024-10-18T13:43Z,134
4424,2024-10-18T13:44Z,127
4425,2024-10-18T13:45Z,105
4426,2024-10-18T13:46Z,148
4427,2024-10-18T13:47Z,140
4428,2024-10-18T13:48Z,127
4429,2024-10-18T13:49Z,131
4430,2024-10-18T13:50Z,95
4431,2024-10-18T13:51Z,69
4432,2024-10-18T13:52Z,97
4433,2024-10-18T13:53Z,119
4434,2024-10-18T13:54Z,135
4435,2024-10-18T13:55Z,166
4436,2024-10-18T13:56Z,90
4437,2024-10-18T13:57Z,86
4438,2024-10-18T13:58Z,111
4439,2024-10-18T13:59Z,82
4440,2024-10-18T14:00Z,91
4441,2024-10-18T14:01Z,142
4442,2024-10-18T14:02Z,82
4443,2024-10-18T14:03Z,141
4444,2024-10-18T14:04Z,84
4445,2024-10-18T14:05Z,71
4446,2024-10-18T14:06Z,72
4447,2024-10-18T14:07Z,142
4448,2024-10-18T14:08Z,95
4449,2024-10-18T14:09Z,101
4450,2024-10-18T14:10Z,125
4451,2024-10-18T14:11Z,92
4452,2024-10-18T14:12Z,111
4453,2024-10-18T14:13Z,94
4454,2024-10-18T14:14Z,120
4455,2024-10-18T14:15Z,81
4456,2024-10-18T14:16Z,80
4457,2024-10-18T14:17Z,79
4458,2024-10-18T14:18Z,102
4459,2024-10-18T14:19Z,44
4460,2024-10-18T14:20Z,72
4461,2024-10-18T14:21Z,91
4462,2024-10-18T14:22Z,127
4463,2024-10-18T14:23Z,68
4464,2024-10-18T14:24Z,78
4465,2024-10-18T14:25Z,77
4466,2024-10-18T14:26Z,150
4467,2024-10-18T14:27Z,102
4468,2024-10-18T14:28Z,85
4469,2024-10-18T14:29Z,97
4470,2024-10-18T14:30Z,108
4471,2024-10-18T14:31Z,59
4472,2024-10-18T14:32Z,119
4473,2024-10-18T14:33Z,53
4474,2024-10-18T14:34Z,147
4475,2024-10-18T14:35Z,124
4476,2024-10-18T14:36Z,122
4477,2024-10-18T14:37Z,99
4478,2024-10-18T14:38Z,70
4479,2024-10-18T14:39Z,78
4480,2024-10-18T14:40Z,76
4481,2024-10-18T14:41Z,90
4482,2024-10-18T14:42Z,62
4483,2024-10-18T14:43Z,75
4484,2024-10-18T14:44Z,133
4485,2024-10-18T14:45Z,86
4486,2024-10-18T14:46Z,174
4487,2024-10-18T14:47Z,149
4488,2024-10-18T14:48Z,62
4489,2024-10-18T14:49Z,95
4490,2024-10-18T14:50Z,137
4491,2024-10-18T14:51Z,107
4492,2024-10-18T14:52Z,76
4493,2024-10-18T14:53Z,47
4494,2024-10-18T14:54Z,99
4495,2024-10-18T14:55Z,71
4496,2024-10-18T14:56Z,103
4497,2024-10-18T14:57Z,131
4498,2024-10-18T14:58Z,79
4499,2024-10-18T14:59Z,142
4500,2024-10-18T15:00Z,90
4501,2024-10-18T15:01Z,86
4502,2024-10-18T15:02Z,120
4503,2024-10-18T15:03Z,155
4504,2024-10-18T15:04Z,152
4505,2024-10-18T15:05Z,120
4506,2024-10-18T15:06Z,180
4507,2024-10-18T15:07Z,131
4508,2024-10-18T15:08Z,150
4509,2024-10-18T15:09Z,104
4510,2024-10-18T15:10Z,102
4511,2024-10-18T15:11Z,92
4512,2024-10-18T15:12Z,116
4513,2024-10-18T15:13Z,79
4514,2024-10-18T15:14Z,172
4515,2024-10-18T15:15Z,143
4516,2024-10-18T15:16Z,104
4517,2024-10-18T15:17Z,199
4518,2024-10-18T15:18Z,76
4519,2024-10-18T15:19Z,130
4520,2024-10-18T15:20Z,71
4521,2024-10-18T15:21Z,95
4522,2024-10-18T15:22Z,96
4523,2024-10-18T15:23Z,109
4524,2024-10-18T15:24Z,93
4525,2024-10-18T15:25Z,197
4526,2024-10-18T15:26Z,175
4527,2024-10-18T15:27Z,127
4528,2024-10-18T15:28Z,94
4529,2024-10-18T15:29Z,135
4530,2024-10-18T15:30Z,120
4531,2024-10-18T15:31Z,187
4532,2024-10-18T15:32Z,124
4533,2024-10-18T15:33Z,127
4534,2024-10-18T15:34Z,75
4535,2024-10-18T15:35Z,87
4536,2024-10-18T15:36Z,59
4537,2024-10-18T15:37Z,73
4538,2024-10-18T15:38Z,88
4539,2024-10-18T15:39Z,186
4540,2024-10-18T15:40Z,152
4541,2024-10-18T15:41Z,84
4542,2024-10-18T15:42Z,127
4543,2024-10-18T15:43Z,57
4544,2024-10-18T15:44Z,107
4545,2024-10-18T15:45Z,124
4546,2024-10-18T15:46Z,64
4547,2024-10-18T15:47Z,47
4548,2024-10-18T15:48Z,128
4549,2024-10-18T15:49Z,83
4550,2024-10-18T15:50Z,100
4551,2024-10-18T15:51Z,124
4552,2024-10-18T15:52Z,161
4553,2024-10-18T15:53Z,79
4554,2024-10-18T15:54Z,138
4555,2024-10-18T15:55Z,101
4556,2024-10-18T15:56Z,138
4557,2024-10-18T15:57Z,65
4558,2024-10-18T15:58Z,79
4559,2024-10-18T15:59Z,117
4560,2024-10-18T16:00Z,61
4561,2024-10-18T16:01Z,111
4562,2024-10-18T16:02Z,80
4563,2024-10-18T16:03Z,106
4564,2024-10-18T16:04Z,122
4565,2024-10-18T16:05Z,109
4566,2024-10-18T16:06Z,69
4567,2024-10-18T16:07Z,46
4568,2024-10-18T16:08Z,71
4569,2024-10-18T16:09Z,93
4570,2024-10-18T16:10Z,111
4571,2024-10-18T16:11Z,210
4572,2024-10-18T16:12Z,73
4573,2024-10-18T16:13Z,131
4574,2024-10-18T16:14Z,148
4575,2024-10-18T16:15Z,101
4576,2024-10-18T16:16Z,197
4577,2024-10-18T16:17Z,104
4578,2024-10-18T16:18Z,131
4579,2024-10-18T16:19Z,67
4580,2024-10-18T16:20Z,92
4581,2024-10-18T16:21Z,113
4582,2024-10-18T16:22Z,137
4583,2024-10-18T16:23Z,156
4584,2024-10-18T16:24Z,165
4585,2024-10-18T16:25Z,160
4586,2024-10-18T16:26Z,172
4587,2024-10-18T16:27Z,116
4588,2024-10-18T16:28Z,179
4589,2024-10-18T16:29Z,76
4590,2024-10-18T16:30Z,101
4591,2024-10-18T16:31Z,126
4592,2024-10-18T16:32Z,117
4593,2024-10-18T16:33Z,150
4594,2024-10-18T16:34Z,182
4595,2024-10-18T16:35Z,178
4596,2024-10-18T16:36Z,117
4597,2024-10-18T16:37Z,96
4598,2024-10-18T16:38Z,132
4599,2024-10-18T16:39Z,156
4600,2024-10-18T16:40Z,95
4601,2024-10-18T16:41Z,154
4602,2024-10-18T16:42Z,80
4603,2024-10-18T16:43Z,84
4604,2024-10-18T16:44Z,128
4605,2024-10-18T16:45Z,153
4606,2024-10-18T16:46Z,143
4607,2024-10-18T16:47Z,251
4608,2024-10-18T16:48Z,171
4609,2024-10-18T16:49Z,95
4610,2024-10-18T16:50Z,113
4611,2024-10-18T16:51Z,137
4612,2024-10-18T16:52Z,186
4613,2024-10-18T16:53Z,87
4614,2024-10-18T16:54Z,134
4615,2024-10-18T16:55Z,163
4616,2024-10-18T16:56Z,230
4617,2024-10-18T16:57Z,232
4618,2024-10-18T16:58Z,202
4619,2024-10-18T16:59Z,245
4620,2024-10-18T17:00Z,145
4621,2024-10-18T17:01Z,191
4622,2024-10-18T17:02Z,148
4623,2024-10-18T17:03Z,244
4624,2024-10-18T17:04Z,157
4625,2024-10-18T17:05Z,86
4626,2024-10-18T17:06Z,214
4627,2024-10-18T17:07Z,135
4628,2024-10-18T17:08Z,155
4629,2024-10-18T17:09Z,129
4630,2024-10-18T17:10Z,147
4631,2024-10-18T17:11Z,131
4632,2024-10-18T17:12Z,112
4633,2024-10-18T17:13Z,152
4634,2024-10-18T17:14Z,134
4635,2024-10-18T17:15Z,218
4636,2024-10-18T17:16Z,187
4637,2024-10-18T17:17Z,152
4638,2024-10-18T17:18Z,179
4639,2024-10-18T17:19Z,111
4640,2024-10-18T17:20Z,175
4641,2024-10-18T17:21Z,151
4642,2024-10-18T17:22Z,135
4643,2024-10-18T17:23Z,133
4644,2024-10-18T17:24Z,148
4645,2024-10-18T17:25Z,150
4646,2024-10-18T17:26Z,192
4647,2024-10-18T17:27Z,169
4648,2024-10-18T17:28Z,253
4649,2024-10-18T17:29Z,155
4650,2024-10-18T17:30Z,165
4651,2024-10-18T17:31Z,153
4652,2024-10-18T17:32Z,179
4653,2024-10-18T17:33Z,109
4654,2024-10-18T17:34Z,108
4655,2024-10-18T17:35Z,177
4656,2024-10-18T17:36Z,241
4657,2024-10-18T17:37Z,144
4658,2024-10-18T17:38Z,214
4659,2024-10-18T17:39Z,208
4660,2024-10-18T17:40Z,197
4661,2024-10-18T17:41Z,107
4662,2024-10-18T17:42Z,139
4663,2024-10-18T17:43Z,189
4664,2024-10-18T17:44Z,153
4665,2024-10-18T17:45Z,154
4666,2024-10-18T17:46Z,151
4667,2024-10-18T17:47Z,112
4668,2024-10-18T17:48Z,131
4669,2024-10-18T17:49Z,203
4670,2024-10-18T17:50Z,216
4671,2024-10-18T17:51Z,157
4672,2024-10-18T17:52Z,98
4673,2024-10-18T17:53Z,246
4674,2024-10-18T17:54Z,153
4675,2024-10-18T17:55Z,148
4676,2024-10-18T17:56Z,83
4677,2024-10-18T17:57Z,93
4678,2024-10-18T17:58Z,143
4679,2024-10-18T17:59Z,175
4680,2024-10-18T18:00Z,126
4681,2024-10-18T18:01Z,186
4682,2024-10-18T18:02Z,174
4683,2024-10-18T18:03Z,156
4684,2024-10-18T18:04Z,187
4685,2024-10-18T18:05Z,198
4686,2024-10-18T18:06Z,134
4687,2024-10-18T18:07Z,118
4688,2024-10-18T18:08Z,82
4689,2024-10-18T18:09Z,136
4690,2024-10-18T18:10Z,143
4691,2024-10-18T18:11Z,120
4692,2024-10-18T18:12Z,129
4693,2024-10-18T18:13Z,184
4694,2024-10-18T18:14Z,136
4695,2024-10-18T18:15Z,119
4696,2024-10-18T18:16Z,133
4697,2024-10-18T18:17Z,151
4698,2024-10-18T18:18Z,116
4699,2024-10-18T18:19Z,104
4700,2024-10-18T18:20Z,76
4701,2024-10-18T18:21Z,106
4702,2024-10-18T18:22Z,128
4703,2024-10-18T18:23Z,94
4704,2024-10-18T18:24Z,118
4705,2024-10-18T18:25Z,116
4706,2024-10-18T18:26Z,130
4707,2024-10-18T18:27Z,128
4708,2024-10-18T18:28Z,135
4709,2024-10-18T18:29Z,112
4710,2024-10-18T18:30Z,133
4711,2024-10-18T18:31Z,150
4712,2024-10-18T18:32Z,110
4713,2024-10-18T18:33Z,61
4714,2024-10-18T18:34Z,81
4715,2024-10-18T18:35Z,102
4716,2024-10-18T18:36Z,51
4717,2024-10-18T18:37Z,112
4718,2024-10-18T18:38Z,103
4719,2024-10-18T18:39Z,147
4720,2024-10-18T18:40Z,77
4721,2024-10-18T18:41Z,95
4722,2024-10-18T18:42Z,139
4723,2024-10-18T18:43Z,107
4724,2024-10-18T18:44Z,188
4725,2024-10-18T18:45Z,107
4726,2024-10-18T18:46Z,94
4727,2024-10-18T18:47Z,144
4728,2024-10-18T18:48Z,120
4729,2024-10-18T18:49Z,100
4730,2024-10-18T18:50Z,78
4731,2024-10-18T18:51Z,57
4732,2024-10-18T18:52Z,141
4733,2024-10-18T18:53Z,72
4734,2024-10-18T18:54Z,97
4735,2024-10-18T18:55Z,79
4736,2024-10-18T18:56Z,124
4737,2024-10-18T18:57Z,118
4738,2024-10-18T18:58Z,143
4739,2024-10-18T18:59Z,103
4740,2024-10-18T19:00Z,113
4741,2024-10-18T19:01Z,103
4742,2024-10-18T19:02Z,45
4743,2024-10-18T19:03Z,115
4744,2024-10-18T19:04Z,154
4745,2024-10-18T19:05Z,109
4746,2024-10-18T19:06Z,129
4747,2024-10-18T19:07Z,98
4748,2024-10-18T19:08Z,146
4749,2024-10-18T19:09Z,121
4750,2024-10-18T19:10Z,134
4751,2024-10-18T19:11Z,113
4752,2024-10-18T19:12Z,93
4753,2024-10-18T19:13Z,104
4754,2024-10-18T19:14Z,127
4755,2024-10-18T19:15Z,94
4756,2024-10-18T19:16Z,133
4757,2024-10-18T19:17Z,84
4758,2024-10-18T19:18Z,105
4759,2024-10-18T19:19Z,123
4760,2024-10-18T19:20Z,94
4761,2024-10-18T19:21Z,109
4762,2024-10-18T19:22Z,79
4763,2024-10-18T19:23Z,129
4764,2024-10-18T19:24Z,107
4765,2024-10-18T19:25Z,98
4766,2024-10-18T19:26Z,105
4767,2024-10-18T19:27Z,111
4768,2024-10-18T19:28Z,108
4769,2024-10-18T19:29Z,51
4770,2024-10-18T19:30Z,96
4771,2024-10-18T19:31Z,88
4772,2024-10-18T19:32Z,92
4773,2024-10-18T19:33Z,87
4774,2024-10-18T19:34Z,90
4775,2024-10-18T19:35Z,64
4776,2024-10-18T19:36Z,119
4777,2024-10-18T19:37Z,155
4778,2024-10-18T19:38Z,84
4779,2024-10-18T19:39Z,67
4780,2024-10-18T19:40Z,103
4781,2024-10-18T19:41Z,148
4782,2024-10-18T19:42Z,70
4783,2024-10-18T19:43Z,109
4784,2024-10-18T19:44Z,98
4785,2024-10-18T19:45Z,91
4786,2024-10-18T19:46Z,103
4787,2024-10-18T19:47Z,105
4788,2024-10-18T19:48Z,53
4789,2024-10-18T19:49Z,173
4790,2024-10-18T19:50Z,86
4791,2024-10-18T19:51Z,59
4792,2024-10-18T19:52Z,80
4793,2024-10-18T19:53Z,77
4794,2024-10-18T19:54Z,87
4795,2024-10-18T19:55Z,159
4796,2024-10-18T19:56Z,149
4797,2024-10-18T19:57Z,152
4798,2024-10-18T19:58Z,143
4799,2024-10-18T19:59Z,65
4800,2024-10-18T20:00Z,84
4801,2024-10-18T20:01Z,140
4802,2024-10-18T20:02Z,78
4803,2024-10-18T20:03Z,165
4804,2024-10-18T20:04Z,132
4805,2024-10-18T20:05Z,110
4806,2024-10-18T20:06Z,161
4807,2024-10-18T20:07Z,198
4808,2024-10-18T20:08Z,127
4809,2024-10-18T20:09Z,78
4810,2024-10-18T20:10Z,108
4811,2024-10-18T20:11Z,153
4812,2024-10-18T20:12Z,142
4813,2024-10-18T20:13Z,114
4814,2024-10-18T20:14Z,104
4815,2024-10-18T20:15Z,127
4816,2024-10-18T20:16Z,124
4817,2024-10-18T20:17Z,143
4818,2024-10-18T20:18Z,100
4819,2024-10-18T20:19Z,155
4820,2024-10-18T20:20Z,136
4821,2024-10-18T20:21Z,187
4822,2024-10-18T20:22Z,118
4823,2024-10-18T20:23Z,95
4824,2024-10-18T20:24Z,96
4825,2024-10-18T20:25Z,150
4826,2024-10-18T20:26Z,62
4827,2024-10-18T20:27Z,90
4828,2024-10-18T20:28Z,70
4829,2024-10-18T20:29Z,115
4830,2024-10-18T20:30Z,124
4831,2024-10-18T20:31Z,116
4832,2024-10-18T20:32Z,95
4833,2024-10-18T20:33Z,97
4834,2024-10-18T20:34Z,113
4835,2024-10-18T20:35Z,81
4836,2024-10-18T20:36Z,146
4837,2024-10-18T20:37Z,67
4838,2024-10-18T20:38Z,183
4839,2024-10-18T20:39Z,78
4840,2024-10-18T20:40Z,75
4841,2024-10-18T20:41Z,104
4842,2024-10-18T20:42Z,62
4843,2024-10-18T20:43Z,88
4844,2024-10-18T20:44Z,79
4845,2024-10-18T20:45Z,65
4846,2024-10-18T20:46Z,93
4847,2024-10-18T20:47Z,78
4848,2024-10-18T20:48Z,131
4849,2024-10-18T20:49Z,90
4850,2024-10-18T20:50Z,95
4851,2024-10-18T20:51Z,168
4852,2024-10-18T20:52Z,140
4853,2024-10-18T20:53Z,84
4854,2024-10-18T20:54Z,108
4855,2024-10-18T20:55Z,107
4856,2024-10-18T20:56Z,87
4857,2024-10-18T20:57Z,137
4858,2024-10-18T20:58Z,147
4859,2024-10-18T20:59Z,103
4860,2024-10-18T21:00Z,120
4861,2024-10-18T21:01Z,108
4862,2024-10-18T21:02Z,93
4863,2024-10-18T21:03Z,92
4864,2024-10-18T21:04Z,96
4865,2024-10-18T21:05Z,131
4866,2024-10-18T21:06Z,155
4867,2024-10-18T21:07Z,70
4868,2024-10-18T21:08Z,113
4869,2024-10-18T21:09Z,145
4870,2024-10-18T21:10Z,89
4871,2024-10-18T21:11Z,84
4872,2024-10-18T21:12Z,155
4873,2024-10-18T21:13Z,91
4874,2024-10-18T21:14Z,152
4875,2024-10-18T21:15Z,139
4876,2024-10-18T21:16Z,127
4877,2024-10-18T21:17Z,148
4878,2024-10-18T21:18Z,155
4879,2024-10-18T21:19Z,80
4880,2024-10-18T21:20Z,81
4881,2024-10-18T21:21Z,96
4882,2024-10-18T21:22Z,139
4883,2024-10-18T21:23Z,104
4884,2024-10-18T21:24Z,115
4885,2024-10-18T21:25Z,78
4886,2024-10-18T21:26Z,160
4887,2024-10-18T21:27Z,91
4888,2024-10-18T21:28Z,88
4889,2024-10-18T21:29Z,126
4890,2024-10-18T21:30Z,104
4891,2024-10-18T21:31Z,150
4892,2024-10-18T21:32Z,131
4893,2024-10-18T21:33Z,110
4894,2024-10-18T21:34Z,73
4895,2024-10-18T21:35Z,137
4896,2024-10-18T21:36Z,81
4897,2024-10-18T21:37Z,114
4898,2024-10-18T21:38Z,144
4899,2024-10-18T21:39Z,155
4900,2024-10-18T21:40Z,140
4901,2024-10-18T21:41Z,121
4902,2024-10-18T21:42Z,86
4903,2024-10-18T21:43Z,72
4904,2024-10-18T21:44Z,138
4905,2024-10-18T21:45Z,82
4906,2024-10-18T21:46Z,148
4907,2024-10-18T21:47Z,123
4908,2024-10-18T21:48Z,97
4909,2024-10-18T21:49Z,146
4910,2024-10-18T21:50Z,159
4911,2024-10-18T21:51Z,130
4912,2024-10-18T21:52Z,109
4913,2024-10-18T21:53Z,98
4914,2024-10-18T21:54Z,105
4915,2024-10-18T21:55Z,135
4916,2024-10-18T21:56Z,91
4917,2024-10-18T21:57Z,89
4918,2024-10-18T21:58Z,85
4919,2024-10-18T21:59Z,103
4920,2024-10-18T22:00Z,99
4921,2024-10-18T22:01Z,79
4922,2024-10-18T22:02Z,66
4923,2024-10-18T22:03Z,130
4924,2024-10-18T22:04Z,87
4925,2024-10-18T22:05Z,118
4926,2024-10-18T22:06Z,189
4927,2024-10-18T22:07Z,126
4928,2024-10-18T22:08Z,91
4929,2024-10-18T22:09Z,86
4930,2024-10-18T22:10Z,161
4931,2024-10-18T22:11Z,112
4932,2024-10-18T22:12Z,155
4933,2024-10-18T22:13Z,161
4934,2024-10-18T22:14Z,132
4935,2024-10-18T22:15Z,114
4936,2024-10-18T22:16Z,100
4937,2024-10-18T22:17Z,141
4938,2024-10-18T22:18Z,112
4939,2024-10-18T22:19Z,119
4940,2024-10-18T22:20Z,116
4941,2024-10-18T22:21Z,114
4942,2024-10-18T22:22Z,87
4943,2024-10-18T22:23Z,74
4944,2024-10-18T22:24Z,78
4945,2024-10-18T22:25Z,70
4946,2024-10-18T22:26Z,126
4947,2024-10-18T22:27Z,99
4948,2024-10-18T22:28Z,100
4949,2024-10-18T22:29Z,66
4950,2024-10-18T22:30Z,100
4951,2024-10-18T22:31Z,137
4952,2024-10-18T22:32Z,129
4953,2024-10-18T22:33Z,97
4954,2024-10-18T22:34Z,78
4955,2024-10-18T22:35Z,117
4956,2024-10-18T22:36Z,103
4957,2024-10-18T22:37Z,101
4958,2024-10-18T22:38Z,169
4959,2024-10-18T22:39Z,119
4960,2024-10-18T22:40Z,115
4961,2024-10-18T22:41Z,126
4962,2024-10-18T22:42Z,72
4963,2024-10-18T22:43Z,134
4964,2024-10-18T22:44Z,167
4965,2024-10-18T22:45Z,89
4966,2024-10-18T22:46Z,115
4967,2024-10-18T22:47Z,123
4968,2024-10-18T22:48Z,130
4969,2024-10-18T22:49Z,116
4970,2024-10-18T22:50Z,69
4971,2024-10-18T22:51Z,99
4972,2024-10-18T22:52Z,192
4973,2024-10-18T22:53Z,193
4974,2024-10-18T22:54Z,147
4975,2024-10-18T22:55Z,157
4976,2024-10-18T22:56Z,202
4977,2024-10-18T22:57Z,105
4978,2024-10-18T22:58Z,91
4979,2024-10-18T22:59Z,149
4980,2024-10-18T23:00Z,98
4981,2024-10-18T23:01Z,129
4982,2024-10-18T23:02Z,178
4983,2024-10-18T23:03Z,151
4984,2024-10-18T23:04Z,148
4985,2024-10-18T23:05Z,151
4986,2024-10-18T23:06Z,142
4987,2024-10-18T23:07Z,217
4988,2024-10-18T23:08Z,166
4989,2024-10-18T23:09Z,138
4990,2024-10-18T23:10Z,114
4991,2024-10-18T23:11Z,118
4992,2024-10-18T23:12Z,111
4993,2024-10-18T23:13Z,151
4994,2024-10-18T23:14Z,89
4995,2024-10-18T23:15Z,125
4996,2024-10-18T23:16Z,176
4997,2024-10-18T23:17Z,104
4998,2024-10-18T23:18Z,101
4999,2024-10-18T23:19Z,135
5000,2024-10-18T23:20Z,137
5001,2024-10-18T23:21Z,118
5002,2024-10-18T23:22Z,146
5003,2024-10-18T23:23Z,81
5004,2024-10-18T23:24Z,128
5005,2024-10-18T23:25Z,69
5006,2024-10-18T23:26Z,136
5007,2024-10-18T23:27Z,86
5008,2024-10-18T23:28Z,200
5009,2024-10-18T23:29Z,53
5010,2024-10-18T23:30Z,67
5011,2024-10-18T23:31Z,63
5012,2024-10-18T23:32Z,119
5013,2024-10-18T23:33Z,183
5014,2024-10-18T23:34Z,127
5015,2024-10-18T23:35Z,110
5016,2024-10-18T23:36Z,181
5017,2024-10-18T23:37Z,162
5018,2024-10-18T23:38Z,68
5019,2024-10-18T23:39Z,62
5020,2024-10-18T23:40Z,189
5021,2024-10-18T23:41Z,130
5022,2024-10-18T23:42Z,82
5023,2024-10-18T23:43Z,87
5024,2024-10-18T23:44Z,87
5025,2024-10-18T23:45Z,84
5026,2024-10-18T23:46Z,105
5027,2024-10-18T23:47Z,80
5028,2024-10-18T23:48Z,83
5029,2024-10-18T23:49Z,135
5030,2024-10-18T23:50Z,109
5031,2024-10-18T23:51Z,145
5032,2024-10-18T23:52Z,134
5033,2024-10-18T23:53Z,153
5034,2024-10-18T23:54Z,128
5035,2024-10-18T23:55Z,56
5036,2024-10-18T23:56Z,86
5037,2024-10-18T23:57Z,86
5038,2024-10-18T23:58Z,67
5039,2024-10-18T23:59Z,167
5040,2024-10-19T00:00Z,112
5041,2024-10-19T00:01Z,102
5042,2024-10-19T00:02Z,148
5043,2024-10-19T00:03Z,80
5044,2024-10-19T00:04Z,96
5045,2024-10-19T00:05Z,120
5046,2024-10-19T00:06Z,158
5047,2024-10-19T00:07Z,118
5048,2024-10-19T00:08Z,130
5049,2024-10-19T00:09Z,163
5050,2024-10-19T00:10Z,101
5051,2024-10-19T00:11Z,94
5052,2024-10-19T00:12Z,77
5053,2024-10-19T00:13Z,88
5054,2024-10-19T00:14Z,131
5055,2024-10-19T00:15Z,137
5056,2024-10-19T00:16Z,165
5057,2024-10-19T00:17Z,117
5058,2024-10-19T00:18Z,164
5059,2024-10-19T00:19Z,67
5060,2024-10-19T00:20Z,51
5061,2024-10-19T00:21Z,76
5062,2024-10-19T00:22Z,149
5063,2024-10-19T00:23Z,192
5064,2024-10-19T00:24Z,96
5065,2024-10-19T00:25Z,59
5066,2024-10-19T00:26Z,102
5067,2024-10-19T00:27Z,89
5068,2024-10-19T00:28Z,92
5069,2024-10-19T00:29Z,103
5070,2024-10-19T00:30Z,152
5071,2024-10-19T00:31Z,90
5072,2024-10-19T00:32Z,93
5073,2024-10-19T00:33Z,103
5074,2024-10-19T00:34Z,111
5075,2024-10-19T00:35Z,66
5076,2024-10-19T00:36Z,71
5077,2024-10-19T00:37Z,133
5078,2024-10-19T00:38Z,57
5079,2024-10-19T00:39Z,119
5080,2024-10-19T00:40Z,107
5081,2024-10-19T00:41Z,93
5082,2024-10-19T00:42Z,84
5083,2024-10-19T00:43Z,134
5084,2024-10-19T00:44Z,131
5085,2024-10-19T00:45Z,95
5086,2024-10-19T00:46Z,142
5087,2024-10-19T00:47Z,149
5088,2024-10-19T00:48Z,123
5089,2024-10-19T00:49Z,122
5090,2024-10-19T00:50Z,81
5091,2024-10-19T00:51Z,78
5092,2024-10-19T00:52Z,86
5093,2024-10-19T00:53Z,95
5094,2024-10-19T00:54Z,102
5095,2024-10-19T00:55Z,46
5096,2024-10-19T00:56Z,66
5097,2024-10-19T00:57Z,90
5098,2024-10-19T00:58Z,97
5099,2024-10-19T00:59Z,141
5100,2024-10-19T01:00Z,115
5101,2024-10-19T01:01Z,79
5102,2024-10-19T01:02Z,135
5103,2024-10-19T01:03Z,103
5104,2024-10-19T01:04Z,156
5105,2024-10-19T01:05Z,123
5106,2024-10-19T01:06Z,271
5107,2024-10-19T01:07Z,142
5108,2024-10-19T01:08Z,155
5109,2024-10-19T01:09Z,198
5110,2024-10-19T01:10Z,88
5111,2024-10-19T01:11Z,170
5112,2024-10-19T01:12Z,221
5113,2024-10-19T01:13Z,95
5114,2024-10-19T01:14Z,75
5115,2024-10-19T01:15Z,86
5116,2024-10-19T01:16Z,73
5117,2024-10-19T01:17Z,76
5118,2024-10-19T01:18Z,167
5119,2024-10-19T01:19Z,135
5120,2024-10-19T01:20Z,104
5121,2024-10-19T01:21Z,170
5122,2024-10-19T01:22Z,189
5123,2024-10-19T01:23Z,102
5124,2024-10-19T01:24Z,123
5125,2024-10-19T01:25Z,169
5126,2024-10-19T01:26Z,69
5127,2024-10-19T01:27Z,95
5128,2024-10-19T01:28Z,107
5129,2024-10-19T01:29Z,62
5130,2024-10-19T01:30Z,72
5131,2024-10-19T01:31Z,56
5132,2024-10-19T01:32Z,129
5133,2024-10-19T01:33Z,69
5134,2024-10-19T01:34Z,141
5135,2024-10-19T01:35Z,144
5136,2024-10-19T01:36Z,201
5137,2024-10-19T01:37Z,120
5138,2024-10-19T01:38Z,110
5139,2024-10-19T01:39Z,152
5140,2024-10-19T01:40Z,83
5141,2024-10-19T01:41Z,66
5142,2024-10-19T01:42Z,213
5143,2024-10-19T01:43Z,145
5144,2024-10-19T01:44Z,100
5145,2024-10-19T01:45Z,111
5146,2024-10-19T01:46Z,85
5147,2024-10-19T01:47Z,68
5148,2024-10-19T01:48Z,112
5149,2024-10-19T01:49Z,169
5150,2024-10-19T01:50Z,100
5151,2024-10-19T01:51Z,96
5152,2024-10-19T01:52Z,93
5153,2024-10-19T01:53Z,74
5154,2024-10-19T01:54Z,130
5155,2024-10-19T01:55Z,87
5156,2024-10-19T01:56Z,146
5157,2024-10-19T01:57Z,143
5158,2024-10-19T01:58Z,86
5159,2024-10-19T01:59Z,225
5160,2024-10-19T02:00Z,153
5161,2024-10-19T02:01Z,75
5162,2024-10-19T02:02Z,86
5163,2024-10-19T02:03Z,80
5164,2024-10-19T02:04Z,98
5165,2024-10-19T02:05Z,121
5166,2024-10-19T02:06Z,125
5167,2024-10-19T02:07Z,117
5168,2024-10-19T02:08Z,73
5169,2024-10-19T02:09Z,87
5170,2024-10-19T02:10Z,188
5171,2024-10-19T02:11Z,182
5172,2024-10-19T02:12Z,67
5173,2024-10-19T02:13Z,139
5174,2024-10-19T02:14Z,160
5175,2024-10-19T02:15Z,106
5176,2024-10-19T02:16Z,179
5177,2024-10-19T02:17Z,136
5178,2024-10-19T02:18Z,105
5179,2024-10-19T02:19Z,69
5180,2024-10-19T02:20Z,74
5181,2024-10-19T02:21Z,204
5182,2024-10-19T02:22Z,111
5183,2024-10-19T02:23Z,195
5184,2024-10-19T02:24Z,138
5185,2024-10-19T02:25Z,114
5186,2024-10-19T02:26Z,99
5187,2024-10-19T02:27Z,92
5188,2024-10-19T02:28Z,107
5189,2024-10-19T02:29Z,65
5190,2024-10-19T02:30Z,60
5191,2024-10-19T02:31Z,94
5192,2024-10-19T02:32Z,154
5193,2024-10-19T02:33Z,70
5194,2024-10-19T02:34Z,35
5195,2024-10-19T02:35Z,27
5196,2024-10-19T02:36Z,43
5197,2024-10-19T02:37Z,83
5198,2024-10-19T02:38Z,147
5199,2024-10-19T02:39Z,43
5200,2024-10-19T02:40Z,107
5201,2024-10-19T02:41Z,104
5202,2024-10-19T02:42Z,213
5203,2024-10-19T02:43Z,55
5204,2024-10-19T02:44Z,97
5205,2024-10-19T02:45Z,29
5206,2024-10-19T02:46Z,36
5207,2024-10-19T02:47Z,26
5208,2024-10-19T02:48Z,49
5209,2024-10-19T02:49Z,81
5210,2024-10-19T02:50Z,103
5211,2024-10-19T02:51Z,117
5212,2024-10-19T02:52Z,112
5213,2024-10-19T02:53Z,78
5214,2024-10-19T02:54Z,58
5215,2024-10-19T02:55Z,108
5216,2024-10-19T02:56Z,86
5217,2024-10-19T02:57Z,97
5218,2024-10-19T02:58Z,239
5219,2024-10-19T02:59Z,122
5220,2024-10-19T03:00Z,100
5221,2024-10-19T03:01Z,72
5222,2024-10-19T03:02Z,85
5223,2024-10-19T03:03Z,52
5224,2024-10-19T03:04Z,65
5225,2024-10-19T03:05Z,39
5226,2024-10-19T03:06Z,30
5227,2024-10-19T03:07Z,48
5228,2024-10-19T03:08Z,40
5229,2024-10-19T03:09Z,30
5230,2024-10-19T03:10Z,65
5231,2024-10-19T03:11Z,75
5232,2024-10-19T03:12Z,92
5233,2024-10-19T03:13Z,113
5234,2024-10-19T03:14Z,43
5235,2024-10-19T03:15Z,47
5236,2024-10-19T03:16Z,23
5237,2024-10-19T03:17Z,144
5238,2024-10-19T03:18Z,41
5239,2024-10-19T03:19Z,145
5240,2024-10-19T03:20Z,55
5241,2024-10-19T03:21Z,34
5242,2024-10-19T03:22Z,41
5243,2024-10-19T03:23Z,151
5244,2024-10-19T03:24Z,47
5245,2024-10-19T03:25Z,59
5246,2024-10-19T03:26Z,38
5247,2024-10-19T03:27Z,36
5248,2024-10-19T03:28Z,49
5249,2024-10-19T03:29Z,68
5250,2024-10-19T03:30Z,32
5251,2024-10-19T03:31Z,51
5252,2024-10-19T03:32Z,31
5253,2024-10-19T03:33Z,29
5254,2024-10-19T03:34Z,36
5255,2024-10-19T03:35Z,28
5256,2024-10-19T03:36Z,34
5257,2024-10-19T03:37Z,27
5258,2024-10-19T03:38Z,33
5259,2024-10-19T03:39Z,31
5260,2024-10-19T03:40Z,30
5261,2024-10-19T03:41Z,30
5262,2024-10-19T03:42Z,34
5263,2024-10-19T03:43Z,60
5264,2024-10-19T03:44Z,101
5265,2024-10-19T03:45Z,21
5266,2024-10-19T03:46Z,35
5267,2024-10-19T03:47Z,107
5268,2024-10-19T03:48Z,33
5269,2024-10-19T03:49Z,95
5270,2024-10-19T03:50Z,31
5271,2024-10-19T03:51Z,46
5272,2024-10-19T03:52Z,87
5273,2024-10-19T03:53Z,42
5274,2024-10-19T03:54Z,31
5275,2024-10-19T03:55Z,30
5276,2024-10-19T03:56Z,32
5277,2024-10-19T03:57Z,60
5278,2024-10-19T03:58Z,28
5279,2024-10-19T03:59Z,56
5280,2024-10-19T04:00Z,34
5281,2024-10-19T04:01Z,61
5282,2024-10-19T04:02Z,30
5283,2024-10-19T04:03Z,29
5284,2024-10-19T04:04Z,87
5285,2024-10-19T04:05Z,31
5286,2024-10-19T04:06Z,44
5287,2024-10-19T04:07Z,39
5288,2024-10-19T04:08Z,64
5289,2024-10-19T04:09Z,50
5290,2024-10-19T04:10Z,104
5291,2024-10-19T04:11Z,83
5292,2024-10-19T04:12Z,61
5293,2024-10-19T04:13Z,37
5294,2024-10-19T04:14Z,53
5295,2024-10-19T04:15Z,28
5296,2024-10-19T04:16Z,50
5297,2024-10-19T04:17Z,18
5298,2024-10-19T04:18Z,28
5299,2024-10-19T04:19Z,72
5300,2024-10-19T04:20Z,31
5301,2024-10-19T04:21Z,34
5302,2024-10-19T04:22Z,109
5303,2024-10-19T04:23Z,24
5304,2024-10-19T04:24Z,32
5305,2024-10-19T04:25Z,49
5306,2024-10-19T04:26Z,90
5307,2024-10-19T04:27Z,113
5308,2024-10-19T04:28Z,43
5309,2024-10-19T04:29Z,45
5310,2024-10-19T04:30Z,65
5311,2024-10-19T04:31Z,24
5312,2024-10-19T04:32Z,18
5313,2024-10-19T04:33Z,36
5314,2024-10-19T04:34Z,86
5315,2024-10-19T04:35Z,50
5316,2024-10-19T04:36Z,45
5317,2024-10-19T04:37Z,54
5318,2024-10-19T04:38Z,45
5319,2024-10-19T04:39Z,16
5320,2024-10-19T04:40Z,17
5321,2024-10-19T04:41Z,36
5322,2024-10-19T04:42Z,55
5323,2024-10-19T04:43Z,29
5324,2024-10-19T04:44Z,69
5325,2024-10-19T04:45Z,66
5326,2024-10-19T04:46Z,62
5327,2024-10-19T04:47Z,24
5328,2024-10-19T04:48Z,22
5329,2024-10-19T04:49Z,42
5330,2024-10-19T04:50Z,27
5331,2024-10-19T04:51Z,26
5332,2024-10-19T04:52Z,48
5333,2024-10-19T04:53Z,63
5334,2024-10-19T04:54Z,55
5335,2024-10-19T04:55Z,85
5336,2024-10-19T04:56Z,89
5337,2024-10-19T04:57Z,32
5338,2024-10-19T04:58Z,27
5339,2024-10-19T04:59Z,83
5340,2024-10-19T05:00Z,57
5341,2024-10-19T05:01Z,45
5342,2024-10-19T05:02Z,79
5343,2024-10-19T05:03Z,80
5344,2024-10-19T05:04Z,41
5345,2024-10-19T05:05Z,26
5346,2024-10-19T05:06Z,24
5347,2024-10-19T05:07Z,52
5348,2024-10-19T05:08Z,71
5349,2024-10-19T05:09Z,37
5350,2024-10-19T05:10Z,46
5351,2024-10-19T05:11Z,60
5352,2024-10-19T05:12Z,30
5353,2024-10-19T05:13Z,49
5354,2024-10-19T05:14Z,20
5355,2024-10-19T05:15Z,17
5356,2024-10-19T05:16Z,13
5357,2024-10-19T05:17Z,17
5358,2024-10-19T05:18Z,24
5359,2024-10-19T05:19Z,21
5360,2024-10-19T05:20Z,66
5361,2024-10-19T05:21Z,49
5362,2024-10-19T05:22Z,46
5363,2024-10-19T05:23Z,23
5364,2024-10-19T05:24Z,121
5365,2024-10-19T05:25Z,17
5366,2024-10-19T05:26Z,20
5367,2024-10-19T05:27Z,44
5368,2024-10-19T05:28Z,106
5369,2024-10-19T05:29Z,21
5370,2024-10-19T05:30Z,25
5371,2024-10-19T05:31Z,20
5372,2024-10-19T05:32Z,68
5373,2024-10-19T05:33Z,23
5374,2024-10-19T05:34Z,23
5375,2024-10-19T05:35Z,29
5376,2024-10-19T05:36Z,23
5377,2024-10-19T05:37Z,71
5378,2024-10-19T05:38Z,59
5379,2024-10-19T05:39Z,50
5380,2024-10-19T05:40Z,61
5381,2024-10-19T05:41Z,57
5382,2024-10-19T05:42Z,78
5383,2024-10-19T05:43Z,23
5384,2024-10-19T05:44Z,39
5385,2024-10-19T05:45Z,94
5386,2024-10-19T05:46Z,57
5387,2024-10-19T05:47Z,57
5388,2024-10-19T05:48Z,39
5389,2024-10-19T05:49Z,21
5390,2024-10-19T05:50Z,15
5391,2024-10-19T05:51Z,15
5392,2024-10-19T05:52Z,25
5393,2024-10-19T05:53Z,40
5394,2024-10-19T05:54Z,27
5395,2024-10-19T05:55Z,22
5396,2024-10-19T05:56Z,22
5397,2024-10-19T05:57Z,30
5398,2024-10-19T05:58Z,22
5399,2024-10-19T05:59Z,69
5400,2024-10-19T06:00Z,78
5401,2024-10-19T06:01Z,26
5402,2024-10-19T06:02Z,18
5403,2024-10-19T06:03Z,31
5404,2024-10-19T06:04Z,72
5405,2024-10-19T06:05Z,69
5406,2024-10-19T06:06Z,35
5407,2024-10-19T06:07Z,94
5408,2024-10-19T06:08Z,39
5409,2024-10-19T06:09Z,101
5410,2024-10-19T06:10Z,32
5411,2024-10-19T06:11Z,27
5412,2024-10-19T06:12Z,94
5413,2024-10-19T06:13Z,73
5414,2024-10-19T06:14Z,39
5415,2024-10-19T06:15Z,32
5416,2024-10-19T06:16Z,80
5417,2024-10-19T06:17Z,24
5418,2024-10-19T06:18Z,33
5419,2024-10-19T06:19Z,37
5420,2024-10-19T06:20Z,105
5421,2024-10-19T06:21Z,32
5422,2024-10-19T06:22Z,58
5423,2024-10-19T06:23Z,43
5424,2024-10-19T06:24Z,16
5425,2024-10-19T06:25Z,26
5426,2024-10-19T06:26Z,30
5427,2024-10-19T06:27Z,140
5428,2024-10-19T06:28Z,30
5429,2024-10-19T06:29Z,34
5430,2024-10-19T06:30Z,32
5431,2024-10-19T06:31Z,38
5432,2024-10-19T06:32Z,125
5433,2024-10-19T06:33Z,176
5434,2024-10-19T06:34Z,69
5435,2024-10-19T06:35Z,30
5436,2024-10-19T06:36Z,22
5437,2024-10-19T06:37Z,96
5438,2024-10-19T06:38Z,123
5439,2024-10-19T06:39Z,118
5440,2024-10-19T06:40Z,37
5441,2024-10-19T06:41Z,34
5442,2024-10-19T06:42Z,56
5443,2024-10-19T06:43Z,123
5444,2024-10-19T06:44Z,90
5445,2024-10-19T06:45Z,44
5446,2024-10-19T06:46Z,82
5447,2024-10-19T06:47Z,21
5448,2024-10-19T06:48Z,38
5449,2024-10-19T06:49Z,22
5450,2024-10-19T06:50Z,19
5451,2024-10-19T06:51Z,31
5452,2024-10-19T06:52Z,37
5453,2024-10-19T06:53Z,78
5454,2024-10-19T06:54Z,32
5455,2024-10-19T06:55Z,34
5456,2024-10-19T06:56Z,61
5457,2024-10-19T06:57Z,39
5458,2024-10-19T06:58Z,99
5459,2024-10-19T06:59Z,75
5460,2024-10-19T07:00Z,117
5461,2024-10-19T07:01Z,34
5462,2024-10-19T07:02Z,43
5463,2024-10-19T07:03Z,59
5464,2024-10-19T07:04Z,29
5465,2024-10-19T07:05Z,135
5466,2024-10-19T07:06Z,37
5467,2024-10-19T07:07Z,31
5468,2024-10-19T07:08Z,67
5469,2024-10-19T07:09Z,45
5470,2024-10-19T07:10Z,38
5471,2024-10-19T07:11Z,65
5472,2024-10-19T07:12Z,31
5473,2024-10-19T07:13Z,26
5474,2024-10-19T07:14Z,49
5475,2024-10-19T07:15Z,68
5476,2024-10-19T07:16Z,27
5477,2024-10-19T07:17Z,19
5478,2024-10-19T07:18Z,42
5479,2024-10-19T07:19Z,38
5480,2024-10-19T07:20Z,74
5481,2024-10-19T07:21Z,38
5482,2024-10-19T07:22Z,95
5483,2024-10-19T07:23Z,37
5484,2024-10-19T07:24Z,53
5485,2024-10-19T07:25Z,71
5486,2024-10-19T07:26Z,61
5487,2024-10-19T07:27Z,23
5488,2024-10-19T07:28Z,24
5489,2024-10-19T07:29Z,35
5490,2024-10-19T07:30Z,120
5491,2024-10-19T07:31Z,26
5492,2024-10-19T07:32Z,31
5493,2024-10-19T07:33Z,24
5494,2024-10-19T07:34Z,42
5495,2024-10-19T07:35Z,127
5496,2024-10-19T07:36Z,37
5497,2024-10-19T07:37Z,46
5498,2024-10-19T07:38Z,46
5499,2024-10-19T07:39Z,48
5500,2024-10-19T07:40Z,179
5501,2024-10-19T07:41Z,59
5502,2024-10-19T07:42Z,102
5503,2024-10-19T07:43Z,52
5504,2024-10-19T07:44Z,123
5505,2024-10-19T07:45Z,71
5506,2024-10-19T07:46Z,58
5507,2024-10-19T07:47Z,123
5508,2024-10-19T07:48Z,40
5509,2024-10-19T07:49Z,69
5510,2024-10-19T07:50Z,40
5511,2024-10-19T07:51Z,56
5512,2024-10-19T07:52Z,123
5513,2024-10-19T07:53Z,45
5514,2024-10-19T07:54Z,44
5515,2024-10-19T07:55Z,105
5516,2024-10-19T07:56Z,69
5517,2024-10-19T07:57Z,66
5518,2024-10-19T07:58Z,43
5519,2024-10-19T07:59Z,38
5520,2024-10-19T08:00Z,82
5521,2024-10-19T08:01Z,128
5522,2024-10-19T08:02Z,313
5523,2024-10-19T08:03Z,39
5524,2024-10-19T08:04Z,30
5525,2024-10-19T08:05Z,47
5526,2024-10-19T08:06Z,79
5527,2024-10-19T08:07Z,38
5528,2024-10-19T08:08Z,65
5529,2024-10-19T08:09Z,38
5530,2024-10-19T08:10Z,67
5531,2024-10-19T08:11Z,74
5532,2024-10-19T08:12Z,96
5533,2024-10-19T08:13Z,98
5534,2024-10-19T08:14Z,26
5535,2024-10-19T08:15Z,66
5536,2024-10-19T08:16Z,61
5537,2024-10-19T08:17Z,67
5538,2024-10-19T08:18Z,57
5539,2024-10-19T08:19Z,131
5540,2024-10-19T08:20Z,86
5541,2024-10-19T08:21Z,58
5542,2024-10-19T08:22Z,104
5543,2024-10-19T08:23Z,23
5544,2024-10-19T08:24Z,100
5545,2024-10-19T08:25Z,54
5546,2024-10-19T08:26Z,46
5547,2024-10-19T08:27Z,69
5548,2024-10-19T08:28Z,51
5549,2024-10-19T08:29Z,132
5550,2024-10-19T08:30Z,79
5551,2024-10-19T08:31Z,46
5552,2024-10-19T08:32Z,65
5553,2024-10-19T08:33Z,104
5554,2024-10-19T08:34Z,106
5555,2024-10-19T08:35Z,101
5556,2024-10-19T08:36Z,95
5557,2024-10-19T08:37Z,141
5558,2024-10-19T08:38Z,129
5559,2024-10-19T08:39Z,316
5560,2024-10-19T08:40Z,132
5561,2024-10-19T08:41Z,172
5562,2024-10-19T08:42Z,121
5563,2024-10-19T08:43Z,113
5564,2024-10-19T08:44Z,88
5565,2024-10-19T08:45Z,158
5566,2024-10-19T08:46Z,106
5567,2024-10-19T08:47Z,93
5568,2024-10-19T08:48Z,44
5569,2024-10-19T08:49Z,220
5570,2024-10-19T08:50Z,74
5571,2024-10-19T08:51Z,127
5572,2024-10-19T08:52Z,60
5573,2024-10-19T08:53Z,81
5574,2024-10-19T08:54Z,158
5575,2024-10-19T08:55Z,74
5576,2024-10-19T08:56Z,115
5577,2024-10-19T08:57Z,185
5578,2024-10-19T08:58Z,213
5579,2024-10-19T08:59Z,167
5580,2024-10-19T09:00Z,58
5581,2024-10-19T09:01Z,57
5582,2024-10-19T09:02Z,111
5583,2024-10-19T09:03Z,136
5584,2024-10-19T09:04Z,89
5585,2024-10-19T09:05Z,31
5586,2024-10-19T09:06Z,25
5587,2024-10-19T09:07Z,23
5588,2024-10-19T09:08Z,34
5589,2024-10-19T09:09Z,19
5590,2024-10-19T09:10Z,14
5591,2024-10-19T09:11Z,29
5592,2024-10-19T09:12Z,23
5593,2024-10-19T09:13Z,27
5594,2024-10-19T09:14Z,23
5595,2024-10-19T09:15Z,27
5596,2024-10-19T09:16Z,32
5597,2024-10-19T09:17Z,19
5598,2024-10-19T09:18Z,21
5599,2024-10-19T09:19Z,25
5600,2024-10-19T09:20Z,26
5601,2024-10-19T09:21Z,21
5602,2024-10-19T09:22Z,32
5603,2024-10-19T09:23Z,22
5604,2024-10-19T09:24Z,31
5605,2024-10-19T09:25Z,30
5606,2024-10-19T09:26Z,16
5607,2024-10-19T09:27Z,24
5608,2024-10-19T09:28Z,34
5609,2024-10-19T09:29Z,51
5610,2024-10-19T09:30Z,126
5611,2024-10-19T09:31Z,83
5612,2024-10-19T09:32Z,24
5613,2024-10-19T09:33Z,73
5614,2024-10-19T09:34Z,91
5615,2024-10-19T09:35Z,69
5616,2024-10-19T09:36Z,36
5617,2024-10-19T09:37Z,21
5618,2024-10-19T09:38Z,35
5619,2024-10-19T09:39Z,41
5620,2024-10-19T09:40Z,89
5621,2024-10-19T09:41Z,31
5622,2024-10-19T09:42Z,34
5623,2024-10-19T09:43Z,30
5624,2024-10-19T09:44Z,33
5625,2024-10-19T09:45Z,33
5626,2024-10-19T09:46Z,69
5627,2024-10-19T09:47Z,36
5628,2024-10-19T09:48Z,71
5629,2024-10-19T09:49Z,110
5630,2024-10-19T09:50Z,30
5631,2024-10-19T09:51Z,21
5632,2024-10-19T09:52Z,24
5633,2024-10-19T09:53Z,45
5634,2024-10-19T09:54Z,55
5635,2024-10-19T09:55Z,39
5636,2024-10-19T09:56Z,28
5637,2024-10-19T09:57Z,18
5638,2024-10-19T09:58Z,56
5639,2024-10-19T09:59Z,39
5640,2024-10-19T10:00Z,75
5641,2024-10-19T10:01Z,136
5642,2024-10-19T10:02Z,54
5643,2024-10-19T10:03Z,130
5644,2024-10-19T10:04Z,40
5645,2024-10-19T10:05Z,56
5646,2024-10-19T10:06Z,87
5647,2024-10-19T10:07Z,43
5648,2024-10-19T10:08Z,46
5649,2024-10-19T10:09Z,29
5650,2024-10-19T10:10Z,40
5651,2024-10-19T10:11Z,70
5652,2024-10-19T10:12Z,25
5653,2024-10-19T10:13Z,35
5654,2024-10-19T10:14Z,62
5655,2024-10-19T10:15Z,27
5656,2024-10-19T10:16Z,122
5657,2024-10-19T10:17Z,44
5658,2024-10-19T10:18Z,110
5659,2024-10-19T10:19Z,57
5660,2024-10-19T10:20Z,38
5661,2024-10-19T10:21Z,32
5662,2024-10-19T10:22Z,87
5663,2024-10-19T10:23Z,59
5664,2024-10-19T10:24Z,46
5665,2024-10-19T10:25Z,34
5666,2024-10-19T10:26Z,40
5667,2024-10-19T10:27Z,59
5668,2024-10-19T10:28Z,209
5669,2024-10-19T10:29Z,52
5670,2024-10-19T10:30Z,89
5671,2024-10-19T10:31Z,104
5672,2024-10-19T10:32Z,64
5673,2024-10-19T10:33Z,70
5674,2024-10-19T10:34Z,45
5675,2024-10-19T10:35Z,112
5676,2024-10-19T10:36Z,35
5677,2024-10-19T10:37Z,83
5678,2024-10-19T10:38Z,63
5679,2024-10-19T10:39Z,72
5680,2024-10-19T10:40Z,41
5681,2024-10-19T10:41Z,54
5682,2024-10-19T10:42Z,82
5683,2024-10-19T10:43Z,30
5684,2024-10-19T10:44Z,29
5685,2024-10-19T10:45Z,24
5686,2024-10-19T10:46Z,57
5687,2024-10-19T10:47Z,73
5688,2024-10-19T10:48Z,51
5689,2024-10-19T10:49Z,38
5690,2024-10-19T10:50Z,44
5691,2024-10-19T10:51Z,44
5692,2024-10-19T10:52Z,83
5693,2024-10-19T10:53Z,37
5694,2024-10-19T10:54Z,44
5695,2024-10-19T10:55Z,48
5696,2024-10-19T10:56Z,55
5697,2024-10-19T10:57Z,65
5698,2024-10-19T10:58Z,89
5699,2024-10-19T10:59Z,99
5700,2024-10-19T11:00Z,38
5701,2024-10-19T11:01Z,44
5702,2024-10-19T11:02Z,60
5703,2024-10-19T11:03Z,34
5704,2024-10-19T11:04Z,45
5705,2024-10-19T11:05Z,68
5706,2024-10-19T11:06Z,36
5707,2024-10-19T11:07Z,31
5708,2024-10-19T11:08Z,51
5709,2024-10-19T11:09Z,42
5710,2024-10-19T11:10Z,44
5711,2024-10-19T11:11Z,41
5712,2024-10-19T11:12Z,29
5713,2024-10-19T11:13Z,33
5714,2024-10-19T11:14Z,46
5715,2024-10-19T11:15Z,40
5716,2024-10-19T11:16Z,151
5717,2024-10-19T11:17Z,46
5718,2024-10-19T11:18Z,47
5719,2024-10-19T11:19Z,38
5720,2024-10-19T11:20Z,78
5721,2024-10-19T11:21Z,47
5722,2024-10-19T11:22Z,48
5723,2024-10-19T11:23Z,40
5724,2024-10-19T11:24Z,54
5725,2024-10-19T11:25Z,91
5726,2024-10-19T11:26Z,41
5727,2024-10-19T11:27Z,42
5728,2024-10-19T11:28Z,48
5729,2024-10-19T11:29Z,56
5730,2024-10-19T11:30Z,62
5731,2024-10-19T11:31Z,56
5732,2024-10-19T11:32Z,95
5733,2024-10-19T11:33Z,90
5734,2024-10-19T11:34Z,51
5735,2024-10-19T11:35Z,62
5736,2024-10-19T11:36Z,101
5737,2024-10-19T11:37Z,112
5738,2024-10-19T11:38Z,108
5739,2024-10-19T11:39Z,99
5740,2024-10-19T11:40Z,147
5741,2024-10-19T11:41Z,68
5742,2024-10-19T11:42Z,66
5743,2024-10-19T11:43Z,82
5744,2024-10-19T11:44Z,59
5745,2024-10-19T11:45Z,67
5746,2024-10-19T11:46Z,96
5747,2024-10-19T11:47Z,46
5748,2024-10-19T11:48Z,45
5749,2024-10-19T11:49Z,120
5750,2024-10-19T11:50Z,34
5751,2024-10-19T11:51Z,37
5752,2024-10-19T11:52Z,36
5753,2024-10-19T11:53Z,42
5754,2024-10-19T11:54Z,33
5755,2024-10-19T11:55Z,44
5756,2024-10-19T11:56Z,52
5757,2024-10-19T11:57Z,43
5758,2024-10-19T11:58Z,29
5759,2024-10-19T11:59Z,87
5760,2024-10-19T12:00Z,46
5761,2024-10-19T12:01Z,40
5762,2024-10-19T12:02Z,41
5763,2024-10-19T12:03Z,45
5764,2024-10-19T12:04Z,62
5765,2024-10-19T12:05Z,39
5766,2024-10-19T12:06Z,45
5767,2024-10-19T12:07Z,48
5768,2024-10-19T12:08Z,37
5769,2024-10-19T12:09Z,39
5770,2024-10-19T12:10Z,114
5771,2024-10-19T12:11Z,83
5772,2024-10-19T12:12Z,50
5773,2024-10-19T12:13Z,63
5774,2024-10-19T12:14Z,48
5775,2024-10-19T12:15Z,37
5776,2024-10-19T12:16Z,44
5777,2024-10-19T12:17Z,34
5778,2024-10-19T12:18Z,79
5779,2024-10-19T12:19Z,48
5780,2024-10-19T12:20Z,194
5781,2024-10-19T12:21Z,42
5782,2024-10-19T12:22Z,70
5783,2024-10-19T12:23Z,53
5784,2024-10-19T12:24Z,47
5785,2024-10-19T12:25Z,65
5786,2024-10-19T12:26Z,42
5787,2024-10-19T12:27Z,63
5788,2024-10-19T12:28Z,57
5789,2024-10-19T12:29Z,50
5790,2024-10-19T12:30Z,90
5791,2024-10-19T12:31Z,111
5792,2024-10-19T12:32Z,81
5793,2024-10-19T12:33Z,58
5794,2024-10-19T12:34Z,36
5795,2024-10-19T12:35Z,60
5796,2024-10-19T12:36Z,71
5797,2024-10-19T12:37Z,41
5798,2024-10-19T12:38Z,60
5799,2024-10-19T12:39Z,45
5800,2024-10-19T12:40Z,57
5801,2024-10-19T12:41Z,85
5802,2024-10-19T12:42Z,139
5803,2024-10-19T12:43Z,51
5804,2024-10-19T12:44Z,73
5805,2024-10-19T12:45Z,36
5806,2024-10-19T12:46Z,47
5807,2024-10-19T12:47Z,49
5808,2024-10-19T12:48Z,30
5809,2024-10-19T12:49Z,32
5810,2024-10-19T12:50Z,42
5811,2024-10-19T12:51Z,42
5812,2024-10-19T12:52Z,94
5813,2024-10-19T12:53Z,28
5814,2024-10-19T12:54Z,42
5815,2024-10-19T12:55Z,42
5816,2024-10-19T12:56Z,44
5817,2024-10-19T12:57Z,82
5818,2024-10-19T12:58Z,91
5819,2024-10-19T12:59Z,81
5820,2024-10-19T13:00Z,56
5821,2024-10-19T13:01Z,54
5822,2024-10-19T13:02Z,47
5823,2024-10-19T13:03Z,44
5824,2024-10-19T13:04Z,68
5825,2024-10-19T13:05Z,98
5826,2024-10-19T13:06Z,70
5827,2024-10-19T13:07Z,106
5828,2024-10-19T13:08Z,47
5829,2024-10-19T13:09Z,77
5830,2024-10-19T13:10Z,74
5831,2024-10-19T13:11Z,79
5832,2024-10-19T13:12Z,117
5833,2024-10-19T13:13Z,93
5834,2024-10-19T13:14Z,39
5835,2024-10-19T13:15Z,49
5836,2024-10-19T13:16Z,53
5837,2024-10-19T13:17Z,55
5838,2024-10-19T13:18Z,40
5839,2024-10-19T13:19Z,38
5840,2024-10-19T13:20Z,59
5841,2024-10-19T13:21Z,49
5842,2024-10-19T13:22Z,38
5843,2024-10-19T13:23Z,37
5844,2024-10-19T13:24Z,67
5845,2024-10-19T13:25Z,65
5846,2024-10-19T13:26Z,57
5847,2024-10-19T13:27Z,114
5848,2024-10-19T13:28Z,51
5849,2024-10-19T13:29Z,33
5850,2024-10-19T13:30Z,40
5851,2024-10-19T13:31Z,60
5852,2024-10-19T13:32Z,76
5853,2024-10-19T13:33Z,46
5854,2024-10-19T13:34Z,56
5855,2024-10-19T13:35Z,33
5856,2024-10-19T13:36Z,42
5857,2024-10-19T13:37Z,41
5858,2024-10-19T13:38Z,42
5859,2024-10-19T13:39Z,29
5860,2024-10-19T13:40Z,36
5861,2024-10-19T13:41Z,39
5862,2024-10-19T13:42Z,84
5863,2024-10-19T13:43Z,36
5864,2024-10-19T13:44Z,39
5865,2024-10-19T13:45Z,33
5866,2024-10-19T13:46Z,37
5867,2024-10-19T13:47Z,38
5868,2024-10-19T13:48Z,52
5869,2024-10-19T13:49Z,75
5870,2024-10-19T13:50Z,38
5871,2024-10-19T13:51Z,37
5872,2024-10-19T13:52Z,41
5873,2024-10-19T13:53Z,110
5874,2024-10-19T13:54Z,37
5875,2024-10-19T13:55Z,30
5876,2024-10-19T13:56Z,79
5877,2024-10-19T13:57Z,87
5878,2024-10-19T13:58Z,69
5879,2024-10-19T13:59Z,59
5880,2024-10-19T14:00Z,77
5881,2024-10-19T14:01Z,58
5882,2024-10-19T14:02Z,44
5883,2024-10-19T14:03Z,101
5884,2024-10-19T14:04Z,79
5885,2024-10-19T14:05Z,68
5886,2024-10-19T14:06Z,38
5887,2024-10-19T14:07Z,70
5888,2024-10-19T14:08Z,106
5889,2024-10-19T14:09Z,121
5890,2024-10-19T14:10Z,41
5891,2024-10-19T14:11Z,39
5892,2024-10-19T14:12Z,39
5893,2024-10-19T14:13Z,74
5894,2024-10-19T14:14Z,107
5895,2024-10-19T14:15Z,80
5896,2024-10-19T14:16Z,80
5897,2024-10-19T14:17Z,37
5898,2024-10-19T14:18Z,50
5899,2024-10-19T14:19Z,35
5900,2024-10-19T14:20Z,85
5901,2024-10-19T14:21Z,118
5902,2024-10-19T14:22Z,49
5903,2024-10-19T14:23Z,88
5904,2024-10-19T14:24Z,53
5905,2024-10-19T14:25Z,66
5906,2024-10-19T14:26Z,49
5907,2024-10-19T14:27Z,80
5908,2024-10-19T14:28Z,54
5909,2024-10-19T14:29Z,93
5910,2024-10-19T14:30Z,67
5911,2024-10-19T14:31Z,91
5912,2024-10-19T14:32Z,57
5913,2024-10-19T14:33Z,48
5914,2024-10-19T14:34Z,16
5915,2024-10-19T14:35Z,40
5916,2024-10-19T14:36Z,73
5917,2024-10-19T14:37Z,43
5918,2024-10-19T14:38Z,61
5919,2024-10-19T14:39Z,52
5920,2024-10-19T14:40Z,61
5921,2024-10-19T14:41Z,34
5922,2024-10-19T14:42Z,71
5923,2024-10-19T14:43Z,55
5924,2024-10-19T14:44Z,51
5925,2024-10-19T14:45Z,96
5926,2024-10-19T14:46Z,79
5927,2024-10-19T14:47Z,66
5928,2024-10-19T14:48Z,53
5929,2024-10-19T14:49Z,30
5930,2024-10-19T14:50Z,66
5931,2024-10-19T14:51Z,26
5932,2024-10-19T14:52Z,17
5933,2024-10-19T14:53Z,21
5934,2024-10-19T14:54Z,55
5935,2024-10-19T14:55Z,58
5936,2024-10-19T14:56Z,20
5937,2024-10-19T14:57Z,66
5938,2024-10-19T14:58Z,30
5939,2024-10-19T14:59Z,125
5940,2024-10-19T15:00Z,23
5941,2024-10-19T15:01Z,28
5942,2024-10-19T15:02Z,31
5943,2024-10-19T15:03Z,44
5944,2024-10-19T15:04Z,33
5945,2024-10-19T15:05Z,25
5946,2024-10-19T15:06Z,30
5947,2024-10-19T15:07Z,63
5948,2024-10-19T15:08Z,35
5949,2024-10-19T15:09Z,16
5950,2024-10-19T15:10Z,52
5951,2024-10-19T15:11Z,35
5952,2024-10-19T15:12Z,28
5953,2024-10-19T15:13Z,27
5954,2024-10-19T15:14Z,54
5955,2024-10-19T15:15Z,25
5956,2024-10-19T15:16Z,57
5957,2024-10-19T15:17Z,78
5958,2024-10-19T15:18Z,47
5959,2024-10-19T15:19Z,51
5960,2024-10-19T15:20Z,53
5961,2024-10-19T15:21Z,28
5962,2024-10-19T15:22Z,70
5963,2024-10-19T15:23Z,46
5964,2024-10-19T15:24Z,68
5965,2024-10-19T15:25Z,86
5966,2024-10-19T15:26Z,40
5967,2024-10-19T15:27Z,25
5968,2024-10-19T15:28Z,36
5969,2024-10-19T15:29Z,33
5970,2024-10-19T15:30Z,20
5971,2024-10-19T15:31Z,116
5972,2024-10-19T15:32Z,35
5973,2024-10-19T15:33Z,94
5974,2024-10-19T15:34Z,22
5975,2024-10-19T15:35Z,44
5976,2024-10-19T15:36Z,36
5977,2024-10-19T15:37Z,19
5978,2024-10-19T15:38Z,55
5979,2024-10-19T15:39Z,75
5980,2024-10-19T15:40Z,119
5981,2024-10-19T15:41Z,24
5982,2024-10-19T15:42Z,96
5983,2024-10-19T15:43Z,29
5984,2024-10-19T15:44Z,32
5985,2024-10-19T15:45Z,41
5986,2024-10-19T15:46Z,145
5987,2024-10-19T15:47Z,73
5988,2024-10-19T15:48Z,74
5989,2024-10-19T15:49Z,87
5990,2024-10-19T15:50Z,51
5991,2024-10-19T15:51Z,36
5992,2024-10-19T15:52Z,60
5993,2024-10-19T15:53Z,40
5994,2024-10-19T15:54Z,46
5995,2024-10-19T15:55Z,64
5996,2024-10-19T15:56Z,52
5997,2024-10-19T15:57Z,31
5998,2024-10-19T15:58Z,36
5999,2024-10-19T15:59Z,27
6000,2024-10-19T16:00Z,35
6001,2024-10-19T16:01Z,37
6002,2024-10-19T16:02Z,32
6003,2024-10-19T16:03Z,30
6004,2024-10-19T16:04Z,32
6005,2024-10-19T16:05Z,29
6006,2024-10-19T16:06Z,26
6007,2024-10-19T16:07Z,33
6008,2024-10-19T16:08Z,95
6009,2024-10-19T16:09Z,31
6010,2024-10-19T16:10Z,67
6011,2024-10-19T16:11Z,34
6012,2024-10-19T16:12Z,43
6013,2024-10-19T16:13Z,79
6014,2024-10-19T16:14Z,33
6015,2024-10-19T16:15Z,94
6016,2024-10-19T16:16Z,77
6017,2024-10-19T16:17Z,87
6018,2024-10-19T16:18Z,41
6019,2024-10-19T16:19Z,39
6020,2024-10-19T16:20Z,75
6021,2024-10-19T16:21Z,57
6022,2024-10-19T16:22Z,56
6023,2024-10-19T16:23Z,38
6024,2024-10-19T16:24Z,42
6025,2024-10-19T16:25Z,110
6026,2024-10-19T16:26Z,82
6027,2024-10-19T16:27Z,45
6028,2024-10-19T16:28Z,64
6029,2024-10-19T16:29Z,92
6030,2024-10-19T16:30Z,42
6031,2024-10-19T16:31Z,83
6032,2024-10-19T16:32Z,75
6033,2024-10-19T16:33Z,90
6034,2024-10-19T16:34Z,120
6035,2024-10-19T16:35Z,75
6036,2024-10-19T16:36Z,60
6037,2024-10-19T16:37Z,55
6038,2024-10-19T16:38Z,39
6039,2024-10-19T16:39Z,36
6040,2024-10-19T16:40Z,58
6041,2024-10-19T16:41Z,98
6042,2024-10-19T16:42Z,85
6043,2024-10-19T16:43Z,47
6044,2024-10-19T16:44Z,36
6045,2024-10-19T16:45Z,24
6046,2024-10-19T16:46Z,75
6047,2024-10-19T16:47Z,58
6048,2024-10-19T16:48Z,70
6049,2024-10-19T16:49Z,113
6050,2024-10-19T16:50Z,92
6051,2024-10-19T16:51Z,68
6052,2024-10-19T16:52Z,39
6053,2024-10-19T16:53Z,63
6054,2024-10-19T16:54Z,60
6055,2024-10-19T16:55Z,53
6056,2024-10-19T16:56Z,86
6057,2024-10-19T16:57Z,116
6058,2024-10-19T16:58Z,86
6059,2024-10-19T16:59Z,82
6060,2024-10-19T17:00Z,92
6061,2024-10-19T17:01Z,54
6062,2024-10-19T17:02Z,52
6063,2024-10-19T17:03Z,42
6064,2024-10-19T17:04Z,70
6065,2024-10-19T17:05Z,74
6066,2024-10-19T17:06Z,31
6067,2024-10-19T17:07Z,40
6068,2024-10-19T17:08Z,31
6069,2024-10-19T17:09Z,30
6070,2024-10-19T17:10Z,36
6071,2024-10-19T17:11Z,86
6072,2024-10-19T17:12Z,43
6073,2024-10-19T17:13Z,36
6074,2024-10-19T17:14Z,54
6075,2024-10-19T17:15Z,49
6076,2024-10-19T17:16Z,35
6077,2024-10-19T17:17Z,72
6078,2024-10-19T17:18Z,34
6079,2024-10-19T17:19Z,27
6080,2024-10-19T17:20Z,51
6081,2024-10-19T17:21Z,56
6082,2024-10-19T17:22Z,39
6083,2024-10-19T17:23Z,68
6084,2024-10-19T17:24Z,78
6085,2024-10-19T17:25Z,41
6086,2024-10-19T17:26Z,67
6087,2024-10-19T17:27Z,49
6088,2024-10-19T17:28Z,84
6089,2024-10-19T17:29Z,31
6090,2024-10-19T17:30Z,102
6091,2024-10-19T17:31Z,115
6092,2024-10-19T17:32Z,52
6093,2024-10-19T17:33Z,70
6094,2024-10-19T17:34Z,52
6095,2024-10-19T17:35Z,41
6096,2024-10-19T17:36Z,43
6097,2024-10-19T17:37Z,117
6098,2024-10-19T17:38Z,34
6099,2024-10-19T17:39Z,47
6100,2024-10-19T17:40Z,36
6101,2024-10-19T17:41Z,73
6102,2024-10-19T17:42Z,44
6103,2024-10-19T17:43Z,44
6104,2024-10-19T17:44Z,38
6105,2024-10-19T17:45Z,53
6106,2024-10-19T17:46Z,58
6107,2024-10-19T17:47Z,70
6108,2024-10-19T17:48Z,48
6109,2024-10-19T17:49Z,28
6110,2024-10-19T17:50Z,65
6111,2024-10-19T17:51Z,88
6112,2024-10-19T17:52Z,51
6113,2024-10-19T17:53Z,86
6114,2024-10-19T17:54Z,106
6115,2024-10-19T17:55Z,69
6116,2024-10-19T17:56Z,57
6117,2024-10-19T17:57Z,33
6118,2024-10-19T17:58Z,73
6119,2024-10-19T17:59Z,95
6120,2024-10-19T18:00Z,51
6121,2024-10-19T18:01Z,38
6122,2024-10-19T18:02Z,91
6123,2024-10-19T18:03Z,38
6124,2024-10-19T18:04Z,42
6125,2024-10-19T18:05Z,32
6126,2024-10-19T18:06Z,39
6127,2024-10-19T18:07Z,49
6128,2024-10-19T18:08Z,96
6129,2024-10-19T18:09Z,53
6130,2024-10-19T18:10Z,47
6131,2024-10-19T18:11Z,43
6132,2024-10-19T18:12Z,30
6133,2024-10-19T18:13Z,40
6134,2024-10-19T18:14Z,65
6135,2024-10-19T18:15Z,87
6136,2024-10-19T18:16Z,37
6137,2024-10-19T18:17Z,46
6138,2024-10-19T18:18Z,67
6139,2024-10-19T18:19Z,96
6140,2024-10-19T18:20Z,70
6141,2024-10-19T18:21Z,50
6142,2024-10-19T18:22Z,33
6143,2024-10-19T18:23Z,55
6144,2024-10-19T18:24Z,102
6145,2024-10-19T18:25Z,81
6146,2024-10-19T18:26Z,36
6147,2024-10-19T18:27Z,42
6148,2024-10-19T18:28Z,41
6149,2024-10-19T18:29Z,136
6150,2024-10-19T18:30Z,90
6151,2024-10-19T18:31Z,48
6152,2024-10-19T18:32Z,31
6153,2024-10-19T18:33Z,63
6154,2024-10-19T18:34Z,51
6155,2024-10-19T18:35Z,84
6156,2024-10-19T18:36Z,43
6157,2024-10-19T18:37Z,29
6158,2024-10-19T18:38Z,72
6159,2024-10-19T18:39Z,35
6160,2024-10-19T18:40Z,27
6161,2024-10-19T18:41Z,33
6162,2024-10-19T18:42Z,47
6163,2024-10-19T18:43Z,67
6164,2024-10-19T18:44Z,69
6165,2024-10-19T18:45Z,35
6166,2024-10-19T18:46Z,31
6167,2024-10-19T18:47Z,54
6168,2024-10-19T18:48Z,112
6169,2024-10-19T18:49Z,87
6170,2024-10-19T18:50Z,52
6171,2024-10-19T18:51Z,32
6172,2024-10-19T18:52Z,35
6173,2024-10-19T18:53Z,40
6174,2024-10-19T18:54Z,46
6175,2024-10-19T18:55Z,38
6176,2024-10-19T18:56Z,76
6177,2024-10-19T18:57Z,31
6178,2024-10-19T18:58Z,46
6179,2024-10-19T18:59Z,56
6180,2024-10-19T19:00Z,47
6181,2024-10-19T19:01Z,46
6182,2024-10-19T19:02Z,27
6183,2024-10-19T19:03Z,79
6184,2024-10-19T19:04Z,90
6185,2024-10-19T19:05Z,87
6186,2024-10-19T19:06Z,34
6187,2024-10-19T19:07Z,92
6188,2024-10-19T19:08Z,48
6189,2024-10-19T19:09Z,41
6190,2024-10-19T19:10Z,40
6191,2024-10-19T19:11Z,39
6192,2024-10-19T19:12Z,57
6193,2024-10-19T19:13Z,76
6194,2024-10-19T19:14Z,42
6195,2024-10-19T19:15Z,19
6196,2024-10-19T19:16Z,30
6197,2024-10-19T19:17Z,26
6198,2024-10-19T19:18Z,53
6199,2024-10-19T19:19Z,55
6200,2024-10-19T19:20Z,54
6201,2024-10-19T19:21Z,78
6202,2024-10-19T19:22Z,43
6203,2024-10-19T19:23Z,93
6204,2024-10-19T19:24Z,50
6205,2024-10-19T19:25Z,41
6206,2024-10-19T19:26Z,79
6207,2024-10-19T19:27Z,63
6208,2024-10-19T19:28Z,50
6209,2024-10-19T19:29Z,113
6210,2024-10-19T19:30Z,106
6211,2024-10-19T19:31Z,69
6212,2024-10-19T19:32Z,80
6213,2024-10-19T19:33Z,71
6214,2024-10-19T19:34Z,47
6215,2024-10-19T19:35Z,85
6216,2024-10-19T19:36Z,41
6217,2024-10-19T19:37Z,83
6218,2024-10-19T19:38Z,89
6219,2024-10-19T19:39Z,31
6220,2024-10-19T19:40Z,39
6221,2024-10-19T19:41Z,54
6222,2024-10-19T19:42Z,41
6223,2024-10-19T19:43Z,97
6224,2024-10-19T19:44Z,21
6225,2024-10-19T19:45Z,20
6226,2024-10-19T19:46Z,31
6227,2024-10-19T19:47Z,56
6228,2024-10-19T19:48Z,20
6229,2024-10-19T19:49Z,17
6230,2024-10-19T19:50Z,43
6231,2024-10-19T19:51Z,10
6232,2024-10-19T19:52Z,62
6233,2024-10-19T19:53Z,41
6234,2024-10-19T19:54Z,37
6235,2024-10-19T19:55Z,11
6236,2024-10-19T19:56Z,32
6237,2024-10-19T19:57Z,11
6238,2024-10-19T19:58Z,30
6239,2024-10-19T19:59Z,47
6240,2024-10-19T20:00Z,58
6241,2024-10-19T20:01Z,37
6242,2024-10-19T20:02Z,45
6243,2024-10-19T20:03Z,27
6244,2024-10-19T20:04Z,60
6245,2024-10-19T20:05Z,69
6246,2024-10-19T20:06Z,35
6247,2024-10-19T20:07Z,49
6248,2024-10-19T20:08Z,36
6249,2024-10-19T20:09Z,20
6250,2024-10-19T20:10Z,26
6251,2024-10-19T20:11Z,37
6252,2024-10-19T20:12Z,12
6253,2024-10-19T20:13Z,22
6254,2024-10-19T20:14Z,62
6255,2024-10-19T20:15Z,26
6256,2024-10-19T20:16Z,97
6257,2024-10-19T20:17Z,57
6258,2024-10-19T20:18Z,53
6259,2024-10-19T20:19Z,49
6260,2024-10-19T20:20Z,16
6261,2024-10-19T20:21Z,22
6262,2024-10-19T20:22Z,82
6263,2024-10-19T20:23Z,104
6264,2024-10-19T20:24Z,87
6265,2024-10-19T20:25Z,66
6266,2024-10-19T20:26Z,53
6267,2024-10-19T20:27Z,16
6268,2024-10-19T20:28Z,18
6269,2024-10-19T20:29Z,48
6270,2024-10-19T20:30Z,31
6271,2024-10-19T20:31Z,57
6272,2024-10-19T20:32Z,58
6273,2024-10-19T20:33Z,18
6274,2024-10-19T20:34Z,39
6275,2024-10-19T20:35Z,39
6276,2024-10-19T20:36Z,70
6277,2024-10-19T20:37Z,34
6278,2024-10-19T20:38Z,45
6279,2024-10-19T20:39Z,33
6280,2024-10-19T20:40Z,28
6281,2024-10-19T20:41Z,49
6282,2024-10-19T20:42Z,47
6283,2024-10-19T20:43Z,25
6284,2024-10-19T20:44Z,21
6285,2024-10-19T20:45Z,11
6286,2024-10-19T20:46Z,19
6287,2024-10-19T20:47Z,44
6288,2024-10-19T20:48Z,13
6289,2024-10-19T20:49Z,19
6290,2024-10-19T20:50Z,26
6291,2024-10-19T20:51Z,19
6292,2024-10-19T20:52Z,38
6293,2024-10-19T20:53Z,18
6294,2024-10-19T20:54Z,17
6295,2024-10-19T20:55Z,54
6296,2024-10-19T20:56Z,11
6297,2024-10-19T20:57Z,46
6298,2024-10-19T20:58Z,42
6299,2024-10-19T20:59Z,70
6300,2024-10-19T21:00Z,57
6301,2024-10-19T21:01Z,79
6302,2024-10-19T21:02Z,45
6303,2024-10-19T21:03Z,104
6304,2024-10-19T21:04Z,34
6305,2024-10-19T21:05Z,39
6306,2024-10-19T21:06Z,66
6307,2024-10-19T21:07Z,28
6308,2024-10-19T21:08Z,57
6309,2024-10-19T21:09Z,41
6310,2024-10-19T21:10Z,14
6311,2024-10-19T21:11Z,11
6312,2024-10-19T21:12Z,30
6313,2024-10-19T21:13Z,66
6314,2024-10-19T21:14Z,49
6315,2024-10-19T21:15Z,38
6316,2024-10-19T21:16Z,59
6317,2024-10-19T21:17Z,30
6318,2024-10-19T21:18Z,23
6319,2024-10-19T21:19Z,64
6320,2024-10-19T21:20Z,36
6321,2024-10-19T21:21Z,39
6322,2024-10-19T21:22Z,44
6323,2024-10-19T21:23Z,49
6324,2024-10-19T21:24Z,15
6325,2024-10-19T21:25Z,24
6326,2024-10-19T21:26Z,34
6327,2024-10-19T21:27Z,20
6328,2024-10-19T21:28Z,43
6329,2024-10-19T21:29Z,54
6330,2024-10-19T21:30Z,31
6331,2024-10-19T21:31Z,20
6332,2024-10-19T21:32Z,19
6333,2024-10-19T21:33Z,18
6334,2024-10-19T21:34Z,24
6335,2024-10-19T21:35Z,56
6336,2024-10-19T21:36Z,25
6337,2024-10-19T21:37Z,30
6338,2024-10-19T21:38Z,16
6339,2024-10-19T21:39Z,14
6340,2024-10-19T21:40Z,84
6341,2024-10-19T21:41Z,14
6342,2024-10-19T21:42Z,21
6343,2024-10-19T21:43Z,13
6344,2024-10-19T21:44Z,61
6345,2024-10-19T21:45Z,23
6346,2024-10-19T21:46Z,19
6347,2024-10-19T21:47Z,17
6348,2024-10-19T21:48Z,56
6349,2024-10-19T21:49Z,46
6350,2024-10-19T21:50Z,47
6351,2024-10-19T21:51Z,52
6352,2024-10-19T21:52Z,67
6353,2024-10-19T21:53Z,36
6354,2024-10-19T21:54Z,37
6355,2024-10-19T21:55Z,48
6356,2024-10-19T21:56Z,22
6357,2024-10-19T21:57Z,22
6358,2024-10-19T21:58Z,15
6359,2024-10-19T21:59Z,22
6360,2024-10-19T22:00Z,24
6361,2024-10-19T22:01Z,102
6362,2024-10-19T22:02Z,41
6363,2024-10-19T22:03Z,115
6364,2024-10-19T22:04Z,76
6365,2024-10-19T22:05Z,58
6366,2024-10-19T22:06Z,47
6367,2024-10-19T22:07Z,19
6368,2024-10-19T22:08Z,50
6369,2024-10-19T22:09Z,37
6370,2024-10-19T22:10Z,13
6371,2024-10-19T22:11Z,31
6372,2024-10-19T22:12Z,44
6373,2024-10-19T22:13Z,56
6374,2024-10-19T22:14Z,33
6375,2024-10-19T22:15Z,30
6376,2024-10-19T22:16Z,46
6377,2024-10-19T22:17Z,16
6378,2024-10-19T22:18Z,42
6379,2024-10-19T22:19Z,10
6380,2024-10-19T22:20Z,8
6381,2024-10-19T22:21Z,25
6382,2024-10-19T22:22Z,33
6383,2024-10-19T22:23Z,18
6384,2024-10-19T22:24Z,82
6385,2024-10-19T22:25Z,27
6386,2024-10-19T22:26Z,16
6387,2024-10-19T22:27Z,37
6388,2024-10-19T22:28Z,15
6389,2024-10-19T22:29Z,28
6390,2024-10-19T22:30Z,45
6391,2024-10-19T22:31Z,67
6392,2024-10-19T22:32Z,43
6393,2024-10-19T22:33Z,32
6394,2024-10-19T22:34Z,107
6395,2024-10-19T22:35Z,56
6396,2024-10-19T22:36Z,26
6397,2024-10-19T22:37Z,65
6398,2024-10-19T22:38Z,33
6399,2024-10-19T22:39Z,58
6400,2024-10-19T22:40Z,38
6401,2024-10-19T22:41Z,48
6402,2024-10-19T22:42Z,22
6403,2024-10-19T22:43Z,107
6404,2024-10-19T22:44Z,24
6405,2024-10-19T22:45Z,57
6406,2024-10-19T22:46Z,17
6407,2024-10-19T22:47Z,32
6408,2024-10-19T22:48Z,60
6409,2024-10-19T22:49Z,47
6410,2024-10-19T22:50Z,84
6411,2024-10-19T22:51Z,75
6412,2024-10-19T22:52Z,15
6413,2024-10-19T22:53Z,18
6414,2024-10-19T22:54Z,19
6415,2024-10-19T22:55Z,30
6416,2024-10-19T22:56Z,29
6417,2024-10-19T22:57Z,69
6418,2024-10-19T22:58Z,17
6419,2024-10-19T22:59Z,35
6420,2024-10-19T23:00Z,30
6421,2024-10-19T23:01Z,22
6422,2024-10-19T23:02Z,35
6423,2024-10-19T23:03Z,43
6424,2024-10-19T23:04Z,42
6425,2024-10-19T23:05Z,22
6426,2024-10-19T23:06Z,38
6427,2024-10-19T23:07Z,46
6428,2024-10-19T23:08Z,34
6429,2024-10-19T23:09Z,35
6430,2024-10-19T23:10Z,61
6431,2024-10-19T23:11Z,31
6432,2024-10-19T23:12Z,69
6433,2024-10-19T23:13Z,33
6434,2024-10-19T23:14Z,33
6435,2024-10-19T23:15Z,20
6436,2024-10-19T23:16Z,16
6437,2024-10-19T23:17Z,13
6438,2024-10-19T23:18Z,21
6439,2024-10-19T23:19Z,52
6440,2024-10-19T23:20Z,56
6441,2024-10-19T23:21Z,52
6442,2024-10-19T23:22Z,17
6443,2024-10-19T23:23Z,35
6444,2024-10-19T23:24Z,39
6445,2024-10-19T23:25Z,39
6446,2024-10-19T23:26Z,61
6447,2024-10-19T23:27Z,79
6448,2024-10-19T23:28Z,25
6449,2024-10-19T23:29Z,31
6450,2024-10-19T23:30Z,61
6451,2024-10-19T23:31Z,25
6452,2024-10-19T23:32Z,17
6453,2024-10-19T23:33Z,18
6454,2024-10-19T23:34Z,26
6455,2024-10-19T23:35Z,84
6456,2024-10-19T23:36Z,22
6457,2024-10-19T23:37Z,25
6458,2024-10-19T23:38Z,59
6459,2024-10-19T23:39Z,37
6460,2024-10-19T23:40Z,79
6461,2024-10-19T23:41Z,16
6462,2024-10-19T23:42Z,32
6463,2024-10-19T23:43Z,15
6464,2024-10-19T23:44Z,26
6465,2024-10-19T23:45Z,38
6466,2024-10-19T23:46Z,13
6467,2024-10-19T23:47Z,22
6468,2024-10-19T23:48Z,49
6469,2024-10-19T23:49Z,14
6470,2024-10-19T23:50Z,66
6471,2024-10-19T23:51Z,37
6472,2024-10-19T23:52Z,28
6473,2024-10-19T23:53Z,18
6474,2024-10-19T23:54Z,18
6475,2024-10-19T23:55Z,29
6476,2024-10-19T23:56Z,16
6477,2024-10-19T23:57Z,34
6478,2024-10-19T23:58Z,21
6479,2024-10-19T23:59Z,35
6480,2024-10-20T00:00Z,51
6481,2024-10-20T00:01Z,19
6482,2024-10-20T00:02Z,16
6483,2024-10-20T00:03Z,34
6484,2024-10-20T00:04Z,87
6485,2024-10-20T00:05Z,35
6486,2024-10-20T00:06Z,28
6487,2024-10-20T00:07Z,19
6488,2024-10-20T00:08Z,53
6489,2024-10-20T00:09Z,52
6490,2024-10-20T00:10Z,63
6491,2024-10-20T00:11Z,29
6492,2024-10-20T00:12Z,34
6493,2024-10-20T00:13Z,55
6494,2024-10-20T00:14Z,33
6495,2024-10-20T00:15Z,71
6496,2024-10-20T00:16Z,38
6497,2024-10-20T00:17Z,14
6498,2024-10-20T00:18Z,21
6499,2024-10-20T00:19Z,17
6500,2024-10-20T00:20Z,49
6501,2024-10-20T00:21Z,23
6502,2024-10-20T00:22Z,16
6503,2024-10-20T00:23Z,22
6504,2024-10-20T00:24Z,21
6505,2024-10-20T00:25Z,46
6506,2024-10-20T00:26Z,20
6507,2024-10-20T00:27Z,26
6508,2024-10-20T00:28Z,35
6509,2024-10-20T00:29Z,59
6510,2024-10-20T00:30Z,72
6511,2024-10-20T00:31Z,48
6512,2024-10-20T00:32Z,57
6513,2024-10-20T00:33Z,62
6514,2024-10-20T00:34Z,81
6515,2024-10-20T00:35Z,17
6516,2024-10-20T00:36Z,24
6517,2024-10-20T00:37Z,29
6518,2024-10-20T00:38Z,54
6519,2024-10-20T00:39Z,22
6520,2024-10-20T00:40Z,34
6521,2024-10-20T00:41Z,37
6522,2024-10-20T00:42Z,23
6523,2024-10-20T00:43Z,41
6524,2024-10-20T00:44Z,13
6525,2024-10-20T00:45Z,66
6526,2024-10-20T00:46Z,34
6527,2024-10-20T00:47Z,42
6528,2024-10-20T00:48Z,46
6529,2024-10-20T00:49Z,12
6530,2024-10-20T00:50Z,13
6531,2024-10-20T00:51Z,46
6532,2024-10-20T00:52Z,12
6533,2024-10-20T00:53Z,11
6534,2024-10-20T00:54Z,12
6535,2024-10-20T00:55Z,15
6536,2024-10-20T00:56Z,48
6537,2024-10-20T00:57Z,32
6538,2024-10-20T00:58Z,14
6539,2024-10-20T00:59Z,11
6540,2024-10-20T01:00Z,36
6541,2024-10-20T01:01Z,16
6542,2024-10-20T01:02Z,19
6543,2024-10-20T01:03Z,37
6544,2024-10-20T01:04Z,72
6545,2024-10-20T01:05Z,39
6546,2024-10-20T01:06Z,42
6547,2024-10-20T01:07Z,33
6548,2024-10-20T01:08Z,18
6549,2024-10-20T01:09Z,54
6550,2024-10-20T01:10Z,19
6551,2024-10-20T01:11Z,48
6552,2024-10-20T01:12Z,58
6553,2024-10-20T01:13Z,33
6554,2024-10-20T01:14Z,27
6555,2024-10-20T01:15Z,51
6556,2024-10-20T01:16Z,33
6557,2024-10-20T01:17Z,32
6558,2024-10-20T01:18Z,17
6559,2024-10-20T01:19Z,22
6560,2024-10-20T01:20Z,43
6561,2024-10-20T01:21Z,36
6562,2024-10-20T01:22Z,16
6563,2024-10-20T01:23Z,44
6564,2024-10-20T01:24Z,32
6565,2024-10-20T01:25Z,23
6566,2024-10-20T01:26Z,20
6567,2024-10-20T01:27Z,27
6568,2024-10-20T01:28Z,29
6569,2024-10-20T01:29Z,47
6570,2024-10-20T01:30Z,51
6571,2024-10-20T01:31Z,56
6572,2024-10-20T01:32Z,92
6573,2024-10-20T01:33Z,96
6574,2024-10-20T01:34Z,99
6575,2024-10-20T01:35Z,29
6576,2024-10-20T01:36Z,24
6577,2024-10-20T01:37Z,30
6578,2024-10-20T01:38Z,36
6579,2024-10-20T01:39Z,33
6580,2024-10-20T01:40Z,62
6581,2024-10-20T01:41Z,30
6582,2024-10-20T01:42Z,24
6583,2024-10-20T01:43Z,36
6584,2024-10-20T01:44Z,27
6585,2024-10-20T01:45Z,54
6586,2024-10-20T01:46Z,23
6587,2024-10-20T01:47Z,76
6588,2024-10-20T01:48Z,21
6589,2024-10-20T01:49Z,74
6590,2024-10-20T01:50Z,60
6591,2024-10-20T01:51Z,26
6592,2024-10-20T01:52Z,70
6593,2024-10-20T01:53Z,40
6594,2024-10-20T01:54Z,58
6595,2024-10-20T01:55Z,25
6596,2024-10-20T01:56Z,19
6597,2024-10-20T01:57Z,26
6598,2024-10-20T01:58Z,14
6599,2024-10-20T01:59Z,28
6600,2024-10-20T02:00Z,36
6601,2024-10-20T02:01Z,20
6602,2024-10-20T02:02Z,95
6603,2024-10-20T02:03Z,47
6604,2024-10-20T02:04Z,72
6605,2024-10-20T02:05Z,84
6606,2024-10-20T02:06Z,30
6607,2024-10-20T02:07Z,29
6608,2024-10-20T02:08Z,17
6609,2024-10-20T02:09Z,80
6610,2024-10-20T02:10Z,44
6611,2024-10-20T02:11Z,47
6612,2024-10-20T02:12Z,19
6613,2024-10-20T02:13Z,22
6614,2024-10-20T02:14Z,51
6615,2024-10-20T02:15Z,54
6616,2024-10-20T02:16Z,27
6617,2024-10-20T02:17Z,27
6618,2024-10-20T02:18Z,21
6619,2024-10-20T02:19Z,63
6620,2024-10-20T02:20Z,86
6621,2024-10-20T02:21Z,27
6622,2024-10-20T02:22Z,38
6623,2024-10-20T02:23Z,73
6624,2024-10-20T02:24Z,24
6625,2024-10-20T02:25Z,34
6626,2024-10-20T02:26Z,10
6627,2024-10-20T02:27Z,24
6628,2024-10-20T02:28Z,26
6629,2024-10-20T02:29Z,24
6630,2024-10-20T02:30Z,20
6631,2024-10-20T02:31Z,46
6632,2024-10-20T02:32Z,16
6633,2024-10-20T02:33Z,21
6634,2024-10-20T02:34Z,57
6635,2024-10-20T02:35Z,28
6636,2024-10-20T02:36Z,25
6637,2024-10-20T02:37Z,27
6638,2024-10-20T02:38Z,68
6639,2024-10-20T02:39Z,26
6640,2024-10-20T02:40Z,61
6641,2024-10-20T02:41Z,24
6642,2024-10-20T02:42Z,34
6643,2024-10-20T02:43Z,46
6644,2024-10-20T02:44Z,60
6645,2024-10-20T02:45Z,36
6646,2024-10-20T02:46Z,26
6647,2024-10-20T02:47Z,28
6648,2024-10-20T02:48Z,29
6649,2024-10-20T02:49Z,36
6650,2024-10-20T02:50Z,99
6651,2024-10-20T02:51Z,129
6652,2024-10-20T02:52Z,35
6653,2024-10-20T02:53Z,58
6654,2024-10-20T02:54Z,21
6655,2024-10-20T02:55Z,84
6656,2024-10-20T02:56Z,40
6657,2024-10-20T02:57Z,29
6658,2024-10-20T02:58Z,61
6659,2024-10-20T02:59Z,64
6660,2024-10-20T03:00Z,46
6661,2024-10-20T03:01Z,69
6662,2024-10-20T03:02Z,38
6663,2024-10-20T03:03Z,94
6664,2024-10-20T03:04Z,53
6665,2024-10-20T03:05Z,67
6666,2024-10-20T03:06Z,44
6667,2024-10-20T03:07Z,91
6668,2024-10-20T03:08Z,49
6669,2024-10-20T03:09Z,36
6670,2024-10-20T03:10Z,79
6671,2024-10-20T03:11Z,51
6672,2024-10-20T03:12Z,42
6673,2024-10-20T03:13Z,55
6674,2024-10-20T03:14Z,42
6675,2024-10-20T03:15Z,41
6676,2024-10-20T03:16Z,98
6677,2024-10-20T03:17Z,46
6678,2024-10-20T03:18Z,44
6679,2024-10-20T03:19Z,67
6680,2024-10-20T03:20Z,64
6681,2024-10-20T03:21Z,85
6682,2024-10-20T03:22Z,66
6683,2024-10-20T03:23Z,67
6684,2024-10-20T03:24Z,52
6685,2024-10-20T03:25Z,86
6686,2024-10-20T03:26Z,128
6687,2024-10-20T03:27Z,85
6688,2024-10-20T03:28Z,53
6689,2024-10-20T03:29Z,27
6690,2024-10-20T03:30Z,67
6691,2024-10-20T03:31Z,31
6692,2024-10-20T03:32Z,91
6693,2024-10-20T03:33Z,32
6694,2024-10-20T03:34Z,93
6695,2024-10-20T03:35Z,80
6696,2024-10-20T03:36Z,75
6697,2024-10-20T03:37Z,22
6698,2024-10-20T03:38Z,27
6699,2024-10-20T03:39Z,28
6700,2024-10-20T03:40Z,30
6701,2024-10-20T03:41Z,27
6702,2024-10-20T03:42Z,28
6703,2024-10-20T03:43Z,29
6704,2024-10-20T03:44Z,69
6705,2024-10-20T03:45Z,30
6706,2024-10-20T03:46Z,33
6707,2024-10-20T03:47Z,53
6708,2024-10-20T03:48Z,35
6709,2024-10-20T03:49Z,81
6710,2024-10-20T03:50Z,55
6711,2024-10-20T03:51Z,42
6712,2024-10-20T03:52Z,26
6713,2024-10-20T03:53Z,90
6714,2024-10-20T03:54Z,28
6715,2024-10-20T03:55Z,36
6716,2024-10-20T03:56Z,31
6717,2024-10-20T03:57Z,51
6718,2024-10-20T03:58Z,82
6719,2024-10-20T03:59Z,49
6720,2024-10-20T04:00Z,41
6721,2024-10-20T04:01Z,33
6722,2024-10-20T04:02Z,104
6723,2024-10-20T04:03Z,83
6724,2024-10-20T04:04Z,99
6725,2024-10-20T04:05Z,65
6726,2024-10-20T04:06Z,24
6727,2024-10-20T04:07Z,30
6728,2024-10-20T04:08Z,61
6729,2024-10-20T04:09Z,33
6730,2024-10-20T04:10Z,26
6731,2024-10-20T04:11Z,39
6732,2024-10-20T04:12Z,22
6733,2024-10-20T04:13Z,78
6734,2024-10-20T04:14Z,69
6735,2024-10-20T04:15Z,37
6736,2024-10-20T04:16Z,64
6737,2024-10-20T04:17Z,25
6738,2024-10-20T04:18Z,23
6739,2024-10-20T04:19Z,38
6740,2024-10-20T04:20Z,33
6741,2024-10-20T04:21Z,65
6742,2024-10-20T04:22Z,35
6743,2024-10-20T04:23Z,17
6744,2024-10-20T04:24Z,36
6745,2024-10-20T04:25Z,26
6746,2024-10-20T04:26Z,19
6747,2024-10-20T04:27Z,104
6748,2024-10-20T04:28Z,118
6749,2024-10-20T04:29Z,26
6750,2024-10-20T04:30Z,21
6751,2024-10-20T04:31Z,20
6752,2024-10-20T04:32Z,70
6753,2024-10-20T04:33Z,61
6754,2024-10-20T04:34Z,61
6755,2024-10-20T04:35Z,74
6756,2024-10-20T04:36Z,20
6757,2024-10-20T04:37Z,23
6758,2024-10-20T04:38Z,39
6759,2024-10-20T04:39Z,81
6760,2024-10-20T04:40Z,32
6761,2024-10-20T04:41Z,26
6762,2024-10-20T04:42Z,32
6763,2024-10-20T04:43Z,36
6764,2024-10-20T04:44Z,47
6765,2024-10-20T04:45Z,39
6766,2024-10-20T04:46Z,22
6767,2024-10-20T04:47Z,79
6768,2024-10-20T04:48Z,42
6769,2024-10-20T04:49Z,29
6770,2024-10-20T04:50Z,27
6771,2024-10-20T04:51Z,68
6772,2024-10-20T04:52Z,35
6773,2024-10-20T04:53Z,61
6774,2024-10-20T04:54Z,25
6775,2024-10-20T04:55Z,40
6776,2024-10-20T04:56Z,95
6777,2024-10-20T04:57Z,36
6778,2024-10-20T04:58Z,87
6779,2024-10-20T04:59Z,32
6780,2024-10-20T05:00Z,47
6781,2024-10-20T05:01Z,29
6782,2024-10-20T05:02Z,36
6783,2024-10-20T05:03Z,38
6784,2024-10-20T05:04Z,49
6785,2024-10-20T05:05Z,37
6786,2024-10-20T05:06Z,20
6787,2024-10-20T05:07Z,19
6788,2024-10-20T05:08Z,56
6789,2024-10-20T05:09Z,108
6790,2024-10-20T05:10Z,44
6791,2024-10-20T05:11Z,41
6792,2024-10-20T05:12Z,100
6793,2024-10-20T05:13Z,51
6794,2024-10-20T05:14Z,37
6795,2024-10-20T05:15Z,25
6796,2024-10-20T05:16Z,21
6797,2024-10-20T05:17Z,24
6798,2024-10-20T05:18Z,30
6799,2024-10-20T05:19Z,29
6800,2024-10-20T05:20Z,33
6801,2024-10-20T05:21Z,66
6802,2024-10-20T05:22Z,36
6803,2024-10-20T05:23Z,74
6804,2024-10-20T05:24Z,111
6805,2024-10-20T05:25Z,81
6806,2024-10-20T05:26Z,93
6807,2024-10-20T05:27Z,136
6808,2024-10-20T05:28Z,103
6809,2024-10-20T05:29Z,57
6810,2024-10-20T05:30Z,52
6811,2024-10-20T05:31Z,37
6812,2024-10-20T05:32Z,84
6813,2024-10-20T05:33Z,41
6814,2024-10-20T05:34Z,87
6815,2024-10-20T05:35Z,37
6816,2024-10-20T05:36Z,64
6817,2024-10-20T05:37Z,38
6818,2024-10-20T05:38Z,27
6819,2024-10-20T05:39Z,131
6820,2024-10-20T05:40Z,38
6821,2024-10-20T05:41Z,136
6822,2024-10-20T05:42Z,53
6823,2024-10-20T05:43Z,26
6824,2024-10-20T05:44Z,70
6825,2024-10-20T05:45Z,48
6826,2024-10-20T05:46Z,102
6827,2024-10-20T05:47Z,52
6828,2024-10-20T05:48Z,62
6829,2024-10-20T05:49Z,47
6830,2024-10-20T05:50Z,26
6831,2024-10-20T05:51Z,37
6832,2024-10-20T05:52Z,86
6833,2024-10-20T05:53Z,160
6834,2024-10-20T05:54Z,135
6835,2024-10-20T05:55Z,35
6836,2024-10-20T05:56Z,64
6837,2024-10-20T05:57Z,53
6838,2024-10-20T05:58Z,93
6839,2024-10-20T05:59Z,124
6840,2024-10-20T06:00Z,59
6841,2024-10-20T06:01Z,72
6842,2024-10-20T06:02Z,72
6843,2024-10-20T06:03Z,73
6844,2024-10-20T06:04Z,35
6845,2024-10-20T06:05Z,27
6846,2024-10-20T06:06Z,64
6847,2024-10-20T06:07Z,76
6848,2024-10-20T06:08Z,31
6849,2024-10-20T06:09Z,59
6850,2024-10-20T06:10Z,43
6851,2024-10-20T06:11Z,68
6852,2024-10-20T06:12Z,32
6853,2024-10-20T06:13Z,124
6854,2024-10-20T06:14Z,114
6855,2024-10-20T06:15Z,50
6856,2024-10-20T06:16Z,32
6857,2024-10-20T06:17Z,84
6858,2024-10-20T06:18Z,26
6859,2024-10-20T06:19Z,22
6860,2024-10-20T06:20Z,41
6861,2024-10-20T06:21Z,60
6862,2024-10-20T06:22Z,70
6863,2024-10-20T06:23Z,94
6864,2024-10-20T06:24Z,79
6865,2024-10-20T06:25Z,27
6866,2024-10-20T06:26Z,27
6867,2024-10-20T06:27Z,21
6868,2024-10-20T06:28Z,21
6869,2024-10-20T06:29Z,145
6870,2024-10-20T06:30Z,56
6871,2024-10-20T06:31Z,145
6872,2024-10-20T06:32Z,54
6873,2024-10-20T06:33Z,34
6874,2024-10-20T06:34Z,86
6875,2024-10-20T06:35Z,46
6876,2024-10-20T06:36Z,40
6877,2024-10-20T06:37Z,60
6878,2024-10-20T06:38Z,69
6879,2024-10-20T06:39Z,34
6880,2024-10-20T06:40Z,45
6881,2024-10-20T06:41Z,68
6882,2024-10-20T06:42Z,62
6883,2024-10-20T06:43Z,40
6884,2024-10-20T06:44Z,39
6885,2024-10-20T06:45Z,57
6886,2024-10-20T06:46Z,80
6887,2024-10-20T06:47Z,55
6888,2024-10-20T06:48Z,61
6889,2024-10-20T06:49Z,38
6890,2024-10-20T06:50Z,27
6891,2024-10-20T06:51Z,54
6892,2024-10-20T06:52Z,67
6893,2024-10-20T06:53Z,80
6894,2024-10-20T06:54Z,16
6895,2024-10-20T06:55Z,115
6896,2024-10-20T06:56Z,49
6897,2024-10-20T06:57Z,21
6898,2024-10-20T06:58Z,30
6899,2024-10-20T06:59Z,18
6900,2024-10-20T07:00Z,28
6901,2024-10-20T07:01Z,20
6902,2024-10-20T07:02Z,25
6903,2024-10-20T07:03Z,29
6904,2024-10-20T07:04Z,21
6905,2024-10-20T07:05Z,84
6906,2024-10-20T07:06Z,40
6907,2024-10-20T07:07Z,35
6908,2024-10-20T07:08Z,58
6909,2024-10-20T07:09Z,32
6910,2024-10-20T07:10Z,35
6911,2024-10-20T07:11Z,42
6912,2024-10-20T07:12Z,85
6913,2024-10-20T07:13Z,14
6914,2024-10-20T07:14Z,78
6915,2024-10-20T07:15Z,39
6916,2024-10-20T07:16Z,29
6917,2024-10-20T07:17Z,19
6918,2024-10-20T07:18Z,53
6919,2024-10-20T07:19Z,18
6920,2024-10-20T07:20Z,57
6921,2024-10-20T07:21Z,31
6922,2024-10-20T07:22Z,78
6923,2024-10-20T07:23Z,102
6924,2024-10-20T07:24Z,36
6925,2024-10-20T07:25Z,92
6926,2024-10-20T07:26Z,25
6927,2024-10-20T07:27Z,55
6928,2024-10-20T07:28Z,129
6929,2024-10-20T07:29Z,87
6930,2024-10-20T07:30Z,102
6931,2024-10-20T07:31Z,53
6932,2024-10-20T07:32Z,29
6933,2024-10-20T07:33Z,26
6934,2024-10-20T07:34Z,59
6935,2024-10-20T07:35Z,76
6936,2024-10-20T07:36Z,22
6937,2024-10-20T07:37Z,84
6938,2024-10-20T07:38Z,21
6939,2024-10-20T07:39Z,44
6940,2024-10-20T07:40Z,47
6941,2024-10-20T07:41Z,91
6942,2024-10-20T07:42Z,116
6943,2024-10-20T07:43Z,69
6944,2024-10-20T07:44Z,29
6945,2024-10-20T07:45Z,57
6946,2024-10-20T07:46Z,30
6947,2024-10-20T07:47Z,31
6948,2024-10-20T07:48Z,85
6949,2024-10-20T07:49Z,18
6950,2024-10-20T07:50Z,33
6951,2024-10-20T07:51Z,35
6952,2024-10-20T07:52Z,77
6953,2024-10-20T07:53Z,20
6954,2024-10-20T07:54Z,69
6955,2024-10-20T07:55Z,45
6956,2024-10-20T07:56Z,35
6957,2024-10-20T07:57Z,68
6958,2024-10-20T07:58Z,40
6959,2024-10-20T07:59Z,68
6960,2024-10-20T08:00Z,94
6961,2024-10-20T08:01Z,36
6962,2024-10-20T08:02Z,32
6963,2024-10-20T08:03Z,71
6964,2024-10-20T08:04Z,169
6965,2024-10-20T08:05Z,117
6966,2024-10-20T08:06Z,93
6967,2024-10-20T08:07Z,30
6968,2024-10-20T08:08Z,19
6969,2024-10-20T08:09Z,74
6970,2024-10-20T08:10Z,85
6971,2024-10-20T08:11Z,88
6972,2024-10-20T08:12Z,71
6973,2024-10-20T08:13Z,47
6974,2024-10-20T08:14Z,40
6975,2024-10-20T08:15Z,68
6976,2024-10-20T08:16Z,101
6977,2024-10-20T08:17Z,35
6978,2024-10-20T08:18Z,74
6979,2024-10-20T08:19Z,18
6980,2024-10-20T08:20Z,39
6981,2024-10-20T08:21Z,41
6982,2024-10-20T08:22Z,95
6983,2024-10-20T08:23Z,116
6984,2024-10-20T08:24Z,51
6985,2024-10-20T08:25Z,58
6986,2024-10-20T08:26Z,28
6987,2024-10-20T08:27Z,97
6988,2024-10-20T08:28Z,22
6989,2024-10-20T08:29Z,70
6990,2024-10-20T08:30Z,57
6991,2024-10-20T08:31Z,128
6992,2024-10-20T08:32Z,75
6993,2024-10-20T08:33Z,27
6994,2024-10-20T08:34Z,26
6995,2024-10-20T08:35Z,21
6996,2024-10-20T08:36Z,43
6997,2024-10-20T08:37Z,57
6998,2024-10-20T08:38Z,64
6999,2024-10-20T08:39Z,27
7000,2024-10-20T08:40Z,39
7001,2024-10-20T08:41Z,102
7002,2024-10-20T08:42Z,80
7003,2024-10-20T08:43Z,78
7004,2024-10-20T08:44Z,141
7005,2024-10-20T08:45Z,269
7006,2024-10-20T08:46Z,36
7007,2024-10-20T08:47Z,61
7008,2024-10-20T08:48Z,33
7009,2024-10-20T08:49Z,91
7010,2024-10-20T08:50Z,35
7011,2024-10-20T08:51Z,32
7012,2024-10-20T08:52Z,97
7013,2024-10-20T08:53Z,48
7014,2024-10-20T08:54Z,34
7015,2024-10-20T08:55Z,102
7016,2024-10-20T08:56Z,77
7017,2024-10-20T08:57Z,31
7018,2024-10-20T08:58Z,125
7019,2024-10-20T08:59Z,78
7020,2024-10-20T09:00Z,31
7021,2024-10-20T09:01Z,106
7022,2024-10-20T09:02Z,65
7023,2024-10-20T09:03Z,127
7024,2024-10-20T09:04Z,164
7025,2024-10-20T09:05Z,38
7026,2024-10-20T09:06Z,44
7027,2024-10-20T09:07Z,35
7028,2024-10-20T09:08Z,28
7029,2024-10-20T09:09Z,31
7030,2024-10-20T09:10Z,26
7031,2024-10-20T09:11Z,18
7032,2024-10-20T09:12Z,26
7033,2024-10-20T09:13Z,28
7034,2024-10-20T09:14Z,49
7035,2024-10-20T09:15Z,32
7036,2024-10-20T09:16Z,36
7037,2024-10-20T09:17Z,22
7038,2024-10-20T09:18Z,72
7039,2024-10-20T09:19Z,150
7040,2024-10-20T09:20Z,37
7041,2024-10-20T09:21Z,73
7042,2024-10-20T09:22Z,46
7043,2024-10-20T09:23Z,31
7044,2024-10-20T09:24Z,40
7045,2024-10-20T09:25Z,88
7046,2024-10-20T09:26Z,29
7047,2024-10-20T09:27Z,44
7048,2024-10-20T09:28Z,71
7049,2024-10-20T09:29Z,43
7050,2024-10-20T09:30Z,27
7051,2024-10-20T09:31Z,107
7052,2024-10-20T09:32Z,28
7053,2024-10-20T09:33Z,30
7054,2024-10-20T09:34Z,26
7055,2024-10-20T09:35Z,36
7056,2024-10-20T09:36Z,27
7057,2024-10-20T09:37Z,34
7058,2024-10-20T09:38Z,95
7059,2024-10-20T09:39Z,44
7060,2024-10-20T09:40Z,43
7061,2024-10-20T09:41Z,49
7062,2024-10-20T09:42Z,53
7063,2024-10-20T09:43Z,63
7064,2024-10-20T09:44Z,81
7065,2024-10-20T09:45Z,48
7066,2024-10-20T09:46Z,51
7067,2024-10-20T09:47Z,65
7068,2024-10-20T09:48Z,104
7069,2024-10-20T09:49Z,78
7070,2024-10-20T09:50Z,101
7071,2024-10-20T09:51Z,79
7072,2024-10-20T09:52Z,69
7073,2024-10-20T09:53Z,36
7074,2024-10-20T09:54Z,62
7075,2024-10-20T09:55Z,53
7076,2024-10-20T09:56Z,83
7077,2024-10-20T09:57Z,56
7078,2024-10-20T09:58Z,101
7079,2024-10-20T09:59Z,53
7080,2024-10-20T10:00Z,116
7081,2024-10-20T10:01Z,109
7082,2024-10-20T10:02Z,54
7083,2024-10-20T10:03Z,133
7084,2024-10-20T10:04Z,43
7085,2024-10-20T10:05Z,25
7086,2024-10-20T10:06Z,43
7087,2024-10-20T10:07Z,90
7088,2024-10-20T10:08Z,34
7089,2024-10-20T10:09Z,92
7090,2024-10-20T10:10Z,35
7091,2024-10-20T10:11Z,39
7092,2024-10-20T10:12Z,41
7093,2024-10-20T10:13Z,36
7094,2024-10-20T10:14Z,28
7095,2024-10-20T10:15Z,48
7096,2024-10-20T10:16Z,47
7097,2024-10-20T10:17Z,32
7098,2024-10-20T10:18Z,29
7099,2024-10-20T10:19Z,31
7100,2024-10-20T10:20Z,43
7101,2024-10-20T10:21Z,28
7102,2024-10-20T10:22Z,40
7103,2024-10-20T10:23Z,23
7104,2024-10-20T10:24Z,34
7105,2024-10-20T10:25Z,24
7106,2024-10-20T10:26Z,31
7107,2024-10-20T10:27Z,24
7108,2024-10-20T10:28Z,38
7109,2024-10-20T10:29Z,27
7110,2024-10-20T10:30Z,23
7111,2024-10-20T10:31Z,68
7112,2024-10-20T10:32Z,84
7113,2024-10-20T10:33Z,30
7114,2024-10-20T10:34Z,13
7115,2024-10-20T10:35Z,63
7116,2024-10-20T10:36Z,49
7117,2024-10-20T10:37Z,35
7118,2024-10-20T10:38Z,27
7119,2024-10-20T10:39Z,32
7120,2024-10-20T10:40Z,49
7121,2024-10-20T10:41Z,40
7122,2024-10-20T10:42Z,97
7123,2024-10-20T10:43Z,29
7124,2024-10-20T10:44Z,41
7125,2024-10-20T10:45Z,51
7126,2024-10-20T10:46Z,78
7127,2024-10-20T10:47Z,51
7128,2024-10-20T10:48Z,33
7129,2024-10-20T10:49Z,28
7130,2024-10-20T10:50Z,75
7131,2024-10-20T10:51Z,18
7132,2024-10-20T10:52Z,37
7133,2024-10-20T10:53Z,78
7134,2024-10-20T10:54Z,73
7135,2024-10-20T10:55Z,33
7136,2024-10-20T10:56Z,52
7137,2024-10-20T10:57Z,58
7138,2024-10-20T10:58Z,30
7139,2024-10-20T10:59Z,30
7140,2024-10-20T11:00Z,57
7141,2024-10-20T11:01Z,119
7142,2024-10-20T11:02Z,117
7143,2024-10-20T11:03Z,17
7144,2024-10-20T11:04Z,32
7145,2024-10-20T11:05Z,33
7146,2024-10-20T11:06Z,57
7147,2024-10-20T11:07Z,43
7148,2024-10-20T11:08Z,25
7149,2024-10-20T11:09Z,52
7150,2024-10-20T11:10Z,58
7151,2024-10-20T11:11Z,49
7152,2024-10-20T11:12Z,77
7153,2024-10-20T11:13Z,17
7154,2024-10-20T11:14Z,25
7155,2024-10-20T11:15Z,34
7156,2024-10-20T11:16Z,39
7157,2024-10-20T11:17Z,20
7158,2024-10-20T11:18Z,76
7159,2024-10-20T11:19Z,48
7160,2024-10-20T11:20Z,23
7161,2024-10-20T11:21Z,40
7162,2024-10-20T11:22Z,26
7163,2024-10-20T11:23Z,59
7164,2024-10-20T11:24Z,88
7165,2024-10-20T11:25Z,55
7166,2024-10-20T11:26Z,42
7167,2024-10-20T11:27Z,24
7168,2024-10-20T11:28Z,29
7169,2024-10-20T11:29Z,30
7170,2024-10-20T11:30Z,47
7171,2024-10-20T11:31Z,40
7172,2024-10-20T11:32Z,52
7173,2024-10-20T11:33Z,65
7174,2024-10-20T11:34Z,39
7175,2024-10-20T11:35Z,37
7176,2024-10-20T11:36Z,17
7177,2024-10-20T11:37Z,28
7178,2024-10-20T11:38Z,51
7179,2024-10-20T11:39Z,16
7180,2024-10-20T11:40Z,24
7181,2024-10-20T11:41Z,29
7182,2024-10-20T11:42Z,38
7183,2024-10-20T11:43Z,42
7184,2024-10-20T11:44Z,19
7185,2024-10-20T11:45Z,28
7186,2024-10-20T11:46Z,33
7187,2024-10-20T11:47Z,40
7188,2024-10-20T11:48Z,33
7189,2024-10-20T11:49Z,15
7190,2024-10-20T11:50Z,15
7191,2024-10-20T11:51Z,48
7192,2024-10-20T11:52Z,67
7193,2024-10-20T11:53Z,14
7194,2024-10-20T11:54Z,17
7195,2024-10-20T11:55Z,15
7196,2024-10-20T11:56Z,11
7197,2024-10-20T11:57Z,14
7198,2024-10-20T11:58Z,21
7199,2024-10-20T11:59Z,19
7200,2024-10-20T12:00Z,24
7201,2024-10-20T12:01Z,23
7202,2024-10-20T12:02Z,16
7203,2024-10-20T12:03Z,18
7204,2024-10-20T12:04Z,47
7205,2024-10-20T12:05Z,25
7206,2024-10-20T12:06Z,23
7207,2024-10-20T12:07Z,31
7208,2024-10-20T12:08Z,23
7209,2024-10-20T12:09Z,22
7210,2024-10-20T12:10Z,82
7211,2024-10-20T12:11Z,50
7212,2024-10-20T12:12Z,22
7213,2024-10-20T12:13Z,27
7214,2024-10-20T12:14Z,52
7215,2024-10-20T12:15Z,19
7216,2024-10-20T12:16Z,63
7217,2024-10-20T12:17Z,36
7218,2024-10-20T12:18Z,14
7219,2024-10-20T12:19Z,21
7220,2024-10-20T12:20Z,25
7221,2024-10-20T12:21Z,39
7222,2024-10-20T12:22Z,92
7223,2024-10-20T12:23Z,51
7224,2024-10-20T12:24Z,30
7225,2024-10-20T12:25Z,28
7226,2024-10-20T12:26Z,24
7227,2024-10-20T12:27Z,99
7228,2024-10-20T12:28Z,68
7229,2024-10-20T12:29Z,30
7230,2024-10-20T12:30Z,23
7231,2024-10-20T12:31Z,22
7232,2024-10-20T12:32Z,31
7233,2024-10-20T12:33Z,75
7234,2024-10-20T12:34Z,42
7235,2024-10-20T12:35Z,28
7236,2024-10-20T12:36Z,52
7237,2024-10-20T12:37Z,108
7238,2024-10-20T12:38Z,81
7239,2024-10-20T12:39Z,28
7240,2024-10-20T12:40Z,17
7241,2024-10-20T12:41Z,48
7242,2024-10-20T12:42Z,17
7243,2024-10-20T12:43Z,33
7244,2024-10-20T12:44Z,50
7245,2024-10-20T12:45Z,31
7246,2024-10-20T12:46Z,27
7247,2024-10-20T12:47Z,44
7248,2024-10-20T12:48Z,116
7249,2024-10-20T12:49Z,20
7250,2024-10-20T12:50Z,21
7251,2024-10-20T12:51Z,12
7252,2024-10-20T12:52Z,17
7253,2024-10-20T12:53Z,24
7254,2024-10-20T12:54Z,110
7255,2024-10-20T12:55Z,44
7256,2024-10-20T12:56Z,15
7257,2024-10-20T12:57Z,26
7258,2024-10-20T12:58Z,44
7259,2024-10-20T12:59Z,35
7260,2024-10-20T13:00Z,26
7261,2024-10-20T13:01Z,42
7262,2024-10-20T13:02Z,54
7263,2024-10-20T13:03Z,39
7264,2024-10-20T13:04Z,80
7265,2024-10-20T13:05Z,50
7266,2024-10-20T13:06Z,31
7267,2024-10-20T13:07Z,20
7268,2024-10-20T13:08Z,27
7269,2024-10-20T13:09Z,73
7270,2024-10-20T13:10Z,21
7271,2024-10-20T13:11Z,51
7272,2024-10-20T13:12Z,14
7273,2024-10-20T13:13Z,15
7274,2024-10-20T13:14Z,55
7275,2024-10-20T13:15Z,38
7276,2024-10-20T13:16Z,12
7277,2024-10-20T13:17Z,26
7278,2024-10-20T13:18Z,148
7279,2024-10-20T13:19Z,72
7280,2024-10-20T13:20Z,13
7281,2024-10-20T13:21Z,15
7282,2024-10-20T13:22Z,14
7283,2024-10-20T13:23Z,47
7284,2024-10-20T13:24Z,47
7285,2024-10-20T13:25Z,60
7286,2024-10-20T13:26Z,41
7287,2024-10-20T13:27Z,47
7288,2024-10-20T13:28Z,60
7289,2024-10-20T13:29Z,18
7290,2024-10-20T13:30Z,131
7291,2024-10-20T13:31Z,36
7292,2024-10-20T13:32Z,41
7293,2024-10-20T13:33Z,31
7294,2024-10-20T13:34Z,100
7295,2024-10-20T13:35Z,79
7296,2024-10-20T13:36Z,50
7297,2024-10-20T13:37Z,53
7298,2024-10-20T13:38Z,109
7299,2024-10-20T13:39Z,119
7300,2024-10-20T13:40Z,41
7301,2024-10-20T13:41Z,35
7302,2024-10-20T13:42Z,12
7303,2024-10-20T13:43Z,62
7304,2024-10-20T13:44Z,44
7305,2024-10-20T13:45Z,51
7306,2024-10-20T13:46Z,80
7307,2024-10-20T13:47Z,47
7308,2024-10-20T13:48Z,27
7309,2024-10-20T13:49Z,78
7310,2024-10-20T13:50Z,69
7311,2024-10-20T13:51Z,34
7312,2024-10-20T13:52Z,58
7313,2024-10-20T13:53Z,14
7314,2024-10-20T13:54Z,25
7315,2024-10-20T13:55Z,14
7316,2024-10-20T13:56Z,26
7317,2024-10-20T13:57Z,22
7318,2024-10-20T13:58Z,15
7319,2024-10-20T13:59Z,24
7320,2024-10-20T14:00Z,23
7321,2024-10-20T14:01Z,66
7322,2024-10-20T14:02Z,17
7323,2024-10-20T14:03Z,54
7324,2024-10-20T14:04Z,17
7325,2024-10-20T14:05Z,21
7326,2024-10-20T14:06Z,49
7327,2024-10-20T14:07Z,27
7328,2024-10-20T14:08Z,29
7329,2024-10-20T14:09Z,30
7330,2024-10-20T14:10Z,16
7331,2024-10-20T14:11Z,49
7332,2024-10-20T14:12Z,26
7333,2024-10-20T14:13Z,31
7334,2024-10-20T14:14Z,32
7335,2024-10-20T14:15Z,34
7336,2024-10-20T14:16Z,30
7337,2024-10-20T14:17Z,22
7338,2024-10-20T14:18Z,20
7339,2024-10-20T14:19Z,101
7340,2024-10-20T14:20Z,37
7341,2024-10-20T14:21Z,45
7342,2024-10-20T14:22Z,102
7343,2024-10-20T14:23Z,62
7344,2024-10-20T14:24Z,17
7345,2024-10-20T14:25Z,88
7346,2024-10-20T14:26Z,133
7347,2024-10-20T14:27Z,31
7348,2024-10-20T14:28Z,25
7349,2024-10-20T14:29Z,29
7350,2024-10-20T14:30Z,24
7351,2024-10-20T14:31Z,56
7352,2024-10-20T14:32Z,26
7353,2024-10-20T14:33Z,51
7354,2024-10-20T14:34Z,65
7355,2024-10-20T14:35Z,31
7356,2024-10-20T14:36Z,27
7357,2024-10-20T14:37Z,17
7358,2024-10-20T14:38Z,55
7359,2024-10-20T14:39Z,14
7360,2024-10-20T14:40Z,34
7361,2024-10-20T14:41Z,46
7362,2024-10-20T14:42Z,35
7363,2024-10-20T14:43Z,50
7364,2024-10-20T14:44Z,34
7365,2024-10-20T14:45Z,23
7366,2024-10-20T14:46Z,55
7367,2024-10-20T14:47Z,64
7368,2024-10-20T14:48Z,14
7369,2024-10-20T14:49Z,26
7370,2024-10-20T14:50Z,10
7371,2024-10-20T14:51Z,11
7372,2024-10-20T14:52Z,24
7373,2024-10-20T14:53Z,24
7374,2024-10-20T14:54Z,17
7375,2024-10-20T14:55Z,27
7376,2024-10-20T14:56Z,10
7377,2024-10-20T14:57Z,22
7378,2024-10-20T14:58Z,20
7379,2024-10-20T14:59Z,17
7380,2024-10-20T15:00Z,72
7381,2024-10-20T15:01Z,23
7382,2024-10-20T15:02Z,19
7383,2024-10-20T15:03Z,14
7384,2024-10-20T15:04Z,29
7385,2024-10-20T15:05Z,22
7386,2024-10-20T15:06Z,23
7387,2024-10-20T15:07Z,34
7388,2024-10-20T15:08Z,37
7389,2024-10-20T15:09Z,23
7390,2024-10-20T15:10Z,25
7391,2024-10-20T15:11Z,17
7392,2024-10-20T15:12Z,16
7393,2024-10-20T15:13Z,16
7394,2024-10-20T15:14Z,23
7395,2024-10-20T15:15Z,43
7396,2024-10-20T15:16Z,20
7397,2024-10-20T15:17Z,17
7398,2024-10-20T15:18Z,28
7399,2024-10-20T15:19Z,16
7400,2024-10-20T15:20Z,32
7401,2024-10-20T15:21Z,49
7402,2024-10-20T15:22Z,25
7403,2024-10-20T15:23Z,47
7404,2024-10-20T15:24Z,20
7405,2024-10-20T15:25Z,13
7406,2024-10-20T15:26Z,16
7407,2024-10-20T15:27Z,24
7408,2024-10-20T15:28Z,76
7409,2024-10-20T15:29Z,20
7410,2024-10-20T15:30Z,17
7411,2024-10-20T15:31Z,26
7412,2024-10-20T15:32Z,20
7413,2024-10-20T15:33Z,28
7414,2024-10-20T15:34Z,14
7415,2024-10-20T15:35Z,22
7416,2024-10-20T15:36Z,17
7417,2024-10-20T15:37Z,49
7418,2024-10-20T15:38Z,45
7419,2024-10-20T15:39Z,11
7420,2024-10-20T15:40Z,36
7421,2024-10-20T15:41Z,27
7422,2024-10-20T15:42Z,46
7423,2024-10-20T15:43Z,54
7424,2024-10-20T15:44Z,23
7425,2024-10-20T15:45Z,33
7426,2024-10-20T15:46Z,14
7427,2024-10-20T15:47Z,143
7428,2024-10-20T15:48Z,113
7429,2024-10-20T15:49Z,93
7430,2024-10-20T15:50Z,50
7431,2024-10-20T15:51Z,28
7432,2024-10-20T15:52Z,20
7433,2024-10-20T15:53Z,86
7434,2024-10-20T15:54Z,105
7435,2024-10-20T15:55Z,40
7436,2024-10-20T15:56Z,17
7437,2024-10-20T15:57Z,27
7438,2024-10-20T15:58Z,16
7439,2024-10-20T15:59Z,40
7440,2024-10-20T16:00Z,61
7441,2024-10-20T16:01Z,58
7442,2024-10-20T16:02Z,76
7443,2024-10-20T16:03Z,22
7444,2024-10-20T16:04Z,47
7445,2024-10-20T16:05Z,27
7446,2024-10-20T16:06Z,19
7447,2024-10-20T16:07Z,14
7448,2024-10-20T16:08Z,22
7449,2024-10-20T16:09Z,58
7450,2024-10-20T16:10Z,59
7451,2024-10-20T16:11Z,88
7452,2024-10-20T16:12Z,90
7453,2024-10-20T16:13Z,34
7454,2024-10-20T16:14Z,55
7455,2024-10-20T16:15Z,80
7456,2024-10-20T16:16Z,106
7457,2024-10-20T16:17Z,20
7458,2024-10-20T16:18Z,38
7459,2024-10-20T16:19Z,82
7460,2024-10-20T16:20Z,113
7461,2024-10-20T16:21Z,88
7462,2024-10-20T16:22Z,24
7463,2024-10-20T16:23Z,31
7464,2024-10-20T16:24Z,131
7465,2024-10-20T16:25Z,78
7466,2024-10-20T16:26Z,19
7467,2024-10-20T16:27Z,51
7468,2024-10-20T16:28Z,43
7469,2024-10-20T16:29Z,34
7470,2024-10-20T16:30Z,62
7471,2024-10-20T16:31Z,49
7472,2024-10-20T16:32Z,33
7473,2024-10-20T16:33Z,44
7474,2024-10-20T16:34Z,50
7475,2024-10-20T16:35Z,12
7476,2024-10-20T16:36Z,59
7477,2024-10-20T16:37Z,18
7478,2024-10-20T16:38Z,18
7479,2024-10-20T16:39Z,19
7480,2024-10-20T16:40Z,44
7481,2024-10-20T16:41Z,63
7482,2024-10-20T16:42Z,64
7483,2024-10-20T16:43Z,44
7484,2024-10-20T16:44Z,35
7485,2024-10-20T16:45Z,18
7486,2024-10-20T16:46Z,28
7487,2024-10-20T16:47Z,47
7488,2024-10-20T16:48Z,26
7489,2024-10-20T16:49Z,11
7490,2024-10-20T16:50Z,47
7491,2024-10-20T16:51Z,25
7492,2024-10-20T16:52Z,27
7493,2024-10-20T16:53Z,30
7494,2024-10-20T16:54Z,41
7495,2024-10-20T16:55Z,28
7496,2024-10-20T16:56Z,46
7497,2024-10-20T16:57Z,55
7498,2024-10-20T16:58Z,36
7499,2024-10-20T16:59Z,45
7500,2024-10-20T17:00Z,20
7501,2024-10-20T17:01Z,22
7502,2024-10-20T17:02Z,17
7503,2024-10-20T17:03Z,9
7504,2024-10-20T17:04Z,16
7505,2024-10-20T17:05Z,19
7506,2024-10-20T17:06Z,29
7507,2024-10-20T17:07Z,20
7508,2024-10-20T17:08Z,16
7509,2024-10-20T17:09Z,44
7510,2024-10-20T17:10Z,24
7511,2024-10-20T17:11Z,25
7512,2024-10-20T17:12Z,17
7513,2024-10-20T17:13Z,10
7514,2024-10-20T17:14Z,24
7515,2024-10-20T17:15Z,22
7516,2024-10-20T17:16Z,17
7517,2024-10-20T17:17Z,12
7518,2024-10-20T17:18Z,11
7519,2024-10-20T17:19Z,16
7520,2024-10-20T17:20Z,23
7521,2024-10-20T17:21Z,26
7522,2024-10-20T17:22Z,46
7523,2024-10-20T17:23Z,36
7524,2024-10-20T17:24Z,68
7525,2024-10-20T17:25Z,43
7526,2024-10-20T17:26Z,21
7527,2024-10-20T17:27Z,24
7528,2024-10-20T17:28Z,123
7529,2024-10-20T17:29Z,102
7530,2024-10-20T17:30Z,37
7531,2024-10-20T17:31Z,44
7532,2024-10-20T17:32Z,63
7533,2024-10-20T17:33Z,50
7534,2024-10-20T17:34Z,101
7535,2024-10-20T17:35Z,50
7536,2024-10-20T17:36Z,52
7537,2024-10-20T17:37Z,15
7538,2024-10-20T17:38Z,33
7539,2024-10-20T17:39Z,22
7540,2024-10-20T17:40Z,45
7541,2024-10-20T17:41Z,21
7542,2024-10-20T17:42Z,19
7543,2024-10-20T17:43Z,18
7544,2024-10-20T17:44Z,63
7545,2024-10-20T17:45Z,86
7546,2024-10-20T17:46Z,29
7547,2024-10-20T17:47Z,83
7548,2024-10-20T17:48Z,42
7549,2024-10-20T17:49Z,61
7550,2024-10-20T17:50Z,19
7551,2024-10-20T17:51Z,37
7552,2024-10-20T17:52Z,36
7553,2024-10-20T17:53Z,68
7554,2024-10-20T17:54Z,22
7555,2024-10-20T17:55Z,65
7556,2024-10-20T17:56Z,57
7557,2024-10-20T17:57Z,50
7558,2024-10-20T17:58Z,29
7559,2024-10-20T17:59Z,100
7560,2024-10-20T18:00Z,20
7561,2024-10-20T18:01Z,80
7562,2024-10-20T18:02Z,32
7563,2024-10-20T18:03Z,39
7564,2024-10-20T18:04Z,70
7565,2024-10-20T18:05Z,80
7566,2024-10-20T18:06Z,65
7567,2024-10-20T18:07Z,67
7568,2024-10-20T18:08Z,40
7569,2024-10-20T18:09Z,68
7570,2024-10-20T18:10Z,25
7571,2024-10-20T18:11Z,66
7572,2024-10-20T18:12Z,23
7573,2024-10-20T18:13Z,77
7574,2024-10-20T18:14Z,130
7575,2024-10-20T18:15Z,93
7576,2024-10-20T18:16Z,45
7577,2024-10-20T18:17Z,20
7578,2024-10-20T18:18Z,75
7579,2024-10-20T18:19Z,129
7580,2024-10-20T18:20Z,56
7581,2024-10-20T18:21Z,48
7582,2024-10-20T18:22Z,20
7583,2024-10-20T18:23Z,88
7584,2024-10-20T18:24Z,31
7585,2024-10-20T18:25Z,96
7586,2024-10-20T18:26Z,35
7587,2024-10-20T18:27Z,36
7588,2024-10-20T18:28Z,93
7589,2024-10-20T18:29Z,141
7590,2024-10-20T18:30Z,57
7591,2024-10-20T18:31Z,26
7592,2024-10-20T18:32Z,20
7593,2024-10-20T18:33Z,41
7594,2024-10-20T18:34Z,94
7595,2024-10-20T18:35Z,44
7596,2024-10-20T18:36Z,41
7597,2024-10-20T18:37Z,20
7598,2024-10-20T18:38Z,11
7599,2024-10-20T18:39Z,13
7600,2024-10-20T18:40Z,25
7601,2024-10-20T18:41Z,24
7602,2024-10-20T18:42Z,57
7603,2024-10-20T18:43Z,81
7604,2024-10-20T18:44Z,24
7605,2024-10-20T18:45Z,14
7606,2024-10-20T18:46Z,13
7607,2024-10-20T18:47Z,36
7608,2024-10-20T18:48Z,17
7609,2024-10-20T18:49Z,41
7610,2024-10-20T18:50Z,16
7611,2024-10-20T18:51Z,28
7612,2024-10-20T18:52Z,34
7613,2024-10-20T18:53Z,14
7614,2024-10-20T18:54Z,16
7615,2024-10-20T18:55Z,52
7616,2024-10-20T18:56Z,61
7617,2024-10-20T18:57Z,44
7618,2024-10-20T18:58Z,16
7619,2024-10-20T18:59Z,14
7620,2024-10-20T19:00Z,11
7621,2024-10-20T19:01Z,32
7622,2024-10-20T19:02Z,15
7623,2024-10-20T19:03Z,13
7624,2024-10-20T19:04Z,31
7625,2024-10-20T19:05Z,32
7626,2024-10-20T19:06Z,25
7627,2024-10-20T19:07Z,28
7628,2024-10-20T19:08Z,12
7629,2024-10-20T19:09Z,14
7630,2024-10-20T19:10Z,20
7631,2024-10-20T19:11Z,68
7632,2024-10-20T19:12Z,15
7633,2024-10-20T19:13Z,10
7634,2024-10-20T19:14Z,26
7635,2024-10-20T19:15Z,7
7636,2024-10-20T19:16Z,14
7637,2024-10-20T19:17Z,68
7638,2024-10-20T19:18Z,29
7639,2024-10-20T19:19Z,28
7640,2024-10-20T19:20Z,50
7641,2024-10-20T19:21Z,15
7642,2024-10-20T19:22Z,9
7643,2024-10-20T19:23Z,24
7644,2024-10-20T19:24Z,77
7645,2024-10-20T19:25Z,14
7646,2024-10-20T19:26Z,5
7647,2024-10-20T19:27Z,7
7648,2024-10-20T19:28Z,58
7649,2024-10-20T19:29Z,21
7650,2024-10-20T19:30Z,20
7651,2024-10-20T19:31Z,34
7652,2024-10-20T19:32Z,17
7653,2024-10-20T19:33Z,29
7654,2024-10-20T19:34Z,13
7655,2024-10-20T19:35Z,7
7656,2024-10-20T19:36Z,27
7657,2024-10-20T19:37Z,15
7658,2024-10-20T19:38Z,37
7659,2024-10-20T19:39Z,50
7660,2024-10-20T19:40Z,15
7661,2024-10-20T19:41Z,15
7662,2024-10-20T19:42Z,59
7663,2024-10-20T19:43Z,13
7664,2024-10-20T19:44Z,24
7665,2024-10-20T19:45Z,31
7666,2024-10-20T19:46Z,23
7667,2024-10-20T19:47Z,32
7668,2024-10-20T19:48Z,58
7669,2024-10-20T19:49Z,12
7670,2024-10-20T19:50Z,57
7671,2024-10-20T19:51Z,19
7672,2024-10-20T19:52Z,44
7673,2024-10-20T19:53Z,40
7674,2024-10-20T19:54Z,78
7675,2024-10-20T19:55Z,42
7676,2024-10-20T19:56Z,49
7677,2024-10-20T19:57Z,85
7678,2024-10-20T19:58Z,40
7679,2024-10-20T19:59Z,65
7680,2024-10-20T20:00Z,19
7681,2024-10-20T20:01Z,31
7682,2024-10-20T20:02Z,94
7683,2024-10-20T20:03Z,15
7684,2024-10-20T20:04Z,13
7685,2024-10-20T20:05Z,59
7686,2024-10-20T20:06Z,54
7687,2024-10-20T20:07Z,18
7688,2024-10-20T20:08Z,75
7689,2024-10-20T20:09Z,18
7690,2024-10-20T20:10Z,16
7691,2024-10-20T20:11Z,42
7692,2024-10-20T20:12Z,37
7693,2024-10-20T20:13Z,21
7694,2024-10-20T20:14Z,60
7695,2024-10-20T20:15Z,60
7696,2024-10-20T20:16Z,35
7697,2024-10-20T20:17Z,54
7698,2024-10-20T20:18Z,86
7699,2024-10-20T20:19Z,13
7700,2024-10-20T20:20Z,10
7701,2024-10-20T20:21Z,11
7702,2024-10-20T20:22Z,52
7703,2024-10-20T20:23Z,8
7704,2024-10-20T20:24Z,11
7705,2024-10-20T20:25Z,33
7706,2024-10-20T20:26Z,12
7707,2024-10-20T20:27Z,28
7708,2024-10-20T20:28Z,11
7709,2024-10-20T20:29Z,10
7710,2024-10-20T20:30Z,23
7711,2024-10-20T20:31Z,47
7712,2024-10-20T20:32Z,41
7713,2024-10-20T20:33Z,20
7714,2024-10-20T20:34Z,14
7715,2024-10-20T20:35Z,25
7716,2024-10-20T20:36Z,24
7717,2024-10-20T20:37Z,19
7718,2024-10-20T20:38Z,8
7719,2024-10-20T20:39Z,17
7720,2024-10-20T20:40Z,22
7721,2024-10-20T20:41Z,46
7722,2024-10-20T20:42Z,36
7723,2024-10-20T20:43Z,19
7724,2024-10-20T20:44Z,12
7725,2024-10-20T20:45Z,30
7726,2024-10-20T20:46Z,21
7727,2024-10-20T20:47Z,57
7728,2024-10-20T20:48Z,16
7729,2024-10-20T20:49Z,38
7730,2024-10-20T20:50Z,22
7731,2024-10-20T20:51Z,39
7732,2024-10-20T20:52Z,69
7733,2024-10-20T20:53Z,27
7734,2024-10-20T20:54Z,32
7735,2024-10-20T20:55Z,21
7736,2024-10-20T20:56Z,32
7737,2024-10-20T20:57Z,15
7738,2024-10-20T20:58Z,9
7739,2024-10-20T20:59Z,6
7740,2024-10-20T21:00Z,14
7741,2024-10-20T21:01Z,13
7742,2024-10-20T21:02Z,47
7743,2024-10-20T21:03Z,15
7744,2024-10-20T21:04Z,43
7745,2024-10-20T21:05Z,13
7746,2024-10-20T21:06Z,12
7747,2024-10-20T21:07Z,28
7748,2024-10-20T21:08Z,6
7749,2024-10-20T21:09Z,84
7750,2024-10-20T21:10Z,25
7751,2024-10-20T21:11Z,45
7752,2024-10-20T21:12Z,49
7753,2024-10-20T21:13Z,13
7754,2024-10-20T21:14Z,20
7755,2024-10-20T21:15Z,36
7756,2024-10-20T21:16Z,59
7757,2024-10-20T21:17Z,16
7758,2024-10-20T21:18Z,24
7759,2024-10-20T21:19Z,19
7760,2024-10-20T21:20Z,39
7761,2024-10-20T21:21Z,14
7762,2024-10-20T21:22Z,29
7763,2024-10-20T21:23Z,13
7764,2024-10-20T21:24Z,29
7765,2024-10-20T21:25Z,14
7766,2024-10-20T21:26Z,11
7767,2024-10-20T21:27Z,29
7768,2024-10-20T21:28Z,47
7769,2024-10-20T21:29Z,45
7770,2024-10-20T21:30Z,27
7771,2024-10-20T21:31Z,23
7772,2024-10-20T21:32Z,15
7773,2024-10-20T21:33Z,22
7774,2024-10-20T21:34Z,25
7775,2024-10-20T21:35Z,33
7776,2024-10-20T21:36Z,69
7777,2024-10-20T21:37Z,52
7778,2024-10-20T21:38Z,43
7779,2024-10-20T21:39Z,37
7780,2024-10-20T21:40Z,37
7781,2024-10-20T21:41Z,17
7782,2024-10-20T21:42Z,28
7783,2024-10-20T21:43Z,18
7784,2024-10-20T21:44Z,45
7785,2024-10-20T21:45Z,23
7786,2024-10-20T21:46Z,54
7787,2024-10-20T21:47Z,21
7788,2024-10-20T21:48Z,12
7789,2024-10-20T21:49Z,69
7790,2024-10-20T21:50Z,51
7791,2024-10-20T21:51Z,45
7792,2024-10-20T21:52Z,17
7793,2024-10-20T21:53Z,26
7794,2024-10-20T21:54Z,25
7795,2024-10-20T21:55Z,35
7796,2024-10-20T21:56Z,8
7797,2024-10-20T21:57Z,22
7798,2024-10-20T21:58Z,32
7799,2024-10-20T21:59Z,33
7800,2024-10-20T22:00Z,21
7801,2024-10-20T22:01Z,56
7802,2024-10-20T22:02Z,61
7803,2024-10-20T22:03Z,13
7804,2024-10-20T22:04Z,70
7805,2024-10-20T22:05Z,59
7806,2024-10-20T22:06Z,78
7807,2024-10-20T22:07Z,36
7808,2024-10-20T22:08Z,87
7809,2024-10-20T22:09Z,24
7810,2024-10-20T22:10Z,34
7811,2024-10-20T22:11Z,83
7812,2024-10-20T22:12Z,59
7813,2024-10-20T22:13Z,38
7814,2024-10-20T22:14Z,41
7815,2024-10-20T22:15Z,23
7816,2024-10-20T22:16Z,20
7817,2024-10-20T22:17Z,19
7818,2024-10-20T22:18Z,37
7819,2024-10-20T22:19Z,45
7820,2024-10-20T22:20Z,44
7821,2024-10-20T22:21Z,16
7822,2024-10-20T22:22Z,20
7823,2024-10-20T22:23Z,30
7824,2024-10-20T22:24Z,42
7825,2024-10-20T22:25Z,59
7826,2024-10-20T22:26Z,28
7827,2024-10-20T22:27Z,9
7828,2024-10-20T22:28Z,30
7829,2024-10-20T22:29Z,21
7830,2024-10-20T22:30Z,35
7831,2024-10-20T22:31Z,56
7832,2024-10-20T22:32Z,77
7833,2024-10-20T22:33Z,59
7834,2024-10-20T22:34Z,28
7835,2024-10-20T22:35Z,5
7836,2024-10-20T22:36Z,39
7837,2024-10-20T22:37Z,51
7838,2024-10-20T22:38Z,116
7839,2024-10-20T22:39Z,42
7840,2024-10-20T22:40Z,70
7841,2024-10-20T22:41Z,32
7842,2024-10-20T22:42Z,23
7843,2024-10-20T22:43Z,20
7844,2024-10-20T22:44Z,54
7845,2024-10-20T22:45Z,32
7846,2024-10-20T22:46Z,18
7847,2024-10-20T22:47Z,55
7848,2024-10-20T22:48Z,32
7849,2024-10-20T22:49Z,14
7850,2024-10-20T22:50Z,16
7851,2024-10-20T22:51Z,30
7852,2024-10-20T22:52Z,58
7853,2024-10-20T22:53Z,30
7854,2024-10-20T22:54Z,13
7855,2024-10-20T22:55Z,18
7856,2024-10-20T22:56Z,75
7857,2024-10-20T22:57Z,44
7858,2024-10-20T22:58Z,26
7859,2024-10-20T22:59Z,33
7860,2024-10-20T23:00Z,20
7861,2024-10-20T23:01Z,21
7862,2024-10-20T23:02Z,32
7863,2024-10-20T23:03Z,31
7864,2024-10-20T23:04Z,16
7865,2024-10-20T23:05Z,42
7866,2024-10-20T23:06Z,33
7867,2024-10-20T23:07Z,42
7868,2024-10-20T23:08Z,53
7869,2024-10-20T23:09Z,14
7870,2024-10-20T23:10Z,32
7871,2024-10-20T23:11Z,36
7872,2024-10-20T23:12Z,23
7873,2024-10-20T23:13Z,55
7874,2024-10-20T23:14Z,23
7875,2024-10-20T23:15Z,43
7876,2024-10-20T23:16Z,23
7877,2024-10-20T23:17Z,40
7878,2024-10-20T23:18Z,18
7879,2024-10-20T23:19Z,41
7880,2024-10-20T23:20Z,14
7881,2024-10-20T23:21Z,17
7882,2024-10-20T23:22Z,15
7883,2024-10-20T23:23Z,27
7884,2024-10-20T23:24Z,14
7885,2024-10-20T23:25Z,17
7886,2024-10-20T23:26Z,20
7887,2024-10-20T23:27Z,18
7888,2024-10-20T23:28Z,49
7889,2024-10-20T23:29Z,12
7890,2024-10-20T23:30Z,23
7891,2024-10-20T23:31Z,13
7892,2024-10-20T23:32Z,66
7893,2024-10-20T23:33Z,49
7894,2024-10-20T23:34Z,31
7895,2024-10-20T23:35Z,13
7896,2024-10-20T23:36Z,26
7897,2024-10-20T23:37Z,18
7898,2024-10-20T23:38Z,40
7899,2024-10-20T23:39Z,18
7900,2024-10-20T23:40Z,15
7901,2024-10-20T23:41Z,17
7902,2024-10-20T23:42Z,69
7903,2024-10-20T23:43Z,26
7904,2024-10-20T23:44Z,15
7905,2024-10-20T23:45Z,9
7906,2024-10-20T23:46Z,10
7907,2024-10-20T23:47Z,34
7908,2024-10-20T23:48Z,66
7909,2024-10-20T23:49Z,45
7910,2024-10-20T23:50Z,39
7911,2024-10-20T23:51Z,50
7912,2024-10-20T23:52Z,10
7913,2024-10-20T23:53Z,34
7914,2024-10-20T23:54Z,16
7915,2024-10-20T23:55Z,14
7916,2024-10-20T23:56Z,13
7917,2024-10-20T23:57Z,16
7918,2024-10-20T23:58Z,13
7919,2024-10-20T23:59Z,15
7920,2024-10-21T00:00Z,25
7921,2024-10-21T00:01Z,30
7922,2024-10-21T00:02Z,30
7923,2024-10-21T00:03Z,45
7924,2024-10-21T00:04Z,29
7925,2024-10-21T00:05Z,64
7926,2024-10-21T00:06Z,21
7927,2024-10-21T00:07Z,24
7928,2024-10-21T00:08Z,46
7929,2024-10-21T00:09Z,18
7930,2024-10-21T00:10Z,26
7931,2024-10-21T00:11Z,31
7932,2024-10-21T00:12Z,51
7933,2024-10-21T00:13Z,26
7934,2024-10-21T00:14Z,10
7935,2024-10-21T00:15Z,46
7936,2024-10-21T00:16Z,18
7937,2024-10-21T00:17Z,16
7938,2024-10-21T00:18Z,21
7939,2024-10-21T00:19Z,27
7940,2024-10-21T00:20Z,39
7941,2024-10-21T00:21Z,27
7942,2024-10-21T00:22Z,51
7943,2024-10-21T00:23Z,45
7944,2024-10-21T00:24Z,25
7945,2024-10-21T00:25Z,23
7946,2024-10-21T00:26Z,20
7947,2024-10-21T00:27Z,30
7948,2024-10-21T00:28Z,22
7949,2024-10-21T00:29Z,33
7950,2024-10-21T00:30Z,63
7951,2024-10-21T00:31Z,38
7952,2024-10-21T00:32Z,33
7953,2024-10-21T00:33Z,85
7954,2024-10-21T00:34Z,26
7955,2024-10-21T00:35Z,23
7956,2024-10-21T00:36Z,49
7957,2024-10-21T00:37Z,41
7958,2024-10-21T00:38Z,19
7959,2024-10-21T00:39Z,19
7960,2024-10-21T00:40Z,24
7961,2024-10-21T00:41Z,88
7962,2024-10-21T00:42Z,119
7963,2024-10-21T00:43Z,61
7964,2024-10-21T00:44Z,44
7965,2024-10-21T00:45Z,55
7966,2024-10-21T00:46Z,131
7967,2024-10-21T00:47Z,69
7968,2024-10-21T00:48Z,100
7969,2024-10-21T00:49Z,20
7970,2024-10-21T00:50Z,72
7971,2024-10-21T00:51Z,45
7972,2024-10-21T00:52Z,26
7973,2024-10-21T00:53Z,73
7974,2024-10-21T00:54Z,39
7975,2024-10-21T00:55Z,83
7976,2024-10-21T00:56Z,65
7977,2024-10-21T00:57Z,100
7978,2024-10-21T00:58Z,21
7979,2024-10-21T00:59Z,71
7980,2024-10-21T01:00Z,18
7981,2024-10-21T01:01Z,80
7982,2024-10-21T01:02Z,34
7983,2024-10-21T01:03Z,67
7984,2024-10-21T01:04Z,128
7985,2024-10-21T01:05Z,85
7986,2024-10-21T01:06Z,160
7987,2024-10-21T01:07Z,19
7988,2024-10-21T01:08Z,22
7989,2024-10-21T01:09Z,96
7990,2024-10-21T01:10Z,99
7991,2024-10-21T01:11Z,85
7992,2024-10-21T01:12Z,21
7993,2024-10-21T01:13Z,34
7994,2024-10-21T01:14Z,71
7995,2024-10-21T01:15Z,51
7996,2024-10-21T01:16Z,31
7997,2024-10-21T01:17Z,102
7998,2024-10-21T01:18Z,42
7999,2024-10-21T01:19Z,51
8000,2024-10-21T01:20Z,29
8001,2024-10-21T01:21Z,64
8002,2024-10-21T01:22Z,28
8003,2024-10-21T01:23Z,36
8004,2024-10-21T01:24Z,89
8005,2024-10-21T01:25Z,31
8006,2024-10-21T01:26Z,34
8007,2024-10-21T01:27Z,35
8008,2024-10-21T01:28Z,34
8009,2024-10-21T01:29Z,57
8010,2024-10-21T01:30Z,25
8011,2024-10-21T01:31Z,36
8012,2024-10-21T01:32Z,44
8013,2024-10-21T01:33Z,30
8014,2024-10-21T01:34Z,54
8015,2024-10-21T01:35Z,57
8016,2024-10-21T01:36Z,28
8017,2024-10-21T01:37Z,35
8018,2024-10-21T01:38Z,74
8019,2024-10-21T01:39Z,21
8020,2024-10-21T01:40Z,39
8021,2024-10-21T01:41Z,54
8022,2024-10-21T01:42Z,13
8023,2024-10-21T01:43Z,36
8024,2024-10-21T01:44Z,18
8025,2024-10-21T01:45Z,35
8026,2024-10-21T01:46Z,102
8027,2024-10-21T01:47Z,83
8028,2024-10-21T01:48Z,56
8029,2024-10-21T01:49Z,27
8030,2024-10-21T01:50Z,27
8031,2024-10-21T01:51Z,76
8032,2024-10-21T01:52Z,39
8033,2024-10-21T01:53Z,78
8034,2024-10-21T01:54Z,23
8035,2024-10-21T01:55Z,62
8036,2024-10-21T01:56Z,48
8037,2024-10-21T01:57Z,52
8038,2024-10-21T01:58Z,27
8039,2024-10-21T01:59Z,45
8040,2024-10-21T02:00Z,99
8041,2024-10-21T02:01Z,68
8042,2024-10-21T02:02Z,73
8043,2024-10-21T02:03Z,58
8044,2024-10-21T02:04Z,48
8045,2024-10-21T02:05Z,99
8046,2024-10-21T02:06Z,88
8047,2024-10-21T02:07Z,95
8048,2024-10-21T02:08Z,66
8049,2024-10-21T02:09Z,52
8050,2024-10-21T02:10Z,36
8051,2024-10-21T02:11Z,62
8052,2024-10-21T02:12Z,77
8053,2024-10-21T02:13Z,67
8054,2024-10-21T02:14Z,36
8055,2024-10-21T02:15Z,50
8056,2024-10-21T02:16Z,46
8057,2024-10-21T02:17Z,37
8058,2024-10-21T02:18Z,40
8059,2024-10-21T02:19Z,32
8060,2024-10-21T02:20Z,67
8061,2024-10-21T02:21Z,95
8062,2024-10-21T02:22Z,31
8063,2024-10-21T02:23Z,37
8064,2024-10-21T02:24Z,49
8065,2024-10-21T02:25Z,67
8066,2024-10-21T02:26Z,44
8067,2024-10-21T02:27Z,54
8068,2024-10-21T02:28Z,75
8069,2024-10-21T02:29Z,55
8070,2024-10-21T02:30Z,45
8071,2024-10-21T02:31Z,69
8072,2024-10-21T02:32Z,61
8073,2024-10-21T02:33Z,105
8074,2024-10-21T02:34Z,48
8075,2024-10-21T02:35Z,60
8076,2024-10-21T02:36Z,75
8077,2024-10-21T02:37Z,44
8078,2024-10-21T02:38Z,106
8079,2024-10-21T02:39Z,54
8080,2024-10-21T02:40Z,42
8081,2024-10-21T02:41Z,46
8082,2024-10-21T02:42Z,47
8083,2024-10-21T02:43Z,99
8084,2024-10-21T02:44Z,101
8085,2024-10-21T02:45Z,89
8086,2024-10-21T02:46Z,46
8087,2024-10-21T02:47Z,48
8088,2024-10-21T02:48Z,37
8089,2024-10-21T02:49Z,80
8090,2024-10-21T02:50Z,46
8091,2024-10-21T02:51Z,94
8092,2024-10-21T02:52Z,47
8093,2024-10-21T02:53Z,72
8094,2024-10-21T02:54Z,68
8095,2024-10-21T02:55Z,43
8096,2024-10-21T02:56Z,100
8097,2024-10-21T02:57Z,91
8098,2024-10-21T02:58Z,101
8099,2024-10-21T02:59Z,43
8100,2024-10-21T03:00Z,66
8101,2024-10-21T03:01Z,64
8102,2024-10-21T03:02Z,102
8103,2024-10-21T03:03Z,119
8104,2024-10-21T03:04Z,85
8105,2024-10-21T03:05Z,46
8106,2024-10-21T03:06Z,39
8107,2024-10-21T03:07Z,109
8108,2024-10-21T03:08Z,100
8109,2024-10-21T03:09Z,76
8110,2024-10-21T03:10Z,75
8111,2024-10-21T03:11Z,42
8112,2024-10-21T03:12Z,32
8113,2024-10-21T03:13Z,25
8114,2024-10-21T03:14Z,30
8115,2024-10-21T03:15Z,83
8116,2024-10-21T03:16Z,62
8117,2024-10-21T03:17Z,61
8118,2024-10-21T03:18Z,66
8119,2024-10-21T03:19Z,111
8120,2024-10-21T03:20Z,58
8121,2024-10-21T03:21Z,46
8122,2024-10-21T03:22Z,41
8123,2024-10-21T03:23Z,61
8124,2024-10-21T03:24Z,52
8125,2024-10-21T03:25Z,52
8126,2024-10-21T03:26Z,52
8127,2024-10-21T03:27Z,53
8128,2024-10-21T03:28Z,125
8129,2024-10-21T03:29Z,47
8130,2024-10-21T03:30Z,104
8131,2024-10-21T03:31Z,74
8132,2024-10-21T03:32Z,114
8133,2024-10-21T03:33Z,56
8134,2024-10-21T03:34Z,60
8135,2024-10-21T03:35Z,131
8136,2024-10-21T03:36Z,60
8137,2024-10-21T03:37Z,72
8138,2024-10-21T03:38Z,67
8139,2024-10-21T03:39Z,89
8140,2024-10-21T03:40Z,84
8141,2024-10-21T03:41Z,48
8142,2024-10-21T03:42Z,98
8143,2024-10-21T03:43Z,71
8144,2024-10-21T03:44Z,47
8145,2024-10-21T03:45Z,56
8146,2024-10-21T03:46Z,91
8147,2024-10-21T03:47Z,60
8148,2024-10-21T03:48Z,120
8149,2024-10-21T03:49Z,97
8150,2024-10-21T03:50Z,96
8151,2024-10-21T03:51Z,99
8152,2024-10-21T03:52Z,126
8153,2024-10-21T03:53Z,61
8154,2024-10-21T03:54Z,48
8155,2024-10-21T03:55Z,48
8156,2024-10-21T03:56Z,81
8157,2024-10-21T03:57Z,71
8158,2024-10-21T03:58Z,66
8159,2024-10-21T03:59Z,76
8160,2024-10-21T04:00Z,55
8161,2024-10-21T04:01Z,68
8162,2024-10-21T04:02Z,88
8163,2024-10-21T04:03Z,123
8164,2024-10-21T04:04Z,100
8165,2024-10-21T04:05Z,143
8166,2024-10-21T04:06Z,54
8167,2024-10-21T04:07Z,98
8168,2024-10-21T04:08Z,102
8169,2024-10-21T04:09Z,47
8170,2024-10-21T04:10Z,32
8171,2024-10-21T04:11Z,44
8172,2024-10-21T04:12Z,41
8173,2024-10-21T04:13Z,26
8174,2024-10-21T04:14Z,48
8175,2024-10-21T04:15Z,41
8176,2024-10-21T04:16Z,51
8177,2024-10-21T04:17Z,86
8178,2024-10-21T04:18Z,60
8179,2024-10-21T04:19Z,83
8180,2024-10-21T04:20Z,94
8181,2024-10-21T04:21Z,154
8182,2024-10-21T04:22Z,156
8183,2024-10-21T04:23Z,85
8184,2024-10-21T04:24Z,153
8185,2024-10-21T04:25Z,50
8186,2024-10-21T04:26Z,134
8187,2024-10-21T04:27Z,61
8188,2024-10-21T04:28Z,57
8189,2024-10-21T04:29Z,49
8190,2024-10-21T04:30Z,61
8191,2024-10-21T04:31Z,74
8192,2024-10-21T04:32Z,112
8193,2024-10-21T04:33Z,193
8194,2024-10-21T04:34Z,49
8195,2024-10-21T04:35Z,48
8196,2024-10-21T04:36Z,36
8197,2024-10-21T04:37Z,109
8198,2024-10-21T04:38Z,106
8199,2024-10-21T04:39Z,35
8200,2024-10-21T04:40Z,87
8201,2024-10-21T04:41Z,62
8202,2024-10-21T04:42Z,108
8203,2024-10-21T04:43Z,36
8204,2024-10-21T04:44Z,100
8205,2024-10-21T04:45Z,53
8206,2024-10-21T04:46Z,77
8207,2024-10-21T04:47Z,135
8208,2024-10-21T04:48Z,123
8209,2024-10-21T04:49Z,52
8210,2024-10-21T04:50Z,144
8211,2024-10-21T04:51Z,125
8212,2024-10-21T04:52Z,98
8213,2024-10-21T04:53Z,102
8214,2024-10-21T04:54Z,44
8215,2024-10-21T04:55Z,95
8216,2024-10-21T04:56Z,51
8217,2024-10-21T04:57Z,151
8218,2024-10-21T04:58Z,113
8219,2024-10-21T04:59Z,52
8220,2024-10-21T05:00Z,83
8221,2024-10-21T05:01Z,108
8222,2024-10-21T05:02Z,123
8223,2024-10-21T05:03Z,53
8224,2024-10-21T05:04Z,92
8225,2024-10-21T05:05Z,83
8226,2024-10-21T05:06Z,33
8227,2024-10-21T05:07Z,40
8228,2024-10-21T05:08Z,65
8229,2024-10-21T05:09Z,88
8230,2024-10-21T05:10Z,26
8231,2024-10-21T05:11Z,58
8232,2024-10-21T05:12Z,182
8233,2024-10-21T05:13Z,158
8234,2024-10-21T05:14Z,90
8235,2024-10-21T05:15Z,63
8236,2024-10-21T05:16Z,66
8237,2024-10-21T05:17Z,65
8238,2024-10-21T05:18Z,51
8239,2024-10-21T05:19Z,66
8240,2024-10-21T05:20Z,124
8241,2024-10-21T05:21Z,68
8242,2024-10-21T05:22Z,41
8243,2024-10-21T05:23Z,104
8244,2024-10-21T05:24Z,178
8245,2024-10-21T05:25Z,73
8246,2024-10-21T05:26Z,80
8247,2024-10-21T05:27Z,75
8248,2024-10-21T05:28Z,32
8249,2024-10-21T05:29Z,32
8250,2024-10-21T05:30Z,43
8251,2024-10-21T05:31Z,57
8252,2024-10-21T05:32Z,51
8253,2024-10-21T05:33Z,34
8254,2024-10-21T05:34Z,52
8255,2024-10-21T05:35Z,80
8256,2024-10-21T05:36Z,41
8257,2024-10-21T05:37Z,33
8258,2024-10-21T05:38Z,69
8259,2024-10-21T05:39Z,62
8260,2024-10-21T05:40Z,92
8261,2024-10-21T05:41Z,202
8262,2024-10-21T05:42Z,54
8263,2024-10-21T05:43Z,47
8264,2024-10-21T05:44Z,123
8265,2024-10-21T05:45Z,83
8266,2024-10-21T05:46Z,73
8267,2024-10-21T05:47Z,47
8268,2024-10-21T05:48Z,89
8269,2024-10-21T05:49Z,99
8270,2024-10-21T05:50Z,58
8271,2024-10-21T05:51Z,33
8272,2024-10-21T05:52Z,32
8273,2024-10-21T05:53Z,44
8274,2024-10-21T05:54Z,76
8275,2024-10-21T05:55Z,80
8276,2024-10-21T05:56Z,62
8277,2024-10-21T05:57Z,59
8278,2024-10-21T05:58Z,60
8279,2024-10-21T05:59Z,39
8280,2024-10-21T06:00Z,96
8281,2024-10-21T06:01Z,49
8282,2024-10-21T06:02Z,91
8283,2024-10-21T06:03Z,37
8284,2024-10-21T06:04Z,97
8285,2024-10-21T06:05Z,96
8286,2024-10-21T06:06Z,161
8287,2024-10-21T06:07Z,35
8288,2024-10-21T06:08Z,62
8289,2024-10-21T06:09Z,77
8290,2024-10-21T06:10Z,116
8291,2024-10-21T06:11Z,58
8292,2024-10-21T06:12Z,61
8293,2024-10-21T06:13Z,82
8294,2024-10-21T06:14Z,134
8295,2024-10-21T06:15Z,66
8296,2024-10-21T06:16Z,28
8297,2024-10-21T06:17Z,32
8298,2024-10-21T06:18Z,102
8299,2024-10-21T06:19Z,45
8300,2024-10-21T06:20Z,79
8301,2024-10-21T06:21Z,46
8302,2024-10-21T06:22Z,110
8303,2024-10-21T06:23Z,130
8304,2024-10-21T06:24Z,51
8305,2024-10-21T06:25Z,86
8306,2024-10-21T06:26Z,110
8307,2024-10-21T06:27Z,70
8308,2024-10-21T06:28Z,60
8309,2024-10-21T06:29Z,38
8310,2024-10-21T06:30Z,51
8311,2024-10-21T06:31Z,70
8312,2024-10-21T06:32Z,65
8313,2024-10-21T06:33Z,54
8314,2024-10-21T06:34Z,58
8315,2024-10-21T06:35Z,87
8316,2024-10-21T06:36Z,61
8317,2024-10-21T06:37Z,49
8318,2024-10-21T06:38Z,68
8319,2024-10-21T06:39Z,27
8320,2024-10-21T06:40Z,49
8321,2024-10-21T06:41Z,67
8322,2024-10-21T06:42Z,43
8323,2024-10-21T06:43Z,81
8324,2024-10-21T06:44Z,65
8325,2024-10-21T06:45Z,54
8326,2024-10-21T06:46Z,44
8327,2024-10-21T06:47Z,34
8328,2024-10-21T06:48Z,36
8329,2024-10-21T06:49Z,87
8330,2024-10-21T06:50Z,29
8331,2024-10-21T06:51Z,136
8332,2024-10-21T06:52Z,100
8333,2024-10-21T06:53Z,30
8334,2024-10-21T06:54Z,92
8335,2024-10-21T06:55Z,50
8336,2024-10-21T06:56Z,74
8337,2024-10-21T06:57Z,104
8338,2024-10-21T06:58Z,78
8339,2024-10-21T06:59Z,58
8340,2024-10-21T07:00Z,64
8341,2024-10-21T07:01Z,162
8342,2024-10-21T07:02Z,59
8343,2024-10-21T07:03Z,48
8344,2024-10-21T07:04Z,91
8345,2024-10-21T07:05Z,33
8346,2024-10-21T07:06Z,151
8347,2024-10-21T07:07Z,166
8348,2024-10-21T07:08Z,39
8349,2024-10-21T07:09Z,152
8350,2024-10-21T07:10Z,39
8351,2024-10-21T07:11Z,37
8352,2024-10-21T07:12Z,76
8353,2024-10-21T07:13Z,103
8354,2024-10-21T07:14Z,65
8355,2024-10-21T07:15Z,191
8356,2024-10-21T07:16Z,72
8357,2024-10-21T07:17Z,104
8358,2024-10-21T07:18Z,71
8359,2024-10-21T07:19Z,253
8360,2024-10-21T07:20Z,83
8361,2024-10-21T07:21Z,97
8362,2024-10-21T07:22Z,95
8363,2024-10-21T07:23Z,83
8364,2024-10-21T07:24Z,151
8365,2024-10-21T07:25Z,97
8366,2024-10-21T07:26Z,88
8367,2024-10-21T07:27Z,40
8368,2024-10-21T07:28Z,248
8369,2024-10-21T07:29Z,405
8370,2024-10-21T07:30Z,74
8371,2024-10-21T07:31Z,216
8372,2024-10-21T07:32Z,229
8373,2024-10-21T07:33Z,71
8374,2024-10-21T07:34Z,127
8375,2024-10-21T07:35Z,52
8376,2024-10-21T07:36Z,41
8377,2024-10-21T07:37Z,164
8378,2024-10-21T07:38Z,111
8379,2024-10-21T07:39Z,94
8380,2024-10-21T07:40Z,153
8381,2024-10-21T07:41Z,43
8382,2024-10-21T07:42Z,41
8383,2024-10-21T07:43Z,92
8384,2024-10-21T07:44Z,87
8385,2024-10-21T07:45Z,39
8386,2024-10-21T07:46Z,72
8387,2024-10-21T07:47Z,75
8388,2024-10-21T07:48Z,38
8389,2024-10-21T07:49Z,73
8390,2024-10-21T07:50Z,47
8391,2024-10-21T07:51Z,178
8392,2024-10-21T07:52Z,66
8393,2024-10-21T07:53Z,45
8394,2024-10-21T07:54Z,47
8395,2024-10-21T07:55Z,40
8396,2024-10-21T07:56Z,52
8397,2024-10-21T07:57Z,90
8398,2024-10-21T07:58Z,70
8399,2024-10-21T07:59Z,71
8400,2024-10-21T08:00Z,40
8401,2024-10-21T08:01Z,54
8402,2024-10-21T08:02Z,281
8403,2024-10-21T08:03Z,286
8404,2024-10-21T08:04Z,77
8405,2024-10-21T08:05Z,61
8406,2024-10-21T08:06Z,67
8407,2024-10-21T08:07Z,31
8408,2024-10-21T08:08Z,37
8409,2024-10-21T08:09Z,87
8410,2024-10-21T08:10Z,55
8411,2024-10-21T08:11Z,64
8412,2024-10-21T08:12Z,44
8413,2024-10-21T08:13Z,258
8414,2024-10-21T08:14Z,337
8415,2024-10-21T08:15Z,171
8416,2024-10-21T08:16Z,49
8417,2024-10-21T08:17Z,151
8418,2024-10-21T08:18Z,134
8419,2024-10-21T08:19Z,40
8420,2024-10-21T08:20Z,69
8421,2024-10-21T08:21Z,88
8422,2024-10-21T08:22Z,103
8423,2024-10-21T08:23Z,103
8424,2024-10-21T08:24Z,217
8425,2024-10-21T08:25Z,83
8426,2024-10-21T08:26Z,211
8427,2024-10-21T08:27Z,101
8428,2024-10-21T08:28Z,83
8429,2024-10-21T08:29Z,50
8430,2024-10-21T08:30Z,68
8431,2024-10-21T08:31Z,193
8432,2024-10-21T08:32Z,221
8433,2024-10-21T08:33Z,236
8434,2024-10-21T08:34Z,90
8435,2024-10-21T08:35Z,159
8436,2024-10-21T08:36Z,67
8437,2024-10-21T08:37Z,114
8438,2024-10-21T08:38Z,200
8439,2024-10-21T08:39Z,95
8440,2024-10-21T08:40Z,101
8441,2024-10-21T08:41Z,69
8442,2024-10-21T08:42Z,181
8443,2024-10-21T08:43Z,124
8444,2024-10-21T08:44Z,221
8445,2024-10-21T08:45Z,112
8446,2024-10-21T08:46Z,71
8447,2024-10-21T08:47Z,57
8448,2024-10-21T08:48Z,76
8449,2024-10-21T08:49Z,112
8450,2024-10-21T08:50Z,174
8451,2024-10-21T08:51Z,224
8452,2024-10-21T08:52Z,180
8453,2024-10-21T08:53Z,136
8454,2024-10-21T08:54Z,197
8455,2024-10-21T08:55Z,214
8456,2024-10-21T08:56Z,352
8457,2024-10-21T08:57Z,221
8458,2024-10-21T08:58Z,228
8459,2024-10-21T08:59Z,325
8460,2024-10-21T09:00Z,191
8461,2024-10-21T09:01Z,228
8462,2024-10-21T09:02Z,198
8463,2024-10-21T09:03Z,68
8464,2024-10-21T09:04Z,222
8465,2024-10-21T09:05Z,192
8466,2024-10-21T09:06Z,219
8467,2024-10-21T09:07Z,96
8468,2024-10-21T09:08Z,147
8469,2024-10-21T09:09Z,59
8470,2024-10-21T09:10Z,47
8471,2024-10-21T09:11Z,134
8472,2024-10-21T09:12Z,77
8473,2024-10-21T09:13Z,72
8474,2024-10-21T09:14Z,179
8475,2024-10-21T09:15Z,145
8476,2024-10-21T09:16Z,123
8477,2024-10-21T09:17Z,109
8478,2024-10-21T09:18Z,87
8479,2024-10-21T09:19Z,57
8480,2024-10-21T09:20Z,110
8481,2024-10-21T09:21Z,105
8482,2024-10-21T09:22Z,83
8483,2024-10-21T09:23Z,93
8484,2024-10-21T09:24Z,197
8485,2024-10-21T09:25Z,205
8486,2024-10-21T09:26Z,201
8487,2024-10-21T09:27Z,178
8488,2024-10-21T09:28Z,62
8489,2024-10-21T09:29Z,47
8490,2024-10-21T09:30Z,50
8491,2024-10-21T09:31Z,57
8492,2024-10-21T09:32Z,41
8493,2024-10-21T09:33Z,50
8494,2024-10-21T09:34Z,46
8495,2024-10-21T09:35Z,53
8496,2024-10-21T09:36Z,57
8497,2024-10-21T09:37Z,48
8498,2024-10-21T09:38Z,87
8499,2024-10-21T09:39Z,49
8500,2024-10-21T09:40Z,67
8501,2024-10-21T09:41Z,105
8502,2024-10-21T09:42Z,49
8503,2024-10-21T09:43Z,91
8504,2024-10-21T09:44Z,61
8505,2024-10-21T09:45Z,49
8506,2024-10-21T09:46Z,65
8507,2024-10-21T09:47Z,99
8508,2024-10-21T09:48Z,62
8509,2024-10-21T09:49Z,58
8510,2024-10-21T09:50Z,42
8511,2024-10-21T09:51Z,102
8512,2024-10-21T09:52Z,43
8513,2024-10-21T09:53Z,69
8514,2024-10-21T09:54Z,157
8515,2024-10-21T09:55Z,112
8516,2024-10-21T09:56Z,51
8517,2024-10-21T09:57Z,75
8518,2024-10-21T09:58Z,69
8519,2024-10-21T09:59Z,65
8520,2024-10-21T10:00Z,83
8521,2024-10-21T10:01Z,104
8522,2024-10-21T10:02Z,53
8523,2024-10-21T10:03Z,116
8524,2024-10-21T10:04Z,128
8525,2024-10-21T10:05Z,38
8526,2024-10-21T10:06Z,43
8527,2024-10-21T10:07Z,41
8528,2024-10-21T10:08Z,57
8529,2024-10-21T10:09Z,37
8530,2024-10-21T10:10Z,104
8531,2024-10-21T10:11Z,118
8532,2024-10-21T10:12Z,45
8533,2024-10-21T10:13Z,72
8534,2024-10-21T10:14Z,97
8535,2024-10-21T10:15Z,128
8536,2024-10-21T10:16Z,99
8537,2024-10-21T10:17Z,37
8538,2024-10-21T10:18Z,38
8539,2024-10-21T10:19Z,157
8540,2024-10-21T10:20Z,87
8541,2024-10-21T10:21Z,96
8542,2024-10-21T10:22Z,92
8543,2024-10-21T10:23Z,124
8544,2024-10-21T10:24Z,54
8545,2024-10-21T10:25Z,70
8546,2024-10-21T10:26Z,102
8547,2024-10-21T10:27Z,60
8548,2024-10-21T10:28Z,95
8549,2024-10-21T10:29Z,60
8550,2024-10-21T10:30Z,100
8551,2024-10-21T10:31Z,120
8552,2024-10-21T10:32Z,110
8553,2024-10-21T10:33Z,130
8554,2024-10-21T10:34Z,44
8555,2024-10-21T10:35Z,56
8556,2024-10-21T10:36Z,136
8557,2024-10-21T10:37Z,55
8558,2024-10-21T10:38Z,39
8559,2024-10-21T10:39Z,41
8560,2024-10-21T10:40Z,89
8561,2024-10-21T10:41Z,154
8562,2024-10-21T10:42Z,42
8563,2024-10-21T10:43Z,32
8564,2024-10-21T10:44Z,92
8565,2024-10-21T10:45Z,80
8566,2024-10-21T10:46Z,65
8567,2024-10-21T10:47Z,93
8568,2024-10-21T10:48Z,71
8569,2024-10-21T10:49Z,38
8570,2024-10-21T10:50Z,51
8571,2024-10-21T10:51Z,72
8572,2024-10-21T10:52Z,194
8573,2024-10-21T10:53Z,95
8574,2024-10-21T10:54Z,34
8575,2024-10-21T10:55Z,33
8576,2024-10-21T10:56Z,44
8577,2024-10-21T10:57Z,29
8578,2024-10-21T10:58Z,46
8579,2024-10-21T10:59Z,53
8580,2024-10-21T11:00Z,79
8581,2024-10-21T11:01Z,45
8582,2024-10-21T11:02Z,38
8583,2024-10-21T11:03Z,48
8584,2024-10-21T11:04Z,98
8585,2024-10-21T11:05Z,43
8586,2024-10-21T11:06Z,33
8587,2024-10-21T11:07Z,64
8588,2024-10-21T11:08Z,51
8589,2024-10-21T11:09Z,56
8590,2024-10-21T11:10Z,63
8591,2024-10-21T11:11Z,48
8592,2024-10-21T11:12Z,41
8593,2024-10-21T11:13Z,44
8594,2024-10-21T11:14Z,67
8595,2024-10-21T11:15Z,42
8596,2024-10-21T11:16Z,55
8597,2024-10-21T11:17Z,28
8598,2024-10-21T11:18Z,42
8599,2024-10-21T11:19Z,209
8600,2024-10-21T11:20Z,88
8601,2024-10-21T11:21Z,67
8602,2024-10-21T11:22Z,103
8603,2024-10-21T11:23Z,121
8604,2024-10-21T11:24Z,52
8605,2024-10-21T11:25Z,89
8606,2024-10-21T11:26Z,42
8607,2024-10-21T11:27Z,43
8608,2024-10-21T11:28Z,64
8609,2024-10-21T11:29Z,124
8610,2024-10-21T11:30Z,184
8611,2024-10-21T11:31Z,32
8612,2024-10-21T11:32Z,78
8613,2024-10-21T11:33Z,93
8614,2024-10-21T11:34Z,29
8615,2024-10-21T11:35Z,46
8616,2024-10-21T11:36Z,90
8617,2024-10-21T11:37Z,86
8618,2024-10-21T11:38Z,53
8619,2024-10-21T11:39Z,46
8620,2024-10-21T11:40Z,75
8621,2024-10-21T11:41Z,144
8622,2024-10-21T11:42Z,153
8623,2024-10-21T11:43Z,159
8624,2024-10-21T11:44Z,110
8625,2024-10-21T11:45Z,108
8626,2024-10-21T11:46Z,50
8627,2024-10-21T11:47Z,110
8628,2024-10-21T11:48Z,40
8629,2024-10-21T11:49Z,63
8630,2024-10-21T11:50Z,83
8631,2024-10-21T11:51Z,82
8632,2024-10-21T11:52Z,74
8633,2024-10-21T11:53Z,209
8634,2024-10-21T11:54Z,200
8635,2024-10-21T11:55Z,168
8636,2024-10-21T11:56Z,122
8637,2024-10-21T11:57Z,272
8638,2024-10-21T11:58Z,70
8639,2024-10-21T11:59Z,60
8640,2024-10-21T12:00Z,136
8641,2024-10-21T12:01Z,86
8642,2024-10-21T12:02Z,60
8643,2024-10-21T12:03Z,127
8644,2024-10-21T12:04Z,63
8645,2024-10-21T12:05Z,43
8646,2024-10-21T12:06Z,53
8647,2024-10-21T12:07Z,125
8648,2024-10-21T12:08Z,236
8649,2024-10-21T12:09Z,140
8650,2024-10-21T12:10Z,61
8651,2024-10-21T12:11Z,85
8652,2024-10-21T12:12Z,130
8653,2024-10-21T12:13Z,132
8654,2024-10-21T12:14Z,71
8655,2024-10-21T12:15Z,100
8656,2024-10-21T12:16Z,367
8657,2024-10-21T12:17Z,78
8658,2024-10-21T12:18Z,38
8659,2024-10-21T12:19Z,65
8660,2024-10-21T12:20Z,423
8661,2024-10-21T12:21Z,195
8662,2024-10-21T12:22Z,193
8663,2024-10-21T12:23Z,145
8664,2024-10-21T12:24Z,135
8665,2024-10-21T12:25Z,144
8666,2024-10-21T12:26Z,82
8667,2024-10-21T12:27Z,85
8668,2024-10-21T12:28Z,112
8669,2024-10-21T12:29Z,60
8670,2024-10-21T12:30Z,115
8671,2024-10-21T12:31Z,90
8672,2024-10-21T12:32Z,119
8673,2024-10-21T12:33Z,118
8674,2024-10-21T12:34Z,111
8675,2024-10-21T12:35Z,101
8676,2024-10-21T12:36Z,167
8677,2024-10-21T12:37Z,138
8678,2024-10-21T12:38Z,71
8679,2024-10-21T12:39Z,101
8680,2024-10-21T12:40Z,117
8681,2024-10-21T12:41Z,109
8682,2024-10-21T12:42Z,72
8683,2024-10-21T12:43Z,81
8684,2024-10-21T12:44Z,60
8685,2024-10-21T12:45Z,107
8686,2024-10-21T12:46Z,120
8687,2024-10-21T12:47Z,155
8688,2024-10-21T12:48Z,174
8689,2024-10-21T12:49Z,291
8690,2024-10-21T12:50Z,254
8691,2024-10-21T12:51Z,98
8692,2024-10-21T12:52Z,107
8693,2024-10-21T12:53Z,150
8694,2024-10-21T12:54Z,120
8695,2024-10-21T12:55Z,169
8696,2024-10-21T12:56Z,102
8697,2024-10-21T12:57Z,190
8698,2024-10-21T12:58Z,80
8699,2024-10-21T12:59Z,84
8700,2024-10-21T13:00Z,82
8701,2024-10-21T13:01Z,109
8702,2024-10-21T13:02Z,162
8703,2024-10-21T13:03Z,142
8704,2024-10-21T13:04Z,93
8705,2024-10-21T13:05Z,144
8706,2024-10-21T13:06Z,134
8707,2024-10-21T13:07Z,178
8708,2024-10-21T13:08Z,67
8709,2024-10-21T13:09Z,60
8710,2024-10-21T13:10Z,133
8711,2024-10-21T13:11Z,127
8712,2024-10-21T13:12Z,117
8713,2024-10-21T13:13Z,128
8714,2024-10-21T13:14Z,184
8715,2024-10-21T13:15Z,144
8716,2024-10-21T13:16Z,160
8717,2024-10-21T13:17Z,53
8718,2024-10-21T13:18Z,181
8719,2024-10-21T13:19Z,168
8720,2024-10-21T13:20Z,108
8721,2024-10-21T13:21Z,185
8722,2024-10-21T13:22Z,119
8723,2024-10-21T13:23Z,95
8724,2024-10-21T13:24Z,187
8725,2024-10-21T13:25Z,147
8726,2024-10-21T13:26Z,80
8727,2024-10-21T13:27Z,166
8728,2024-10-21T13:28Z,167
8729,2024-10-21T13:29Z,167
8730,2024-10-21T13:30Z,182
8731,2024-10-21T13:31Z,115
8732,2024-10-21T13:32Z,65
8733,2024-10-21T13:33Z,134
8734,2024-10-21T13:34Z,140
8735,2024-10-21T13:35Z,124
8736,2024-10-21T13:36Z,59
8737,2024-10-21T13:37Z,65
8738,2024-10-21T13:38Z,114
8739,2024-10-21T13:39Z,147
8740,2024-10-21T13:40Z,129
8741,2024-10-21T13:41Z,116
8742,2024-10-21T13:42Z,124
8743,2024-10-21T13:43Z,144
8744,2024-10-21T13:44Z,67
8745,2024-10-21T13:45Z,138
8746,2024-10-21T13:46Z,171
8747,2024-10-21T13:47Z,134
8748,2024-10-21T13:48Z,158
8749,2024-10-21T13:49Z,96
8750,2024-10-21T13:50Z,78
8751,2024-10-21T13:51Z,77
8752,2024-10-21T13:52Z,117
8753,2024-10-21T13:53Z,239
8754,2024-10-21T13:54Z,116
8755,2024-10-21T13:55Z,172
8756,2024-10-21T13:56Z,100
8757,2024-10-21T13:57Z,136
8758,2024-10-21T13:58Z,84
8759,2024-10-21T13:59Z,176
8760,2024-10-21T14:00Z,98
8761,2024-10-21T14:01Z,223
8762,2024-10-21T14:02Z,173
8763,2024-10-21T14:03Z,67
8764,2024-10-21T14:04Z,150
8765,2024-10-21T14:05Z,116
8766,2024-10-21T14:06Z,85
8767,2024-10-21T14:07Z,129
8768,2024-10-21T14:08Z,171
8769,2024-10-21T14:09Z,135
8770,2024-10-21T14:10Z,150
8771,2024-10-21T14:11Z,195
8772,2024-10-21T14:12Z,201
8773,2024-10-21T14:13Z,143
8774,2024-10-21T14:14Z,151
8775,2024-10-21T14:15Z,126
8776,2024-10-21T14:16Z,110
8777,2024-10-21T14:17Z,219
8778,2024-10-21T14:18Z,168
8779,2024-10-21T14:19Z,159
8780,2024-10-21T14:20Z,173
8781,2024-10-21T14:21Z,159
8782,2024-10-21T14:22Z,175
8783,2024-10-21T14:23Z,99
8784,2024-10-21T14:24Z,147
8785,2024-10-21T14:25Z,148
8786,2024-10-21T14:26Z,56
8787,2024-10-21T14:27Z,85
8788,2024-10-21T14:28Z,153
8789,2024-10-21T14:29Z,108
8790,2024-10-21T14:30Z,85
8791,2024-10-21T14:31Z,137
8792,2024-10-21T14:32Z,192
8793,2024-10-21T14:33Z,88
8794,2024-10-21T14:34Z,153
8795,2024-10-21T14:35Z,109
8796,2024-10-21T14:36Z,111
8797,2024-10-21T14:37Z,96
8798,2024-10-21T14:38Z,153
8799,2024-10-21T14:39Z,94
8800,2024-10-21T14:40Z,84
8801,2024-10-21T14:41Z,82
8802,2024-10-21T14:42Z,123
8803,2024-10-21T14:43Z,129
8804,2024-10-21T14:44Z,106
8805,2024-10-21T14:45Z,97
8806,2024-10-21T14:46Z,102
8807,2024-10-21T14:47Z,91
8808,2024-10-21T14:48Z,149
8809,2024-10-21T14:49Z,104
8810,2024-10-21T14:50Z,140
8811,2024-10-21T14:51Z,81
8812,2024-10-21T14:52Z,152
8813,2024-10-21T14:53Z,107
8814,2024-10-21T14:54Z,134
8815,2024-10-21T14:55Z,102
8816,2024-10-21T14:56Z,100
8817,2024-10-21T14:57Z,126
8818,2024-10-21T14:58Z,60
8819,2024-10-21T14:59Z,100
8820,2024-10-21T15:00Z,90
8821,2024-10-21T15:01Z,151
8822,2024-10-21T15:02Z,117
8823,2024-10-21T15:03Z,79
8824,2024-10-21T15:04Z,130
8825,2024-10-21T15:05Z,115
8826,2024-10-21T15:06Z,151
8827,2024-10-21T15:07Z,91
8828,2024-10-21T15:08Z,99
8829,2024-10-21T15:09Z,116
8830,2024-10-21T15:10Z,86
8831,2024-10-21T15:11Z,124
8832,2024-10-21T15:12Z,97
8833,2024-10-21T15:13Z,103
8834,2024-10-21T15:14Z,83
8835,2024-10-21T15:15Z,55
8836,2024-10-21T15:16Z,104
8837,2024-10-21T15:17Z,117
8838,2024-10-21T15:18Z,127
8839,2024-10-21T15:19Z,115
8840,2024-10-21T15:20Z,59
8841,2024-10-21T15:21Z,79
8842,2024-10-21T15:22Z,119
8843,2024-10-21T15:23Z,67
8844,2024-10-21T15:24Z,91
8845,2024-10-21T15:25Z,130
8846,2024-10-21T15:26Z,52
8847,2024-10-21T15:27Z,103
8848,2024-10-21T15:28Z,46
8849,2024-10-21T15:29Z,70
8850,2024-10-21T15:30Z,83
8851,2024-10-21T15:31Z,99
8852,2024-10-21T15:32Z,121
8853,2024-10-21T15:33Z,189
8854,2024-10-21T15:34Z,86
8855,2024-10-21T15:35Z,102
8856,2024-10-21T15:36Z,93
8857,2024-10-21T15:37Z,111
8858,2024-10-21T15:38Z,64
8859,2024-10-21T15:39Z,115
8860,2024-10-21T15:40Z,131
8861,2024-10-21T15:41Z,127
8862,2024-10-21T15:42Z,108
8863,2024-10-21T15:43Z,102
8864,2024-10-21T15:44Z,127
8865,2024-10-21T15:45Z,130
8866,2024-10-21T15:46Z,117
8867,2024-10-21T15:47Z,178
8868,2024-10-21T15:48Z,150
8869,2024-10-21T15:49Z,128
8870,2024-10-21T15:50Z,114
8871,2024-10-21T15:51Z,100
8872,2024-10-21T15:52Z,117
8873,2024-10-21T15:53Z,123
8874,2024-10-21T15:54Z,124
8875,2024-10-21T15:55Z,101
8876,2024-10-21T15:56Z,84
8877,2024-10-21T15:57Z,117
8878,2024-10-21T15:58Z,146
8879,2024-10-21T15:59Z,164
8880,2024-10-21T16:00Z,115
8881,2024-10-21T16:01Z,147
8882,2024-10-21T16:02Z,132
8883,2024-10-21T16:03Z,68
8884,2024-10-21T16:04Z,100
8885,2024-10-21T16:05Z,79
8886,2024-10-21T16:06Z,124
8887,2024-10-21T16:07Z,138
8888,2024-10-21T16:08Z,109
8889,2024-10-21T16:09Z,95
8890,2024-10-21T16:10Z,75
8891,2024-10-21T16:11Z,140
8892,2024-10-21T16:12Z,216
8893,2024-10-21T16:13Z,103
8894,2024-10-21T16:14Z,100
8895,2024-10-21T16:15Z,153
8896,2024-10-21T16:16Z,172
8897,2024-10-21T16:17Z,127
8898,2024-10-21T16:18Z,127
8899,2024-10-21T16:19Z,119
8900,2024-10-21T16:20Z,117
8901,2024-10-21T16:21Z,100
8902,2024-10-21T16:22Z,156
8903,2024-10-21T16:23Z,105
8904,2024-10-21T16:24Z,76
8905,2024-10-21T16:25Z,232
8906,2024-10-21T16:26Z,96
8907,2024-10-21T16:27Z,101
8908,2024-10-21T16:28Z,94
8909,2024-10-21T16:29Z,192
8910,2024-10-21T16:30Z,194
8911,2024-10-21T16:31Z,163
8912,2024-10-21T16:32Z,129
8913,2024-10-21T16:33Z,106
8914,2024-10-21T16:34Z,135
8915,2024-10-21T16:35Z,138
8916,2024-10-21T16:36Z,109
8917,2024-10-21T16:37Z,98
8918,2024-10-21T16:38Z,84
8919,2024-10-21T16:39Z,93
8920,2024-10-21T16:40Z,109
8921,2024-10-21T16:41Z,150
8922,2024-10-21T16:42Z,104
8923,2024-10-21T16:43Z,89
8924,2024-10-21T16:44Z,181
8925,2024-10-21T16:45Z,119
8926,2024-10-21T16:46Z,149
8927,2024-10-21T16:47Z,218
8928,2024-10-21T16:48Z,204
8929,2024-10-21T16:49Z,167
8930,2024-10-21T16:50Z,128
8931,2024-10-21T16:51Z,118
8932,2024-10-21T16:52Z,193
8933,2024-10-21T16:53Z,81
8934,2024-10-21T16:54Z,108
8935,2024-10-21T16:55Z,108
8936,2024-10-21T16:56Z,151
8937,2024-10-21T16:57Z,107
8938,2024-10-21T16:58Z,84
8939,2024-10-21T16:59Z,77
8940,2024-10-21T17:00Z,117
8941,2024-10-21T17:01Z,67
8942,2024-10-21T17:02Z,114
8943,2024-10-21T17:03Z,122
8944,2024-10-21T17:04Z,113
8945,2024-10-21T17:05Z,86
8946,2024-10-21T17:06Z,39
8947,2024-10-21T17:07Z,69
8948,2024-10-21T17:08Z,124
8949,2024-10-21T17:09Z,125
8950,2024-10-21T17:10Z,130
8951,2024-10-21T17:11Z,88
8952,2024-10-21T17:12Z,107
8953,2024-10-21T17:13Z,106
8954,2024-10-21T17:14Z,202
8955,2024-10-21T17:15Z,240
8956,2024-10-21T17:16Z,206
8957,2024-10-21T17:17Z,187
8958,2024-10-21T17:18Z,94
8959,2024-10-21T17:19Z,147
8960,2024-10-21T17:20Z,140
8961,2024-10-21T17:21Z,221
8962,2024-10-21T17:22Z,153
8963,2024-10-21T17:23Z,115
8964,2024-10-21T17:24Z,66
8965,2024-10-21T17:25Z,89
8966,2024-10-21T17:26Z,119
8967,2024-10-21T17:27Z,228
8968,2024-10-21T17:28Z,171
8969,2024-10-21T17:29Z,172
8970,2024-10-21T17:30Z,265
8971,2024-10-21T17:31Z,231
8972,2024-10-21T17:32Z,185
8973,2024-10-21T17:33Z,162
8974,2024-10-21T17:34Z,126
8975,2024-10-21T17:35Z,198
8976,2024-10-21T17:36Z,77
8977,2024-10-21T17:37Z,160
8978,2024-10-21T17:38Z,121
8979,2024-10-21T17:39Z,97
8980,2024-10-21T17:40Z,178
8981,2024-10-21T17:41Z,211
8982,2024-10-21T17:42Z,182
8983,2024-10-21T17:43Z,154
8984,2024-10-21T17:44Z,152
8985,2024-10-21T17:45Z,145
8986,2024-10-21T17:46Z,196
8987,2024-10-21T17:47Z,206
8988,2024-10-21T17:48Z,263
8989,2024-10-21T17:49Z,173
8990,2024-10-21T17:50Z,177
8991,2024-10-21T17:51Z,232
8992,2024-10-21T17:52Z,86
8993,2024-10-21T17:53Z,168
8994,2024-10-21T17:54Z,77
8995,2024-10-21T17:55Z,89
8996,2024-10-21T17:56Z,98
8997,2024-10-21T17:57Z,72
8998,2024-10-21T17:58Z,150
8999,2024-10-21T17:59Z,112
9000,2024-10-21T18:00Z,187
9001,2024-10-21T18:01Z,128
9002,2024-10-21T18:02Z,113
9003,2024-10-21T18:03Z,94
9004,2024-10-21T18:04Z,126
9005,2024-10-21T18:05Z,166
9006,2024-10-21T18:06Z,132
9007,2024-10-21T18:07Z,63
9008,2024-10-21T18:08Z,155
9009,2024-10-21T18:09Z,206
9010,2024-10-21T18:10Z,68
9011,2024-10-21T18:11Z,154
9012,2024-10-21T18:12Z,194
9013,2024-10-21T18:13Z,99
9014,2024-10-21T18:14Z,44
9015,2024-10-21T18:15Z,53
9016,2024-10-21T18:16Z,202
9017,2024-10-21T18:17Z,124
9018,2024-10-21T18:18Z,64
9019,2024-10-21T18:19Z,49
9020,2024-10-21T18:20Z,70
9021,2024-10-21T18:21Z,109
9022,2024-10-21T18:22Z,145
9023,2024-10-21T18:23Z,183
9024,2024-10-21T18:24Z,149
9025,2024-10-21T18:25Z,141
9026,2024-10-21T18:26Z,168
9027,2024-10-21T18:27Z,160
9028,2024-10-21T18:28Z,140
9029,2024-10-21T18:29Z,107
9030,2024-10-21T18:30Z,80
9031,2024-10-21T18:31Z,102
9032,2024-10-21T18:32Z,116
9033,2024-10-21T18:33Z,150
9034,2024-10-21T18:34Z,142
9035,2024-10-21T18:35Z,141
9036,2024-10-21T18:36Z,229
9037,2024-10-21T18:37Z,100
9038,2024-10-21T18:38Z,161
9039,2024-10-21T18:39Z,116
9040,2024-10-21T18:40Z,157
9041,2024-10-21T18:41Z,126
9042,2024-10-21T18:42Z,132
9043,2024-10-21T18:43Z,165
9044,2024-10-21T18:44Z,135
9045,2024-10-21T18:45Z,149
9046,2024-10-21T18:46Z,166
9047,2024-10-21T18:47Z,84
9048,2024-10-21T18:48Z,79
9049,2024-10-21T18:49Z,99
9050,2024-10-21T18:50Z,77
9051,2024-10-21T18:51Z,93
9052,2024-10-21T18:52Z,180
9053,2024-10-21T18:53Z,123
9054,2024-10-21T18:54Z,206
9055,2024-10-21T18:55Z,50
9056,2024-10-21T18:56Z,143
9057,2024-10-21T18:57Z,101
9058,2024-10-21T18:58Z,134
9059,2024-10-21T18:59Z,65
9060,2024-10-21T19:00Z,57
9061,2024-10-21T19:01Z,66
9062,2024-10-21T19:02Z,119
9063,2024-10-21T19:03Z,107
9064,2024-10-21T19:04Z,68
9065,2024-10-21T19:05Z,106
9066,2024-10-21T19:06Z,202
9067,2024-10-21T19:07Z,252
9068,2024-10-21T19:08Z,157
9069,2024-10-21T19:09Z,121
9070,2024-10-21T19:10Z,202
9071,2024-10-21T19:11Z,141
9072,2024-10-21T19:12Z,234
9073,2024-10-21T19:13Z,135
9074,2024-10-21T19:14Z,163
9075,2024-10-21T19:15Z,106
9076,2024-10-21T19:16Z,172
9077,2024-10-21T19:17Z,137
9078,2024-10-21T19:18Z,124
9079,2024-10-21T19:19Z,87
9080,2024-10-21T19:20Z,152
9081,2024-10-21T19:21Z,59
9082,2024-10-21T19:22Z,49
9083,2024-10-21T19:23Z,80
9084,2024-10-21T19:24Z,175
9085,2024-10-21T19:25Z,172
9086,2024-10-21T19:26Z,242
9087,2024-10-21T19:27Z,151
9088,2024-10-21T19:28Z,91
9089,2024-10-21T19:29Z,134
9090,2024-10-21T19:30Z,65
9091,2024-10-21T19:31Z,80
9092,2024-10-21T19:32Z,88
9093,2024-10-21T19:33Z,167
9094,2024-10-21T19:34Z,177
9095,2024-10-21T19:35Z,90
9096,2024-10-21T19:36Z,93
9097,2024-10-21T19:37Z,78
9098,2024-10-21T19:38Z,237
9099,2024-10-21T19:39Z,122
9100,2024-10-21T19:40Z,106
9101,2024-10-21T19:41Z,109
9102,2024-10-21T19:42Z,183
9103,2024-10-21T19:43Z,149
9104,2024-10-21T19:44Z,156
9105,2024-10-21T19:45Z,122
9106,2024-10-21T19:46Z,164
9107,2024-10-21T19:47Z,134
9108,2024-10-21T19:48Z,132
9109,2024-10-21T19:49Z,157
9110,2024-10-21T19:50Z,104
9111,2024-10-21T19:51Z,103
9112,2024-10-21T19:52Z,143
9113,2024-10-21T19:53Z,269
9114,2024-10-21T19:54Z,154
9115,2024-10-21T19:55Z,162
9116,2024-10-21T19:56Z,197
9117,2024-10-21T19:57Z,142
9118,2024-10-21T19:58Z,132
9119,2024-10-21T19:59Z,112
9120,2024-10-21T20:00Z,147
9121,2024-10-21T20:01Z,134
9122,2024-10-21T20:02Z,184
9123,2024-10-21T20:03Z,117
9124,2024-10-21T20:04Z,84
9125,2024-10-21T20:05Z,182
9126,2024-10-21T20:06Z,109
9127,2024-10-21T20:07Z,55
9128,2024-10-21T20:08Z,232
9129,2024-10-21T20:09Z,177
9130,2024-10-21T20:10Z,118
9131,2024-10-21T20:11Z,99
9132,2024-10-21T20:12Z,170
9133,2024-10-21T20:13Z,132
9134,2024-10-21T20:14Z,163
9135,2024-10-21T20:15Z,252
9136,2024-10-21T20:16Z,191
9137,2024-10-21T20:17Z,171
9138,2024-10-21T20:18Z,127
9139,2024-10-21T20:19Z,136
9140,2024-10-21T20:20Z,198
9141,2024-10-21T20:21Z,164
9142,2024-10-21T20:22Z,153
9143,2024-10-21T20:23Z,124
9144,2024-10-21T20:24Z,154
9145,2024-10-21T20:25Z,134
9146,2024-10-21T20:26Z,216
9147,2024-10-21T20:27Z,163
9148,2024-10-21T20:28Z,143
9149,2024-10-21T20:29Z,166
9150,2024-10-21T20:30Z,91
9151,2024-10-21T20:31Z,161
9152,2024-10-21T20:32Z,166
9153,2024-10-21T20:33Z,133
9154,2024-10-21T20:34Z,168
9155,2024-10-21T20:35Z,112
9156,2024-10-21T20:36Z,152
9157,2024-10-21T20:37Z,171
9158,2024-10-21T20:38Z,144
9159,2024-10-21T20:39Z,64
9160,2024-10-21T20:40Z,96
9161,2024-10-21T20:41Z,81
9162,2024-10-21T20:42Z,177
9163,2024-10-21T20:43Z,176
9164,2024-10-21T20:44Z,160
9165,2024-10-21T20:45Z,106
9166,2024-10-21T20:46Z,111
9167,2024-10-21T20:47Z,218
9168,2024-10-21T20:48Z,121
9169,2024-10-21T20:49Z,159
9170,2024-10-21T20:50Z,111
9171,2024-10-21T20:51Z,160
9172,2024-10-21T20:52Z,227
9173,2024-10-21T20:53Z,162
9174,2024-10-21T20:54Z,142
9175,2024-10-21T20:55Z,108
9176,2024-10-21T20:56Z,111
9177,2024-10-21T20:57Z,108
9178,2024-10-21T20:58Z,124
9179,2024-10-21T20:59Z,175
9180,2024-10-21T21:00Z,111
9181,2024-10-21T21:01Z,117
9182,2024-10-21T21:02Z,166
9183,2024-10-21T21:03Z,141
9184,2024-10-21T21:04Z,160
9185,2024-10-21T21:05Z,127
9186,2024-10-21T21:06Z,127
9187,2024-10-21T21:07Z,100
9188,2024-10-21T21:08Z,35
9189,2024-10-21T21:09Z,105
9190,2024-10-21T21:10Z,66
9191,2024-10-21T21:11Z,73
9192,2024-10-21T21:12Z,73
9193,2024-10-21T21:13Z,97
9194,2024-10-21T21:14Z,108
9195,2024-10-21T21:15Z,86
9196,2024-10-21T21:16Z,120
9197,2024-10-21T21:17Z,154
9198,2024-10-21T21:18Z,139
9199,2024-10-21T21:19Z,74
9200,2024-10-21T21:20Z,169
9201,2024-10-21T21:21Z,69
9202,2024-10-21T21:22Z,92
9203,2024-10-21T21:23Z,125
9204,2024-10-21T21:24Z,90
9205,2024-10-21T21:25Z,176
9206,2024-10-21T21:26Z,57
9207,2024-10-21T21:27Z,157
9208,2024-10-21T21:28Z,123
9209,2024-10-21T21:29Z,167
9210,2024-10-21T21:30Z,96
9211,2024-10-21T21:31Z,173
9212,2024-10-21T21:32Z,102
9213,2024-10-21T21:33Z,172
9214,2024-10-21T21:34Z,102
9215,2024-10-21T21:35Z,111
9216,2024-10-21T21:36Z,70
9217,2024-10-21T21:37Z,76
9218,2024-10-21T21:38Z,93
9219,2024-10-21T21:39Z,104
9220,2024-10-21T21:40Z,63
9221,2024-10-21T21:41Z,62
9222,2024-10-21T21:42Z,135
9223,2024-10-21T21:43Z,191
9224,2024-10-21T21:44Z,121
9225,2024-10-21T21:45Z,89
9226,2024-10-21T21:46Z,70
9227,2024-10-21T21:47Z,88
9228,2024-10-21T21:48Z,169
9229,2024-10-21T21:49Z,137
9230,2024-10-21T21:50Z,218
9231,2024-10-21T21:51Z,159
9232,2024-10-21T21:52Z,101
9233,2024-10-21T21:53Z,127
9234,2024-10-21T21:54Z,189
9235,2024-10-21T21:55Z,124
9236,2024-10-21T21:56Z,107
9237,2024-10-21T21:57Z,90
9238,2024-10-21T21:58Z,129
9239,2024-10-21T21:59Z,103
9240,2024-10-21T22:00Z,120
9241,2024-10-21T22:01Z,144
9242,2024-10-21T22:02Z,124
9243,2024-10-21T22:03Z,155
9244,2024-10-21T22:04Z,113
9245,2024-10-21T22:05Z,100
9246,2024-10-21T22:06Z,73
9247,2024-10-21T22:07Z,184
9248,2024-10-21T22:08Z,185
9249,2024-10-21T22:09Z,112
9250,2024-10-21T22:10Z,146
9251,2024-10-21T22:11Z,185
9252,2024-10-21T22:12Z,77
9253,2024-10-21T22:13Z,140
9254,2024-10-21T22:14Z,128
9255,2024-10-21T22:15Z,213
9256,2024-10-21T22:16Z,179
9257,2024-10-21T22:17Z,90
9258,2024-10-21T22:18Z,48
9259,2024-10-21T22:19Z,136
9260,2024-10-21T22:20Z,199
9261,2024-10-21T22:21Z,158
9262,2024-10-21T22:22Z,235
9263,2024-10-21T22:23Z,153
9264,2024-10-21T22:24Z,155
9265,2024-10-21T22:25Z,122
9266,2024-10-21T22:26Z,104
9267,2024-10-21T22:27Z,114
9268,2024-10-21T22:28Z,147
9269,2024-10-21T22:29Z,110
9270,2024-10-21T22:30Z,104
9271,2024-10-21T22:31Z,71
9272,2024-10-21T22:32Z,123
9273,2024-10-21T22:33Z,156
9274,2024-10-21T22:34Z,149
9275,2024-10-21T22:35Z,92
9276,2024-10-21T22:36Z,67
9277,2024-10-21T22:37Z,194
9278,2024-10-21T22:38Z,117
9279,2024-10-21T22:39Z,101
9280,2024-10-21T22:40Z,100
9281,2024-10-21T22:41Z,65
9282,2024-10-21T22:42Z,87
9283,2024-10-21T22:43Z,133
9284,2024-10-21T22:44Z,142
9285,2024-10-21T22:45Z,100
9286,2024-10-21T22:46Z,147
9287,2024-10-21T22:47Z,81
9288,2024-10-21T22:48Z,94
9289,2024-10-21T22:49Z,98
9290,2024-10-21T22:50Z,90
9291,2024-10-21T22:51Z,127
9292,2024-10-21T22:52Z,115
9293,2024-10-21T22:53Z,141
9294,2024-10-21T22:54Z,111
9295,2024-10-21T22:55Z,104
9296,2024-10-21T22:56Z,142
9297,2024-10-21T22:57Z,128
9298,2024-10-21T22:58Z,86
9299,2024-10-21T22:59Z,74
9300,2024-10-21T23:00Z,139
9301,2024-10-21T23:01Z,133
9302,2024-10-21T23:02Z,118
9303,2024-10-21T23:03Z,98
9304,2024-10-21T23:04Z,62
9305,2024-10-21T23:05Z,74
9306,2024-10-21T23:06Z,90
9307,2024-10-21T23:07Z,62
9308,2024-10-21T23:08Z,150
9309,2024-10-21T23:09Z,147
9310,2024-10-21T23:10Z,87
9311,2024-10-21T23:11Z,103
9312,2024-10-21T23:12Z,60
9313,2024-10-21T23:13Z,95
9314,2024-10-21T23:14Z,165
9315,2024-10-21T23:15Z,78
9316,2024-10-21T23:16Z,101
9317,2024-10-21T23:17Z,155
9318,2024-10-21T23:18Z,120
9319,2024-10-21T23:19Z,103
9320,2024-10-21T23:20Z,139
9321,2024-10-21T23:21Z,56
9322,2024-10-21T23:22Z,51
9323,2024-10-21T23:23Z,129
9324,2024-10-21T23:24Z,131
9325,2024-10-21T23:25Z,118
9326,2024-10-21T23:26Z,99
9327,2024-10-21T23:27Z,123
9328,2024-10-21T23:28Z,78
9329,2024-10-21T23:29Z,95
9330,2024-10-21T23:30Z,144
9331,2024-10-21T23:31Z,60
9332,2024-10-21T23:32Z,91
9333,2024-10-21T23:33Z,147
9334,2024-10-21T23:34Z,139
9335,2024-10-21T23:35Z,69
9336,2024-10-21T23:36Z,104
9337,2024-10-21T23:37Z,149
9338,2024-10-21T23:38Z,148
9339,2024-10-21T23:39Z,95
9340,2024-10-21T23:40Z,83
9341,2024-10-21T23:41Z,94
9342,2024-10-21T23:42Z,50
9343,2024-10-21T23:43Z,42
9344,2024-10-21T23:44Z,57
9345,2024-10-21T23:45Z,73
9346,2024-10-21T23:46Z,90
9347,2024-10-21T23:47Z,118
9348,2024-10-21T23:48Z,60
9349,2024-10-21T23:49Z,114
9350,2024-10-21T23:50Z,99
9351,2024-10-21T23:51Z,44
9352,2024-10-21T23:52Z,58
9353,2024-10-21T23:53Z,124
9354,2024-10-21T23:54Z,161
9355,2024-10-21T23:55Z,61
9356,2024-10-21T23:56Z,73
9357,2024-10-21T23:57Z,28
9358,2024-10-21T23:58Z,43
9359,2024-10-21T23:59Z,48
9360,2024-10-22T00:00Z,125
9361,2024-10-22T00:01Z,109
9362,2024-10-22T00:02Z,75
9363,2024-10-22T00:03Z,130
9364,2024-10-22T00:04Z,67
9365,2024-10-22T00:05Z,140
9366,2024-10-22T00:06Z,114
9367,2024-10-22T00:07Z,50
9368,2024-10-22T00:08Z,80
9369,2024-10-22T00:09Z,88
9370,2024-10-22T00:10Z,107
9371,2024-10-22T00:11Z,100
9372,2024-10-22T00:12Z,62
9373,2024-10-22T00:13Z,92
9374,2024-10-22T00:14Z,77
9375,2024-10-22T00:15Z,69
9376,2024-10-22T00:16Z,51
9377,2024-10-22T00:17Z,63
9378,2024-10-22T00:18Z,161
9379,2024-10-22T00:19Z,140
9380,2024-10-22T00:20Z,79
9381,2024-10-22T00:21Z,44
9382,2024-10-22T00:22Z,56
9383,2024-10-22T00:23Z,43
9384,2024-10-22T00:24Z,36
9385,2024-10-22T00:25Z,71
9386,2024-10-22T00:26Z,159
9387,2024-10-22T00:27Z,71
9388,2024-10-22T00:28Z,59
9389,2024-10-22T00:29Z,160
9390,2024-10-22T00:30Z,57
9391,2024-10-22T00:31Z,63
9392,2024-10-22T00:32Z,29
9393,2024-10-22T00:33Z,94
9394,2024-10-22T00:34Z,161
9395,2024-10-22T00:35Z,139
9396,2024-10-22T00:36Z,105
9397,2024-10-22T00:37Z,142
9398,2024-10-22T00:38Z,64
9399,2024-10-22T00:39Z,97
9400,2024-10-22T00:40Z,126
9401,2024-10-22T00:41Z,70
9402,2024-10-22T00:42Z,42
9403,2024-10-22T00:43Z,60
9404,2024-10-22T00:44Z,61
9405,2024-10-22T00:45Z,36
9406,2024-10-22T00:46Z,56
9407,2024-10-22T00:47Z,91
9408,2024-10-22T00:48Z,59
9409,2024-10-22T00:49Z,52
9410,2024-10-22T00:50Z,54
9411,2024-10-22T00:51Z,134
9412,2024-10-22T00:52Z,54
9413,2024-10-22T00:53Z,64
9414,2024-10-22T00:54Z,88
9415,2024-10-22T00:55Z,142
9416,2024-10-22T00:56Z,78
9417,2024-10-22T00:57Z,111
9418,2024-10-22T00:58Z,48
9419,2024-10-22T00:59Z,54
9420,2024-10-22T01:00Z,76
9421,2024-10-22T01:01Z,98
9422,2024-10-22T01:02Z,126
9423,2024-10-22T01:03Z,79
9424,2024-10-22T01:04Z,114
9425,2024-10-22T01:05Z,79
9426,2024-10-22T01:06Z,58
9427,2024-10-22T01:07Z,66
9428,2024-10-22T01:08Z,93
9429,2024-10-22T01:09Z,83
9430,2024-10-22T01:10Z,65
9431,2024-10-22T01:11Z,110
9432,2024-10-22T01:12Z,109
9433,2024-10-22T01:13Z,120
9434,2024-10-22T01:14Z,112
9435,2024-10-22T01:15Z,57
9436,2024-10-22T01:16Z,53
9437,2024-10-22T01:17Z,29
9438,2024-10-22T01:18Z,38
9439,2024-10-22T01:19Z,45
9440,2024-10-22T01:20Z,46
9441,2024-10-22T01:21Z,72
9442,2024-10-22T01:22Z,47
9443,2024-10-22T01:23Z,125
9444,2024-10-22T01:24Z,133
9445,2024-10-22T01:25Z,75
9446,2024-10-22T01:26Z,107
9447,2024-10-22T01:27Z,201
9448,2024-10-22T01:28Z,123
9449,2024-10-22T01:29Z,123
9450,2024-10-22T01:30Z,158
9451,2024-10-22T01:31Z,120
9452,2024-10-22T01:32Z,157
9453,2024-10-22T01:33Z,97
9454,2024-10-22T01:34Z,129
9455,2024-10-22T01:35Z,136
9456,2024-10-22T01:36Z,129
9457,2024-10-22T01:37Z,69
9458,2024-10-22T01:38Z,62
9459,2024-10-22T01:39Z,112
9460,2024-10-22T01:40Z,106
9461,2024-10-22T01:41Z,56
9462,2024-10-22T01:42Z,81
9463,2024-10-22T01:43Z,220
9464,2024-10-22T01:44Z,115
9465,2024-10-22T01:45Z,152
9466,2024-10-22T01:46Z,83
9467,2024-10-22T01:47Z,115
9468,2024-10-22T01:48Z,120
9469,2024-10-22T01:49Z,112
9470,2024-10-22T01:50Z,182
9471,2024-10-22T01:51Z,76
9472,2024-10-22T01:52Z,145
9473,2024-10-22T01:53Z,208
9474,2024-10-22T01:54Z,160
9475,2024-10-22T01:55Z,121
9476,2024-10-22T01:56Z,140
9477,2024-10-22T01:57Z,146
9478,2024-10-22T01:58Z,170
9479,2024-10-22T01:59Z,203
9480,2024-10-22T02:00Z,263
9481,2024-10-22T02:01Z,157
9482,2024-10-22T02:02Z,184
9483,2024-10-22T02:03Z,206
9484,2024-10-22T02:04Z,85
9485,2024-10-22T02:05Z,135
9486,2024-10-22T02:06Z,112
9487,2024-10-22T02:07Z,220
9488,2024-10-22T02:08Z,74
9489,2024-10-22T02:09Z,80
9490,2024-10-22T02:10Z,137
9491,2024-10-22T02:11Z,72
9492,2024-10-22T02:12Z,142
9493,2024-10-22T02:13Z,165
9494,2024-10-22T02:14Z,73
9495,2024-10-22T02:15Z,114
9496,2024-10-22T02:16Z,68
9497,2024-10-22T02:17Z,121
9498,2024-10-22T02:18Z,86
9499,2024-10-22T02:19Z,169
9500,2024-10-22T02:20Z,63
9501,2024-10-22T02:21Z,46
9502,2024-10-22T02:22Z,101
9503,2024-10-22T02:23Z,107
9504,2024-10-22T02:24Z,125
9505,2024-10-22T02:25Z,117
9506,2024-10-22T02:26Z,115
9507,2024-10-22T02:27Z,99
9508,2024-10-22T02:28Z,151
9509,2024-10-22T02:29Z,169
9510,2024-10-22T02:30Z,125
9511,2024-10-22T02:31Z,105
9512,2024-10-22T02:32Z,93
9513,2024-10-22T02:33Z,82
9514,2024-10-22T02:34Z,107
9515,2024-10-22T02:35Z,182
9516,2024-10-22T02:36Z,85
9517,2024-10-22T02:37Z,79
9518,2024-10-22T02:38Z,150
9519,2024-10-22T02:39Z,88
9520,2024-10-22T02:40Z,118
9521,2024-10-22T02:41Z,133
9522,2024-10-22T02:42Z,154
9523,2024-10-22T02:43Z,127
9524,2024-10-22T02:44Z,192
9525,2024-10-22T02:45Z,186
9526,2024-10-22T02:46Z,177
9527,2024-10-22T02:47Z,109
9528,2024-10-22T02:48Z,155
9529,2024-10-22T02:49Z,98
9530,2024-10-22T02:50Z,158
9531,2024-10-22T02:51Z,70
9532,2024-10-22T02:52Z,166
9533,2024-10-22T02:53Z,77
9534,2024-10-22T02:54Z,111
9535,2024-10-22T02:55Z,178
9536,2024-10-22T02:56Z,115
9537,2024-10-22T02:57Z,146
9538,2024-10-22T02:58Z,133
9539,2024-10-22T02:59Z,179
9540,2024-10-22T03:00Z,75
9541,2024-10-22T03:01Z,103
9542,2024-10-22T03:02Z,115
9543,2024-10-22T03:03Z,87
9544,2024-10-22T03:04Z,85
9545,2024-10-22T03:05Z,55
9546,2024-10-22T03:06Z,54
9547,2024-10-22T03:07Z,59
9548,2024-10-22T03:08Z,145
9549,2024-10-22T03:09Z,161
9550,2024-10-22T03:10Z,72
9551,2024-10-22T03:11Z,85
9552,2024-10-22T03:12Z,133
9553,2024-10-22T03:13Z,38
9554,2024-10-22T03:14Z,82
9555,2024-10-22T03:15Z,226
9556,2024-10-22T03:16Z,115
9557,2024-10-22T03:17Z,76
9558,2024-10-22T03:18Z,92
9559,2024-10-22T03:19Z,145
9560,2024-10-22T03:20Z,96
9561,2024-10-22T03:21Z,103
9562,2024-10-22T03:22Z,84
9563,2024-10-22T03:23Z,86
9564,2024-10-22T03:24Z,104
9565,2024-10-22T03:25Z,108
9566,2024-10-22T03:26Z,119
9567,2024-10-22T03:27Z,63
9568,2024-10-22T03:28Z,116
9569,2024-10-22T03:29Z,205
9570,2024-10-22T03:30Z,94
9571,2024-10-22T03:31Z,65
9572,2024-10-22T03:32Z,145
9573,2024-10-22T03:33Z,78
9574,2024-10-22T03:34Z,84
9575,2024-10-22T03:35Z,122
9576,2024-10-22T03:36Z,215
9577,2024-10-22T03:37Z,187
9578,2024-10-22T03:38Z,52
9579,2024-10-22T03:39Z,36
9580,2024-10-22T03:40Z,110
9581,2024-10-22T03:41Z,56
9582,2024-10-22T03:42Z,87
9583,2024-10-22T03:43Z,117
9584,2024-10-22T03:44Z,94
9585,2024-10-22T03:45Z,55
9586,2024-10-22T03:46Z,60
9587,2024-10-22T03:47Z,115
9588,2024-10-22T03:48Z,122
9589,2024-10-22T03:49Z,35
9590,2024-10-22T03:50Z,62
9591,2024-10-22T03:51Z,100
9592,2024-10-22T03:52Z,84
9593,2024-10-22T03:53Z,96
9594,2024-10-22T03:54Z,81
9595,2024-10-22T03:55Z,196
9596,2024-10-22T03:56Z,168
9597,2024-10-22T03:57Z,96
9598,2024-10-22T03:58Z,39
9599,2024-10-22T03:59Z,62
9600,2024-10-22T04:00Z,86
9601,2024-10-22T04:01Z,60
9602,2024-10-22T04:02Z,108
9603,2024-10-22T04:03Z,88
9604,2024-10-22T04:04Z,72
9605,2024-10-22T04:05Z,57
9606,2024-10-22T04:06Z,48
9607,2024-10-22T04:07Z,47
9608,2024-10-22T04:08Z,41
9609,2024-10-22T04:09Z,49
9610,2024-10-22T04:10Z,49
9611,2024-10-22T04:11Z,100
9612,2024-10-22T04:12Z,191
9613,2024-10-22T04:13Z,90
9614,2024-10-22T04:14Z,58
9615,2024-10-22T04:15Z,48
9616,2024-10-22T04:16Z,50
9617,2024-10-22T04:17Z,111
9618,2024-10-22T04:18Z,117
9619,2024-10-22T04:19Z,53
9620,2024-10-22T04:20Z,65
9621,2024-10-22T04:21Z,60
9622,2024-10-22T04:22Z,48
9623,2024-10-22T04:23Z,173
9624,2024-10-22T04:24Z,187
9625,2024-10-22T04:25Z,128
9626,2024-10-22T04:26Z,70
9627,2024-10-22T04:27Z,56
9628,2024-10-22T04:28Z,40
9629,2024-10-22T04:29Z,49
9630,2024-10-22T04:30Z,48
9631,2024-10-22T04:31Z,77
9632,2024-10-22T04:32Z,133
9633,2024-10-22T04:33Z,167
9634,2024-10-22T04:34Z,81
9635,2024-10-22T04:35Z,58
9636,2024-10-22T04:36Z,92
9637,2024-10-22T04:37Z,73
9638,2024-10-22T04:38Z,55
9639,2024-10-22T04:39Z,106
9640,2024-10-22T04:40Z,156
9641,2024-10-22T04:41Z,36
9642,2024-10-22T04:42Z,44
9643,2024-10-22T04:43Z,84
9644,2024-10-22T04:44Z,47
9645,2024-10-22T04:45Z,61
9646,2024-10-22T04:46Z,105
9647,2024-10-22T04:47Z,109
9648,2024-10-22T04:48Z,117
9649,2024-10-22T04:49Z,124
9650,2024-10-22T04:50Z,56
9651,2024-10-22T04:51Z,54
9652,2024-10-22T04:52Z,88
9653,2024-10-22T04:53Z,136
9654,2024-10-22T04:54Z,62
9655,2024-10-22T04:55Z,74
9656,2024-10-22T04:56Z,258
9657,2024-10-22T04:57Z,80
9658,2024-10-22T04:58Z,65
9659,2024-10-22T04:59Z,45
9660,2024-10-22T05:00Z,44
9661,2024-10-22T05:01Z,38
9662,2024-10-22T05:02Z,27
9663,2024-10-22T05:03Z,88
9664,2024-10-22T05:04Z,60
9665,2024-10-22T05:05Z,186
9666,2024-10-22T05:06Z,56
9667,2024-10-22T05:07Z,54
9668,2024-10-22T05:08Z,29
9669,2024-10-22T05:09Z,23
9670,2024-10-22T05:10Z,61
9671,2024-10-22T05:11Z,119
9672,2024-10-22T05:12Z,95
9673,2024-10-22T05:13Z,51
9674,2024-10-22T05:14Z,48
9675,2024-10-22T05:15Z,40
9676,2024-10-22T05:16Z,42
9677,2024-10-22T05:17Z,38
9678,2024-10-22T05:18Z,38
9679,2024-10-22T05:19Z,55
9680,2024-10-22T05:20Z,30
9681,2024-10-22T05:21Z,37
9682,2024-10-22T05:22Z,35
9683,2024-10-22T05:23Z,49
9684,2024-10-22T05:24Z,24
9685,2024-10-22T05:25Z,137
9686,2024-10-22T05:26Z,37
9687,2024-10-22T05:27Z,89
9688,2024-10-22T05:28Z,34
9689,2024-10-22T05:29Z,81
9690,2024-10-22T05:30Z,62
9691,2024-10-22T05:31Z,35
9692,2024-10-22T05:32Z,98
9693,2024-10-22T05:33Z,56
9694,2024-10-22T05:34Z,35
9695,2024-10-22T05:35Z,25
9696,2024-10-22T05:36Z,116
9697,2024-10-22T05:37Z,92
9698,2024-10-22T05:38Z,65
9699,2024-10-22T05:39Z,41
9700,2024-10-22T05:40Z,95
9701,2024-10-22T05:41Z,41
9702,2024-10-22T05:42Z,163
9703,2024-10-22T05:43Z,47
9704,2024-10-22T05:44Z,201
9705,2024-10-22T05:45Z,55
9706,2024-10-22T05:46Z,64
9707,2024-10-22T05:47Z,80
9708,2024-10-22T05:48Z,40
9709,2024-10-22T05:49Z,56
9710,2024-10-22T05:50Z,33
9711,2024-10-22T05:51Z,40
9712,2024-10-22T05:52Z,51
9713,2024-10-22T05:53Z,77
9714,2024-10-22T05:54Z,136
9715,2024-10-22T05:55Z,48
9716,2024-10-22T05:56Z,127
9717,2024-10-22T05:57Z,151
9718,2024-10-22T05:58Z,35
9719,2024-10-22T05:59Z,46
9720,2024-10-22T06:00Z,87
9721,2024-10-22T06:01Z,98
9722,2024-10-22T06:02Z,49
9723,2024-10-22T06:03Z,48
9724,2024-10-22T06:04Z,60
9725,2024-10-22T06:05Z,124
9726,2024-10-22T06:06Z,50
9727,2024-10-22T06:07Z,37
9728,2024-10-22T06:08Z,85
9729,2024-10-22T06:09Z,54
9730,2024-10-22T06:10Z,55
9731,2024-10-22T06:11Z,41
9732,2024-10-22T06:12Z,76
9733,2024-10-22T06:13Z,39
9734,2024-10-22T06:14Z,104
9735,2024-10-22T06:15Z,138
9736,2024-10-22T06:16Z,128
9737,2024-10-22T06:17Z,57
9738,2024-10-22T06:18Z,245
9739,2024-10-22T06:19Z,118
9740,2024-10-22T06:20Z,62
9741,2024-10-22T06:21Z,52
9742,2024-10-22T06:22Z,73
9743,2024-10-22T06:23Z,117
9744,2024-10-22T06:24Z,128
9745,2024-10-22T06:25Z,84
9746,2024-10-22T06:26Z,59
9747,2024-10-22T06:27Z,158
9748,2024-10-22T06:28Z,117
9749,2024-10-22T06:29Z,43
9750,2024-10-22T06:30Z,55
9751,2024-10-22T06:31Z,109
9752,2024-10-22T06:32Z,118
9753,2024-10-22T06:33Z,35
9754,2024-10-22T06:34Z,36
9755,2024-10-22T06:35Z,82
9756,2024-10-22T06:36Z,74
9757,2024-10-22T06:37Z,122
9758,2024-10-22T06:38Z,61
9759,2024-10-22T06:39Z,59
9760,2024-10-22T06:40Z,39
9761,2024-10-22T06:41Z,173
9762,2024-10-22T06:42Z,47
9763,2024-10-22T06:43Z,43
9764,2024-10-22T06:44Z,90
9765,2024-10-22T06:45Z,48
9766,2024-10-22T06:46Z,78
9767,2024-10-22T06:47Z,101
9768,2024-10-22T06:48Z,60
9769,2024-10-22T06:49Z,130
9770,2024-10-22T06:50Z,38
9771,2024-10-22T06:51Z,52
9772,2024-10-22T06:52Z,77
9773,2024-10-22T06:53Z,73
9774,2024-10-22T06:54Z,62
9775,2024-10-22T06:55Z,50
9776,2024-10-22T06:56Z,45
9777,2024-10-22T06:57Z,62
9778,2024-10-22T06:58Z,47
9779,2024-10-22T06:59Z,71
9780,2024-10-22T07:00Z,76
9781,2024-10-22T07:01Z,57
9782,2024-10-22T07:02Z,92
9783,2024-10-22T07:03Z,99
9784,2024-10-22T07:04Z,90
9785,2024-10-22T07:05Z,177
9786,2024-10-22T07:06Z,84
9787,2024-10-22T07:07Z,118
9788,2024-10-22T07:08Z,79
9789,2024-10-22T07:09Z,86
9790,2024-10-22T07:10Z,109
9791,2024-10-22T07:11Z,120
9792,2024-10-22T07:12Z,128
9793,2024-10-22T07:13Z,112
9794,2024-10-22T07:14Z,79
9795,2024-10-22T07:15Z,111
9796,2024-10-22T07:16Z,64
9797,2024-10-22T07:17Z,60
9798,2024-10-22T07:18Z,86
9799,2024-10-22T07:19Z,87
9800,2024-10-22T07:20Z,125
9801,2024-10-22T07:21Z,68
9802,2024-10-22T07:22Z,119
9803,2024-10-22T07:23Z,74
9804,2024-10-22T07:24Z,106
9805,2024-10-22T07:25Z,179
9806,2024-10-22T07:26Z,163
9807,2024-10-22T07:27Z,207
9808,2024-10-22T07:28Z,100
9809,2024-10-22T07:29Z,113
9810,2024-10-22T07:30Z,83
9811,2024-10-22T07:31Z,115
9812,2024-10-22T07:32Z,135
9813,2024-10-22T07:33Z,103
9814,2024-10-22T07:34Z,134
9815,2024-10-22T07:35Z,95
9816,2024-10-22T07:36Z,76
9817,2024-10-22T07:37Z,220
9818,2024-10-22T07:38Z,65
9819,2024-10-22T07:39Z,205
9820,2024-10-22T07:40Z,191
9821,2024-10-22T07:41Z,148
9822,2024-10-22T07:42Z,78
9823,2024-10-22T07:43Z,180
9824,2024-10-22T07:44Z,104
9825,2024-10-22T07:45Z,100
9826,2024-10-22T07:46Z,52
9827,2024-10-22T07:47Z,78
9828,2024-10-22T07:48Z,123
9829,2024-10-22T07:49Z,100
9830,2024-10-22T07:50Z,95
9831,2024-10-22T07:51Z,66
9832,2024-10-22T07:52Z,64
9833,2024-10-22T07:53Z,61
9834,2024-10-22T07:54Z,133
9835,2024-10-22T07:55Z,65
9836,2024-10-22T07:56Z,55
9837,2024-10-22T07:57Z,56
9838,2024-10-22T07:58Z,63
9839,2024-10-22T07:59Z,64
9840,2024-10-22T08:00Z,110
9841,2024-10-22T08:01Z,172
9842,2024-10-22T08:02Z,76
9843,2024-10-22T08:03Z,97
9844,2024-10-22T08:04Z,89
9845,2024-10-22T08:05Z,197
9846,2024-10-22T08:06Z,118
9847,2024-10-22T08:07Z,127
9848,2024-10-22T08:08Z,118
9849,2024-10-22T08:09Z,71
9850,2024-10-22T08:10Z,79
9851,2024-10-22T08:11Z,68
9852,2024-10-22T08:12Z,70
9853,2024-10-22T08:13Z,76
9854,2024-10-22T08:14Z,107
9855,2024-10-22T08:15Z,106
9856,2024-10-22T08:16Z,90
9857,2024-10-22T08:17Z,136
9858,2024-10-22T08:18Z,74
9859,2024-10-22T08:19Z,84
9860,2024-10-22T08:20Z,73
9861,2024-10-22T08:21Z,115
9862,2024-10-22T08:22Z,112
9863,2024-10-22T08:23Z,76
9864,2024-10-22T08:24Z,116
9865,2024-10-22T08:25Z,183
9866,2024-10-22T08:26Z,101
9867,2024-10-22T08:27Z,110
9868,2024-10-22T08:28Z,93
9869,2024-10-22T08:29Z,89
9870,2024-10-22T08:30Z,91
9871,2024-10-22T08:31Z,75
9872,2024-10-22T08:32Z,141
9873,2024-10-22T08:33Z,102
9874,2024-10-22T08:34Z,263
9875,2024-10-22T08:35Z,83
9876,2024-10-22T08:36Z,102
9877,2024-10-22T08:37Z,164
9878,2024-10-22T08:38Z,70
9879,2024-10-22T08:39Z,73
9880,2024-10-22T08:40Z,96
9881,2024-10-22T08:41Z,225
9882,2024-10-22T08:42Z,255
9883,2024-10-22T08:43Z,244
9884,2024-10-22T08:44Z,126
9885,2024-10-22T08:45Z,150
9886,2024-10-22T08:46Z,122
9887,2024-10-22T08:47Z,204
9888,2024-10-22T08:48Z,319
9889,2024-10-22T08:49Z,228
9890,2024-10-22T08:50Z,202
9891,2024-10-22T08:51Z,172
9892,2024-10-22T08:52Z,120
9893,2024-10-22T08:53Z,192
9894,2024-10-22T08:54Z,210
9895,2024-10-22T08:55Z,173
9896,2024-10-22T08:56Z,192
9897,2024-10-22T08:57Z,163
9898,2024-10-22T08:58Z,247
9899,2024-10-22T08:59Z,144
9900,2024-10-22T09:00Z,176
9901,2024-10-22T09:01Z,190
9902,2024-10-22T09:02Z,134
9903,2024-10-22T09:03Z,122
9904,2024-10-22T09:04Z,77
9905,2024-10-22T09:05Z,83
9906,2024-10-22T09:06Z,90
9907,2024-10-22T09:07Z,88
9908,2024-10-22T09:08Z,114
9909,2024-10-22T09:09Z,130
9910,2024-10-22T09:10Z,108
9911,2024-10-22T09:11Z,88
9912,2024-10-22T09:12Z,89
9913,2024-10-22T09:13Z,105
9914,2024-10-22T09:14Z,82
9915,2024-10-22T09:15Z,79
9916,2024-10-22T09:16Z,85
9917,2024-10-22T09:17Z,74
9918,2024-10-22T09:18Z,90
9919,2024-10-22T09:19Z,135
9920,2024-10-22T09:20Z,86
9921,2024-10-22T09:21Z,122
9922,2024-10-22T09:22Z,192
9923,2024-10-22T09:23Z,190
9924,2024-10-22T09:24Z,142
9925,2024-10-22T09:25Z,96
9926,2024-10-22T09:26Z,105
9927,2024-10-22T09:27Z,231
9928,2024-10-22T09:28Z,69
9929,2024-10-22T09:29Z,88
9930,2024-10-22T09:30Z,120
9931,2024-10-22T09:31Z,34
9932,2024-10-22T09:32Z,42
9933,2024-10-22T09:33Z,45
9934,2024-10-22T09:34Z,50
9935,2024-10-22T09:35Z,56
9936,2024-10-22T09:36Z,63
9937,2024-10-22T09:37Z,97
9938,2024-10-22T09:38Z,213
9939,2024-10-22T09:39Z,59
9940,2024-10-22T09:40Z,70
9941,2024-10-22T09:41Z,83
9942,2024-10-22T09:42Z,75
9943,2024-10-22T09:43Z,182
9944,2024-10-22T09:44Z,132
9945,2024-10-22T09:45Z,101
9946,2024-10-22T09:46Z,48
9947,2024-10-22T09:47Z,51
9948,2024-10-22T09:48Z,55
9949,2024-10-22T09:49Z,66
9950,2024-10-22T09:50Z,59
9951,2024-10-22T09:51Z,83
9952,2024-10-22T09:52Z,124
9953,2024-10-22T09:53Z,58
9954,2024-10-22T09:54Z,76
9955,2024-10-22T09:55Z,65
9956,2024-10-22T09:56Z,66
9957,2024-10-22T09:57Z,58
9958,2024-10-22T09:58Z,154
9959,2024-10-22T09:59Z,84
9960,2024-10-22T10:00Z,98
9961,2024-10-22T10:01Z,120
9962,2024-10-22T10:02Z,63
9963,2024-10-22T10:03Z,134
9964,2024-10-22T10:04Z,108
9965,2024-10-22T10:05Z,92
9966,2024-10-22T10:06Z,96
9967,2024-10-22T10:07Z,234
9968,2024-10-22T10:08Z,124
9969,2024-10-22T10:09Z,80
9970,2024-10-22T10:10Z,64
9971,2024-10-22T10:11Z,116
9972,2024-10-22T10:12Z,165
9973,2024-10-22T10:13Z,87
9974,2024-10-22T10:14Z,113
9975,2024-10-22T10:15Z,49
9976,2024-10-22T10:16Z,108
9977,2024-10-22T10:17Z,72
9978,2024-10-22T10:18Z,99
9979,2024-10-22T10:19Z,289
9980,2024-10-22T10:20Z,222
9981,2024-10-22T10:21Z,155
9982,2024-10-22T10:22Z,100
9983,2024-10-22T10:23Z,52
9984,2024-10-22T10:24Z,67
9985,2024-10-22T10:25Z,75
9986,2024-10-22T10:26Z,181
9987,2024-10-22T10:27Z,211
9988,2024-10-22T10:28Z,85
9989,2024-10-22T10:29Z,78
9990,2024-10-22T10:30Z,45
9991,2024-10-22T10:31Z,178
9992,2024-10-22T10:32Z,69
9993,2024-10-22T10:33Z,110
9994,2024-10-22T10:34Z,98
9995,2024-10-22T10:35Z,98
9996,2024-10-22T10:36Z,168
9997,2024-10-22T10:37Z,105
9998,2024-10-22T10:38Z,58
9999,2024-10-22T10:39Z,117
10000,2024-10-22T10:40Z,85
10001,2024-10-22T10:41Z,123
10002,2024-10-22T10:42Z,48
10003,2024-10-22T10:43Z,117
10004,2024-10-22T10:44Z,79
10005,2024-10-22T10:45Z,90
10006,2024-10-22T10:46Z,122
10007,2024-10-22T10:47Z,197
10008,2024-10-22T10:48Z,53
10009,2024-10-22T10:49Z,60
10010,2024-10-22T10:50Z,66
10011,2024-10-22T10:51Z,88
10012,2024-10-22T10:52Z,140
10013,2024-10-22T10:53Z,139
10014,2024-10-22T10:54Z,117
10015,2024-10-22T10:55Z,94
10016,2024-10-22T10:56Z,69
10017,2024-10-22T10:57Z,64
10018,2024-10-22T10:58Z,126
10019,2024-10-22T10:59Z,140
10020,2024-10-22T11:00Z,75
10021,2024-10-22T11:01Z,113
10022,2024-10-22T11:02Z,131
10023,2024-10-22T11:03Z,159
10024,2024-10-22T11:04Z,106
10025,2024-10-22T11:05Z,129
10026,2024-10-22T11:06Z,144
10027,2024-10-22T11:07Z,109
10028,2024-10-22T11:08Z,78
10029,2024-10-22T11:09Z,212
10030,2024-10-22T11:10Z,72
10031,2024-10-22T11:11Z,77
10032,2024-10-22T11:12Z,73
10033,2024-10-22T11:13Z,87
10034,2024-10-22T11:14Z,48
10035,2024-10-22T11:15Z,94
10036,2024-10-22T11:16Z,69
10037,2024-10-22T11:17Z,110
10038,2024-10-22T11:18Z,110
10039,2024-10-22T11:19Z,85
10040,2024-10-22T11:20Z,147
10041,2024-10-22T11:21Z,104
10042,2024-10-22T11:22Z,117
10043,2024-10-22T11:23Z,58
10044,2024-10-22T11:24Z,113
10045,2024-10-22T11:25Z,69
10046,2024-10-22T11:26Z,168
10047,2024-10-22T11:27Z,165
10048,2024-10-22T11:28Z,79
10049,2024-10-22T11:29Z,253
10050,2024-10-22T11:30Z,147
10051,2024-10-22T11:31Z,137
10052,2024-10-22T11:32Z,110
10053,2024-10-22T11:33Z,170
10054,2024-10-22T11:34Z,176
10055,2024-10-22T11:35Z,134
10056,2024-10-22T11:36Z,82
10057,2024-10-22T11:37Z,107
10058,2024-10-22T11:38Z,134
10059,2024-10-22T11:39Z,245
10060,2024-10-22T11:40Z,119
10061,2024-10-22T11:41Z,175
10062,2024-10-22T11:42Z,132
10063,2024-10-22T11:43Z,127
10064,2024-10-22T11:44Z,60
10065,2024-10-22T11:45Z,59
10066,2024-10-22T11:46Z,133
10067,2024-10-22T11:47Z,186
10068,2024-10-22T11:48Z,197
10069,2024-10-22T11:49Z,162
10070,2024-10-22T11:50Z,87
10071,2024-10-22T11:51Z,120
10072,2024-10-22T11:52Z,151
10073,2024-10-22T11:53Z,188
10074,2024-10-22T11:54Z,166
10075,2024-10-22T11:55Z,265
10076,2024-10-22T11:56Z,62
10077,2024-10-22T11:57Z,186
10078,2024-10-22T11:58Z,211
10079,2024-10-22T11:59Z,281
