num_a100,num_h100,num_h200,num_gb200,ttff_s,tbf_s,cost,total_time,energy
0,8,0,0,7375.22,0.58,71.42,7975.22,9084963.1
0,16,0,0,3307.01,0.28,69.98,3907.01,9661702.66
0,24,0,0,2122.44,0.19,73.14,2722.44,10004489.83
0,32,0,0,797.09,0.1,50.05,1397.09,8405516.09
0,40,0,0,562.92,0.08,52.07,1162.92,8632913.96
0,48,0,0,346.81,0.07,50.88,946.81,8724187.25
0,56,0,0,193.25,0.05,49.73,793.25,8654470.64
0,64,0,0,106.31,0.05,50.6,706.31,8723970.77
0,72,0,0,104.78,0.05,56.81,704.78,9389202.06
0,80,0,0,43.41,0.04,54.52,608.76,9233434.74
0,88,0,0,43.41,0.04,53.49,542.95,9164964.25
0,96,0,0,43.41,0.03,53.49,497.7,9168628.11
0,104,0,0,42.98,0.03,57.89,497.28,9483421.53
0,112,0,0,42.98,0.03,57.15,455.8,9433329.53
0,128,0,0,42.98,0.03,55.78,389.29,9341067.3
0,144,0,0,42.98,0.02,60.54,375.58,9698458.03
0,160,0,0,42.98,0.02,54.18,302.5,9233652.11
0,176,0,0,42.98,0.02,53.43,271.18,9182398.98
0,192,0,0,42.98,0.01,52.9,246.12,9146592.41
0,208,0,0,42.98,0.01,53.07,227.91,9160078.52
0,224,0,0,42.98,0.01,53.28,212.48,9176452.5
0,240,0,0,42.98,0.01,52.55,195.6,9125759.84
0,256,0,0,42.98,0.01,52.43,182.96,9118214.67
0,288,0,0,42.98,0.01,52.71,163.49,9139554.72
0,304,0,0,42.98,0.01,52.39,153.96,9117735.03
0,320,0,0,42.98,0.01,52.76,147.28,9144533.21
0,351,0,0,42.98,0.01,52.75,133.87,9134094.58
0,351,0,0,42.98,0.01,52.75,133.87,9134094.58
0,351,0,0,42.98,0.01,52.75,133.87,9134094.58
0,351,0,0,42.98,0.01,52.75,133.87,9134094.58
0,351,0,0,42.98,0.01,52.75,133.87,9134094.58
0,351,0,0,42.98,0.01,52.75,133.87,9134094.58
0,351,0,0,42.98,0.01,52.75,133.87,9134094.58
0,351,0,0,42.98,0.01,52.75,133.87,9134094.58
0,351,0,0,42.98,0.01,52.75,133.87,9134094.58
0,351,0,0,42.98,0.01,52.75,133.87,9134094.58
0,351,0,0,42.98,0.01,52.75,133.87,9134094.58
0,351,0,0,42.98,0.01,52.75,133.87,9134094.58
0,351,0,0,42.98,0.01,52.75,133.87,9134094.58
0,351,0,0,42.98,0.01,52.75,133.87,9134094.58
0,351,0,0,42.98,0.01,52.75,133.87,9134094.58
0,351,0,0,42.98,0.01,52.75,133.87,9134094.58
0,351,0,0,42.98,0.01,52.75,133.87,9134094.58
0,351,0,0,42.98,0.01,52.75,133.87,9134094.58
0,351,0,0,42.98,0.01,52.75,133.87,9134094.58
0,351,0,0,42.98,0.01,52.75,133.87,9134094.58
0,351,0,0,42.98,0.01,52.75,133.87,9134094.58
0,351,0,0,42.98,0.01,52.75,133.87,9134094.58
0,351,0,0,42.98,0.01,52.75,133.87,9134094.58
0,351,0,0,42.98,0.01,52.75,133.87,9134094.58
0,351,0,0,42.98,0.01,52.75,133.87,9134094.58
0,351,0,0,42.98,0.01,52.75,133.87,9134094.58
0,351,0,0,42.98,0.01,52.75,133.87,9134094.58
0,351,0,0,42.98,0.01,52.75,133.87,9134094.58
0,351,0,0,42.98,0.01,52.75,133.87,9134094.58
0,351,0,0,42.98,0.01,52.75,133.87,9134094.58
8,0,0,0,15294.91,1.15,37.79,15894.91,15439804.87
8,8,0,0,3594.45,0.3,47.54,4194.45,9476953.39
8,16,0,0,2267.77,0.2,58.18,2867.77,10201510.31
8,24,0,0,887.96,0.1,43.51,1487.96,8745277.3
8,32,0,0,520.66,0.08,42.81,1120.66,8669760.97
8,40,0,0,330.6,0.06,43.88,930.6,8689680.08
8,48,0,0,187.6,0.05,44.19,787.6,8669623.14
8,56,0,0,101.69,0.05,45.66,701.69,8748398.12
8,64,0,0,53.24,0.04,45.11,609.42,8683096.23
8,72,0,0,53.24,0.04,46.59,561.48,8774173.87
8,80,0,0,53.24,0.03,46.97,510.89,8786465.61
8,88,0,0,53.24,0.03,47.12,467.08,8784420.89
8,96,0,0,53.24,0.03,54.84,499.29,9358752.87
8,104,0,0,53.24,0.03,48.02,404.2,8830132.65
8,112,0,0,53.24,0.02,48.37,378.6,8847522.99
8,128,0,0,53.24,0.02,49.26,338.15,8899172.65
8,144,0,0,53.24,0.02,53.89,329.47,9246007.8
8,160,0,0,53.24,0.02,50.84,280.11,8995154.74
8,176,0,0,52.82,0.02,52.19,261.72,9093042.41
8,192,0,0,52.82,0.01,53.61,246.7,9210779.97
8,208,0,0,52.82,0.01,54.07,229.87,9217868.74
8,224,0,0,52.82,0.01,54.95,217.08,9282058.1
8,240,0,0,52.82,0.01,56.02,206.68,9354870.85
8,256,0,0,52.82,0.01,56.79,196.54,9406772.07
8,288,0,0,52.82,0.01,58.92,181.42,9553763.62
8,298,0,0,52.82,0.01,60.71,177.17,9595801.87
8,309,0,0,52.52,0.01,60.82,172.95,9649127.3
8,309,0,0,52.52,0.01,60.82,172.95,9649127.3
8,309,0,0,52.52,0.01,60.82,172.95,9649127.3
8,309,0,0,52.52,0.01,60.82,172.95,9649127.3
8,309,0,0,52.52,0.01,60.82,172.95,9649127.3
8,309,0,0,52.52,0.01,60.82,172.95,9649127.3
8,309,0,0,52.52,0.01,60.82,172.95,9649127.3
8,309,0,0,52.52,0.01,60.82,172.95,9649127.3
8,309,0,0,52.52,0.01,60.82,172.95,9649127.3
8,309,0,0,52.52,0.01,60.82,172.95,9649127.3
8,309,0,0,52.52,0.01,60.82,172.95,9649127.3
8,309,0,0,52.52,0.01,60.82,172.95,9649127.3
8,309,0,0,52.52,0.01,60.82,172.95,9649127.3
8,309,0,0,52.52,0.01,60.82,172.95,9649127.3
8,309,0,0,52.52,0.01,60.82,172.95,9649127.3
8,309,0,0,52.52,0.01,60.82,172.95,9649127.3
8,309,0,0,52.52,0.01,60.82,172.95,9649127.3
8,309,0,0,52.52,0.01,60.82,172.95,9649127.3
8,309,0,0,52.52,0.01,60.82,172.95,9649127.3
8,309,0,0,52.52,0.01,60.82,172.95,9649127.3
8,309,0,0,52.52,0.01,60.82,172.95,9649127.3
8,309,0,0,52.52,0.01,60.82,172.95,9649127.3
8,309,0,0,52.52,0.01,60.82,172.95,9649127.3
8,309,0,0,52.52,0.01,60.82,172.95,9649127.3
8,309,0,0,52.52,0.01,60.82,172.95,9649127.3
8,309,0,0,52.52,0.01,60.82,172.95,9649127.3
8,309,0,0,52.52,0.01,60.82,172.95,9649127.3
8,309,0,0,52.52,0.01,60.82,172.95,9649127.3
8,309,0,0,52.52,0.01,60.82,172.95,9649127.3
8,309,0,0,52.52,0.01,60.82,172.95,9649127.3
8,309,0,0,52.52,0.01,60.82,172.95,9649127.3
16,0,0,0,6808.63,0.53,35.23,7408.63,15491793.59
16,8,0,0,2686.17,0.23,45.06,3286.17,12068610.87
16,16,0,0,1196.96,0.13,40.73,1796.96,10462329.59
16,24,0,0,688.1,0.09,40.73,1288.1,9936511.62
16,32,0,0,455.89,0.07,42.85,1055.89,9795455.34
16,40,0,0,295.38,0.06,44.35,895.38,9732039.67
16,48,0,0,191.88,0.05,46.32,791.88,9741106.46
16,56,0,0,53.24,0.04,43.74,648.5,9311227.29
16,64,0,0,53.24,0.04,47.25,618.41,9514090.99
16,72,0,0,48.08,0.04,48.82,571.91,10160726.41
16,80,0,0,48.08,0.04,50.81,538.78,10281375.96
16,88,0,0,48.08,0.03,52.09,504.46,10307416.85
16,96,0,0,48.08,0.03,55.06,490.63,10475951.44
16,104,0,0,39.22,0.03,56.01,462.25,11694105.89
16,112,0,0,39.22,0.03,56.93,437.44,11742953.21
16,128,0,0,39.22,0.03,60.82,410.8,11881295.31
16,144,0,0,39.22,0.03,65.6,395.28,12008449.54
16,160,0,0,39.22,0.02,63.23,343.91,12202466.0
16,176,0,0,36.08,0.02,69.14,342.65,13565630.15
16,192,0,0,36.08,0.02,70.16,319.35,13352880.29
16,208,0,0,35.67,0.02,73.94,311.18,13479882.91
16,224,0,0,35.67,0.02,78.54,307.37,13583455.26
16,240,0,0,35.67,0.02,82.04,300.05,13820555.1
16,256,0,0,35.67,0.02,86.46,296.77,13972537.01
16,288,0,0,35.67,0.01,76.51,233.86,14399927.23
16,304,0,0,33.57,0.02,84.0,243.42,16443316.68
16,320,0,0,31.53,0.01,85.75,236.24,16564435.62
16,352,0,0,32.6,0.01,94.64,237.32,18450374.45
16,384,0,0,33.32,0.01,99.0,227.79,18457792.96
16,400,0,0,33.32,0.01,101.88,225.14,18476447.04
16,425,0,0,33.32,0.01,106.96,219.02,18533514.69
16,425,0,0,33.32,0.01,106.96,219.02,18533514.69
16,425,0,0,33.32,0.01,106.96,219.02,18533514.69
16,425,0,0,33.32,0.01,106.96,219.02,18533514.69
16,425,0,0,33.32,0.01,106.96,219.02,18533514.69
16,425,0,0,33.32,0.01,106.96,219.02,18533514.69
16,425,0,0,33.32,0.01,106.96,219.02,18533514.69
16,425,0,0,33.32,0.01,106.96,219.02,18533514.69
16,425,0,0,33.32,0.01,106.96,219.02,18533514.69
16,425,0,0,33.32,0.01,106.96,219.02,18533514.69
16,425,0,0,33.32,0.01,106.96,219.02,18533514.69
16,425,0,0,33.32,0.01,106.96,219.02,18533514.69
16,425,0,0,33.32,0.01,106.96,219.02,18533514.69
16,425,0,0,33.32,0.01,106.96,219.02,18533514.69
16,425,0,0,33.32,0.01,106.96,219.02,18533514.69
16,425,0,0,33.32,0.01,106.96,219.02,18533514.69
16,425,0,0,33.32,0.01,106.96,219.02,18533514.69
16,425,0,0,33.32,0.01,106.96,219.02,18533514.69
16,425,0,0,33.32,0.01,106.96,219.02,18533514.69
16,425,0,0,33.32,0.01,106.96,219.02,18533514.69
16,425,0,0,33.32,0.01,106.96,219.02,18533514.69
16,425,0,0,33.32,0.01,106.96,219.02,18533514.69
16,425,0,0,33.32,0.01,106.96,219.02,18533514.69
16,425,0,0,33.32,0.01,106.96,219.02,18533514.69
16,425,0,0,33.32,0.01,106.96,219.02,18533514.69
16,425,0,0,33.32,0.01,106.96,219.02,18533514.69
16,425,0,0,33.32,0.01,106.96,219.02,18533514.69
24,0,0,0,4887.91,0.39,39.15,5487.91,17480883.49
24,8,0,0,2298.79,0.2,46.64,2898.79,13730442.81
24,16,0,0,969.12,0.11,39.3,1569.12,11197856.92
24,24,0,0,521.44,0.08,38.13,1121.44,10560005.63
24,32,0,0,325.51,0.06,39.76,925.51,10225183.52
24,40,0,0,200.53,0.05,41.56,800.53,10051961.87
24,48,0,0,91.55,0.05,42.09,691.55,9906071.11
24,56,0,0,53.24,0.04,42.51,608.77,9739907.71
24,64,0,0,53.24,0.04,44.36,563.12,9753986.05
24,72,0,0,53.24,0.03,45.0,512.94,9709410.09
24,80,0,0,53.24,0.03,45.56,471.18,9650791.87
24,88,0,0,53.24,0.03,46.17,436.99,9604098.01
24,96,0,0,53.24,0.03,46.29,403.95,9523616.43
24,104,0,0,53.24,0.02,48.32,391.1,9622064.51
24,112,0,0,53.24,0.02,47.7,359.99,9524359.53
24,128,0,0,53.24,0.02,48.57,322.87,9492790.7
24,144,0,0,53.24,0.02,52.29,310.62,9771200.09
24,160,0,0,53.24,0.02,51.37,275.84,9589844.04
24,176,0,0,38.8,0.02,56.59,277.18,10745434.34
24,192,0,0,38.8,0.02,60.04,270.38,10987805.56
24,208,0,0,38.8,0.01,58.22,242.59,10623454.1
24,224,0,0,35.67,0.02,63.18,245.0,12019247.66
24,240,0,0,33.63,0.01,65.99,239.27,12181401.75
24,256,0,0,33.63,0.01,68.14,232.01,12301432.41
24,267,0,0,33.63,0.01,71.69,230.06,12405515.32
24,267,0,0,33.63,0.01,71.69,230.06,12405515.32
24,267,0,0,33.63,0.01,71.69,230.06,12405515.32
24,267,0,0,33.63,0.01,71.69,230.06,12405515.32
24,267,0,0,33.63,0.01,71.69,230.06,12405515.32
24,267,0,0,33.63,0.01,71.69,230.06,12405515.32
24,267,0,0,33.63,0.01,71.69,230.06,12405515.32
24,267,0,0,33.63,0.01,71.69,230.06,12405515.32
24,267,0,0,33.63,0.01,71.69,230.06,12405515.32
24,267,0,0,33.63,0.01,71.69,230.06,12405515.32
24,267,0,0,33.63,0.01,71.69,230.06,12405515.32
24,267,0,0,33.63,0.01,71.69,230.06,12405515.32
24,267,0,0,33.63,0.01,71.69,230.06,12405515.32
24,267,0,0,33.63,0.01,71.69,230.06,12405515.32
24,267,0,0,33.63,0.01,71.69,230.06,12405515.32
24,267,0,0,33.63,0.01,71.69,230.06,12405515.32
24,267,0,0,33.63,0.01,71.69,230.06,12405515.32
24,267,0,0,33.63,0.01,71.69,230.06,12405515.32
24,267,0,0,33.63,0.01,71.69,230.06,12405515.32
24,267,0,0,33.63,0.01,71.69,230.06,12405515.32
24,267,0,0,33.63,0.01,71.69,230.06,12405515.32
24,267,0,0,33.63,0.01,71.69,230.06,12405515.32
24,267,0,0,33.63,0.01,71.69,230.06,12405515.32
24,267,0,0,33.63,0.01,71.69,230.06,12405515.32
24,267,0,0,33.63,0.01,71.69,230.06,12405515.32
24,267,0,0,33.63,0.01,71.69,230.06,12405515.32
24,267,0,0,33.63,0.01,71.69,230.06,12405515.32
24,267,0,0,33.63,0.01,71.69,230.06,12405515.32
24,267,0,0,33.63,0.01,71.69,230.06,12405515.32
24,267,0,0,33.63,0.01,71.69,230.06,12405515.32
24,267,0,0,33.63,0.01,71.69,230.06,12405515.32
24,267,0,0,33.63,0.01,71.69,230.06,12405515.32
24,267,0,0,33.63,0.01,71.69,230.06,12405515.32
32,0,0,0,2311.2,0.2,27.69,2911.2,14953465.88
32,8,0,0,2074.8,0.19,49.39,2674.8,15098623.78
32,16,0,0,783.16,0.1,37.93,1383.16,11605232.43
32,24,0,0,396.74,0.07,36.26,996.74,10937579.21
32,32,0,0,252.85,0.06,38.66,852.85,10600525.94
32,40,0,0,123.1,0.05,39.26,723.1,10318773.93
32,48,0,0,55.19,0.04,41.44,655.19,10290315.73
32,56,0,0,53.24,0.04,40.8,565.11,9913762.02
32,64,0,0,53.24,0.03,42.85,528.03,10007201.77
32,72,0,0,53.24,0.03,43.43,481.91,9896267.97
32,80,0,0,53.24,0.03,44.31,447.27,9823741.41
32,88,0,0,53.24,0.03,46.59,431.29,9978959.41
32,96,0,0,53.24,0.03,49.41,422.36,10070337.78
32,104,0,0,53.24,0.02,46.06,365.76,9708283.77
32,112,0,0,53.24,0.02,47.73,353.88,9794792.13
32,128,0,0,48.08,0.02,50.2,328.51,10239560.32
32,144,0,0,48.08,0.02,53.1,311.05,10387468.15
32,160,0,0,48.08,0.02,54.38,288.29,10609026.29
32,176,0,0,36.08,0.02,57.95,280.58,11589596.48
32,192,0,0,35.67,0.02,61.27,272.98,11745847.6
32,208,0,0,35.67,0.02,64.89,267.76,11880631.62
32,224,0,0,35.67,0.02,64.77,248.88,12790491.82
32,240,0,0,33.63,0.02,66.82,240.22,12882986.8
32,256,0,0,33.63,0.01,69.22,233.78,12995987.52
32,285,0,0,33.63,0.01,75.75,228.23,13322673.25
32,285,0,0,33.63,0.01,75.75,228.23,13322673.25
32,285,0,0,33.63,0.01,75.75,228.23,13322673.25
32,285,0,0,33.63,0.01,75.75,228.23,13322673.25
32,285,0,0,33.63,0.01,75.75,228.23,13322673.25
32,285,0,0,33.63,0.01,75.75,228.23,13322673.25
32,285,0,0,33.63,0.01,75.75,228.23,13322673.25
32,285,0,0,33.63,0.01,75.75,228.23,13322673.25
32,285,0,0,33.63,0.01,75.75,228.23,13322673.25
32,285,0,0,33.63,0.01,75.75,228.23,13322673.25
32,285,0,0,33.63,0.01,75.75,228.23,13322673.25
32,285,0,0,33.63,0.01,75.75,228.23,13322673.25
32,285,0,0,33.63,0.01,75.75,228.23,13322673.25
32,285,0,0,33.63,0.01,75.75,228.23,13322673.25
32,285,0,0,33.63,0.01,75.75,228.23,13322673.25
32,285,0,0,33.63,0.01,75.75,228.23,13322673.25
32,285,0,0,33.63,0.01,75.75,228.23,13322673.25
32,285,0,0,33.63,0.01,75.75,228.23,13322673.25
32,285,0,0,33.63,0.01,75.75,228.23,13322673.25
32,285,0,0,33.63,0.01,75.75,228.23,13322673.25
32,285,0,0,33.63,0.01,75.75,228.23,13322673.25
32,285,0,0,33.63,0.01,75.75,228.23,13322673.25
32,285,0,0,33.63,0.01,75.75,228.23,13322673.25
32,285,0,0,33.63,0.01,75.75,228.23,13322673.25
32,285,0,0,33.63,0.01,75.75,228.23,13322673.25
32,285,0,0,33.63,0.01,75.75,228.23,13322673.25
32,285,0,0,33.63,0.01,75.75,228.23,13322673.25
32,285,0,0,33.63,0.01,75.75,228.23,13322673.25
32,285,0,0,33.63,0.01,75.75,228.23,13322673.25
32,285,0,0,33.63,0.01,75.75,228.23,13322673.25
32,285,0,0,33.63,0.01,75.75,228.23,13322673.25
32,285,0,0,33.63,0.01,75.75,228.23,13322673.25
32,285,0,0,33.63,0.01,75.75,228.23,13322673.25
40,0,0,0,1815.78,0.17,28.72,2415.78,15318931.82
40,8,0,0,1266.3,0.13,38.9,1866.3,14274920.42
40,16,0,0,519.12,0.08,33.35,1119.12,11401401.68
40,24,0,0,311.05,0.06,35.31,911.05,10945396.57
40,32,0,0,185.66,0.05,37.48,785.66,10765347.9
40,40,0,0,85.51,0.05,38.85,685.51,10452569.16
40,48,0,0,53.24,0.04,40.2,612.57,10310003.94
40,56,0,0,53.24,0.04,40.62,544.66,10104225.24
40,64,0,0,53.24,0.03,41.52,497.03,9996009.3
40,72,0,0,53.24,0.03,43.76,473.16,10119090.8
40,80,0,0,53.24,0.03,44.5,438.67,10010254.34
40,88,0,0,53.24,0.03,44.39,402.07,9881037.25
40,96,0,0,53.24,0.02,46.65,390.86,10013917.57
40,104,0,0,53.24,0.02,46.13,359.5,9856623.49
40,112,0,0,53.24,0.02,48.31,351.94,9950153.31
40,128,0,0,48.08,0.02,50.07,322.64,10357621.13
40,144,0,0,48.08,0.02,53.64,309.88,10518783.46
40,160,0,0,48.08,0.02,60.54,316.98,11219804.56
40,176,0,0,36.08,0.02,58.39,279.48,11719879.82
40,192,0,0,35.67,0.02,61.55,271.37,11835152.64
40,208,0,0,35.67,0.02,64.59,263.92,11966700.87
40,224,0,0,35.67,0.02,64.63,246.09,12878605.08
40,240,0,0,33.63,0.01,67.14,239.3,12992315.07
40,256,0,0,33.63,0.01,69.41,232.54,13093305.47
40,277,0,0,33.63,0.01,74.59,229.28,13333845.48
40,277,0,0,33.63,0.01,74.59,229.28,13333845.48
40,277,0,0,33.63,0.01,74.59,229.28,13333845.48
40,277,0,0,33.63,0.01,74.59,229.28,13333845.48
40,277,0,0,33.63,0.01,74.59,229.28,13333845.48
40,277,0,0,33.63,0.01,74.59,229.28,13333845.48
40,277,0,0,33.63,0.01,74.59,229.28,13333845.48
40,277,0,0,33.63,0.01,74.59,229.28,13333845.48
40,277,0,0,33.63,0.01,74.59,229.28,13333845.48
40,277,0,0,33.63,0.01,74.59,229.28,13333845.48
40,277,0,0,33.63,0.01,74.59,229.28,13333845.48
40,277,0,0,33.63,0.01,74.59,229.28,13333845.48
40,277,0,0,33.63,0.01,74.59,229.28,13333845.48
40,277,0,0,33.63,0.01,74.59,229.28,13333845.48
40,277,0,0,33.63,0.01,74.59,229.28,13333845.48
40,277,0,0,33.63,0.01,74.59,229.28,13333845.48
40,277,0,0,33.63,0.01,74.59,229.28,13333845.48
40,277,0,0,33.63,0.01,74.59,229.28,13333845.48
40,277,0,0,33.63,0.01,74.59,229.28,13333845.48
40,277,0,0,33.63,0.01,74.59,229.28,13333845.48
40,277,0,0,33.63,0.01,74.59,229.28,13333845.48
40,277,0,0,33.63,0.01,74.59,229.28,13333845.48
40,277,0,0,33.63,0.01,74.59,229.28,13333845.48
40,277,0,0,33.63,0.01,74.59,229.28,13333845.48
40,277,0,0,33.63,0.01,74.59,229.28,13333845.48
40,277,0,0,33.63,0.01,74.59,229.28,13333845.48
40,277,0,0,33.63,0.01,74.59,229.28,13333845.48
40,277,0,0,33.63,0.01,74.59,229.28,13333845.48
40,277,0,0,33.63,0.01,74.59,229.28,13333845.48
40,277,0,0,33.63,0.01,74.59,229.28,13333845.48
40,277,0,0,33.63,0.01,74.59,229.28,13333845.48
40,277,0,0,33.63,0.01,74.59,229.28,13333845.48
40,277,0,0,33.63,0.01,74.59,229.28,13333845.48
48,0,0,0,1338.54,0.13,27.66,1938.54,14991392.85
48,8,0,0,798.34,0.1,32.47,1398.34,13644420.54
48,16,0,0,424.46,0.07,32.96,1024.46,11614310.07
48,24,0,0,251.98,0.06,35.04,851.98,11096352.42
48,32,0,0,123.53,0.05,36.24,723.53,10734600.66
48,40,0,0,52.52,0.04,38.53,652.52,10649932.82
48,48,0,0,51.18,0.04,38.4,564.72,10243560.71
48,56,0,0,51.18,0.04,41.75,542.47,10413535.63
48,64,0,0,51.18,0.03,41.29,480.61,10158615.86
48,72,0,0,51.18,0.03,42.41,447.07,10077077.37
48,80,0,0,51.18,0.03,42.98,413.94,9959218.58
48,88,0,0,51.18,0.03,47.62,422.27,10299951.43
48,96,0,0,51.18,0.02,44.71,367.31,9928615.56
48,104,0,0,51.18,0.02,46.42,355.23,10005353.62
48,112,0,0,51.18,0.02,48.41,346.64,10096029.13
48,128,0,0,46.02,0.02,49.68,315.32,10391188.55
48,144,0,0,46.02,0.02,53.63,305.65,10612155.44
48,160,0,0,46.02,0.02,53.3,275.65,10755609.31
48,176,0,0,46.02,0.02,57.18,270.64,10964921.23
48,192,0,0,45.6,0.01,54.99,239.91,10613828.42
48,208,0,0,34.03,0.02,59.82,242.07,11793968.68
48,224,0,0,33.61,0.01,62.3,235.06,11925573.0
48,240,0,0,33.61,0.01,65.61,231.88,12142091.74
48,241,0,0,33.61,0.01,67.6,231.61,12154678.3
48,241,0,0,33.61,0.01,67.6,231.61,12154678.3
48,241,0,0,33.61,0.01,67.6,231.61,12154678.3
48,241,0,0,33.61,0.01,67.6,231.61,12154678.3
48,241,0,0,33.61,0.01,67.6,231.61,12154678.3
48,241,0,0,33.61,0.01,67.6,231.61,12154678.3
48,241,0,0,33.61,0.01,67.6,231.61,12154678.3
48,241,0,0,33.61,0.01,67.6,231.61,12154678.3
48,241,0,0,33.61,0.01,67.6,231.61,12154678.3
48,241,0,0,33.61,0.01,67.6,231.61,12154678.3
48,241,0,0,33.61,0.01,67.6,231.61,12154678.3
48,241,0,0,33.61,0.01,67.6,231.61,12154678.3
48,241,0,0,33.61,0.01,67.6,231.61,12154678.3
48,241,0,0,33.61,0.01,67.6,231.61,12154678.3
48,241,0,0,33.61,0.01,67.6,231.61,12154678.3
48,241,0,0,33.61,0.01,67.6,231.61,12154678.3
48,241,0,0,33.61,0.01,67.6,231.61,12154678.3
48,241,0,0,33.61,0.01,67.6,231.61,12154678.3
48,241,0,0,33.61,0.01,67.6,231.61,12154678.3
48,241,0,0,33.61,0.01,67.6,231.61,12154678.3
48,241,0,0,33.61,0.01,67.6,231.61,12154678.3
48,241,0,0,33.61,0.01,67.6,231.61,12154678.3
48,241,0,0,33.61,0.01,67.6,231.61,12154678.3
48,241,0,0,33.61,0.01,67.6,231.61,12154678.3
48,241,0,0,33.61,0.01,67.6,231.61,12154678.3
48,241,0,0,33.61,0.01,67.6,231.61,12154678.3
48,241,0,0,33.61,0.01,67.6,231.61,12154678.3
48,241,0,0,33.61,0.01,67.6,231.61,12154678.3
48,241,0,0,33.61,0.01,67.6,231.61,12154678.3
48,241,0,0,33.61,0.01,67.6,231.61,12154678.3
48,241,0,0,33.61,0.01,67.6,231.61,12154678.3
48,241,0,0,33.61,0.01,67.6,231.61,12154678.3
48,241,0,0,33.61,0.01,67.6,231.61,12154678.3
48,241,0,0,33.61,0.01,67.6,231.61,12154678.3
56,0,0,0,1070.1,0.11,27.8,1670.1,15774750.86
56,8,0,0,599.96,0.08,30.72,1199.96,13576572.92
56,16,0,0,358.71,0.07,33.13,958.71,11932636.79
56,24,0,0,216.28,0.06,35.52,816.28,11433789.02
56,32,0,0,93.93,0.05,36.41,693.93,11023674.54
56,40,0,0,49.27,0.04,39.17,637.68,10911042.3
56,48,0,0,49.27,0.04,38.27,543.75,10484631.17
56,56,0,0,49.27,0.03,40.72,513.25,10541071.99
56,64,0,0,49.27,0.03,44.81,507.58,10797037.21
56,72,0,0,49.27,0.03,41.95,431.4,10270522.35
56,80,0,0,49.27,0.03,42.13,396.67,10140052.78
56,88,0,0,49.27,0.02,44.07,382.69,10228031.06
56,96,0,0,49.27,0.02,43.95,354.1,10081916.51
56,104,0,0,49.27,0.03,52.85,397.19,10843654.29
56,112,0,0,49.27,0.02,47.6,335.14,10260970.82
56,128,0,0,44.1,0.02,48.67,304.34,10514288.83
56,144,0,0,44.1,0.02,52.26,293.84,10702121.53
56,160,0,0,32.11,0.02,54.01,275.89,11747504.25
56,176,0,0,31.69,0.02,56.55,264.65,11886361.85
56,192,0,0,31.69,0.02,60.15,259.75,12073699.33
56,208,0,0,34.83,0.01,59.63,239.02,12231580.01
56,224,0,0,29.76,0.01,62.44,233.52,12989010.87
56,240,0,0,29.76,0.01,65.09,228.13,13096375.56
56,256,0,0,29.76,0.01,67.18,221.56,13179229.4
56,272,0,0,29.76,0.01,70.3,218.92,13341495.85
56,272,0,0,29.76,0.01,70.3,218.92,13341495.85
56,272,0,0,29.76,0.01,70.3,218.92,13341495.85
56,272,0,0,29.76,0.01,70.3,218.92,13341495.85
56,272,0,0,29.76,0.01,70.3,218.92,13341495.85
56,272,0,0,29.76,0.01,70.3,218.92,13341495.85
56,272,0,0,29.76,0.01,70.3,218.92,13341495.85
56,272,0,0,29.76,0.01,70.3,218.92,13341495.85
56,272,0,0,29.76,0.01,70.3,218.92,13341495.85
56,272,0,0,29.76,0.01,70.3,218.92,13341495.85
56,272,0,0,29.76,0.01,70.3,218.92,13341495.85
56,272,0,0,29.76,0.01,70.3,218.92,13341495.85
56,272,0,0,29.76,0.01,70.3,218.92,13341495.85
56,272,0,0,29.76,0.01,70.3,218.92,13341495.85
56,272,0,0,29.76,0.01,70.3,218.92,13341495.85
56,272,0,0,29.76,0.01,70.3,218.92,13341495.85
56,272,0,0,29.76,0.01,70.3,218.92,13341495.85
56,272,0,0,29.76,0.01,70.3,218.92,13341495.85
56,272,0,0,29.76,0.01,70.3,218.92,13341495.85
56,272,0,0,29.76,0.01,70.3,218.92,13341495.85
56,272,0,0,29.76,0.01,70.3,218.92,13341495.85
56,272,0,0,29.76,0.01,70.3,218.92,13341495.85
56,272,0,0,29.76,0.01,70.3,218.92,13341495.85
56,272,0,0,29.76,0.01,70.3,218.92,13341495.85
56,272,0,0,29.76,0.01,70.3,218.92,13341495.85
56,272,0,0,29.76,0.01,70.3,218.92,13341495.85
56,272,0,0,29.76,0.01,70.3,218.92,13341495.85
56,272,0,0,29.76,0.01,70.3,218.92,13341495.85
56,272,0,0,29.76,0.01,70.3,218.92,13341495.85
56,272,0,0,29.76,0.01,70.3,218.92,13341495.85
56,272,0,0,29.76,0.01,70.3,218.92,13341495.85
56,272,0,0,29.76,0.01,70.3,218.92,13341495.85
56,272,0,0,29.76,0.01,70.3,218.92,13341495.85
64,0,0,0,841.16,0.1,27.41,1441.16,15705708.17
64,8,0,0,511.4,0.08,31.09,1111.4,13907397.34
64,16,0,0,276.43,0.06,32.37,876.43,12276137.07
64,24,0,0,139.26,0.05,33.92,739.26,11740023.71
64,32,0,0,56.06,0.04,35.98,656.06,11489052.64
64,40,0,0,49.27,0.04,37.32,584.91,11142542.87
64,48,0,0,49.27,0.03,37.98,522.0,10823315.06
64,56,0,0,49.27,0.03,42.48,519.88,11109135.3
64,64,0,0,49.27,0.03,40.07,441.92,10586869.92
64,72,0,0,49.27,0.03,40.73,408.84,10471335.37
64,80,0,0,49.27,0.02,41.93,386.2,10443530.35
64,88,0,0,49.27,0.02,42.44,361.07,10322240.99
64,96,0,0,49.27,0.02,42.72,337.75,10190202.53
64,104,0,0,49.27,0.02,44.59,329.23,10315923.9
64,112,0,0,49.27,0.02,47.28,327.44,10466401.68
64,128,0,0,49.27,0.02,46.78,288.23,10227826.55
64,144,0,0,44.1,0.02,49.06,272.2,10617867.29
64,160,0,0,43.68,0.02,50.25,253.62,10565416.29
64,176,0,0,43.68,0.01,50.75,234.9,10484561.76
64,192,0,0,43.68,0.01,53.24,227.56,10667981.0
64,208,0,0,43.68,0.01,56.27,223.4,10826605.17
64,219,0,0,43.68,0.01,59.69,221.26,10999056.13
64,219,0,0,43.68,0.01,59.69,221.26,10999056.13
64,219,0,0,43.68,0.01,59.69,221.26,10999056.13
64,219,0,0,43.68,0.01,59.69,221.26,10999056.13
64,219,0,0,43.68,0.01,59.69,221.26,10999056.13
64,219,0,0,43.68,0.01,59.69,221.26,10999056.13
64,219,0,0,43.68,0.01,59.69,221.26,10999056.13
64,219,0,0,43.68,0.01,59.69,221.26,10999056.13
64,219,0,0,43.68,0.01,59.69,221.26,10999056.13
64,219,0,0,43.68,0.01,59.69,221.26,10999056.13
64,219,0,0,43.68,0.01,59.69,221.26,10999056.13
64,219,0,0,43.68,0.01,59.69,221.26,10999056.13
64,219,0,0,43.68,0.01,59.69,221.26,10999056.13
64,219,0,0,43.68,0.01,59.69,221.26,10999056.13
64,219,0,0,43.68,0.01,59.69,221.26,10999056.13
64,219,0,0,43.68,0.01,59.69,221.26,10999056.13
64,219,0,0,43.68,0.01,59.69,221.26,10999056.13
64,219,0,0,43.68,0.01,59.69,221.26,10999056.13
64,219,0,0,43.68,0.01,59.69,221.26,10999056.13
64,219,0,0,43.68,0.01,59.69,221.26,10999056.13
64,219,0,0,43.68,0.01,59.69,221.26,10999056.13
64,219,0,0,43.68,0.01,59.69,221.26,10999056.13
64,219,0,0,43.68,0.01,59.69,221.26,10999056.13
64,219,0,0,43.68,0.01,59.69,221.26,10999056.13
64,219,0,0,43.68,0.01,59.69,221.26,10999056.13
64,219,0,0,43.68,0.01,59.69,221.26,10999056.13
64,219,0,0,43.68,0.01,59.69,221.26,10999056.13
64,219,0,0,43.68,0.01,59.69,221.26,10999056.13
64,219,0,0,43.68,0.01,59.69,221.26,10999056.13
64,219,0,0,43.68,0.01,59.69,221.26,10999056.13
64,219,0,0,43.68,0.01,59.69,221.26,10999056.13
64,219,0,0,43.68,0.01,59.69,221.26,10999056.13
64,219,0,0,43.68,0.01,59.69,221.26,10999056.13
64,219,0,0,43.68,0.01,59.69,221.26,10999056.13
64,219,0,0,43.68,0.01,59.69,221.26,10999056.13
64,219,0,0,43.68,0.01,59.69,221.26,10999056.13
72,0,0,0,835.86,0.1,30.73,1435.86,16633114.62
72,8,0,0,414.49,0.07,30.8,1014.49,13769073.49
72,16,0,0,233.35,0.06,32.76,833.35,13148622.06
72,24,0,0,104.0,0.05,33.98,704.0,12490351.37
72,32,0,0,49.27,0.04,36.89,644.62,12254101.12
72,40,0,0,49.27,0.04,36.83,556.55,11698405.56
72,48,0,0,49.27,0.03,37.74,502.35,11351669.99
72,56,0,0,49.27,0.03,43.69,519.55,11798373.01
72,64,0,0,49.27,0.03,40.05,430.4,11089228.77
72,72,0,0,49.27,0.03,40.62,398.26,10928842.69
72,80,0,0,49.27,0.02,41.74,376.23,10882279.76
72,88,0,0,49.27,0.02,42.05,350.64,10697796.28
72,96,0,0,49.27,0.02,42.54,330.11,10593984.39
72,104,0,0,49.27,0.02,45.69,331.49,10764586.9
72,112,0,0,49.27,0.02,44.09,300.38,10506049.82
72,128,0,0,49.27,0.02,45.47,276.12,10448803.58
72,144,0,0,49.27,0.01,46.38,253.99,10343788.86
72,160,0,0,48.85,0.01,47.66,237.68,10339363.37
72,176,0,0,48.85,0.01,49.14,225.0,10353157.16
72,192,0,0,48.85,0.01,54.46,230.46,10692979.66
72,208,0,0,48.85,0.01,51.24,201.53,10354868.65
72,224,0,0,48.85,0.01,52.03,191.17,10321386.39
72,240,0,0,48.85,0.01,52.42,180.72,10273912.02
72,240,0,0,48.85,0.01,52.42,180.72,10273912.02
72,240,0,0,48.85,0.01,52.42,180.72,10273912.02
72,240,0,0,48.85,0.01,52.42,180.72,10273912.02
72,240,0,0,48.85,0.01,52.42,180.72,10273912.02
72,240,0,0,48.85,0.01,52.42,180.72,10273912.02
72,240,0,0,48.85,0.01,52.42,180.72,10273912.02
72,240,0,0,48.85,0.01,52.42,180.72,10273912.02
72,240,0,0,48.85,0.01,52.42,180.72,10273912.02
72,240,0,0,48.85,0.01,52.42,180.72,10273912.02
72,240,0,0,48.85,0.01,52.42,180.72,10273912.02
72,240,0,0,48.85,0.01,52.42,180.72,10273912.02
72,240,0,0,48.85,0.01,52.42,180.72,10273912.02
72,240,0,0,48.85,0.01,52.42,180.72,10273912.02
72,240,0,0,48.85,0.01,52.42,180.72,10273912.02
72,240,0,0,48.85,0.01,52.42,180.72,10273912.02
72,240,0,0,48.85,0.01,52.42,180.72,10273912.02
72,240,0,0,48.85,0.01,52.42,180.72,10273912.02
72,240,0,0,48.85,0.01,52.42,180.72,10273912.02
72,240,0,0,48.85,0.01,52.42,180.72,10273912.02
72,240,0,0,48.85,0.01,52.42,180.72,10273912.02
72,240,0,0,48.85,0.01,52.42,180.72,10273912.02
72,240,0,0,48.85,0.01,52.42,180.72,10273912.02
72,240,0,0,48.85,0.01,52.42,180.72,10273912.02
72,240,0,0,48.85,0.01,52.42,180.72,10273912.02
72,240,0,0,48.85,0.01,52.42,180.72,10273912.02
72,240,0,0,48.85,0.01,52.42,180.72,10273912.02
72,240,0,0,48.85,0.01,52.42,180.72,10273912.02
72,240,0,0,48.85,0.01,52.42,180.72,10273912.02
72,240,0,0,48.85,0.01,52.42,180.72,10273912.02
72,240,0,0,48.85,0.01,52.42,180.72,10273912.02
72,240,0,0,48.85,0.01,52.42,180.72,10273912.02
72,240,0,0,48.85,0.01,52.42,180.72,10273912.02
72,240,0,0,48.85,0.01,52.42,180.72,10273912.02
72,240,0,0,48.85,0.01,52.42,180.72,10273912.02
80,0,0,0,660.91,0.08,29.98,1260.91,16481230.76
80,8,0,0,335.62,0.06,30.63,935.62,14290933.25
80,16,0,0,177.14,0.05,32.4,777.14,13393325.72
80,24,0,0,57.58,0.04,33.3,657.58,12730939.81
80,32,0,0,49.27,0.04,35.3,592.34,12452412.93
80,40,0,0,49.27,0.03,36.13,527.02,11967966.84
80,48,0,0,49.27,0.03,40.94,528.13,12257856.56
80,56,0,0,49.27,0.03,38.87,449.54,11616269.26
80,64,0,0,49.27,0.03,39.32,412.06,11372727.27
80,72,0,0,49.27,0.02,40.72,390.12,11336146.16
80,80,0,0,49.27,0.02,40.97,361.5,11079413.02
80,88,0,0,49.27,0.02,41.7,341.03,10960503.84
80,96,0,0,49.27,0.02,42.67,325.14,10943175.52
80,104,0,0,49.27,0.02,43.15,307.75,10816977.75
80,112,0,0,49.27,0.02,43.74,293.22,10732719.91
80,128,0,0,49.27,0.02,44.92,268.85,10628367.75
80,144,0,0,49.27,0.01,46.14,249.41,10546374.94
80,160,0,0,48.85,0.01,48.05,236.83,10616383.21
80,176,0,0,48.85,0.01,48.5,219.66,10488686.97
80,192,0,0,48.85,0.01,49.91,209.09,10530802.68
80,208,0,0,48.85,0.01,51.11,199.15,10529681.57
80,224,0,0,48.85,0.01,52.27,190.41,10524474.57
80,239,0,0,48.85,0.01,52.97,181.12,10484153.97
80,239,0,0,48.85,0.01,52.97,181.12,10484153.97
80,239,0,0,48.85,0.01,52.97,181.12,10484153.97
80,239,0,0,48.85,0.01,52.97,181.12,10484153.97
80,239,0,0,48.85,0.01,52.97,181.12,10484153.97
80,239,0,0,48.85,0.01,52.97,181.12,10484153.97
80,239,0,0,48.85,0.01,52.97,181.12,10484153.97
80,239,0,0,48.85,0.01,52.97,181.12,10484153.97
80,239,0,0,48.85,0.01,52.97,181.12,10484153.97
80,239,0,0,48.85,0.01,52.97,181.12,10484153.97
80,239,0,0,48.85,0.01,52.97,181.12,10484153.97
80,239,0,0,48.85,0.01,52.97,181.12,10484153.97
80,239,0,0,48.85,0.01,52.97,181.12,10484153.97
80,239,0,0,48.85,0.01,52.97,181.12,10484153.97
80,239,0,0,48.85,0.01,52.97,181.12,10484153.97
80,239,0,0,48.85,0.01,52.97,181.12,10484153.97
80,239,0,0,48.85,0.01,52.97,181.12,10484153.97
80,239,0,0,48.85,0.01,52.97,181.12,10484153.97
80,239,0,0,48.85,0.01,52.97,181.12,10484153.97
80,239,0,0,48.85,0.01,52.97,181.12,10484153.97
80,239,0,0,48.85,0.01,52.97,181.12,10484153.97
80,239,0,0,48.85,0.01,52.97,181.12,10484153.97
80,239,0,0,48.85,0.01,52.97,181.12,10484153.97
80,239,0,0,48.85,0.01,52.97,181.12,10484153.97
80,239,0,0,48.85,0.01,52.97,181.12,10484153.97
80,239,0,0,48.85,0.01,52.97,181.12,10484153.97
80,239,0,0,48.85,0.01,52.97,181.12,10484153.97
80,239,0,0,48.85,0.01,52.97,181.12,10484153.97
80,239,0,0,48.85,0.01,52.97,181.12,10484153.97
80,239,0,0,48.85,0.01,52.97,181.12,10484153.97
80,239,0,0,48.85,0.01,52.97,181.12,10484153.97
80,239,0,0,48.85,0.01,52.97,181.12,10484153.97
80,239,0,0,48.85,0.01,52.97,181.12,10484153.97
80,239,0,0,48.85,0.01,52.97,181.12,10484153.97
80,239,0,0,48.85,0.01,52.97,181.12,10484153.97
88,0,0,0,550.89,0.08,30.1,1150.89,16514899.66
88,8,0,0,259.21,0.06,30.17,859.21,14635661.12
88,16,0,0,137.6,0.05,32.5,737.6,13530819.16
88,24,0,0,49.27,0.04,33.25,627.09,12846133.89
88,32,0,0,49.27,0.04,34.64,558.93,12411165.68
88,40,0,0,49.27,0.03,36.05,508.17,12094812.54
88,48,0,0,49.27,0.03,37.26,466.42,11844167.33
88,56,0,0,49.27,0.03,38.48,433.09,11717424.05
88,64,0,0,49.27,0.03,39.01,398.9,11420117.29
88,72,0,0,49.27,0.02,39.79,372.76,11250656.46
88,80,0,0,49.27,0.03,47.4,409.62,11867611.21
88,88,0,0,49.27,0.02,41.25,330.87,11005310.71
88,96,0,0,49.27,0.02,41.98,314.15,10920485.85
88,104,0,0,49.27,0.02,46.64,327.14,11238333.5
88,112,0,0,49.27,0.02,43.5,287.06,10788662.61
88,128,0,0,49.27,0.02,45.07,266.0,10739583.97
88,144,0,0,48.85,0.02,57.29,305.8,11711954.04
88,160,0,0,48.85,0.01,47.15,229.69,10576397.66
88,176,0,0,48.85,0.01,48.85,218.9,10602066.55
88,192,0,0,48.85,0.01,49.53,205.45,10552885.09
88,208,0,0,48.85,0.01,50.64,195.53,10541673.31
88,224,0,0,48.85,0.01,51.54,186.12,10517861.05
88,232,0,0,48.85,0.01,52.05,182.09,10513939.01
88,232,0,0,48.85,0.01,52.05,182.09,10513939.01
88,232,0,0,48.85,0.01,52.05,182.09,10513939.01
88,232,0,0,48.85,0.01,52.05,182.09,10513939.01
88,232,0,0,48.85,0.01,52.05,182.09,10513939.01
88,232,0,0,48.85,0.01,52.05,182.09,10513939.01
88,232,0,0,48.85,0.01,52.05,182.09,10513939.01
88,232,0,0,48.85,0.01,52.05,182.09,10513939.01
88,232,0,0,48.85,0.01,52.05,182.09,10513939.01
88,232,0,0,48.85,0.01,52.05,182.09,10513939.01
88,232,0,0,48.85,0.01,52.05,182.09,10513939.01
88,232,0,0,48.85,0.01,52.05,182.09,10513939.01
88,232,0,0,48.85,0.01,52.05,182.09,10513939.01
88,232,0,0,48.85,0.01,52.05,182.09,10513939.01
88,232,0,0,48.85,0.01,52.05,182.09,10513939.01
88,232,0,0,48.85,0.01,52.05,182.09,10513939.01
88,232,0,0,48.85,0.01,52.05,182.09,10513939.01
88,232,0,0,48.85,0.01,52.05,182.09,10513939.01
88,232,0,0,48.85,0.01,52.05,182.09,10513939.01
88,232,0,0,48.85,0.01,52.05,182.09,10513939.01
88,232,0,0,48.85,0.01,52.05,182.09,10513939.01
88,232,0,0,48.85,0.01,52.05,182.09,10513939.01
88,232,0,0,48.85,0.01,52.05,182.09,10513939.01
88,232,0,0,48.85,0.01,52.05,182.09,10513939.01
88,232,0,0,48.85,0.01,52.05,182.09,10513939.01
88,232,0,0,48.85,0.01,52.05,182.09,10513939.01
88,232,0,0,48.85,0.01,52.05,182.09,10513939.01
88,232,0,0,48.85,0.01,52.05,182.09,10513939.01
88,232,0,0,48.85,0.01,52.05,182.09,10513939.01
88,232,0,0,48.85,0.01,52.05,182.09,10513939.01
88,232,0,0,48.85,0.01,52.05,182.09,10513939.01
88,232,0,0,48.85,0.01,52.05,182.09,10513939.01
88,232,0,0,48.85,0.01,52.05,182.09,10513939.01
88,232,0,0,48.85,0.01,52.05,182.09,10513939.01
88,232,0,0,48.85,0.01,52.05,182.09,10513939.01
96,0,0,0,550.19,0.08,32.82,1150.19,17108719.44
96,8,0,0,210.67,0.06,30.39,810.67,14758170.5
96,16,0,0,123.22,0.05,33.59,723.22,14011721.39
96,24,0,0,48.63,0.04,33.98,613.37,13265714.59
96,32,0,0,48.63,0.04,35.09,545.22,12786529.73
96,40,0,0,48.63,0.03,36.33,495.53,12463275.71
96,48,0,0,48.63,0.03,37.15,451.63,12087587.67
96,56,0,0,48.63,0.03,38.16,418.35,11933171.54
96,64,0,0,48.63,0.03,39.34,392.69,11771195.31
96,72,0,0,48.63,0.02,39.47,361.66,11481685.6
96,80,0,0,48.63,0.02,40.5,342.95,11415032.33
96,88,0,0,48.63,0.02,41.37,325.62,11320586.24
96,96,0,0,48.63,0.02,41.83,307.55,11201739.77
96,104,0,0,48.63,0.02,42.63,294.08,11124595.62
96,112,0,0,48.63,0.02,43.43,282.2,11075869.77
96,128,0,0,48.63,0.02,44.45,258.69,10946287.04
96,144,0,0,48.22,0.01,45.61,240.37,10881544.31
96,160,0,0,48.22,0.01,48.27,232.47,10955421.95
96,176,0,0,48.22,0.01,48.32,214.23,10829761.08
96,192,0,0,48.22,0.01,48.88,200.78,10767448.18
96,208,0,0,48.22,0.01,50.05,191.48,10760534.37
96,224,0,0,48.22,0.01,51.55,184.58,10799937.84
96,233,0,0,48.22,0.01,52.73,177.42,10714360.66
96,233,0,0,48.22,0.01,52.73,177.42,10714360.66
96,233,0,0,48.22,0.01,52.73,177.42,10714360.66
96,233,0,0,48.22,0.01,52.73,177.42,10714360.66
96,233,0,0,48.22,0.01,52.73,177.42,10714360.66
96,233,0,0,48.22,0.01,52.73,177.42,10714360.66
96,233,0,0,48.22,0.01,52.73,177.42,10714360.66
96,233,0,0,48.22,0.01,52.73,177.42,10714360.66
96,233,0,0,48.22,0.01,52.73,177.42,10714360.66
96,233,0,0,48.22,0.01,52.73,177.42,10714360.66
96,233,0,0,48.22,0.01,52.73,177.42,10714360.66
96,233,0,0,48.22,0.01,52.73,177.42,10714360.66
96,233,0,0,48.22,0.01,52.73,177.42,10714360.66
96,233,0,0,48.22,0.01,52.73,177.42,10714360.66
96,233,0,0,48.22,0.01,52.73,177.42,10714360.66
96,233,0,0,48.22,0.01,52.73,177.42,10714360.66
96,233,0,0,48.22,0.01,52.73,177.42,10714360.66
96,233,0,0,48.22,0.01,52.73,177.42,10714360.66
96,233,0,0,48.22,0.01,52.73,177.42,10714360.66
96,233,0,0,48.22,0.01,52.73,177.42,10714360.66
96,233,0,0,48.22,0.01,52.73,177.42,10714360.66
96,233,0,0,48.22,0.01,52.73,177.42,10714360.66
96,233,0,0,48.22,0.01,52.73,177.42,10714360.66
96,233,0,0,48.22,0.01,52.73,177.42,10714360.66
96,233,0,0,48.22,0.01,52.73,177.42,10714360.66
96,233,0,0,48.22,0.01,52.73,177.42,10714360.66
96,233,0,0,48.22,0.01,52.73,177.42,10714360.66
96,233,0,0,48.22,0.01,52.73,177.42,10714360.66
96,233,0,0,48.22,0.01,52.73,177.42,10714360.66
96,233,0,0,48.22,0.01,52.73,177.42,10714360.66
96,233,0,0,48.22,0.01,52.73,177.42,10714360.66
96,233,0,0,48.22,0.01,52.73,177.42,10714360.66
96,233,0,0,48.22,0.01,52.73,177.42,10714360.66
96,233,0,0,48.22,0.01,52.73,177.42,10714360.66
96,233,0,0,48.22,0.01,52.73,177.42,10714360.66
104,0,0,0,429.91,0.07,31.84,1029.91,16901545.94
104,8,0,0,205.37,0.06,32.11,805.37,15343305.6
104,16,0,0,89.97,0.05,33.69,689.97,14128167.36
104,24,0,0,47.03,0.04,34.54,597.73,13444711.37
104,32,0,0,47.03,0.03,35.15,526.73,12802295.64
104,40,0,0,47.03,0.03,39.54,522.45,12953055.04
104,48,0,0,47.03,0.03,37.5,443.05,12225901.21
104,56,0,0,47.03,0.03,38.05,406.48,11946944.51
104,64,0,0,47.03,0.03,42.82,417.53,12218153.38
104,72,0,0,47.03,0.02,39.73,356.3,11595297.34
104,80,0,0,47.03,0.02,40.42,335.53,11450942.56
104,88,0,0,47.03,0.02,41.58,321.29,11431828.79
104,96,0,0,47.03,0.02,41.84,302.35,11266765.09
104,104,0,0,47.03,0.02,42.76,290.25,11218622.64
104,112,0,0,47.03,0.02,43.18,276.31,11133880.82
104,128,0,0,47.03,0.02,44.5,255.44,11025146.74
104,144,0,0,46.62,0.01,45.6,237.35,10951121.03
104,160,0,0,46.62,0.01,48.24,229.7,11022017.05
104,176,0,0,46.62,0.01,47.64,209.0,10810767.19
104,192,0,0,46.62,0.01,48.84,198.68,10827084.54
104,208,0,0,46.62,0.01,57.29,217.22,11482102.84
104,224,0,0,46.62,0.01,50.63,179.75,10763310.15
104,225,0,0,46.62,0.01,52.16,179.47,10770725.09
104,225,0,0,46.62,0.01,52.16,179.47,10770725.09
104,225,0,0,46.62,0.01,52.16,179.47,10770725.09
104,225,0,0,46.62,0.01,52.16,179.47,10770725.09
104,225,0,0,46.62,0.01,52.16,179.47,10770725.09
104,225,0,0,46.62,0.01,52.16,179.47,10770725.09
104,225,0,0,46.62,0.01,52.16,179.47,10770725.09
104,225,0,0,46.62,0.01,52.16,179.47,10770725.09
104,225,0,0,46.62,0.01,52.16,179.47,10770725.09
104,225,0,0,46.62,0.01,52.16,179.47,10770725.09
104,225,0,0,46.62,0.01,52.16,179.47,10770725.09
104,225,0,0,46.62,0.01,52.16,179.47,10770725.09
104,225,0,0,46.62,0.01,52.16,179.47,10770725.09
104,225,0,0,46.62,0.01,52.16,179.47,10770725.09
104,225,0,0,46.62,0.01,52.16,179.47,10770725.09
104,225,0,0,46.62,0.01,52.16,179.47,10770725.09
104,225,0,0,46.62,0.01,52.16,179.47,10770725.09
104,225,0,0,46.62,0.01,52.16,179.47,10770725.09
104,225,0,0,46.62,0.01,52.16,179.47,10770725.09
104,225,0,0,46.62,0.01,52.16,179.47,10770725.09
104,225,0,0,46.62,0.01,52.16,179.47,10770725.09
104,225,0,0,46.62,0.01,52.16,179.47,10770725.09
104,225,0,0,46.62,0.01,52.16,179.47,10770725.09
104,225,0,0,46.62,0.01,52.16,179.47,10770725.09
104,225,0,0,46.62,0.01,52.16,179.47,10770725.09
104,225,0,0,46.62,0.01,52.16,179.47,10770725.09
104,225,0,0,46.62,0.01,52.16,179.47,10770725.09
104,225,0,0,46.62,0.01,52.16,179.47,10770725.09
104,225,0,0,46.62,0.01,52.16,179.47,10770725.09
104,225,0,0,46.62,0.01,52.16,179.47,10770725.09
104,225,0,0,46.62,0.01,52.16,179.47,10770725.09
104,225,0,0,46.62,0.01,52.16,179.47,10770725.09
104,225,0,0,46.62,0.01,52.16,179.47,10770725.09
104,225,0,0,46.62,0.01,52.16,179.47,10770725.09
104,225,0,0,46.62,0.01,52.16,179.47,10770725.09
112,0,0,0,354.21,0.06,31.76,954.21,16890871.49
112,8,0,0,159.76,0.05,32.1,759.76,15124952.51
112,16,0,0,54.72,0.04,33.52,654.72,14285521.93
112,24,0,0,47.03,0.04,34.38,571.54,13783889.64
112,32,0,0,47.03,0.03,35.5,513.6,12942948.04
112,40,0,0,47.03,0.03,39.77,509.42,13092484.86
112,48,0,0,47.03,0.03,37.39,429.7,12320358.82
112,56,0,0,47.03,0.03,37.78,393.63,11977450.21
112,64,0,0,47.03,0.02,38.57,367.55,11779040.85
112,72,0,0,47.03,0.02,39.64,348.09,11695081.32
112,80,0,0,47.03,0.02,40.0,325.64,11480283.79
112,88,0,0,47.03,0.02,41.28,313.17,11476744.84
112,96,0,0,47.03,0.02,42.02,298.53,11378594.63
112,104,0,0,47.03,0.02,42.18,281.76,11205330.75
112,112,0,0,47.03,0.02,42.54,268.11,11095557.4
112,128,0,0,47.03,0.01,43.82,248.17,10997173.54
112,144,0,0,46.62,0.01,45.41,233.48,10990464.41
112,160,0,0,46.62,0.01,46.49,218.87,10916058.15
112,176,0,0,46.62,0.01,48.0,208.41,10917769.72
112,192,0,0,46.62,0.01,48.41,195.02,10834399.87
112,208,0,0,46.62,0.01,49.34,185.41,10800592.96
112,218,0,0,46.62,0.01,51.26,180.47,10800545.78
112,218,0,0,46.62,0.01,51.26,180.47,10800545.78
112,218,0,0,46.62,0.01,51.26,180.47,10800545.78
112,218,0,0,46.62,0.01,51.26,180.47,10800545.78
112,218,0,0,46.62,0.01,51.26,180.47,10800545.78
112,218,0,0,46.62,0.01,51.26,180.47,10800545.78
112,218,0,0,46.62,0.01,51.26,180.47,10800545.78
112,218,0,0,46.62,0.01,51.26,180.47,10800545.78
112,218,0,0,46.62,0.01,51.26,180.47,10800545.78
112,218,0,0,46.62,0.01,51.26,180.47,10800545.78
112,218,0,0,46.62,0.01,51.26,180.47,10800545.78
112,218,0,0,46.62,0.01,51.26,180.47,10800545.78
112,218,0,0,46.62,0.01,51.26,180.47,10800545.78
112,218,0,0,46.62,0.01,51.26,180.47,10800545.78
112,218,0,0,46.62,0.01,51.26,180.47,10800545.78
112,218,0,0,46.62,0.01,51.26,180.47,10800545.78
112,218,0,0,46.62,0.01,51.26,180.47,10800545.78
112,218,0,0,46.62,0.01,51.26,180.47,10800545.78
112,218,0,0,46.62,0.01,51.26,180.47,10800545.78
112,218,0,0,46.62,0.01,51.26,180.47,10800545.78
112,218,0,0,46.62,0.01,51.26,180.47,10800545.78
112,218,0,0,46.62,0.01,51.26,180.47,10800545.78
112,218,0,0,46.62,0.01,51.26,180.47,10800545.78
112,218,0,0,46.62,0.01,51.26,180.47,10800545.78
112,218,0,0,46.62,0.01,51.26,180.47,10800545.78
112,218,0,0,46.62,0.01,51.26,180.47,10800545.78
112,218,0,0,46.62,0.01,51.26,180.47,10800545.78
112,218,0,0,46.62,0.01,51.26,180.47,10800545.78
112,218,0,0,46.62,0.01,51.26,180.47,10800545.78
112,218,0,0,46.62,0.01,51.26,180.47,10800545.78
112,218,0,0,46.62,0.01,51.26,180.47,10800545.78
112,218,0,0,46.62,0.01,51.26,180.47,10800545.78
112,218,0,0,46.62,0.01,51.26,180.47,10800545.78
112,218,0,0,46.62,0.01,51.26,180.47,10800545.78
112,218,0,0,46.62,0.01,51.26,180.47,10800545.78
112,218,0,0,46.62,0.01,51.26,180.47,10800545.78
128,0,0,0,221.44,0.05,31.25,821.44,16787276.81
128,8,0,0,119.52,0.05,33.82,719.52,15892920.14
128,16,0,0,47.03,0.04,34.05,608.5,15087915.02
128,24,0,0,47.03,0.04,34.67,534.1,14324206.87
128,32,0,0,46.33,0.03,36.58,495.21,13223632.77
128,40,0,0,46.33,0.03,37.76,455.93,12974093.89
128,48,0,0,46.33,0.03,39.09,425.88,12691588.33
128,56,0,0,46.33,0.02,39.04,387.51,12323631.28
128,64,0,0,46.33,0.02,39.64,361.4,12091585.96
128,72,0,0,46.33,0.02,40.69,342.93,12000229.97
128,80,0,0,46.33,0.02,40.92,320.71,11762835.53
128,88,0,0,46.33,0.02,41.56,304.36,11635906.48
128,96,0,0,46.33,0.02,42.7,293.45,11622154.31
128,104,0,0,46.33,0.02,42.76,276.81,11430683.09
128,112,0,0,46.33,0.02,43.23,264.53,11321480.03
128,128,0,0,46.33,0.01,44.3,244.3,11196554.87
128,144,0,0,46.33,0.01,45.32,227.48,11095254.16
128,160,0,0,46.33,0.01,46.04,212.01,10978490.03
128,176,0,0,46.33,0.01,47.08,200.28,10933675.71
128,192,0,0,46.33,0.01,48.46,191.57,10952717.96
128,208,0,0,46.33,0.01,49.31,182.03,10907208.96
128,217,0,0,46.33,0.01,50.98,176.51,10869673.49
128,217,0,0,46.33,0.01,50.98,176.51,10869673.49
128,217,0,0,46.33,0.01,50.98,176.51,10869673.49
128,217,0,0,46.33,0.01,50.98,176.51,10869673.49
128,217,0,0,46.33,0.01,50.98,176.51,10869673.49
128,217,0,0,46.33,0.01,50.98,176.51,10869673.49
128,217,0,0,46.33,0.01,50.98,176.51,10869673.49
128,217,0,0,46.33,0.01,50.98,176.51,10869673.49
128,217,0,0,46.33,0.01,50.98,176.51,10869673.49
128,217,0,0,46.33,0.01,50.98,176.51,10869673.49
128,217,0,0,46.33,0.01,50.98,176.51,10869673.49
128,217,0,0,46.33,0.01,50.98,176.51,10869673.49
128,217,0,0,46.33,0.01,50.98,176.51,10869673.49
128,217,0,0,46.33,0.01,50.98,176.51,10869673.49
128,217,0,0,46.33,0.01,50.98,176.51,10869673.49
128,217,0,0,46.33,0.01,50.98,176.51,10869673.49
128,217,0,0,46.33,0.01,50.98,176.51,10869673.49
128,217,0,0,46.33,0.01,50.98,176.51,10869673.49
128,217,0,0,46.33,0.01,50.98,176.51,10869673.49
128,217,0,0,46.33,0.01,50.98,176.51,10869673.49
128,217,0,0,46.33,0.01,50.98,176.51,10869673.49
128,217,0,0,46.33,0.01,50.98,176.51,10869673.49
128,217,0,0,46.33,0.01,50.98,176.51,10869673.49
128,217,0,0,46.33,0.01,50.98,176.51,10869673.49
128,217,0,0,46.33,0.01,50.98,176.51,10869673.49
128,217,0,0,46.33,0.01,50.98,176.51,10869673.49
128,217,0,0,46.33,0.01,50.98,176.51,10869673.49
128,217,0,0,46.33,0.01,50.98,176.51,10869673.49
128,217,0,0,46.33,0.01,50.98,176.51,10869673.49
128,217,0,0,46.33,0.01,50.98,176.51,10869673.49
128,217,0,0,46.33,0.01,50.98,176.51,10869673.49
128,217,0,0,46.33,0.01,50.98,176.51,10869673.49
128,217,0,0,46.33,0.01,50.98,176.51,10869673.49
128,217,0,0,46.33,0.01,50.98,176.51,10869673.49
128,217,0,0,46.33,0.01,50.98,176.51,10869673.49
128,217,0,0,46.33,0.01,50.98,176.51,10869673.49
144,0,0,0,218.25,0.06,35.02,818.25,20225943.3
144,8,0,0,46.33,0.04,33.4,645.37,15962319.99
144,16,0,0,46.33,0.04,35.25,580.68,15443754.87
144,24,0,0,46.33,0.03,36.08,517.9,14708348.86
144,32,0,0,46.33,0.03,39.76,505.67,13837197.72
144,40,0,0,46.33,0.03,37.23,425.08,12934989.01
144,48,0,0,46.33,0.03,37.83,391.89,12613088.39
144,56,0,0,46.33,0.03,42.61,403.97,12911726.69
144,64,0,0,46.33,0.02,39.28,343.25,12174638.89
144,72,0,0,46.33,0.02,39.58,320.72,11930145.67
144,80,0,0,46.33,0.02,40.28,304.35,11793992.07
144,88,0,0,46.33,0.02,40.95,289.79,11667955.72
144,96,0,0,46.33,0.02,41.58,276.68,11574831.01
144,104,0,0,46.33,0.02,41.99,263.7,11445716.09
144,112,0,0,46.33,0.02,42.86,254.88,11419935.61
144,128,0,0,46.33,0.01,43.75,235.09,11248283.5
144,144,0,0,46.33,0.01,45.16,221.35,11202046.4
144,160,0,0,46.33,0.01,45.83,206.52,11075535.01
144,176,0,0,46.33,0.01,47.37,197.51,11094790.7
144,192,0,0,46.33,0.01,55.38,214.87,11742210.93
144,208,0,0,46.33,0.01,48.65,176.5,10945109.55
144,209,0,0,46.33,0.01,50.23,176.5,10959229.52
144,209,0,0,46.33,0.01,50.23,176.5,10959229.52
144,209,0,0,46.33,0.01,50.23,176.5,10959229.52
144,209,0,0,46.33,0.01,50.23,176.5,10959229.52
144,209,0,0,46.33,0.01,50.23,176.5,10959229.52
144,209,0,0,46.33,0.01,50.23,176.5,10959229.52
144,209,0,0,46.33,0.01,50.23,176.5,10959229.52
144,209,0,0,46.33,0.01,50.23,176.5,10959229.52
144,209,0,0,46.33,0.01,50.23,176.5,10959229.52
144,209,0,0,46.33,0.01,50.23,176.5,10959229.52
144,209,0,0,46.33,0.01,50.23,176.5,10959229.52
144,209,0,0,46.33,0.01,50.23,176.5,10959229.52
144,209,0,0,46.33,0.01,50.23,176.5,10959229.52
144,209,0,0,46.33,0.01,50.23,176.5,10959229.52
144,209,0,0,46.33,0.01,50.23,176.5,10959229.52
144,209,0,0,46.33,0.01,50.23,176.5,10959229.52
144,209,0,0,46.33,0.01,50.23,176.5,10959229.52
144,209,0,0,46.33,0.01,50.23,176.5,10959229.52
144,209,0,0,46.33,0.01,50.23,176.5,10959229.52
144,209,0,0,46.33,0.01,50.23,176.5,10959229.52
144,209,0,0,46.33,0.01,50.23,176.5,10959229.52
144,209,0,0,46.33,0.01,50.23,176.5,10959229.52
144,209,0,0,46.33,0.01,50.23,176.5,10959229.52
144,209,0,0,46.33,0.01,50.23,176.5,10959229.52
144,209,0,0,46.33,0.01,50.23,176.5,10959229.52
144,209,0,0,46.33,0.01,50.23,176.5,10959229.52
144,209,0,0,46.33,0.01,50.23,176.5,10959229.52
144,209,0,0,46.33,0.01,50.23,176.5,10959229.52
144,209,0,0,46.33,0.01,50.23,176.5,10959229.52
144,209,0,0,46.33,0.01,50.23,176.5,10959229.52
144,209,0,0,46.33,0.01,50.23,176.5,10959229.52
144,209,0,0,46.33,0.01,50.23,176.5,10959229.52
144,209,0,0,46.33,0.01,50.23,176.5,10959229.52
144,209,0,0,46.33,0.01,50.23,176.5,10959229.52
144,209,0,0,46.33,0.01,50.23,176.5,10959229.52
144,209,0,0,46.33,0.01,50.23,176.5,10959229.52
160,0,0,0,177.12,0.05,36.96,777.12,22000098.58
160,8,0,0,46.33,0.04,33.28,588.97,16060129.3
160,16,0,0,46.33,0.04,35.52,542.63,16121943.15
160,24,0,0,47.03,0.03,38.19,513.16,18275611.16
160,32,0,0,46.33,0.03,36.6,438.98,13673019.12
160,40,0,0,46.33,0.03,37.76,408.97,13181240.09
160,48,0,0,46.33,0.02,37.86,373.82,12735457.41
160,56,0,0,46.33,0.02,38.15,346.06,12387192.52
160,64,0,0,46.33,0.02,38.96,326.83,12204038.13
160,72,0,0,46.33,0.02,39.8,310.54,12095090.1
160,80,0,0,46.33,0.02,40.37,294.42,11942276.34
160,88,0,0,46.33,0.02,40.62,278.07,11743867.14
160,96,0,0,46.33,0.02,41.05,264.78,11606898.7
160,104,0,0,46.33,0.02,41.93,255.68,11564487.07
160,112,0,0,46.33,0.02,52.49,303.55,12616501.23
160,128,0,0,46.33,0.01,43.6,228.47,11350417.08
160,144,0,0,46.33,0.01,44.35,212.47,11207362.98
160,160,0,0,46.33,0.01,46.13,203.52,11235099.45
160,176,0,0,46.33,0.01,46.98,192.07,11158474.24
160,192,0,0,46.33,0.01,47.76,181.95,11090302.71
160,204,0,0,46.33,0.01,49.26,175.69,11065608.11
160,204,0,0,46.33,0.01,49.26,175.69,11065608.11
160,204,0,0,46.33,0.01,49.26,175.69,11065608.11
160,204,0,0,46.33,0.01,49.26,175.69,11065608.11
160,204,0,0,46.33,0.01,49.26,175.69,11065608.11
160,204,0,0,46.33,0.01,49.26,175.69,11065608.11
160,204,0,0,46.33,0.01,49.26,175.69,11065608.11
160,204,0,0,46.33,0.01,49.26,175.69,11065608.11
160,204,0,0,46.33,0.01,49.26,175.69,11065608.11
160,204,0,0,46.33,0.01,49.26,175.69,11065608.11
160,204,0,0,46.33,0.01,49.26,175.69,11065608.11
160,204,0,0,46.33,0.01,49.26,175.69,11065608.11
160,204,0,0,46.33,0.01,49.26,175.69,11065608.11
160,204,0,0,46.33,0.01,49.26,175.69,11065608.11
160,204,0,0,46.33,0.01,49.26,175.69,11065608.11
160,204,0,0,46.33,0.01,49.26,175.69,11065608.11
160,204,0,0,46.33,0.01,49.26,175.69,11065608.11
160,204,0,0,46.33,0.01,49.26,175.69,11065608.11
160,204,0,0,46.33,0.01,49.26,175.69,11065608.11
160,204,0,0,46.33,0.01,49.26,175.69,11065608.11
160,204,0,0,46.33,0.01,49.26,175.69,11065608.11
160,204,0,0,46.33,0.01,49.26,175.69,11065608.11
160,204,0,0,46.33,0.01,49.26,175.69,11065608.11
160,204,0,0,46.33,0.01,49.26,175.69,11065608.11
160,204,0,0,46.33,0.01,49.26,175.69,11065608.11
160,204,0,0,46.33,0.01,49.26,175.69,11065608.11
160,204,0,0,46.33,0.01,49.26,175.69,11065608.11
160,204,0,0,46.33,0.01,49.26,175.69,11065608.11
160,204,0,0,46.33,0.01,49.26,175.69,11065608.11
160,204,0,0,46.33,0.01,49.26,175.69,11065608.11
160,204,0,0,46.33,0.01,49.26,175.69,11065608.11
160,204,0,0,46.33,0.01,49.26,175.69,11065608.11
160,204,0,0,46.33,0.01,49.26,175.69,11065608.11
160,204,0,0,46.33,0.01,49.26,175.69,11065608.11
160,204,0,0,46.33,0.01,49.26,175.69,11065608.11
160,204,0,0,46.33,0.01,49.26,175.69,11065608.11
160,204,0,0,46.33,0.01,49.26,175.69,11065608.11
176,0,0,0,114.8,0.05,37.39,714.8,22196541.22
176,8,0,0,45.09,0.04,36.73,599.57,20390885.32
176,16,0,0,42.78,0.03,36.29,516.77,17417900.35
176,24,0,0,45.09,0.03,39.55,499.5,18589020.98
176,32,0,0,46.33,0.03,42.34,480.43,15060128.43
176,40,0,0,46.33,0.02,37.27,383.88,13366760.05
176,48,0,0,46.33,0.02,37.56,354.22,12733372.71
176,56,0,0,46.33,0.03,45.17,392.75,13496768.73
176,64,0,0,46.33,0.02,38.91,313.88,12323695.27
176,72,0,0,46.33,0.02,39.39,296.39,12122576.33
176,80,0,0,46.33,0.02,39.82,280.69,11950751.62
176,88,0,0,46.33,0.02,46.51,308.39,12574707.9
176,96,0,0,46.33,0.02,41.46,259.5,11792127.7
176,104,0,0,46.33,0.01,41.47,245.75,11611461.69
176,112,0,0,46.33,0.01,42.5,239.16,11596416.32
176,128,0,0,46.33,0.01,43.39,221.83,11438855.55
176,144,0,0,46.33,0.01,44.43,208.08,11325449.5
176,160,0,0,45.92,0.01,50.98,220.29,11878211.73
176,176,0,0,45.92,0.01,54.23,217.51,12031165.7
176,192,0,0,45.92,0.01,48.5,181.47,11286424.02
176,196,0,0,45.92,0.01,48.99,177.37,11215307.58
176,196,0,0,45.92,0.01,48.99,177.37,11215307.58
176,196,0,0,45.92,0.01,48.99,177.37,11215307.58
176,196,0,0,45.92,0.01,48.99,177.37,11215307.58
176,196,0,0,45.92,0.01,48.99,177.37,11215307.58
176,196,0,0,45.92,0.01,48.99,177.37,11215307.58
176,196,0,0,45.92,0.01,48.99,177.37,11215307.58
176,196,0,0,45.92,0.01,48.99,177.37,11215307.58
176,196,0,0,45.92,0.01,48.99,177.37,11215307.58
176,196,0,0,45.92,0.01,48.99,177.37,11215307.58
176,196,0,0,45.92,0.01,48.99,177.37,11215307.58
176,196,0,0,45.92,0.01,48.99,177.37,11215307.58
176,196,0,0,45.92,0.01,48.99,177.37,11215307.58
176,196,0,0,45.92,0.01,48.99,177.37,11215307.58
176,196,0,0,45.92,0.01,48.99,177.37,11215307.58
176,196,0,0,45.92,0.01,48.99,177.37,11215307.58
176,196,0,0,45.92,0.01,48.99,177.37,11215307.58
176,196,0,0,45.92,0.01,48.99,177.37,11215307.58
176,196,0,0,45.92,0.01,48.99,177.37,11215307.58
176,196,0,0,45.92,0.01,48.99,177.37,11215307.58
176,196,0,0,45.92,0.01,48.99,177.37,11215307.58
176,196,0,0,45.92,0.01,48.99,177.37,11215307.58
176,196,0,0,45.92,0.01,48.99,177.37,11215307.58
176,196,0,0,45.92,0.01,48.99,177.37,11215307.58
176,196,0,0,45.92,0.01,48.99,177.37,11215307.58
176,196,0,0,45.92,0.01,48.99,177.37,11215307.58
176,196,0,0,45.92,0.01,48.99,177.37,11215307.58
176,196,0,0,45.92,0.01,48.99,177.37,11215307.58
176,196,0,0,45.92,0.01,48.99,177.37,11215307.58
176,196,0,0,45.92,0.01,48.99,177.37,11215307.58
176,196,0,0,45.92,0.01,48.99,177.37,11215307.58
176,196,0,0,45.92,0.01,48.99,177.37,11215307.58
176,196,0,0,45.92,0.01,48.99,177.37,11215307.58
176,196,0,0,45.92,0.01,48.99,177.37,11215307.58
176,196,0,0,45.92,0.01,48.99,177.37,11215307.58
176,196,0,0,45.92,0.01,48.99,177.37,11215307.58
176,196,0,0,45.92,0.01,48.99,177.37,11215307.58
192,0,0,0,69.87,0.04,36.66,642.41,22041140.63
192,8,0,0,66.86,0.04,36.65,555.12,20093617.12
192,16,0,0,42.78,0.03,36.67,489.14,17574534.01
192,24,0,0,44.39,0.03,39.66,472.51,18523803.52
192,32,0,0,46.33,0.03,39.29,422.96,17358001.94
192,40,0,0,46.33,0.03,39.8,390.84,16738679.09
192,48,0,0,46.33,0.02,40.11,362.02,16030603.8
192,56,0,0,46.33,0.02,40.72,340.02,15600889.14
192,64,0,0,46.33,0.02,41.67,323.75,15411528.6
192,72,0,0,46.33,0.02,41.9,304.39,14929412.72
192,80,0,0,46.33,0.02,42.85,292.22,14788770.7
192,88,0,0,46.33,0.02,43.31,278.37,14505266.52
192,96,0,0,46.33,0.02,43.49,264.34,14162528.53
192,104,0,0,46.33,0.02,44.37,255.76,14052372.49
192,112,0,0,46.33,0.01,44.95,246.36,13905966.86
192,128,0,0,46.33,0.01,45.81,228.62,13572798.31
192,144,0,0,46.33,0.01,46.55,213.29,13253115.57
192,160,0,0,46.33,0.01,47.41,200.76,13058300.96
192,176,0,0,46.33,0.01,48.31,190.13,12885037.67
192,192,0,0,46.33,0.01,48.97,180.02,12699871.49
192,208,0,0,46.33,0.01,49.87,172.02,12596615.31
192,223,0,0,46.33,0.01,50.96,165.53,12497526.55
192,225,0,0,46.33,0.01,52.08,164.39,12488394.13
192,225,0,0,46.33,0.01,52.08,164.39,12488394.13
192,225,0,0,46.33,0.01,52.08,164.39,12488394.13
192,225,0,0,46.33,0.01,52.08,164.39,12488394.13
192,225,0,0,46.33,0.01,52.08,164.39,12488394.13
192,225,0,0,46.33,0.01,52.08,164.39,12488394.13
192,225,0,0,46.33,0.01,52.08,164.39,12488394.13
192,225,0,0,46.33,0.01,52.08,164.39,12488394.13
192,225,0,0,46.33,0.01,52.08,164.39,12488394.13
192,225,0,0,46.33,0.01,52.08,164.39,12488394.13
192,225,0,0,46.33,0.01,52.08,164.39,12488394.13
192,225,0,0,46.33,0.01,52.08,164.39,12488394.13
192,225,0,0,46.33,0.01,52.08,164.39,12488394.13
192,225,0,0,46.33,0.01,52.08,164.39,12488394.13
192,225,0,0,46.33,0.01,52.08,164.39,12488394.13
192,225,0,0,46.33,0.01,52.08,164.39,12488394.13
192,225,0,0,46.33,0.01,52.08,164.39,12488394.13
192,225,0,0,46.33,0.01,52.08,164.39,12488394.13
192,225,0,0,46.33,0.01,52.08,164.39,12488394.13
192,225,0,0,46.33,0.01,52.08,164.39,12488394.13
192,225,0,0,46.33,0.01,52.08,164.39,12488394.13
192,225,0,0,46.33,0.01,52.08,164.39,12488394.13
192,225,0,0,46.33,0.01,52.08,164.39,12488394.13
192,225,0,0,46.33,0.01,52.08,164.39,12488394.13
192,225,0,0,46.33,0.01,52.08,164.39,12488394.13
192,225,0,0,46.33,0.01,52.08,164.39,12488394.13
192,225,0,0,46.33,0.01,52.08,164.39,12488394.13
192,225,0,0,46.33,0.01,52.08,164.39,12488394.13
192,225,0,0,46.33,0.01,52.08,164.39,12488394.13
192,225,0,0,46.33,0.01,52.08,164.39,12488394.13
192,225,0,0,46.33,0.01,52.08,164.39,12488394.13
192,225,0,0,46.33,0.01,52.08,164.39,12488394.13
192,225,0,0,46.33,0.01,52.08,164.39,12488394.13
192,225,0,0,46.33,0.01,52.08,164.39,12488394.13
192,225,0,0,46.33,0.01,52.08,164.39,12488394.13
208,0,0,0,69.87,0.04,40.37,653.02,22693432.45
208,8,0,0,66.16,0.03,38.02,537.14,20435448.27
208,16,0,0,42.78,0.03,36.72,460.51,17993635.19
208,24,0,0,44.39,0.03,39.15,441.43,19001694.97
208,32,0,0,44.39,0.03,39.25,401.96,17296059.7
208,40,0,0,44.39,0.02,39.84,373.72,16733741.8
208,48,0,0,44.39,0.02,40.31,348.81,16202780.17
208,56,0,0,44.39,0.02,40.6,326.08,15628550.39
208,64,0,0,44.39,0.02,41.17,308.48,15264390.44
208,72,0,0,44.39,0.02,41.77,293.27,14973194.82
208,80,0,0,44.39,0.02,42.28,279.27,14675217.3
208,88,0,0,44.39,0.02,42.96,267.94,14470462.08
208,96,0,0,44.39,0.02,43.09,254.53,14121475.61
208,104,0,0,44.39,0.01,44.05,247.15,14059636.28
208,112,0,0,44.39,0.01,44.25,236.36,13780645.24
208,128,0,0,44.39,0.01,45.53,221.96,13584416.26
208,144,0,0,44.39,0.01,46.41,208.1,13320187.13
208,160,0,0,44.39,0.01,47.1,195.48,13059761.58
208,176,0,0,44.39,0.01,47.87,184.94,12870282.23
208,192,0,0,44.39,0.01,48.46,175.1,12674358.28
208,208,0,0,44.39,0.01,49.76,168.88,12654457.59
208,215,0,0,44.39,0.01,50.16,165.22,12576336.49
208,215,0,0,44.39,0.01,50.16,165.22,12576336.49
208,215,0,0,44.39,0.01,50.16,165.22,12576336.49
208,215,0,0,44.39,0.01,50.16,165.22,12576336.49
208,215,0,0,44.39,0.01,50.16,165.22,12576336.49
208,215,0,0,44.39,0.01,50.16,165.22,12576336.49
208,215,0,0,44.39,0.01,50.16,165.22,12576336.49
208,215,0,0,44.39,0.01,50.16,165.22,12576336.49
208,215,0,0,44.39,0.01,50.16,165.22,12576336.49
208,215,0,0,44.39,0.01,50.16,165.22,12576336.49
208,215,0,0,44.39,0.01,50.16,165.22,12576336.49
208,215,0,0,44.39,0.01,50.16,165.22,12576336.49
208,215,0,0,44.39,0.01,50.16,165.22,12576336.49
208,215,0,0,44.39,0.01,50.16,165.22,12576336.49
208,215,0,0,44.39,0.01,50.16,165.22,12576336.49
208,215,0,0,44.39,0.01,50.16,165.22,12576336.49
208,215,0,0,44.39,0.01,50.16,165.22,12576336.49
208,215,0,0,44.39,0.01,50.16,165.22,12576336.49
208,215,0,0,44.39,0.01,50.16,165.22,12576336.49
208,215,0,0,44.39,0.01,50.16,165.22,12576336.49
208,215,0,0,44.39,0.01,50.16,165.22,12576336.49
208,215,0,0,44.39,0.01,50.16,165.22,12576336.49
208,215,0,0,44.39,0.01,50.16,165.22,12576336.49
208,215,0,0,44.39,0.01,50.16,165.22,12576336.49
208,215,0,0,44.39,0.01,50.16,165.22,12576336.49
208,215,0,0,44.39,0.01,50.16,165.22,12576336.49
208,215,0,0,44.39,0.01,50.16,165.22,12576336.49
208,215,0,0,44.39,0.01,50.16,165.22,12576336.49
208,215,0,0,44.39,0.01,50.16,165.22,12576336.49
208,215,0,0,44.39,0.01,50.16,165.22,12576336.49
208,215,0,0,44.39,0.01,50.16,165.22,12576336.49
208,215,0,0,44.39,0.01,50.16,165.22,12576336.49
208,215,0,0,44.39,0.01,50.16,165.22,12576336.49
208,215,0,0,44.39,0.01,50.16,165.22,12576336.49
208,215,0,0,44.39,0.01,50.16,165.22,12576336.49
208,215,0,0,44.39,0.01,50.16,165.22,12576336.49
224,0,0,0,44.54,0.04,38.97,585.38,23619249.9
224,8,0,0,46.33,0.03,37.85,501.13,20877196.63
224,16,0,0,42.78,0.03,36.98,437.64,18095427.6
224,24,0,0,46.33,0.03,38.68,413.93,18508101.56
224,32,0,0,44.39,0.02,39.26,383.43,17226148.77
224,40,0,0,44.39,0.02,39.29,352.81,16430154.45
224,48,0,0,44.39,0.02,39.82,330.99,15963144.75
224,56,0,0,44.39,0.02,41.59,321.77,15790927.98
224,64,0,0,44.39,0.02,40.96,296.36,15257623.15
224,72,0,0,44.39,0.02,41.13,279.44,14817644.74
224,80,0,0,44.39,0.02,41.85,268.05,14606511.94
224,88,0,0,44.39,0.02,42.35,256.51,14333069.36
224,96,0,0,44.39,0.01,43.01,247.15,14182481.72
224,104,0,0,44.39,0.01,43.24,236.3,13896705.18
224,112,0,0,44.39,0.01,43.88,228.6,13768335.48
224,128,0,0,44.39,0.01,44.86,213.74,13487825.55
224,144,0,0,44.39,0.01,45.86,201.33,13281729.95
224,160,0,0,44.39,0.01,46.49,189.21,13013286.38
224,176,0,0,44.39,0.01,56.64,214.88,13905369.93
224,192,0,0,44.39,0.01,48.22,171.29,12708376.99
224,207,0,0,44.39,0.01,49.47,165.23,12657538.48
224,207,0,0,44.39,0.01,49.47,165.23,12657538.48
224,207,0,0,44.39,0.01,49.47,165.23,12657538.48
224,207,0,0,44.39,0.01,49.47,165.23,12657538.48
224,207,0,0,44.39,0.01,49.47,165.23,12657538.48
224,207,0,0,44.39,0.01,49.47,165.23,12657538.48
224,207,0,0,44.39,0.01,49.47,165.23,12657538.48
224,207,0,0,44.39,0.01,49.47,165.23,12657538.48
224,207,0,0,44.39,0.01,49.47,165.23,12657538.48
224,207,0,0,44.39,0.01,49.47,165.23,12657538.48
224,207,0,0,44.39,0.01,49.47,165.23,12657538.48
224,207,0,0,44.39,0.01,49.47,165.23,12657538.48
224,207,0,0,44.39,0.01,49.47,165.23,12657538.48
224,207,0,0,44.39,0.01,49.47,165.23,12657538.48
224,207,0,0,44.39,0.01,49.47,165.23,12657538.48
224,207,0,0,44.39,0.01,49.47,165.23,12657538.48
224,207,0,0,44.39,0.01,49.47,165.23,12657538.48
224,207,0,0,44.39,0.01,49.47,165.23,12657538.48
224,207,0,0,44.39,0.01,49.47,165.23,12657538.48
224,207,0,0,44.39,0.01,49.47,165.23,12657538.48
224,207,0,0,44.39,0.01,49.47,165.23,12657538.48
224,207,0,0,44.39,0.01,49.47,165.23,12657538.48
224,207,0,0,44.39,0.01,49.47,165.23,12657538.48
224,207,0,0,44.39,0.01,49.47,165.23,12657538.48
224,207,0,0,44.39,0.01,49.47,165.23,12657538.48
224,207,0,0,44.39,0.01,49.47,165.23,12657538.48
224,207,0,0,44.39,0.01,49.47,165.23,12657538.48
224,207,0,0,44.39,0.01,49.47,165.23,12657538.48
224,207,0,0,44.39,0.01,49.47,165.23,12657538.48
224,207,0,0,44.39,0.01,49.47,165.23,12657538.48
224,207,0,0,44.39,0.01,49.47,165.23,12657538.48
224,207,0,0,44.39,0.01,49.47,165.23,12657538.48
224,207,0,0,44.39,0.01,49.47,165.23,12657538.48
224,207,0,0,44.39,0.01,49.47,165.23,12657538.48
224,207,0,0,44.39,0.01,49.47,165.23,12657538.48
224,207,0,0,44.39,0.01,49.47,165.23,12657538.48
224,207,0,0,44.39,0.01,49.47,165.23,12657538.48
240,0,0,0,44.54,0.04,38.34,537.5,23402334.43
240,8,0,0,46.33,0.03,37.48,466.82,20894890.44
240,16,0,0,42.78,0.03,38.52,431.6,19617374.93
240,24,0,0,46.33,0.03,38.97,396.87,19015973.15
240,32,0,0,44.39,0.02,38.84,362.48,17478792.74
240,40,0,0,44.39,0.02,39.72,342.06,16607513.82
240,48,0,0,44.39,0.02,40.01,319.92,16007694.51
240,56,0,0,44.39,0.02,40.38,301.26,15594993.76
240,64,0,0,44.39,0.02,41.0,286.74,15287642.84
240,72,0,0,44.39,0.02,41.46,272.86,14976113.62
240,80,0,0,44.39,0.02,41.72,259.3,14611108.58
240,88,0,0,44.39,0.01,42.11,247.94,14327007.87
240,96,0,0,44.39,0.01,42.5,237.72,14100726.12
240,104,0,0,44.39,0.01,43.18,229.97,13965144.21
240,112,0,0,44.39,0.01,43.76,222.48,13825927.95
240,128,0,0,44.39,0.01,44.48,207.26,13470763.68
240,144,0,0,44.39,0.01,45.48,195.56,13264058.22
240,160,0,0,44.39,0.01,46.42,185.37,13071602.63
240,176,0,0,44.39,0.01,47.15,175.71,12872028.58
240,192,0,0,44.39,0.01,48.0,167.69,12735450.21
240,197,0,0,44.39,0.01,49.06,166.17,12748915.56
240,197,0,0,44.39,0.01,49.06,166.17,12748915.56
240,197,0,0,44.39,0.01,49.06,166.17,12748915.56
240,197,0,0,44.39,0.01,49.06,166.17,12748915.56
240,197,0,0,44.39,0.01,49.06,166.17,12748915.56
240,197,0,0,44.39,0.01,49.06,166.17,12748915.56
240,197,0,0,44.39,0.01,49.06,166.17,12748915.56
240,197,0,0,44.39,0.01,49.06,166.17,12748915.56
240,197,0,0,44.39,0.01,49.06,166.17,12748915.56
240,197,0,0,44.39,0.01,49.06,166.17,12748915.56
240,197,0,0,44.39,0.01,49.06,166.17,12748915.56
240,197,0,0,44.39,0.01,49.06,166.17,12748915.56
240,197,0,0,44.39,0.01,49.06,166.17,12748915.56
240,197,0,0,44.39,0.01,49.06,166.17,12748915.56
240,197,0,0,44.39,0.01,49.06,166.17,12748915.56
240,197,0,0,44.39,0.01,49.06,166.17,12748915.56
240,197,0,0,44.39,0.01,49.06,166.17,12748915.56
240,197,0,0,44.39,0.01,49.06,166.17,12748915.56
240,197,0,0,44.39,0.01,49.06,166.17,12748915.56
240,197,0,0,44.39,0.01,49.06,166.17,12748915.56
240,197,0,0,44.39,0.01,49.06,166.17,12748915.56
240,197,0,0,44.39,0.01,49.06,166.17,12748915.56
240,197,0,0,44.39,0.01,49.06,166.17,12748915.56
240,197,0,0,44.39,0.01,49.06,166.17,12748915.56
240,197,0,0,44.39,0.01,49.06,166.17,12748915.56
240,197,0,0,44.39,0.01,49.06,166.17,12748915.56
240,197,0,0,44.39,0.01,49.06,166.17,12748915.56
240,197,0,0,44.39,0.01,49.06,166.17,12748915.56
240,197,0,0,44.39,0.01,49.06,166.17,12748915.56
240,197,0,0,44.39,0.01,49.06,166.17,12748915.56
240,197,0,0,44.39,0.01,49.06,166.17,12748915.56
240,197,0,0,44.39,0.01,49.06,166.17,12748915.56
240,197,0,0,44.39,0.01,49.06,166.17,12748915.56
240,197,0,0,44.39,0.01,49.06,166.17,12748915.56
240,197,0,0,44.39,0.01,49.06,166.17,12748915.56
240,197,0,0,44.39,0.01,49.06,166.17,12748915.56
240,197,0,0,44.39,0.01,49.06,166.17,12748915.56
256,0,0,0,44.54,0.03,38.71,508.7,23454416.08
256,8,0,0,68.11,0.03,38.25,449.76,20764039.79
256,16,0,0,42.78,0.03,39.01,415.04,20199835.24
256,24,0,0,42.78,0.03,39.86,387.17,20255253.92
256,32,0,0,46.33,0.02,39.54,353.31,18181749.14
256,40,0,0,44.39,0.02,39.49,326.73,16897261.72
256,48,0,0,46.33,0.02,39.87,307.13,15954019.78
256,56,0,0,46.33,0.02,40.32,290.52,15598865.47
256,64,0,0,46.33,0.02,40.55,274.47,15145018.23
256,72,0,0,46.33,0.02,41.26,263.35,14919076.73
256,80,0,0,46.33,0.01,41.68,251.65,14623420.11
256,88,0,0,46.33,0.02,52.13,298.55,15762197.36
256,96,0,0,46.33,0.01,42.54,231.73,14165317.52
256,104,0,0,46.33,0.01,42.97,223.2,13954668.25
256,112,0,0,46.33,0.01,43.53,216.09,13814313.95
256,128,0,0,46.33,0.01,44.43,202.54,13521016.94
256,144,0,0,46.33,0.01,45.76,192.86,13394810.49
256,160,0,0,46.33,0.01,46.24,181.2,13104367.91
256,176,0,0,46.33,0.01,47.0,172.1,12905458.76
256,190,0,0,46.33,0.01,48.32,166.03,12835319.26
256,190,0,0,46.33,0.01,48.32,166.03,12835319.26
256,190,0,0,46.33,0.01,48.32,166.03,12835319.26
256,190,0,0,46.33,0.01,48.32,166.03,12835319.26
256,190,0,0,46.33,0.01,48.32,166.03,12835319.26
256,190,0,0,46.33,0.01,48.32,166.03,12835319.26
256,190,0,0,46.33,0.01,48.32,166.03,12835319.26
256,190,0,0,46.33,0.01,48.32,166.03,12835319.26
256,190,0,0,46.33,0.01,48.32,166.03,12835319.26
256,190,0,0,46.33,0.01,48.32,166.03,12835319.26
256,190,0,0,46.33,0.01,48.32,166.03,12835319.26
256,190,0,0,46.33,0.01,48.32,166.03,12835319.26
256,190,0,0,46.33,0.01,48.32,166.03,12835319.26
256,190,0,0,46.33,0.01,48.32,166.03,12835319.26
256,190,0,0,46.33,0.01,48.32,166.03,12835319.26
256,190,0,0,46.33,0.01,48.32,166.03,12835319.26
256,190,0,0,46.33,0.01,48.32,166.03,12835319.26
256,190,0,0,46.33,0.01,48.32,166.03,12835319.26
256,190,0,0,46.33,0.01,48.32,166.03,12835319.26
256,190,0,0,46.33,0.01,48.32,166.03,12835319.26
256,190,0,0,46.33,0.01,48.32,166.03,12835319.26
256,190,0,0,46.33,0.01,48.32,166.03,12835319.26
256,190,0,0,46.33,0.01,48.32,166.03,12835319.26
256,190,0,0,46.33,0.01,48.32,166.03,12835319.26
256,190,0,0,46.33,0.01,48.32,166.03,12835319.26
256,190,0,0,46.33,0.01,48.32,166.03,12835319.26
256,190,0,0,46.33,0.01,48.32,166.03,12835319.26
256,190,0,0,46.33,0.01,48.32,166.03,12835319.26
256,190,0,0,46.33,0.01,48.32,166.03,12835319.26
256,190,0,0,46.33,0.01,48.32,166.03,12835319.26
256,190,0,0,46.33,0.01,48.32,166.03,12835319.26
256,190,0,0,46.33,0.01,48.32,166.03,12835319.26
256,190,0,0,46.33,0.01,48.32,166.03,12835319.26
256,190,0,0,46.33,0.01,48.32,166.03,12835319.26
256,190,0,0,46.33,0.01,48.32,166.03,12835319.26
256,190,0,0,46.33,0.01,48.32,166.03,12835319.26
256,190,0,0,46.33,0.01,48.32,166.03,12835319.26
256,190,0,0,46.33,0.01,48.32,166.03,12835319.26
288,0,0,0,51.66,0.03,43.88,512.66,28000277.11
288,8,0,0,42.78,0.03,38.72,409.53,22003928.41
288,16,0,0,42.78,0.02,38.87,375.5,20360036.98
288,24,0,0,46.33,0.02,40.51,360.2,20904018.26
288,32,0,0,44.39,0.02,40.44,333.02,18942745.47
288,40,0,0,46.33,0.02,39.72,304.64,17295034.7
288,48,0,0,42.78,0.02,40.68,291.96,17224201.21
288,56,0,0,46.33,0.02,40.71,274.56,16075301.76
288,64,0,0,46.33,0.02,40.42,257.07,15095766.38
288,72,0,0,46.33,0.01,41.31,248.55,14941200.9
288,80,0,0,46.33,0.02,51.73,295.31,16140011.0
288,88,0,0,46.33,0.01,42.03,228.3,14438036.8
288,96,0,0,46.33,0.01,42.49,220.08,14220133.22
288,104,0,0,46.33,0.01,42.99,212.8,14063153.72
288,112,0,0,46.33,0.01,43.48,206.11,13911674.42
288,128,0,0,46.33,0.01,49.94,218.17,14320471.98
288,144,0,0,46.33,0.01,44.9,181.93,13313198.15
288,160,0,0,46.33,0.01,46.12,174.21,13196494.82
288,170,0,0,46.33,0.01,47.48,167.99,13025557.81
288,170,0,0,46.33,0.01,47.48,167.99,13025557.81
288,170,0,0,46.33,0.01,47.48,167.99,13025557.81
288,170,0,0,46.33,0.01,47.48,167.99,13025557.81
288,170,0,0,46.33,0.01,47.48,167.99,13025557.81
288,170,0,0,46.33,0.01,47.48,167.99,13025557.81
288,170,0,0,46.33,0.01,47.48,167.99,13025557.81
288,170,0,0,46.33,0.01,47.48,167.99,13025557.81
288,170,0,0,46.33,0.01,47.48,167.99,13025557.81
288,170,0,0,46.33,0.01,47.48,167.99,13025557.81
288,170,0,0,46.33,0.01,47.48,167.99,13025557.81
288,170,0,0,46.33,0.01,47.48,167.99,13025557.81
288,170,0,0,46.33,0.01,47.48,167.99,13025557.81
288,170,0,0,46.33,0.01,47.48,167.99,13025557.81
288,170,0,0,46.33,0.01,47.48,167.99,13025557.81
288,170,0,0,46.33,0.01,47.48,167.99,13025557.81
288,170,0,0,46.33,0.01,47.48,167.99,13025557.81
288,170,0,0,46.33,0.01,47.48,167.99,13025557.81
288,170,0,0,46.33,0.01,47.48,167.99,13025557.81
288,170,0,0,46.33,0.01,47.48,167.99,13025557.81
288,170,0,0,46.33,0.01,47.48,167.99,13025557.81
288,170,0,0,46.33,0.01,47.48,167.99,13025557.81
288,170,0,0,46.33,0.01,47.48,167.99,13025557.81
288,170,0,0,46.33,0.01,47.48,167.99,13025557.81
288,170,0,0,46.33,0.01,47.48,167.99,13025557.81
288,170,0,0,46.33,0.01,47.48,167.99,13025557.81
288,170,0,0,46.33,0.01,47.48,167.99,13025557.81
288,170,0,0,46.33,0.01,47.48,167.99,13025557.81
288,170,0,0,46.33,0.01,47.48,167.99,13025557.81
288,170,0,0,46.33,0.01,47.48,167.99,13025557.81
288,170,0,0,46.33,0.01,47.48,167.99,13025557.81
288,170,0,0,46.33,0.01,47.48,167.99,13025557.81
288,170,0,0,46.33,0.01,47.48,167.99,13025557.81
288,170,0,0,46.33,0.01,47.48,167.99,13025557.81
288,170,0,0,46.33,0.01,47.48,167.99,13025557.81
288,170,0,0,46.33,0.01,47.48,167.99,13025557.81
288,170,0,0,46.33,0.01,47.48,167.99,13025557.81
288,170,0,0,46.33,0.01,47.48,167.99,13025557.81
288,170,0,0,46.33,0.01,47.48,167.99,13025557.81
304,0,0,0,51.66,0.03,43.82,485.02,27991841.47
304,8,0,0,42.78,0.03,39.23,395.05,21929534.19
304,16,0,0,42.78,0.02,39.59,365.71,21015778.57
304,24,0,0,42.78,0.02,41.01,349.89,21355511.58
304,32,0,0,42.78,0.02,40.37,319.92,18801662.74
304,40,0,0,46.33,0.02,39.71,293.84,17510957.14
304,48,0,0,42.78,0.02,41.46,287.72,17367979.1
304,56,0,0,46.33,0.02,40.5,264.65,15951124.91
304,64,0,0,46.33,0.01,40.79,251.79,15236476.78
304,72,0,0,46.33,0.01,41.17,240.83,14920286.68
304,80,0,0,46.33,0.01,41.54,230.87,14663736.29
304,88,0,0,46.33,0.01,42.2,223.45,14507683.9
304,96,0,0,46.33,0.01,44.15,223.19,14492454.51
304,104,0,0,46.33,0.01,43.02,208.06,14112220.42
304,112,0,0,46.33,0.01,43.15,200.01,13871501.74
304,128,0,0,46.33,0.01,44.27,189.47,13654504.91
304,144,0,0,46.33,0.01,45.12,179.37,13429952.06
304,160,0,0,46.33,0.01,45.89,170.3,13213521.96
304,167,0,0,46.33,0.01,46.41,166.69,13126618.36
304,167,0,0,46.33,0.01,46.41,166.69,13126618.36
304,167,0,0,46.33,0.01,46.41,166.69,13126618.36
304,167,0,0,46.33,0.01,46.41,166.69,13126618.36
304,167,0,0,46.33,0.01,46.41,166.69,13126618.36
304,167,0,0,46.33,0.01,46.41,166.69,13126618.36
304,167,0,0,46.33,0.01,46.41,166.69,13126618.36
304,167,0,0,46.33,0.01,46.41,166.69,13126618.36
304,167,0,0,46.33,0.01,46.41,166.69,13126618.36
304,167,0,0,46.33,0.01,46.41,166.69,13126618.36
304,167,0,0,46.33,0.01,46.41,166.69,13126618.36
304,167,0,0,46.33,0.01,46.41,166.69,13126618.36
304,167,0,0,46.33,0.01,46.41,166.69,13126618.36
304,167,0,0,46.33,0.01,46.41,166.69,13126618.36
304,167,0,0,46.33,0.01,46.41,166.69,13126618.36
304,167,0,0,46.33,0.01,46.41,166.69,13126618.36
304,167,0,0,46.33,0.01,46.41,166.69,13126618.36
304,167,0,0,46.33,0.01,46.41,166.69,13126618.36
304,167,0,0,46.33,0.01,46.41,166.69,13126618.36
304,167,0,0,46.33,0.01,46.41,166.69,13126618.36
304,167,0,0,46.33,0.01,46.41,166.69,13126618.36
304,167,0,0,46.33,0.01,46.41,166.69,13126618.36
304,167,0,0,46.33,0.01,46.41,166.69,13126618.36
304,167,0,0,46.33,0.01,46.41,166.69,13126618.36
304,167,0,0,46.33,0.01,46.41,166.69,13126618.36
304,167,0,0,46.33,0.01,46.41,166.69,13126618.36
304,167,0,0,46.33,0.01,46.41,166.69,13126618.36
304,167,0,0,46.33,0.01,46.41,166.69,13126618.36
304,167,0,0,46.33,0.01,46.41,166.69,13126618.36
304,167,0,0,46.33,0.01,46.41,166.69,13126618.36
304,167,0,0,46.33,0.01,46.41,166.69,13126618.36
304,167,0,0,46.33,0.01,46.41,166.69,13126618.36
304,167,0,0,46.33,0.01,46.41,166.69,13126618.36
304,167,0,0,46.33,0.01,46.41,166.69,13126618.36
304,167,0,0,46.33,0.01,46.41,166.69,13126618.36
304,167,0,0,46.33,0.01,46.41,166.69,13126618.36
304,167,0,0,46.33,0.01,46.41,166.69,13126618.36
304,167,0,0,46.33,0.01,46.41,166.69,13126618.36
304,167,0,0,46.33,0.01,46.41,166.69,13126618.36
320,0,0,0,44.54,0.03,45.11,474.24,28801730.82
320,8,0,0,46.33,0.02,39.55,380.03,22516145.13
320,16,0,0,42.78,0.02,40.86,361.53,22301009.95
320,24,0,0,42.78,0.02,40.74,333.99,21089638.39
320,32,0,0,42.78,0.02,41.99,320.73,19778461.43
320,40,0,0,46.33,0.02,42.52,303.95,18067446.51
320,48,0,0,42.78,0.02,40.73,273.61,17551386.06
320,56,0,0,46.33,0.02,40.54,256.88,16310189.22
320,64,0,0,46.33,0.02,42.17,252.87,15761870.99
320,72,0,0,46.33,0.01,41.13,234.07,14910204.52
320,80,0,0,46.33,0.01,41.68,225.68,14678011.45
320,88,0,0,46.33,0.01,42.05,217.15,14483274.19
320,96,0,0,46.33,0.01,42.32,208.9,14243178.51
320,104,0,0,46.33,0.01,42.75,202.12,14076884.01
320,112,0,0,46.33,0.01,47.97,217.56,14558330.34
320,128,0,0,46.33,0.01,51.29,215.13,14631873.53
320,144,0,0,46.33,0.01,44.74,174.56,13379703.12
320,160,0,0,46.33,0.01,45.75,166.84,13227003.11
320,164,0,0,46.33,0.01,46.87,165.5,13229303.8
320,164,0,0,46.33,0.01,46.87,165.5,13229303.8
320,164,0,0,46.33,0.01,46.87,165.5,13229303.8
320,164,0,0,46.33,0.01,46.87,165.5,13229303.8
320,164,0,0,46.33,0.01,46.87,165.5,13229303.8
320,164,0,0,46.33,0.01,46.87,165.5,13229303.8
320,164,0,0,46.33,0.01,46.87,165.5,13229303.8
320,164,0,0,46.33,0.01,46.87,165.5,13229303.8
320,164,0,0,46.33,0.01,46.87,165.5,13229303.8
320,164,0,0,46.33,0.01,46.87,165.5,13229303.8
320,164,0,0,46.33,0.01,46.87,165.5,13229303.8
320,164,0,0,46.33,0.01,46.87,165.5,13229303.8
320,164,0,0,46.33,0.01,46.87,165.5,13229303.8
320,164,0,0,46.33,0.01,46.87,165.5,13229303.8
320,164,0,0,46.33,0.01,46.87,165.5,13229303.8
320,164,0,0,46.33,0.01,46.87,165.5,13229303.8
320,164,0,0,46.33,0.01,46.87,165.5,13229303.8
320,164,0,0,46.33,0.01,46.87,165.5,13229303.8
320,164,0,0,46.33,0.01,46.87,165.5,13229303.8
320,164,0,0,46.33,0.01,46.87,165.5,13229303.8
320,164,0,0,46.33,0.01,46.87,165.5,13229303.8
320,164,0,0,46.33,0.01,46.87,165.5,13229303.8
320,164,0,0,46.33,0.01,46.87,165.5,13229303.8
320,164,0,0,46.33,0.01,46.87,165.5,13229303.8
320,164,0,0,46.33,0.01,46.87,165.5,13229303.8
320,164,0,0,46.33,0.01,46.87,165.5,13229303.8
320,164,0,0,46.33,0.01,46.87,165.5,13229303.8
320,164,0,0,46.33,0.01,46.87,165.5,13229303.8
320,164,0,0,46.33,0.01,46.87,165.5,13229303.8
320,164,0,0,46.33,0.01,46.87,165.5,13229303.8
320,164,0,0,46.33,0.01,46.87,165.5,13229303.8
320,164,0,0,46.33,0.01,46.87,165.5,13229303.8
320,164,0,0,46.33,0.01,46.87,165.5,13229303.8
320,164,0,0,46.33,0.01,46.87,165.5,13229303.8
320,164,0,0,46.33,0.01,46.87,165.5,13229303.8
320,164,0,0,46.33,0.01,46.87,165.5,13229303.8
320,164,0,0,46.33,0.01,46.87,165.5,13229303.8
320,164,0,0,46.33,0.01,46.87,165.5,13229303.8
320,164,0,0,46.33,0.01,46.87,165.5,13229303.8
352,0,0,0,44.54,0.03,45.44,434.28,28879409.63
352,8,0,0,49.9,0.02,38.8,341.62,22136251.25
352,16,0,0,42.78,0.02,40.68,331.97,22353114.48
352,24,0,0,42.78,0.02,41.9,318.66,22226800.72
352,32,0,0,42.78,0.02,41.12,292.77,20443530.72
352,40,0,0,46.33,0.02,40.22,269.19,18037597.93
352,48,0,0,42.78,0.02,41.61,262.73,18377352.16
352,56,0,0,42.78,0.02,49.34,294.89,18610463.71
352,64,0,0,46.33,0.01,41.31,234.34,15965847.47
352,72,0,0,46.33,0.01,41.49,224.02,15339882.17
352,80,0,0,46.33,0.01,41.87,215.65,15095869.11
352,88,0,0,46.33,0.01,42.28,208.13,14861668.98
352,96,0,0,46.33,0.01,42.83,201.93,14702058.03
352,104,0,0,46.33,0.01,42.93,194.19,14432445.77
352,112,0,0,46.33,0.01,49.26,214.18,15098190.48
352,128,0,0,46.33,0.01,44.17,178.16,13986334.66
352,144,0,0,46.33,0.01,45.13,169.79,13773060.76
352,160,0,0,46.33,0.01,45.86,161.64,13549891.67
352,160,0,0,46.33,0.01,45.86,161.64,13549891.67
352,160,0,0,46.33,0.01,45.86,161.64,13549891.67
352,160,0,0,46.33,0.01,45.86,161.64,13549891.67
352,160,0,0,46.33,0.01,45.86,161.64,13549891.67
352,160,0,0,46.33,0.01,45.86,161.64,13549891.67
352,160,0,0,46.33,0.01,45.86,161.64,13549891.67
352,160,0,0,46.33,0.01,45.86,161.64,13549891.67
352,160,0,0,46.33,0.01,45.86,161.64,13549891.67
352,160,0,0,46.33,0.01,45.86,161.64,13549891.67
352,160,0,0,46.33,0.01,45.86,161.64,13549891.67
352,160,0,0,46.33,0.01,45.86,161.64,13549891.67
352,160,0,0,46.33,0.01,45.86,161.64,13549891.67
352,160,0,0,46.33,0.01,45.86,161.64,13549891.67
352,160,0,0,46.33,0.01,45.86,161.64,13549891.67
352,160,0,0,46.33,0.01,45.86,161.64,13549891.67
352,160,0,0,46.33,0.01,45.86,161.64,13549891.67
352,160,0,0,46.33,0.01,45.86,161.64,13549891.67
352,160,0,0,46.33,0.01,45.86,161.64,13549891.67
352,160,0,0,46.33,0.01,45.86,161.64,13549891.67
352,160,0,0,46.33,0.01,45.86,161.64,13549891.67
352,160,0,0,46.33,0.01,45.86,161.64,13549891.67
352,160,0,0,46.33,0.01,45.86,161.64,13549891.67
352,160,0,0,46.33,0.01,45.86,161.64,13549891.67
352,160,0,0,46.33,0.01,45.86,161.64,13549891.67
352,160,0,0,46.33,0.01,45.86,161.64,13549891.67
352,160,0,0,46.33,0.01,45.86,161.64,13549891.67
352,160,0,0,46.33,0.01,45.86,161.64,13549891.67
352,160,0,0,46.33,0.01,45.86,161.64,13549891.67
352,160,0,0,46.33,0.01,45.86,161.64,13549891.67
352,160,0,0,46.33,0.01,45.86,161.64,13549891.67
352,160,0,0,46.33,0.01,45.86,161.64,13549891.67
352,160,0,0,46.33,0.01,45.86,161.64,13549891.67
352,160,0,0,46.33,0.01,45.86,161.64,13549891.67
352,160,0,0,46.33,0.01,45.86,161.64,13549891.67
352,160,0,0,46.33,0.01,45.86,161.64,13549891.67
352,160,0,0,46.33,0.01,45.86,161.64,13549891.67
352,160,0,0,46.33,0.01,45.86,161.64,13549891.67
352,160,0,0,46.33,0.01,45.86,161.64,13549891.67
352,160,0,0,46.33,0.01,45.86,161.64,13549891.67
384,0,0,0,44.54,0.03,45.12,395.35,28789622.98
384,8,0,0,46.33,0.02,44.77,363.72,26981312.37
384,16,0,0,42.78,0.02,41.62,315.21,22966980.11
384,24,0,0,40.83,0.02,46.97,333.1,25817589.38
384,32,0,0,40.83,0.02,45.14,301.0,23514297.04
384,40,0,0,40.83,0.02,45.8,288.21,23398674.77
384,48,0,0,40.83,0.02,45.96,273.77,22540455.74
384,56,0,0,40.83,0.02,55.58,314.31,23762871.68
384,64,0,0,40.83,0.02,46.86,252.23,21612136.74
384,72,0,0,40.83,0.01,47.12,241.96,21077743.07
384,80,0,0,40.83,0.01,47.65,233.94,20811507.54
384,88,0,0,40.83,0.01,47.73,224.44,20266406.19
384,96,0,0,40.83,0.01,48.57,219.2,20225048.73
384,104,0,0,40.83,0.01,48.75,211.44,19656413.72
384,112,0,0,40.83,0.01,49.19,205.38,19495939.98
384,128,0,0,40.83,0.01,49.68,192.98,18713110.67
384,144,0,0,40.83,0.01,50.57,183.67,18370247.45
384,160,0,0,40.83,0.01,51.16,174.46,17876704.77
384,176,0,0,40.83,0.01,51.83,166.58,17478767.75
384,192,0,0,40.83,0.01,52.65,159.99,17120961.18
384,208,0,0,40.83,0.01,53.0,152.74,16716811.71
384,223,0,0,40.83,0.01,53.95,147.85,16531093.42
384,223,0,0,40.83,0.01,53.95,147.85,16531093.42
384,223,0,0,40.83,0.01,53.95,147.85,16531093.42
384,223,0,0,40.83,0.01,53.95,147.85,16531093.42
384,223,0,0,40.83,0.01,53.95,147.85,16531093.42
384,223,0,0,40.83,0.01,53.95,147.85,16531093.42
384,223,0,0,40.83,0.01,53.95,147.85,16531093.42
384,223,0,0,40.83,0.01,53.95,147.85,16531093.42
384,223,0,0,40.83,0.01,53.95,147.85,16531093.42
384,223,0,0,40.83,0.01,53.95,147.85,16531093.42
384,223,0,0,40.83,0.01,53.95,147.85,16531093.42
384,223,0,0,40.83,0.01,53.95,147.85,16531093.42
384,223,0,0,40.83,0.01,53.95,147.85,16531093.42
384,223,0,0,40.83,0.01,53.95,147.85,16531093.42
384,223,0,0,40.83,0.01,53.95,147.85,16531093.42
384,223,0,0,40.83,0.01,53.95,147.85,16531093.42
384,223,0,0,40.83,0.01,53.95,147.85,16531093.42
384,223,0,0,40.83,0.01,53.95,147.85,16531093.42
384,223,0,0,40.83,0.01,53.95,147.85,16531093.42
384,223,0,0,40.83,0.01,53.95,147.85,16531093.42
384,223,0,0,40.83,0.01,53.95,147.85,16531093.42
384,223,0,0,40.83,0.01,53.95,147.85,16531093.42
384,223,0,0,40.83,0.01,53.95,147.85,16531093.42
384,223,0,0,40.83,0.01,53.95,147.85,16531093.42
384,223,0,0,40.83,0.01,53.95,147.85,16531093.42
384,223,0,0,40.83,0.01,53.95,147.85,16531093.42
384,223,0,0,40.83,0.01,53.95,147.85,16531093.42
384,223,0,0,40.83,0.01,53.95,147.85,16531093.42
384,223,0,0,40.83,0.01,53.95,147.85,16531093.42
384,223,0,0,40.83,0.01,53.95,147.85,16531093.42
384,223,0,0,40.83,0.01,53.95,147.85,16531093.42
384,223,0,0,40.83,0.01,53.95,147.85,16531093.42
384,223,0,0,40.83,0.01,53.95,147.85,16531093.42
384,223,0,0,40.83,0.01,53.95,147.85,16531093.42
384,223,0,0,40.83,0.01,53.95,147.85,16531093.42
384,223,0,0,40.83,0.01,53.95,147.85,16531093.42
400,0,0,0,44.54,0.02,45.23,380.44,28837704.19
400,8,0,0,44.39,0.02,45.04,352.28,27072266.09
400,16,0,0,42.78,0.02,46.76,341.81,26227555.97
400,24,0,0,40.83,0.02,47.1,323.12,25889759.36
400,32,0,0,40.83,0.02,51.61,333.61,25623402.99
400,40,0,0,40.83,0.02,45.98,280.93,23709096.12
400,48,0,0,40.83,0.02,46.55,269.67,23092838.84
400,56,0,0,40.83,0.02,47.5,261.58,22768069.0
400,64,0,0,40.83,0.02,47.48,249.22,22163933.32
400,72,0,0,40.83,0.01,47.66,238.89,21824198.61
400,80,0,0,40.83,0.01,48.04,230.45,21172603.69
400,88,0,0,40.83,0.01,48.5,223.09,20915219.01
400,96,0,0,40.83,0.01,48.77,215.45,20554971.12
400,104,0,0,40.83,0.01,49.11,208.69,20157761.09
400,112,0,0,40.83,0.01,49.67,203.32,19947872.77
400,128,0,0,40.83,0.01,49.92,190.4,19192943.91
400,144,0,0,40.83,0.01,50.67,180.9,18688484.03
400,160,0,0,40.83,0.01,51.67,173.4,18319466.46
400,176,0,0,40.83,0.01,51.97,164.51,17799347.06
400,192,0,0,40.83,0.01,52.72,157.94,17429670.12
400,208,0,0,40.83,0.01,53.47,152.02,17215145.12
400,224,0,0,40.83,0.01,54.17,146.54,16935673.51
400,229,0,0,40.83,0.01,54.78,144.7,16766564.18
400,229,0,0,40.83,0.01,54.78,144.7,16766564.18
400,229,0,0,40.83,0.01,54.78,144.7,16766564.18
400,229,0,0,40.83,0.01,54.78,144.7,16766564.18
400,229,0,0,40.83,0.01,54.78,144.7,16766564.18
400,229,0,0,40.83,0.01,54.78,144.7,16766564.18
400,229,0,0,40.83,0.01,54.78,144.7,16766564.18
400,229,0,0,40.83,0.01,54.78,144.7,16766564.18
400,229,0,0,40.83,0.01,54.78,144.7,16766564.18
400,229,0,0,40.83,0.01,54.78,144.7,16766564.18
400,229,0,0,40.83,0.01,54.78,144.7,16766564.18
400,229,0,0,40.83,0.01,54.78,144.7,16766564.18
400,229,0,0,40.83,0.01,54.78,144.7,16766564.18
400,229,0,0,40.83,0.01,54.78,144.7,16766564.18
400,229,0,0,40.83,0.01,54.78,144.7,16766564.18
400,229,0,0,40.83,0.01,54.78,144.7,16766564.18
400,229,0,0,40.83,0.01,54.78,144.7,16766564.18
400,229,0,0,40.83,0.01,54.78,144.7,16766564.18
400,229,0,0,40.83,0.01,54.78,144.7,16766564.18
400,229,0,0,40.83,0.01,54.78,144.7,16766564.18
400,229,0,0,40.83,0.01,54.78,144.7,16766564.18
400,229,0,0,40.83,0.01,54.78,144.7,16766564.18
400,229,0,0,40.83,0.01,54.78,144.7,16766564.18
400,229,0,0,40.83,0.01,54.78,144.7,16766564.18
400,229,0,0,40.83,0.01,54.78,144.7,16766564.18
400,229,0,0,40.83,0.01,54.78,144.7,16766564.18
400,229,0,0,40.83,0.01,54.78,144.7,16766564.18
400,229,0,0,40.83,0.01,54.78,144.7,16766564.18
400,229,0,0,40.83,0.01,54.78,144.7,16766564.18
400,229,0,0,40.83,0.01,54.78,144.7,16766564.18
400,229,0,0,40.83,0.01,54.78,144.7,16766564.18
400,229,0,0,40.83,0.01,54.78,144.7,16766564.18
400,229,0,0,40.83,0.01,54.78,144.7,16766564.18
400,229,0,0,40.83,0.01,54.78,144.7,16766564.18
400,229,0,0,40.83,0.01,54.78,144.7,16766564.18
448,0,0,0,44.54,0.02,45.21,339.52,28836103.17
448,8,0,0,40.83,0.03,56.66,398.7,29651338.06
448,16,0,0,40.83,0.02,47.02,311.24,26366880.67
448,24,0,0,40.83,0.02,48.14,300.82,26597880.08
448,32,0,0,40.42,0.02,46.97,277.97,24949524.85
448,40,0,0,40.42,0.02,47.16,265.07,24108452.59
448,48,0,0,40.42,0.02,47.17,252.42,23386743.31
448,56,0,0,40.42,0.02,58.78,300.14,24855530.09
448,64,0,0,40.42,0.01,47.41,231.51,22220245.2
448,72,0,0,40.42,0.01,47.88,224.01,21726670.75
448,80,0,0,40.42,0.01,48.1,215.97,21275719.22
448,88,0,0,40.42,0.01,51.77,223.45,21385539.34
448,96,0,0,40.42,0.01,48.5,201.54,20327278.49
448,104,0,0,40.42,0.01,48.46,194.18,19867351.35
448,112,0,0,40.42,0.01,49.0,189.52,19658980.36
448,128,0,0,40.42,0.01,49.51,179.09,19022684.02
448,144,0,0,40.42,0.01,50.04,169.99,18424506.92
448,160,0,0,40.42,0.01,50.73,162.45,18007836.77
448,176,0,0,40.42,0.01,68.35,207.02,19921644.59
448,192,0,0,40.42,0.01,52.3,150.24,17334021.54
448,208,0,0,40.42,0.01,52.94,144.63,17033538.54
448,211,0,0,40.42,0.01,53.88,143.71,17024459.65
448,211,0,0,40.42,0.01,53.88,143.71,17024459.65
448,211,0,0,40.42,0.01,53.88,143.71,17024459.65
448,211,0,0,40.42,0.01,53.88,143.71,17024459.65
448,211,0,0,40.42,0.01,53.88,143.71,17024459.65
448,211,0,0,40.42,0.01,53.88,143.71,17024459.65
448,211,0,0,40.42,0.01,53.88,143.71,17024459.65
448,211,0,0,40.42,0.01,53.88,143.71,17024459.65
448,211,0,0,40.42,0.01,53.88,143.71,17024459.65
448,211,0,0,40.42,0.01,53.88,143.71,17024459.65
448,211,0,0,40.42,0.01,53.88,143.71,17024459.65
448,211,0,0,40.42,0.01,53.88,143.71,17024459.65
448,211,0,0,40.42,0.01,53.88,143.71,17024459.65
448,211,0,0,40.42,0.01,53.88,143.71,17024459.65
448,211,0,0,40.42,0.01,53.88,143.71,17024459.65
448,211,0,0,40.42,0.01,53.88,143.71,17024459.65
448,211,0,0,40.42,0.01,53.88,143.71,17024459.65
448,211,0,0,40.42,0.01,53.88,143.71,17024459.65
448,211,0,0,40.42,0.01,53.88,143.71,17024459.65
448,211,0,0,40.42,0.01,53.88,143.71,17024459.65
448,211,0,0,40.42,0.01,53.88,143.71,17024459.65
448,211,0,0,40.42,0.01,53.88,143.71,17024459.65
448,211,0,0,40.42,0.01,53.88,143.71,17024459.65
448,211,0,0,40.42,0.01,53.88,143.71,17024459.65
448,211,0,0,40.42,0.01,53.88,143.71,17024459.65
448,211,0,0,40.42,0.01,53.88,143.71,17024459.65
448,211,0,0,40.42,0.01,53.88,143.71,17024459.65
448,211,0,0,40.42,0.01,53.88,143.71,17024459.65
448,211,0,0,40.42,0.01,53.88,143.71,17024459.65
448,211,0,0,40.42,0.01,53.88,143.71,17024459.65
448,211,0,0,40.42,0.01,53.88,143.71,17024459.65
448,211,0,0,40.42,0.01,53.88,143.71,17024459.65
448,211,0,0,40.42,0.01,53.88,143.71,17024459.65
448,211,0,0,40.42,0.01,53.88,143.71,17024459.65
448,211,0,0,40.42,0.01,53.88,143.71,17024459.65
448,211,0,0,40.42,0.01,53.88,143.71,17024459.65
480,0,0,0,44.54,0.03,55.67,390.2,31096712.33
480,8,0,0,40.83,0.02,46.75,308.32,28149640.53
480,16,0,0,40.37,0.02,47.64,296.65,26499473.68
480,24,0,0,40.83,0.02,47.43,279.76,26389983.89
480,32,0,0,40.42,0.02,55.99,313.69,26893761.7
480,40,0,0,40.42,0.02,47.19,251.74,24364854.22
480,48,0,0,40.42,0.02,71.3,363.01,28444860.04
480,56,0,0,40.42,0.01,47.6,231.77,23322924.02
480,64,0,0,40.42,0.01,48.27,225.25,22180733.99
480,72,0,0,40.42,0.01,47.49,212.69,21330331.74
480,80,0,0,40.42,0.01,51.36,221.18,21639847.41
480,88,0,0,40.42,0.01,48.05,199.22,20544883.78
480,96,0,0,40.42,0.01,47.94,191.65,20065079.55
480,104,0,0,40.42,0.01,48.56,187.44,19866431.88
480,112,0,0,40.42,0.01,57.34,213.91,20832147.24
480,128,0,0,40.42,0.01,49.16,171.91,18811268.17
480,144,0,0,40.42,0.01,49.74,163.68,18364712.7
480,160,0,0,40.42,0.01,50.41,156.66,17885268.98
480,176,0,0,40.42,0.01,51.09,150.4,17493359.38
480,192,0,0,40.42,0.01,51.81,144.89,17191149.17
480,194,0,0,40.42,0.01,52.86,144.2,17180697.33
480,194,0,0,40.42,0.01,52.86,144.2,17180697.33
480,194,0,0,40.42,0.01,52.86,144.2,17180697.33
480,194,0,0,40.42,0.01,52.86,144.2,17180697.33
480,194,0,0,40.42,0.01,52.86,144.2,17180697.33
480,194,0,0,40.42,0.01,52.86,144.2,17180697.33
480,194,0,0,40.42,0.01,52.86,144.2,17180697.33
480,194,0,0,40.42,0.01,52.86,144.2,17180697.33
480,194,0,0,40.42,0.01,52.86,144.2,17180697.33
480,194,0,0,40.42,0.01,52.86,144.2,17180697.33
480,194,0,0,40.42,0.01,52.86,144.2,17180697.33
480,194,0,0,40.42,0.01,52.86,144.2,17180697.33
480,194,0,0,40.42,0.01,52.86,144.2,17180697.33
480,194,0,0,40.42,0.01,52.86,144.2,17180697.33
480,194,0,0,40.42,0.01,52.86,144.2,17180697.33
480,194,0,0,40.42,0.01,52.86,144.2,17180697.33
480,194,0,0,40.42,0.01,52.86,144.2,17180697.33
480,194,0,0,40.42,0.01,52.86,144.2,17180697.33
480,194,0,0,40.42,0.01,52.86,144.2,17180697.33
480,194,0,0,40.42,0.01,52.86,144.2,17180697.33
480,194,0,0,40.42,0.01,52.86,144.2,17180697.33
480,194,0,0,40.42,0.01,52.86,144.2,17180697.33
480,194,0,0,40.42,0.01,52.86,144.2,17180697.33
480,194,0,0,40.42,0.01,52.86,144.2,17180697.33
480,194,0,0,40.42,0.01,52.86,144.2,17180697.33
480,194,0,0,40.42,0.01,52.86,144.2,17180697.33
480,194,0,0,40.42,0.01,52.86,144.2,17180697.33
480,194,0,0,40.42,0.01,52.86,144.2,17180697.33
480,194,0,0,40.42,0.01,52.86,144.2,17180697.33
480,194,0,0,40.42,0.01,52.86,144.2,17180697.33
480,194,0,0,40.42,0.01,52.86,144.2,17180697.33
480,194,0,0,40.42,0.01,52.86,144.2,17180697.33
480,194,0,0,40.42,0.01,52.86,144.2,17180697.33
480,194,0,0,40.42,0.01,52.86,144.2,17180697.33
480,194,0,0,40.42,0.01,52.86,144.2,17180697.33
480,194,0,0,40.42,0.01,52.86,144.2,17180697.33
480,194,0,0,40.42,0.01,52.86,144.2,17180697.33
512,0,0,0,44.54,0.02,45.66,300.04,28937076.74
512,8,0,0,40.83,0.02,48.4,300.37,28209291.16
512,16,0,0,40.37,0.02,47.75,280.75,26966303.13
512,24,0,0,40.83,0.02,47.86,267.34,26803110.2
512,32,0,0,40.42,0.02,47.38,251.99,25714357.44
512,40,0,0,40.42,0.01,47.6,241.69,24675342.5
512,48,0,0,40.42,0.01,47.95,232.88,24542898.23
512,56,0,0,40.42,0.01,47.95,223.16,23637301.94
512,64,0,0,40.42,0.01,47.61,212.7,22620701.37
512,72,0,0,40.42,0.01,51.59,221.63,22648522.71
512,80,0,0,40.42,0.01,47.93,198.27,21552665.04
512,88,0,0,40.42,0.01,47.99,191.44,21021057.13
512,96,0,0,40.42,0.01,48.58,187.09,20808955.41
512,104,0,0,40.42,0.01,57.53,214.2,21744651.87
512,112,0,0,40.42,0.01,48.94,176.34,20052015.99
512,128,0,0,40.42,0.01,49.58,167.79,19439963.09
512,144,0,0,40.42,0.01,65.25,208.2,21099157.14
512,160,0,0,40.42,0.01,50.76,153.21,18424955.05
512,176,0,0,40.42,0.01,71.41,204.49,20833001.66
512,184,0,0,40.42,0.01,51.86,144.79,17925921.93
512,184,0,0,40.42,0.01,51.86,144.79,17925921.93
512,184,0,0,40.42,0.01,51.86,144.79,17925921.93
512,184,0,0,40.42,0.01,51.86,144.79,17925921.93
512,184,0,0,40.42,0.01,51.86,144.79,17925921.93
512,184,0,0,40.42,0.01,51.86,144.79,17925921.93
512,184,0,0,40.42,0.01,51.86,144.79,17925921.93
512,184,0,0,40.42,0.01,51.86,144.79,17925921.93
512,184,0,0,40.42,0.01,51.86,144.79,17925921.93
512,184,0,0,40.42,0.01,51.86,144.79,17925921.93
512,184,0,0,40.42,0.01,51.86,144.79,17925921.93
512,184,0,0,40.42,0.01,51.86,144.79,17925921.93
512,184,0,0,40.42,0.01,51.86,144.79,17925921.93
512,184,0,0,40.42,0.01,51.86,144.79,17925921.93
512,184,0,0,40.42,0.01,51.86,144.79,17925921.93
512,184,0,0,40.42,0.01,51.86,144.79,17925921.93
512,184,0,0,40.42,0.01,51.86,144.79,17925921.93
512,184,0,0,40.42,0.01,51.86,144.79,17925921.93
512,184,0,0,40.42,0.01,51.86,144.79,17925921.93
512,184,0,0,40.42,0.01,51.86,144.79,17925921.93
512,184,0,0,40.42,0.01,51.86,144.79,17925921.93
512,184,0,0,40.42,0.01,51.86,144.79,17925921.93
512,184,0,0,40.42,0.01,51.86,144.79,17925921.93
512,184,0,0,40.42,0.01,51.86,144.79,17925921.93
512,184,0,0,40.42,0.01,51.86,144.79,17925921.93
512,184,0,0,40.42,0.01,51.86,144.79,17925921.93
512,184,0,0,40.42,0.01,51.86,144.79,17925921.93
512,184,0,0,40.42,0.01,51.86,144.79,17925921.93
512,184,0,0,40.42,0.01,51.86,144.79,17925921.93
512,184,0,0,40.42,0.01,51.86,144.79,17925921.93
512,184,0,0,40.42,0.01,51.86,144.79,17925921.93
512,184,0,0,40.42,0.01,51.86,144.79,17925921.93
512,184,0,0,40.42,0.01,51.86,144.79,17925921.93
512,184,0,0,40.42,0.01,51.86,144.79,17925921.93
512,184,0,0,40.42,0.01,51.86,144.79,17925921.93
512,184,0,0,40.42,0.01,51.86,144.79,17925921.93
512,184,0,0,40.42,0.01,51.86,144.79,17925921.93
512,184,0,0,40.42,0.01,51.86,144.79,17925921.93
576,0,0,0,44.54,0.02,46.05,268.98,29011793.18
576,8,0,0,32.46,0.02,49.38,274.1,29761865.14
576,16,0,0,40.37,0.02,50.54,267.23,27738699.87
576,24,0,0,40.83,0.01,48.24,243.54,26987837.99
576,32,0,0,40.42,0.01,48.48,234.17,26066693.79
576,40,0,0,40.42,0.01,50.32,232.96,25506383.58
576,48,0,0,40.42,0.01,47.94,213.14,24791735.71
576,56,0,0,40.42,0.01,48.55,207.57,24226493.47
576,64,0,0,40.42,0.01,52.57,216.47,23946079.01
576,72,0,0,40.42,0.01,49.72,197.47,22766686.98
576,80,0,0,40.42,0.01,55.83,214.13,23327483.81
576,88,0,0,40.42,0.01,49.91,185.03,21121400.64
576,96,0,0,40.42,0.01,48.37,173.58,20469332.01
576,104,0,0,40.42,0.01,48.63,169.08,20069224.1
576,112,0,0,40.42,0.01,48.97,165.11,19831566.0
576,128,0,0,40.42,0.01,49.66,157.89,19316958.01
576,144,0,0,40.42,0.01,50.01,150.45,18761259.23
576,160,0,0,40.42,0.01,50.71,144.74,18362494.18
576,168,0,0,40.42,0.01,51.08,142.19,18237704.53
576,168,0,0,40.42,0.01,51.08,142.19,18237704.53
576,168,0,0,40.42,0.01,51.08,142.19,18237704.53
576,168,0,0,40.42,0.01,51.08,142.19,18237704.53
576,168,0,0,40.42,0.01,51.08,142.19,18237704.53
576,168,0,0,40.42,0.01,51.08,142.19,18237704.53
576,168,0,0,40.42,0.01,51.08,142.19,18237704.53
576,168,0,0,40.42,0.01,51.08,142.19,18237704.53
576,168,0,0,40.42,0.01,51.08,142.19,18237704.53
576,168,0,0,40.42,0.01,51.08,142.19,18237704.53
576,168,0,0,40.42,0.01,51.08,142.19,18237704.53
576,168,0,0,40.42,0.01,51.08,142.19,18237704.53
576,168,0,0,40.42,0.01,51.08,142.19,18237704.53
576,168,0,0,40.42,0.01,51.08,142.19,18237704.53
576,168,0,0,40.42,0.01,51.08,142.19,18237704.53
576,168,0,0,40.42,0.01,51.08,142.19,18237704.53
576,168,0,0,40.42,0.01,51.08,142.19,18237704.53
576,168,0,0,40.42,0.01,51.08,142.19,18237704.53
576,168,0,0,40.42,0.01,51.08,142.19,18237704.53
576,168,0,0,40.42,0.01,51.08,142.19,18237704.53
576,168,0,0,40.42,0.01,51.08,142.19,18237704.53
576,168,0,0,40.42,0.01,51.08,142.19,18237704.53
576,168,0,0,40.42,0.01,51.08,142.19,18237704.53
576,168,0,0,40.42,0.01,51.08,142.19,18237704.53
576,168,0,0,40.42,0.01,51.08,142.19,18237704.53
576,168,0,0,40.42,0.01,51.08,142.19,18237704.53
576,168,0,0,40.42,0.01,51.08,142.19,18237704.53
576,168,0,0,40.42,0.01,51.08,142.19,18237704.53
576,168,0,0,40.42,0.01,51.08,142.19,18237704.53
576,168,0,0,40.42,0.01,51.08,142.19,18237704.53
576,168,0,0,40.42,0.01,51.08,142.19,18237704.53
576,168,0,0,40.42,0.01,51.08,142.19,18237704.53
576,168,0,0,40.42,0.01,51.08,142.19,18237704.53
576,168,0,0,40.42,0.01,51.08,142.19,18237704.53
576,168,0,0,40.42,0.01,51.08,142.19,18237704.53
576,168,0,0,40.42,0.01,51.08,142.19,18237704.53
576,168,0,0,40.42,0.01,51.08,142.19,18237704.53
576,168,0,0,40.42,0.01,51.08,142.19,18237704.53
576,168,0,0,40.42,0.01,51.08,142.19,18237704.53
624,0,0,0,44.54,0.01,46.21,249.15,29060620.4
624,8,0,0,34.09,0.02,49.46,254.4,29293965.45
624,16,0,0,40.37,0.01,49.23,242.06,27574460.67
624,24,0,0,40.83,0.01,47.87,225.46,27263892.72
624,32,0,0,40.42,0.01,50.33,227.44,26676638.66
624,40,0,0,40.42,0.01,48.4,210.21,25527455.08
624,48,0,0,40.42,0.01,48.92,204.52,25161940.45
624,56,0,0,40.42,0.01,48.68,196.17,24596983.43
624,64,0,0,40.42,0.01,48.87,190.05,23908514.93
624,72,0,0,40.42,0.01,48.8,183.39,23030310.86
624,80,0,0,40.42,0.01,49.13,178.64,22471976.7
624,88,0,0,40.42,0.01,51.83,182.52,21888214.23
624,96,0,0,40.42,0.01,48.86,166.78,20992998.08
624,104,0,0,40.42,0.01,48.75,161.48,20083766.85
624,112,0,0,40.42,0.01,49.01,157.67,19627890.78
624,128,0,0,40.42,0.01,49.6,150.87,19169254.66
624,144,0,0,40.42,0.01,50.06,144.4,18708602.51
624,156,0,0,40.42,0.01,51.37,140.91,18500354.11
624,156,0,0,40.42,0.01,51.37,140.91,18500354.11
624,156,0,0,40.42,0.01,51.37,140.91,18500354.11
624,156,0,0,40.42,0.01,51.37,140.91,18500354.11
624,156,0,0,40.42,0.01,51.37,140.91,18500354.11
624,156,0,0,40.42,0.01,51.37,140.91,18500354.11
624,156,0,0,40.42,0.01,51.37,140.91,18500354.11
624,156,0,0,40.42,0.01,51.37,140.91,18500354.11
624,156,0,0,40.42,0.01,51.37,140.91,18500354.11
624,156,0,0,40.42,0.01,51.37,140.91,18500354.11
624,156,0,0,40.42,0.01,51.37,140.91,18500354.11
624,156,0,0,40.42,0.01,51.37,140.91,18500354.11
624,156,0,0,40.42,0.01,51.37,140.91,18500354.11
624,156,0,0,40.42,0.01,51.37,140.91,18500354.11
624,156,0,0,40.42,0.01,51.37,140.91,18500354.11
624,156,0,0,40.42,0.01,51.37,140.91,18500354.11
624,156,0,0,40.42,0.01,51.37,140.91,18500354.11
624,156,0,0,40.42,0.01,51.37,140.91,18500354.11
624,156,0,0,40.42,0.01,51.37,140.91,18500354.11
624,156,0,0,40.42,0.01,51.37,140.91,18500354.11
624,156,0,0,40.42,0.01,51.37,140.91,18500354.11
624,156,0,0,40.42,0.01,51.37,140.91,18500354.11
624,156,0,0,40.42,0.01,51.37,140.91,18500354.11
624,156,0,0,40.42,0.01,51.37,140.91,18500354.11
624,156,0,0,40.42,0.01,51.37,140.91,18500354.11
624,156,0,0,40.42,0.01,51.37,140.91,18500354.11
624,156,0,0,40.42,0.01,51.37,140.91,18500354.11
624,156,0,0,40.42,0.01,51.37,140.91,18500354.11
624,156,0,0,40.42,0.01,51.37,140.91,18500354.11
624,156,0,0,40.42,0.01,51.37,140.91,18500354.11
624,156,0,0,40.42,0.01,51.37,140.91,18500354.11
624,156,0,0,40.42,0.01,51.37,140.91,18500354.11
624,156,0,0,40.42,0.01,51.37,140.91,18500354.11
624,156,0,0,40.42,0.01,51.37,140.91,18500354.11
624,156,0,0,40.42,0.01,51.37,140.91,18500354.11
624,156,0,0,40.42,0.01,51.37,140.91,18500354.11
624,156,0,0,40.42,0.01,51.37,140.91,18500354.11
624,156,0,0,40.42,0.01,51.37,140.91,18500354.11
624,156,0,0,40.42,0.01,51.37,140.91,18500354.11
624,156,0,0,40.42,0.01,51.37,140.91,18500354.11
640,0,0,0,44.54,0.01,46.34,243.58,29085707.3
640,8,0,0,34.09,0.02,72.37,363.37,34135718.94
640,16,0,0,40.37,0.01,48.3,232.09,27603632.42
640,24,0,0,40.83,0.01,48.26,222.32,27370744.44
640,32,0,0,40.42,0.01,48.3,213.68,26448580.45
640,40,0,0,40.42,0.01,48.48,206.3,25522259.16
640,48,0,0,40.42,0.01,49.41,202.55,25304459.44
640,56,0,0,40.42,0.01,49.28,194.85,24751207.38
640,64,0,0,40.42,0.01,49.02,187.18,24046536.44
640,72,0,0,40.42,0.01,49.19,181.64,23206327.53
640,80,0,0,40.42,0.01,48.95,174.97,22409358.45
640,88,0,0,40.42,0.01,51.29,177.64,22053411.72
640,96,0,0,40.42,0.01,48.93,164.37,20978610.03
640,104,0,0,40.42,0.01,49.08,160.04,20563629.19
640,112,0,0,40.42,0.01,49.5,156.86,20344772.56
640,128,0,0,40.42,0.01,49.78,149.27,19622059.4
640,144,0,0,40.42,0.01,50.62,144.04,19290590.82
640,152,0,0,40.42,0.01,50.84,141.07,19069442.45
640,152,0,0,40.42,0.01,50.84,141.07,19069442.45
640,152,0,0,40.42,0.01,50.84,141.07,19069442.45
640,152,0,0,40.42,0.01,50.84,141.07,19069442.45
640,152,0,0,40.42,0.01,50.84,141.07,19069442.45
640,152,0,0,40.42,0.01,50.84,141.07,19069442.45
640,152,0,0,40.42,0.01,50.84,141.07,19069442.45
640,152,0,0,40.42,0.01,50.84,141.07,19069442.45
640,152,0,0,40.42,0.01,50.84,141.07,19069442.45
640,152,0,0,40.42,0.01,50.84,141.07,19069442.45
640,152,0,0,40.42,0.01,50.84,141.07,19069442.45
640,152,0,0,40.42,0.01,50.84,141.07,19069442.45
640,152,0,0,40.42,0.01,50.84,141.07,19069442.45
640,152,0,0,40.42,0.01,50.84,141.07,19069442.45
640,152,0,0,40.42,0.01,50.84,141.07,19069442.45
640,152,0,0,40.42,0.01,50.84,141.07,19069442.45
640,152,0,0,40.42,0.01,50.84,141.07,19069442.45
640,152,0,0,40.42,0.01,50.84,141.07,19069442.45
640,152,0,0,40.42,0.01,50.84,141.07,19069442.45
640,152,0,0,40.42,0.01,50.84,141.07,19069442.45
640,152,0,0,40.42,0.01,50.84,141.07,19069442.45
640,152,0,0,40.42,0.01,50.84,141.07,19069442.45
640,152,0,0,40.42,0.01,50.84,141.07,19069442.45
640,152,0,0,40.42,0.01,50.84,141.07,19069442.45
640,152,0,0,40.42,0.01,50.84,141.07,19069442.45
640,152,0,0,40.42,0.01,50.84,141.07,19069442.45
640,152,0,0,40.42,0.01,50.84,141.07,19069442.45
640,152,0,0,40.42,0.01,50.84,141.07,19069442.45
640,152,0,0,40.42,0.01,50.84,141.07,19069442.45
640,152,0,0,40.42,0.01,50.84,141.07,19069442.45
640,152,0,0,40.42,0.01,50.84,141.07,19069442.45
640,152,0,0,40.42,0.01,50.84,141.07,19069442.45
640,152,0,0,40.42,0.01,50.84,141.07,19069442.45
640,152,0,0,40.42,0.01,50.84,141.07,19069442.45
640,152,0,0,40.42,0.01,50.84,141.07,19069442.45
640,152,0,0,40.42,0.01,50.84,141.07,19069442.45
640,152,0,0,40.42,0.01,50.84,141.07,19069442.45
640,152,0,0,40.42,0.01,50.84,141.07,19069442.45
640,152,0,0,40.42,0.01,50.84,141.07,19069442.45
640,152,0,0,40.42,0.01,50.84,141.07,19069442.45
672,0,0,0,44.54,0.02,71.5,357.99,34566392.93
672,8,0,0,34.09,0.01,49.05,235.04,29243957.2
672,16,0,0,40.37,0.01,48.27,221.76,27696342.41
672,24,0,0,40.83,0.01,48.11,212.3,27453039.56
672,32,0,0,40.42,0.01,48.63,206.43,26639441.95
672,40,0,0,40.42,0.01,48.6,198.76,25804318.87
672,48,0,0,40.42,0.01,49.62,195.75,25766830.27
672,56,0,0,40.42,0.01,56.06,213.64,26150927.8
672,64,0,0,40.42,0.01,49.09,180.91,24278562.37
672,72,0,0,40.42,0.01,49.52,176.63,23438869.23
672,80,0,0,40.42,0.01,49.45,170.95,22880287.07
672,88,0,0,40.42,0.01,49.15,164.79,21996257.38
672,96,0,0,40.42,0.01,49.17,160.04,21333725.02
672,104,0,0,40.42,0.01,55.8,176.48,21652858.17
672,112,0,0,40.42,0.01,49.46,152.13,20138047.87
672,128,0,0,40.42,0.01,50.03,145.85,19677697.48
672,144,0,0,40.42,0.01,50.61,140.23,19239341.0
672,145,0,0,40.42,0.01,51.75,139.89,19228857.46
672,145,0,0,40.42,0.01,51.75,139.89,19228857.46
672,145,0,0,40.42,0.01,51.75,139.89,19228857.46
672,145,0,0,40.42,0.01,51.75,139.89,19228857.46
672,145,0,0,40.42,0.01,51.75,139.89,19228857.46
672,145,0,0,40.42,0.01,51.75,139.89,19228857.46
672,145,0,0,40.42,0.01,51.75,139.89,19228857.46
672,145,0,0,40.42,0.01,51.75,139.89,19228857.46
672,145,0,0,40.42,0.01,51.75,139.89,19228857.46
672,145,0,0,40.42,0.01,51.75,139.89,19228857.46
672,145,0,0,40.42,0.01,51.75,139.89,19228857.46
672,145,0,0,40.42,0.01,51.75,139.89,19228857.46
672,145,0,0,40.42,0.01,51.75,139.89,19228857.46
672,145,0,0,40.42,0.01,51.75,139.89,19228857.46
672,145,0,0,40.42,0.01,51.75,139.89,19228857.46
672,145,0,0,40.42,0.01,51.75,139.89,19228857.46
672,145,0,0,40.42,0.01,51.75,139.89,19228857.46
672,145,0,0,40.42,0.01,51.75,139.89,19228857.46
672,145,0,0,40.42,0.01,51.75,139.89,19228857.46
672,145,0,0,40.42,0.01,51.75,139.89,19228857.46
672,145,0,0,40.42,0.01,51.75,139.89,19228857.46
672,145,0,0,40.42,0.01,51.75,139.89,19228857.46
672,145,0,0,40.42,0.01,51.75,139.89,19228857.46
672,145,0,0,40.42,0.01,51.75,139.89,19228857.46
672,145,0,0,40.42,0.01,51.75,139.89,19228857.46
672,145,0,0,40.42,0.01,51.75,139.89,19228857.46
672,145,0,0,40.42,0.01,51.75,139.89,19228857.46
672,145,0,0,40.42,0.01,51.75,139.89,19228857.46
672,145,0,0,40.42,0.01,51.75,139.89,19228857.46
672,145,0,0,40.42,0.01,51.75,139.89,19228857.46
672,145,0,0,40.42,0.01,51.75,139.89,19228857.46
672,145,0,0,40.42,0.01,51.75,139.89,19228857.46
672,145,0,0,40.42,0.01,51.75,139.89,19228857.46
672,145,0,0,40.42,0.01,51.75,139.89,19228857.46
672,145,0,0,40.42,0.01,51.75,139.89,19228857.46
672,145,0,0,40.42,0.01,51.75,139.89,19228857.46
672,145,0,0,40.42,0.01,51.75,139.89,19228857.46
672,145,0,0,40.42,0.01,51.75,139.89,19228857.46
672,145,0,0,40.42,0.01,51.75,139.89,19228857.46
672,145,0,0,40.42,0.01,51.75,139.89,19228857.46
704,0,0,0,44.54,0.01,46.81,223.71,29193705.8
704,8,0,0,40.37,0.01,49.96,228.94,28942081.18
704,16,0,0,40.37,0.01,48.94,215.43,27867269.03
704,24,0,0,40.83,0.01,48.73,206.37,27507216.38
704,32,0,0,40.42,0.01,53.24,217.23,27631841.29
704,40,0,0,40.42,0.01,48.92,192.59,25999128.68
704,48,0,0,40.42,0.01,56.43,214.57,27192988.92
704,56,0,0,40.42,0.01,49.53,182.14,25223671.96
704,64,0,0,40.42,0.01,49.44,176.02,24350101.39
704,72,0,0,40.42,0.01,60.73,209.53,25821003.13
704,80,0,0,40.42,0.01,49.41,165.37,22950087.96
704,88,0,0,40.42,0.01,49.54,160.98,22291396.05
704,96,0,0,40.42,0.01,49.83,157.35,21819506.48
704,104,0,0,40.42,0.01,49.74,152.72,20998657.01
704,112,0,0,40.42,0.01,49.66,148.41,20551765.04
704,128,0,0,40.42,0.01,50.49,143.21,20208879.91
704,138,0,0,40.42,0.01,51.71,139.59,19885315.53
704,138,0,0,40.42,0.01,51.71,139.59,19885315.53
704,138,0,0,40.42,0.01,51.71,139.59,19885315.53
704,138,0,0,40.42,0.01,51.71,139.59,19885315.53
704,138,0,0,40.42,0.01,51.71,139.59,19885315.53
704,138,0,0,40.42,0.01,51.71,139.59,19885315.53
704,138,0,0,40.42,0.01,51.71,139.59,19885315.53
704,138,0,0,40.42,0.01,51.71,139.59,19885315.53
704,138,0,0,40.42,0.01,51.71,139.59,19885315.53
704,138,0,0,40.42,0.01,51.71,139.59,19885315.53
704,138,0,0,40.42,0.01,51.71,139.59,19885315.53
704,138,0,0,40.42,0.01,51.71,139.59,19885315.53
704,138,0,0,40.42,0.01,51.71,139.59,19885315.53
704,138,0,0,40.42,0.01,51.71,139.59,19885315.53
704,138,0,0,40.42,0.01,51.71,139.59,19885315.53
704,138,0,0,40.42,0.01,51.71,139.59,19885315.53
704,138,0,0,40.42,0.01,51.71,139.59,19885315.53
704,138,0,0,40.42,0.01,51.71,139.59,19885315.53
704,138,0,0,40.42,0.01,51.71,139.59,19885315.53
704,138,0,0,40.42,0.01,51.71,139.59,19885315.53
704,138,0,0,40.42,0.01,51.71,139.59,19885315.53
704,138,0,0,40.42,0.01,51.71,139.59,19885315.53
704,138,0,0,40.42,0.01,51.71,139.59,19885315.53
704,138,0,0,40.42,0.01,51.71,139.59,19885315.53
704,138,0,0,40.42,0.01,51.71,139.59,19885315.53
704,138,0,0,40.42,0.01,51.71,139.59,19885315.53
704,138,0,0,40.42,0.01,51.71,139.59,19885315.53
704,138,0,0,40.42,0.01,51.71,139.59,19885315.53
704,138,0,0,40.42,0.01,51.71,139.59,19885315.53
704,138,0,0,40.42,0.01,51.71,139.59,19885315.53
704,138,0,0,40.42,0.01,51.71,139.59,19885315.53
704,138,0,0,40.42,0.01,51.71,139.59,19885315.53
704,138,0,0,40.42,0.01,51.71,139.59,19885315.53
704,138,0,0,40.42,0.01,51.71,139.59,19885315.53
704,138,0,0,40.42,0.01,51.71,139.59,19885315.53
704,138,0,0,40.42,0.01,51.71,139.59,19885315.53
704,138,0,0,40.42,0.01,51.71,139.59,19885315.53
704,138,0,0,40.42,0.01,51.71,139.59,19885315.53
704,138,0,0,40.42,0.01,51.71,139.59,19885315.53
704,138,0,0,40.42,0.01,51.71,139.59,19885315.53
704,138,0,0,40.42,0.01,51.71,139.59,19885315.53
768,0,0,0,44.54,0.01,47.54,208.25,29288941.78
768,8,0,0,34.09,0.01,51.44,216.85,30747494.21
768,16,0,0,40.37,0.01,49.64,201.66,27971028.28
768,24,0,0,40.83,0.01,49.47,193.89,27770132.69
768,32,0,0,40.42,0.01,56.0,212.03,28213054.01
768,40,0,0,40.42,0.01,48.96,179.32,26181516.82
768,48,0,0,40.42,0.01,50.63,179.54,26424673.69
768,56,0,0,40.42,0.01,60.48,207.86,27483731.86
768,64,0,0,40.42,0.01,52.52,175.12,25409895.48
768,72,0,0,40.42,0.01,50.14,162.35,24201487.99
768,80,0,0,40.42,0.01,50.56,159.09,23525024.79
768,88,0,0,40.42,0.01,50.09,153.29,22835197.77
768,96,0,0,40.42,0.01,50.34,149.94,22313452.53
768,104,0,0,40.42,0.01,50.52,146.57,21951703.02
768,112,0,0,40.42,0.01,53.13,150.23,21531865.66
767,127,0,0,40.42,0.01,51.32,138.13,20712615.75
737,133,0,0,40.42,0.01,51.62,138.25,20057181.17
737,133,0,0,40.42,0.01,51.62,138.25,20057181.17
737,133,0,0,40.42,0.01,51.62,138.25,20057181.17
737,133,0,0,40.42,0.01,51.62,138.25,20057181.17
737,133,0,0,40.42,0.01,51.62,138.25,20057181.17
737,133,0,0,40.42,0.01,51.62,138.25,20057181.17
737,133,0,0,40.42,0.01,51.62,138.25,20057181.17
737,133,0,0,40.42,0.01,51.62,138.25,20057181.17
737,133,0,0,40.42,0.01,51.62,138.25,20057181.17
737,133,0,0,40.42,0.01,51.62,138.25,20057181.17
737,133,0,0,40.42,0.01,51.62,138.25,20057181.17
737,133,0,0,40.42,0.01,51.62,138.25,20057181.17
737,133,0,0,40.42,0.01,51.62,138.25,20057181.17
737,133,0,0,40.42,0.01,51.62,138.25,20057181.17
737,133,0,0,40.42,0.01,51.62,138.25,20057181.17
737,133,0,0,40.42,0.01,51.62,138.25,20057181.17
737,133,0,0,40.42,0.01,51.62,138.25,20057181.17
737,133,0,0,40.42,0.01,51.62,138.25,20057181.17
737,133,0,0,40.42,0.01,51.62,138.25,20057181.17
737,133,0,0,40.42,0.01,51.62,138.25,20057181.17
737,133,0,0,40.42,0.01,51.62,138.25,20057181.17
737,133,0,0,40.42,0.01,51.62,138.25,20057181.17
737,133,0,0,40.42,0.01,51.62,138.25,20057181.17
737,133,0,0,40.42,0.01,51.62,138.25,20057181.17
737,133,0,0,40.42,0.01,51.62,138.25,20057181.17
737,133,0,0,40.42,0.01,51.62,138.25,20057181.17
737,133,0,0,40.42,0.01,51.62,138.25,20057181.17
737,133,0,0,40.42,0.01,51.62,138.25,20057181.17
737,133,0,0,40.42,0.01,51.62,138.25,20057181.17
737,133,0,0,40.42,0.01,51.62,138.25,20057181.17
737,133,0,0,40.42,0.01,51.62,138.25,20057181.17
737,133,0,0,40.42,0.01,51.62,138.25,20057181.17
737,133,0,0,40.42,0.01,51.62,138.25,20057181.17
737,133,0,0,40.42,0.01,51.62,138.25,20057181.17
737,133,0,0,40.42,0.01,51.62,138.25,20057181.17
737,133,0,0,40.42,0.01,51.62,138.25,20057181.17
737,133,0,0,40.42,0.01,51.62,138.25,20057181.17
737,133,0,0,40.42,0.01,51.62,138.25,20057181.17
737,133,0,0,40.42,0.01,51.62,138.25,20057181.17
737,133,0,0,40.42,0.01,51.62,138.25,20057181.17
737,133,0,0,40.42,0.01,51.62,138.25,20057181.17
832,0,0,0,44.54,0.01,47.77,193.16,29404313.8
832,8,0,0,34.09,0.01,52.88,206.38,30713738.99
832,16,0,0,40.37,0.01,49.23,185.63,28240517.99
832,24,0,0,40.83,0.01,51.77,188.82,28519941.12
832,32,0,0,40.42,0.01,49.54,174.99,27324729.42
832,40,0,0,40.42,0.01,50.28,172.14,26740486.28
832,48,0,0,40.42,0.01,51.31,170.46,26733069.63
832,56,0,0,40.42,0.01,50.52,162.96,26004946.32
832,64,0,0,40.42,0.01,50.99,159.88,25402218.5
832,72,0,0,40.42,0.01,50.74,154.75,24809052.36
832,80,0,0,40.42,0.01,67.72,201.03,26966641.86
832,88,0,0,40.42,0.01,51.66,149.4,23424548.6
832,96,0,0,40.42,0.01,51.13,144.13,22936247.93
831,103,0,0,40.42,0.01,51.43,141.42,22526402.95
807,112,0,0,40.42,0.01,51.09,139.76,21482293.34
767,127,0,0,40.42,0.01,51.32,138.13,20712615.75
737,133,0,0,40.42,0.01,51.62,138.25,20057181.17
737,133,0,0,40.42,0.01,51.62,138.25,20057181.17
737,133,0,0,40.42,0.01,51.62,138.25,20057181.17
737,133,0,0,40.42,0.01,51.62,138.25,20057181.17
737,133,0,0,40.42,0.01,51.62,138.25,20057181.17
737,133,0,0,40.42,0.01,51.62,138.25,20057181.17
737,133,0,0,40.42,0.01,51.62,138.25,20057181.17
737,133,0,0,40.42,0.01,51.62,138.25,20057181.17
737,133,0,0,40.42,0.01,51.62,138.25,20057181.17
737,133,0,0,40.42,0.01,51.62,138.25,20057181.17
737,133,0,0,40.42,0.01,51.62,138.25,20057181.17
737,133,0,0,40.42,0.01,51.62,138.25,20057181.17
737,133,0,0,40.42,0.01,51.62,138.25,20057181.17
737,133,0,0,40.42,0.01,51.62,138.25,20057181.17
737,133,0,0,40.42,0.01,51.62,138.25,20057181.17
737,133,0,0,40.42,0.01,51.62,138.25,20057181.17
737,133,0,0,40.42,0.01,51.62,138.25,20057181.17
737,133,0,0,40.42,0.01,51.62,138.25,20057181.17
737,133,0,0,40.42,0.01,51.62,138.25,20057181.17
737,133,0,0,40.42,0.01,51.62,138.25,20057181.17
737,133,0,0,40.42,0.01,51.62,138.25,20057181.17
737,133,0,0,40.42,0.01,51.62,138.25,20057181.17
737,133,0,0,40.42,0.01,51.62,138.25,20057181.17
737,133,0,0,40.42,0.01,51.62,138.25,20057181.17
737,133,0,0,40.42,0.01,51.62,138.25,20057181.17
737,133,0,0,40.42,0.01,51.62,138.25,20057181.17
737,133,0,0,40.42,0.01,51.62,138.25,20057181.17
737,133,0,0,40.42,0.01,51.62,138.25,20057181.17
737,133,0,0,40.42,0.01,51.62,138.25,20057181.17
737,133,0,0,40.42,0.01,51.62,138.25,20057181.17
737,133,0,0,40.42,0.01,51.62,138.25,20057181.17
737,133,0,0,40.42,0.01,51.62,138.25,20057181.17
737,133,0,0,40.42,0.01,51.62,138.25,20057181.17
737,133,0,0,40.42,0.01,51.62,138.25,20057181.17
737,133,0,0,40.42,0.01,51.62,138.25,20057181.17
737,133,0,0,40.42,0.01,51.62,138.25,20057181.17
737,133,0,0,40.42,0.01,51.62,138.25,20057181.17
737,133,0,0,40.42,0.01,51.62,138.25,20057181.17
737,133,0,0,40.42,0.01,51.62,138.25,20057181.17
737,133,0,0,40.42,0.01,51.62,138.25,20057181.17
737,133,0,0,40.42,0.01,51.62,138.25,20057181.17
864,0,0,0,44.54,0.01,51.09,198.96,30166510.09
864,8,0,0,34.09,0.01,53.7,202.05,30897079.26
864,16,0,0,40.37,0.01,51.01,185.69,28432124.44
864,24,0,0,40.83,0.01,49.54,174.63,28162611.19
864,32,0,0,40.42,0.01,53.16,181.68,27977692.24
864,40,0,0,40.42,0.01,50.25,166.61,26851762.24
864,48,0,0,40.42,0.01,51.32,165.25,26765374.04
864,56,0,0,40.42,0.01,50.76,158.89,26176979.93
864,64,0,0,40.42,0.01,50.91,155.01,25581266.44
864,72,0,0,40.42,0.01,68.32,202.5,28099301.55
864,80,0,0,40.42,0.01,51.6,148.98,24339570.77
864,88,0,0,40.42,0.01,70.68,198.93,27006130.44
864,96,0,0,40.42,0.01,52.35,143.7,23359837.79
855,103,0,0,40.42,0.01,51.57,139.05,22671906.38
807,112,0,0,40.42,0.01,51.09,139.76,21482293.34
767,127,0,0,40.42,0.01,51.32,138.13,20712615.75
737,133,0,0,40.42,0.01,51.62,138.25,20057181.17
737,133,0,0,40.42,0.01,51.62,138.25,20057181.17
737,133,0,0,40.42,0.01,51.62,138.25,20057181.17
737,133,0,0,40.42,0.01,51.62,138.25,20057181.17
737,133,0,0,40.42,0.01,51.62,138.25,20057181.17
737,133,0,0,40.42,0.01,51.62,138.25,20057181.17
737,133,0,0,40.42,0.01,51.62,138.25,20057181.17
737,133,0,0,40.42,0.01,51.62,138.25,20057181.17
737,133,0,0,40.42,0.01,51.62,138.25,20057181.17
737,133,0,0,40.42,0.01,51.62,138.25,20057181.17
737,133,0,0,40.42,0.01,51.62,138.25,20057181.17
737,133,0,0,40.42,0.01,51.62,138.25,20057181.17
737,133,0,0,40.42,0.01,51.62,138.25,20057181.17
737,133,0,0,40.42,0.01,51.62,138.25,20057181.17
737,133,0,0,40.42,0.01,51.62,138.25,20057181.17
737,133,0,0,40.42,0.01,51.62,138.25,20057181.17
737,133,0,0,40.42,0.01,51.62,138.25,20057181.17
737,133,0,0,40.42,0.01,51.62,138.25,20057181.17
737,133,0,0,40.42,0.01,51.62,138.25,20057181.17
737,133,0,0,40.42,0.01,51.62,138.25,20057181.17
737,133,0,0,40.42,0.01,51.62,138.25,20057181.17
737,133,0,0,40.42,0.01,51.62,138.25,20057181.17
737,133,0,0,40.42,0.01,51.62,138.25,20057181.17
737,133,0,0,40.42,0.01,51.62,138.25,20057181.17
737,133,0,0,40.42,0.01,51.62,138.25,20057181.17
737,133,0,0,40.42,0.01,51.62,138.25,20057181.17
737,133,0,0,40.42,0.01,51.62,138.25,20057181.17
737,133,0,0,40.42,0.01,51.62,138.25,20057181.17
737,133,0,0,40.42,0.01,51.62,138.25,20057181.17
737,133,0,0,40.42,0.01,51.62,138.25,20057181.17
737,133,0,0,40.42,0.01,51.62,138.25,20057181.17
737,133,0,0,40.42,0.01,51.62,138.25,20057181.17
737,133,0,0,40.42,0.01,51.62,138.25,20057181.17
737,133,0,0,40.42,0.01,51.62,138.25,20057181.17
737,133,0,0,40.42,0.01,51.62,138.25,20057181.17
737,133,0,0,40.42,0.01,51.62,138.25,20057181.17
737,133,0,0,40.42,0.01,51.62,138.25,20057181.17
737,133,0,0,40.42,0.01,51.62,138.25,20057181.17
737,133,0,0,40.42,0.01,51.62,138.25,20057181.17
737,133,0,0,40.42,0.01,51.62,138.25,20057181.17
737,133,0,0,40.42,0.01,51.62,138.25,20057181.17
896,0,0,0,44.54,0.01,49.67,186.5,29819605.15
896,8,0,0,34.09,0.01,54.88,199.38,30916334.09
896,16,0,0,40.37,0.01,49.88,175.5,28486776.04
896,24,0,0,40.83,0.01,50.46,172.11,28381549.77
896,32,0,0,40.42,0.01,50.71,167.83,27697291.0
896,40,0,0,40.42,0.01,50.49,162.29,27007950.85
896,48,0,0,40.42,0.01,51.43,160.68,26987919.47
896,56,0,0,40.42,0.01,51.35,156.09,26340400.65
896,64,0,0,40.42,0.01,51.11,151.24,25743907.85
896,72,0,0,40.42,0.01,51.3,147.87,25130285.08
896,80,0,0,40.42,0.01,51.54,144.82,24463354.49
896,88,0,0,40.42,0.01,52.37,143.56,24017514.47
889,96,0,0,40.42,0.01,51.86,138.74,23344977.43
855,103,0,0,40.42,0.01,51.57,139.05,22671906.38
807,112,0,0,40.42,0.01,51.09,139.76,21482293.34
767,127,0,0,40.42,0.01,51.32,138.13,20712615.75
737,133,0,0,40.42,0.01,51.62,138.25,20057181.17
737,133,0,0,40.42,0.01,51.62,138.25,20057181.17
737,133,0,0,40.42,0.01,51.62,138.25,20057181.17
737,133,0,0,40.42,0.01,51.62,138.25,20057181.17
737,133,0,0,40.42,0.01,51.62,138.25,20057181.17
737,133,0,0,40.42,0.01,51.62,138.25,20057181.17
737,133,0,0,40.42,0.01,51.62,138.25,20057181.17
737,133,0,0,40.42,0.01,51.62,138.25,20057181.17
737,133,0,0,40.42,0.01,51.62,138.25,20057181.17
737,133,0,0,40.42,0.01,51.62,138.25,20057181.17
737,133,0,0,40.42,0.01,51.62,138.25,20057181.17
737,133,0,0,40.42,0.01,51.62,138.25,20057181.17
737,133,0,0,40.42,0.01,51.62,138.25,20057181.17
737,133,0,0,40.42,0.01,51.62,138.25,20057181.17
737,133,0,0,40.42,0.01,51.62,138.25,20057181.17
737,133,0,0,40.42,0.01,51.62,138.25,20057181.17
737,133,0,0,40.42,0.01,51.62,138.25,20057181.17
737,133,0,0,40.42,0.01,51.62,138.25,20057181.17
737,133,0,0,40.42,0.01,51.62,138.25,20057181.17
737,133,0,0,40.42,0.01,51.62,138.25,20057181.17
737,133,0,0,40.42,0.01,51.62,138.25,20057181.17
737,133,0,0,40.42,0.01,51.62,138.25,20057181.17
737,133,0,0,40.42,0.01,51.62,138.25,20057181.17
737,133,0,0,40.42,0.01,51.62,138.25,20057181.17
737,133,0,0,40.42,0.01,51.62,138.25,20057181.17
737,133,0,0,40.42,0.01,51.62,138.25,20057181.17
737,133,0,0,40.42,0.01,51.62,138.25,20057181.17
737,133,0,0,40.42,0.01,51.62,138.25,20057181.17
737,133,0,0,40.42,0.01,51.62,138.25,20057181.17
737,133,0,0,40.42,0.01,51.62,138.25,20057181.17
737,133,0,0,40.42,0.01,51.62,138.25,20057181.17
737,133,0,0,40.42,0.01,51.62,138.25,20057181.17
737,133,0,0,40.42,0.01,51.62,138.25,20057181.17
737,133,0,0,40.42,0.01,51.62,138.25,20057181.17
737,133,0,0,40.42,0.01,51.62,138.25,20057181.17
737,133,0,0,40.42,0.01,51.62,138.25,20057181.17
737,133,0,0,40.42,0.01,51.62,138.25,20057181.17
737,133,0,0,40.42,0.01,51.62,138.25,20057181.17
737,133,0,0,40.42,0.01,51.62,138.25,20057181.17
737,133,0,0,40.42,0.01,51.62,138.25,20057181.17
737,133,0,0,40.42,0.01,51.62,138.25,20057181.17
960,0,0,0,44.54,0.01,48.88,171.31,29649090.13
960,8,0,0,34.09,0.01,56.77,192.9,32215132.1
960,16,0,0,40.37,0.01,51.67,170.41,28901683.59
960,24,0,0,32.46,0.01,51.77,165.81,29319393.65
960,32,0,0,40.42,0.01,51.45,160.2,27982521.36
960,40,0,0,34.14,0.01,57.98,175.64,32464951.92
960,48,0,0,40.42,0.01,68.91,203.23,30478653.64
960,56,0,0,40.42,0.01,69.82,200.61,30065354.51
960,64,0,0,40.42,0.01,53.47,149.8,26198677.9
958,72,0,0,40.42,0.01,52.53,143.56,25636814.97
959,80,0,0,40.42,0.01,52.08,138.92,24878653.45
907,88,0,0,40.42,0.01,51.85,140.3,23906722.67
889,96,0,0,40.42,0.01,51.86,138.74,23344977.43
855,103,0,0,40.42,0.01,51.57,139.05,22671906.38
807,112,0,0,40.42,0.01,51.09,139.76,21482293.34
767,127,0,0,40.42,0.01,51.32,138.13,20712615.75
737,133,0,0,40.42,0.01,51.62,138.25,20057181.17
737,133,0,0,40.42,0.01,51.62,138.25,20057181.17
737,133,0,0,40.42,0.01,51.62,138.25,20057181.17
737,133,0,0,40.42,0.01,51.62,138.25,20057181.17
737,133,0,0,40.42,0.01,51.62,138.25,20057181.17
737,133,0,0,40.42,0.01,51.62,138.25,20057181.17
737,133,0,0,40.42,0.01,51.62,138.25,20057181.17
737,133,0,0,40.42,0.01,51.62,138.25,20057181.17
737,133,0,0,40.42,0.01,51.62,138.25,20057181.17
737,133,0,0,40.42,0.01,51.62,138.25,20057181.17
737,133,0,0,40.42,0.01,51.62,138.25,20057181.17
737,133,0,0,40.42,0.01,51.62,138.25,20057181.17
737,133,0,0,40.42,0.01,51.62,138.25,20057181.17
737,133,0,0,40.42,0.01,51.62,138.25,20057181.17
737,133,0,0,40.42,0.01,51.62,138.25,20057181.17
737,133,0,0,40.42,0.01,51.62,138.25,20057181.17
737,133,0,0,40.42,0.01,51.62,138.25,20057181.17
737,133,0,0,40.42,0.01,51.62,138.25,20057181.17
737,133,0,0,40.42,0.01,51.62,138.25,20057181.17
737,133,0,0,40.42,0.01,51.62,138.25,20057181.17
737,133,0,0,40.42,0.01,51.62,138.25,20057181.17
737,133,0,0,40.42,0.01,51.62,138.25,20057181.17
737,133,0,0,40.42,0.01,51.62,138.25,20057181.17
737,133,0,0,40.42,0.01,51.62,138.25,20057181.17
737,133,0,0,40.42,0.01,51.62,138.25,20057181.17
737,133,0,0,40.42,0.01,51.62,138.25,20057181.17
737,133,0,0,40.42,0.01,51.62,138.25,20057181.17
737,133,0,0,40.42,0.01,51.62,138.25,20057181.17
737,133,0,0,40.42,0.01,51.62,138.25,20057181.17
737,133,0,0,40.42,0.01,51.62,138.25,20057181.17
737,133,0,0,40.42,0.01,51.62,138.25,20057181.17
737,133,0,0,40.42,0.01,51.62,138.25,20057181.17
737,133,0,0,40.42,0.01,51.62,138.25,20057181.17
737,133,0,0,40.42,0.01,51.62,138.25,20057181.17
737,133,0,0,40.42,0.01,51.62,138.25,20057181.17
737,133,0,0,40.42,0.01,51.62,138.25,20057181.17
737,133,0,0,40.42,0.01,51.62,138.25,20057181.17
737,133,0,0,40.42,0.01,51.62,138.25,20057181.17
737,133,0,0,40.42,0.01,51.62,138.25,20057181.17
737,133,0,0,40.42,0.01,51.62,138.25,20057181.17
737,133,0,0,40.42,0.01,51.62,138.25,20057181.17
1024,0,0,0,44.54,0.01,49.54,162.77,29794351.89
1024,8,0,0,34.09,0.01,57.22,182.63,32082619.72
1024,16,0,0,34.09,0.01,60.8,188.65,31349541.61
1024,24,0,0,40.83,0.01,52.63,158.91,28919374.9
1024,32,0,0,34.14,0.01,69.0,202.83,31977429.93
1024,40,0,0,40.42,0.01,51.56,147.67,27570541.7
1024,48,0,0,40.42,0.01,71.36,199.28,31219280.49
1023,56,0,0,40.42,0.01,53.0,144.4,27040561.08
997,64,0,0,40.42,0.01,52.36,141.94,26287008.05
1009,72,0,0,34.14,0.01,53.15,138.91,26171056.93
969,80,0,0,40.42,0.01,52.53,138.37,24934065.59
907,88,0,0,40.42,0.01,51.85,140.3,23906722.67
889,96,0,0,40.42,0.01,51.86,138.74,23344977.43
855,103,0,0,40.42,0.01,51.57,139.05,22671906.38
807,112,0,0,40.42,0.01,51.09,139.76,21482293.34
767,127,0,0,40.42,0.01,51.32,138.13,20712615.75
737,133,0,0,40.42,0.01,51.62,138.25,20057181.17
737,133,0,0,40.42,0.01,51.62,138.25,20057181.17
737,133,0,0,40.42,0.01,51.62,138.25,20057181.17
737,133,0,0,40.42,0.01,51.62,138.25,20057181.17
737,133,0,0,40.42,0.01,51.62,138.25,20057181.17
737,133,0,0,40.42,0.01,51.62,138.25,20057181.17
737,133,0,0,40.42,0.01,51.62,138.25,20057181.17
737,133,0,0,40.42,0.01,51.62,138.25,20057181.17
737,133,0,0,40.42,0.01,51.62,138.25,20057181.17
737,133,0,0,40.42,0.01,51.62,138.25,20057181.17
737,133,0,0,40.42,0.01,51.62,138.25,20057181.17
737,133,0,0,40.42,0.01,51.62,138.25,20057181.17
737,133,0,0,40.42,0.01,51.62,138.25,20057181.17
737,133,0,0,40.42,0.01,51.62,138.25,20057181.17
737,133,0,0,40.42,0.01,51.62,138.25,20057181.17
737,133,0,0,40.42,0.01,51.62,138.25,20057181.17
737,133,0,0,40.42,0.01,51.62,138.25,20057181.17
737,133,0,0,40.42,0.01,51.62,138.25,20057181.17
737,133,0,0,40.42,0.01,51.62,138.25,20057181.17
737,133,0,0,40.42,0.01,51.62,138.25,20057181.17
737,133,0,0,40.42,0.01,51.62,138.25,20057181.17
737,133,0,0,40.42,0.01,51.62,138.25,20057181.17
737,133,0,0,40.42,0.01,51.62,138.25,20057181.17
737,133,0,0,40.42,0.01,51.62,138.25,20057181.17
737,133,0,0,40.42,0.01,51.62,138.25,20057181.17
737,133,0,0,40.42,0.01,51.62,138.25,20057181.17
737,133,0,0,40.42,0.01,51.62,138.25,20057181.17
737,133,0,0,40.42,0.01,51.62,138.25,20057181.17
737,133,0,0,40.42,0.01,51.62,138.25,20057181.17
737,133,0,0,40.42,0.01,51.62,138.25,20057181.17
737,133,0,0,40.42,0.01,51.62,138.25,20057181.17
737,133,0,0,40.42,0.01,51.62,138.25,20057181.17
737,133,0,0,40.42,0.01,51.62,138.25,20057181.17
737,133,0,0,40.42,0.01,51.62,138.25,20057181.17
737,133,0,0,40.42,0.01,51.62,138.25,20057181.17
737,133,0,0,40.42,0.01,51.62,138.25,20057181.17
737,133,0,0,40.42,0.01,51.62,138.25,20057181.17
737,133,0,0,40.42,0.01,51.62,138.25,20057181.17
737,133,0,0,40.42,0.01,51.62,138.25,20057181.17
737,133,0,0,40.42,0.01,51.62,138.25,20057181.17
737,133,0,0,40.42,0.01,51.62,138.25,20057181.17
1152,0,0,0,44.54,0.01,51.36,150.01,30193341.58
1152,8,0,0,34.09,0.01,59.73,170.01,33157270.32
1088,16,0,0,40.37,0.01,51.78,151.72,29122193.43
1059,24,0,0,40.83,0.01,51.64,150.51,28828795.33
1144,32,0,0,34.14,0.01,53.66,142.78,29451562.9
1049,40,0,0,40.42,0.01,52.22,145.59,27667399.98
1051,47,0,0,40.42,0.01,53.31,145.02,27708568.22
1047,55,0,0,40.42,0.01,52.86,141.28,27104521.91
997,64,0,0,40.42,0.01,52.36,141.94,26287008.05
1009,72,0,0,34.14,0.01,53.15,138.91,26171056.93
969,80,0,0,40.42,0.01,52.53,138.37,24934065.59
907,88,0,0,40.42,0.01,51.85,140.3,23906722.67
889,96,0,0,40.42,0.01,51.86,138.74,23344977.43
855,103,0,0,40.42,0.01,51.57,139.05,22671906.38
807,112,0,0,40.42,0.01,51.09,139.76,21482293.34
767,127,0,0,40.42,0.01,51.32,138.13,20712615.75
737,133,0,0,40.42,0.01,51.62,138.25,20057181.17
737,133,0,0,40.42,0.01,51.62,138.25,20057181.17
737,133,0,0,40.42,0.01,51.62,138.25,20057181.17
737,133,0,0,40.42,0.01,51.62,138.25,20057181.17
737,133,0,0,40.42,0.01,51.62,138.25,20057181.17
737,133,0,0,40.42,0.01,51.62,138.25,20057181.17
737,133,0,0,40.42,0.01,51.62,138.25,20057181.17
737,133,0,0,40.42,0.01,51.62,138.25,20057181.17
737,133,0,0,40.42,0.01,51.62,138.25,20057181.17
737,133,0,0,40.42,0.01,51.62,138.25,20057181.17
737,133,0,0,40.42,0.01,51.62,138.25,20057181.17
737,133,0,0,40.42,0.01,51.62,138.25,20057181.17
737,133,0,0,40.42,0.01,51.62,138.25,20057181.17
737,133,0,0,40.42,0.01,51.62,138.25,20057181.17
737,133,0,0,40.42,0.01,51.62,138.25,20057181.17
737,133,0,0,40.42,0.01,51.62,138.25,20057181.17
737,133,0,0,40.42,0.01,51.62,138.25,20057181.17
737,133,0,0,40.42,0.01,51.62,138.25,20057181.17
737,133,0,0,40.42,0.01,51.62,138.25,20057181.17
737,133,0,0,40.42,0.01,51.62,138.25,20057181.17
737,133,0,0,40.42,0.01,51.62,138.25,20057181.17
737,133,0,0,40.42,0.01,51.62,138.25,20057181.17
737,133,0,0,40.42,0.01,51.62,138.25,20057181.17
737,133,0,0,40.42,0.01,51.62,138.25,20057181.17
737,133,0,0,40.42,0.01,51.62,138.25,20057181.17
737,133,0,0,40.42,0.01,51.62,138.25,20057181.17
737,133,0,0,40.42,0.01,51.62,138.25,20057181.17
737,133,0,0,40.42,0.01,51.62,138.25,20057181.17
737,133,0,0,40.42,0.01,51.62,138.25,20057181.17
737,133,0,0,40.42,0.01,51.62,138.25,20057181.17
737,133,0,0,40.42,0.01,51.62,138.25,20057181.17
737,133,0,0,40.42,0.01,51.62,138.25,20057181.17
737,133,0,0,40.42,0.01,51.62,138.25,20057181.17
737,133,0,0,40.42,0.01,51.62,138.25,20057181.17
737,133,0,0,40.42,0.01,51.62,138.25,20057181.17
737,133,0,0,40.42,0.01,51.62,138.25,20057181.17
737,133,0,0,40.42,0.01,51.62,138.25,20057181.17
737,133,0,0,40.42,0.01,51.62,138.25,20057181.17
737,133,0,0,40.42,0.01,51.62,138.25,20057181.17
737,133,0,0,40.42,0.01,51.62,138.25,20057181.17
737,133,0,0,40.42,0.01,51.62,138.25,20057181.17
1216,0,0,0,44.54,0.01,51.27,141.86,30173683.87
1228,8,0,0,33.92,0.01,61.17,163.05,33493637.3
1088,16,0,0,40.37,0.01,51.78,151.72,29122193.43
1059,24,0,0,40.83,0.01,51.64,150.51,28828795.33
1144,32,0,0,34.14,0.01,53.66,142.78,29451562.9
1049,40,0,0,40.42,0.01,52.22,145.59,27667399.98
1051,47,0,0,40.42,0.01,53.31,145.02,27708568.22
1047,55,0,0,40.42,0.01,52.86,141.28,27104521.91
997,64,0,0,40.42,0.01,52.36,141.94,26287008.05
1009,72,0,0,34.14,0.01,53.15,138.91,26171056.93
969,80,0,0,40.42,0.01,52.53,138.37,24934065.59
907,88,0,0,40.42,0.01,51.85,140.3,23906722.67
889,96,0,0,40.42,0.01,51.86,138.74,23344977.43
855,103,0,0,40.42,0.01,51.57,139.05,22671906.38
807,112,0,0,40.42,0.01,51.09,139.76,21482293.34
767,127,0,0,40.42,0.01,51.32,138.13,20712615.75
737,133,0,0,40.42,0.01,51.62,138.25,20057181.17
737,133,0,0,40.42,0.01,51.62,138.25,20057181.17
737,133,0,0,40.42,0.01,51.62,138.25,20057181.17
737,133,0,0,40.42,0.01,51.62,138.25,20057181.17
737,133,0,0,40.42,0.01,51.62,138.25,20057181.17
737,133,0,0,40.42,0.01,51.62,138.25,20057181.17
737,133,0,0,40.42,0.01,51.62,138.25,20057181.17
737,133,0,0,40.42,0.01,51.62,138.25,20057181.17
737,133,0,0,40.42,0.01,51.62,138.25,20057181.17
737,133,0,0,40.42,0.01,51.62,138.25,20057181.17
737,133,0,0,40.42,0.01,51.62,138.25,20057181.17
737,133,0,0,40.42,0.01,51.62,138.25,20057181.17
737,133,0,0,40.42,0.01,51.62,138.25,20057181.17
737,133,0,0,40.42,0.01,51.62,138.25,20057181.17
737,133,0,0,40.42,0.01,51.62,138.25,20057181.17
737,133,0,0,40.42,0.01,51.62,138.25,20057181.17
737,133,0,0,40.42,0.01,51.62,138.25,20057181.17
737,133,0,0,40.42,0.01,51.62,138.25,20057181.17
737,133,0,0,40.42,0.01,51.62,138.25,20057181.17
737,133,0,0,40.42,0.01,51.62,138.25,20057181.17
737,133,0,0,40.42,0.01,51.62,138.25,20057181.17
737,133,0,0,40.42,0.01,51.62,138.25,20057181.17
737,133,0,0,40.42,0.01,51.62,138.25,20057181.17
737,133,0,0,40.42,0.01,51.62,138.25,20057181.17
737,133,0,0,40.42,0.01,51.62,138.25,20057181.17
737,133,0,0,40.42,0.01,51.62,138.25,20057181.17
737,133,0,0,40.42,0.01,51.62,138.25,20057181.17
737,133,0,0,40.42,0.01,51.62,138.25,20057181.17
737,133,0,0,40.42,0.01,51.62,138.25,20057181.17
737,133,0,0,40.42,0.01,51.62,138.25,20057181.17
737,133,0,0,40.42,0.01,51.62,138.25,20057181.17
737,133,0,0,40.42,0.01,51.62,138.25,20057181.17
737,133,0,0,40.42,0.01,51.62,138.25,20057181.17
737,133,0,0,40.42,0.01,51.62,138.25,20057181.17
737,133,0,0,40.42,0.01,51.62,138.25,20057181.17
737,133,0,0,40.42,0.01,51.62,138.25,20057181.17
737,133,0,0,40.42,0.01,51.62,138.25,20057181.17
737,133,0,0,40.42,0.01,51.62,138.25,20057181.17
737,133,0,0,40.42,0.01,51.62,138.25,20057181.17
737,133,0,0,40.42,0.01,51.62,138.25,20057181.17
737,133,0,0,40.42,0.01,51.62,138.25,20057181.17
1216,0,0,0,44.54,0.01,51.27,141.86,30173683.87
1345,8,0,0,33.92,0.01,61.25,149.11,34227703.79
1088,16,0,0,40.37,0.01,51.78,151.72,29122193.43
1059,24,0,0,40.83,0.01,51.64,150.51,28828795.33
1144,32,0,0,34.14,0.01,53.66,142.78,29451562.9
1049,40,0,0,40.42,0.01,52.22,145.59,27667399.98
1051,47,0,0,40.42,0.01,53.31,145.02,27708568.22
1047,55,0,0,40.42,0.01,52.86,141.28,27104521.91
997,64,0,0,40.42,0.01,52.36,141.94,26287008.05
1009,72,0,0,34.14,0.01,53.15,138.91,26171056.93
969,80,0,0,40.42,0.01,52.53,138.37,24934065.59
907,88,0,0,40.42,0.01,51.85,140.3,23906722.67
889,96,0,0,40.42,0.01,51.86,138.74,23344977.43
855,103,0,0,40.42,0.01,51.57,139.05,22671906.38
807,112,0,0,40.42,0.01,51.09,139.76,21482293.34
767,127,0,0,40.42,0.01,51.32,138.13,20712615.75
737,133,0,0,40.42,0.01,51.62,138.25,20057181.17
737,133,0,0,40.42,0.01,51.62,138.25,20057181.17
737,133,0,0,40.42,0.01,51.62,138.25,20057181.17
737,133,0,0,40.42,0.01,51.62,138.25,20057181.17
737,133,0,0,40.42,0.01,51.62,138.25,20057181.17
737,133,0,0,40.42,0.01,51.62,138.25,20057181.17
737,133,0,0,40.42,0.01,51.62,138.25,20057181.17
737,133,0,0,40.42,0.01,51.62,138.25,20057181.17
737,133,0,0,40.42,0.01,51.62,138.25,20057181.17
737,133,0,0,40.42,0.01,51.62,138.25,20057181.17
737,133,0,0,40.42,0.01,51.62,138.25,20057181.17
737,133,0,0,40.42,0.01,51.62,138.25,20057181.17
737,133,0,0,40.42,0.01,51.62,138.25,20057181.17
737,133,0,0,40.42,0.01,51.62,138.25,20057181.17
737,133,0,0,40.42,0.01,51.62,138.25,20057181.17
737,133,0,0,40.42,0.01,51.62,138.25,20057181.17
737,133,0,0,40.42,0.01,51.62,138.25,20057181.17
737,133,0,0,40.42,0.01,51.62,138.25,20057181.17
737,133,0,0,40.42,0.01,51.62,138.25,20057181.17
737,133,0,0,40.42,0.01,51.62,138.25,20057181.17
737,133,0,0,40.42,0.01,51.62,138.25,20057181.17
737,133,0,0,40.42,0.01,51.62,138.25,20057181.17
737,133,0,0,40.42,0.01,51.62,138.25,20057181.17
737,133,0,0,40.42,0.01,51.62,138.25,20057181.17
737,133,0,0,40.42,0.01,51.62,138.25,20057181.17
737,133,0,0,40.42,0.01,51.62,138.25,20057181.17
737,133,0,0,40.42,0.01,51.62,138.25,20057181.17
737,133,0,0,40.42,0.01,51.62,138.25,20057181.17
737,133,0,0,40.42,0.01,51.62,138.25,20057181.17
737,133,0,0,40.42,0.01,51.62,138.25,20057181.17
737,133,0,0,40.42,0.01,51.62,138.25,20057181.17
737,133,0,0,40.42,0.01,51.62,138.25,20057181.17
737,133,0,0,40.42,0.01,51.62,138.25,20057181.17
737,133,0,0,40.42,0.01,51.62,138.25,20057181.17
737,133,0,0,40.42,0.01,51.62,138.25,20057181.17
737,133,0,0,40.42,0.01,51.62,138.25,20057181.17
737,133,0,0,40.42,0.01,51.62,138.25,20057181.17
737,133,0,0,40.42,0.01,51.62,138.25,20057181.17
737,133,0,0,40.42,0.01,51.62,138.25,20057181.17
737,133,0,0,40.42,0.01,51.62,138.25,20057181.17
737,133,0,0,40.42,0.01,51.62,138.25,20057181.17
1216,0,0,0,44.54,0.01,51.27,141.86,30173683.87
1345,8,0,0,33.92,0.01,61.25,149.11,34227703.79
1088,16,0,0,40.37,0.01,51.78,151.72,29122193.43
1059,24,0,0,40.83,0.01,51.64,150.51,28828795.33
1144,32,0,0,34.14,0.01,53.66,142.78,29451562.9
1049,40,0,0,40.42,0.01,52.22,145.59,27667399.98
1051,47,0,0,40.42,0.01,53.31,145.02,27708568.22
1047,55,0,0,40.42,0.01,52.86,141.28,27104521.91
997,64,0,0,40.42,0.01,52.36,141.94,26287008.05
1009,72,0,0,34.14,0.01,53.15,138.91,26171056.93
969,80,0,0,40.42,0.01,52.53,138.37,24934065.59
907,88,0,0,40.42,0.01,51.85,140.3,23906722.67
889,96,0,0,40.42,0.01,51.86,138.74,23344977.43
855,103,0,0,40.42,0.01,51.57,139.05,22671906.38
807,112,0,0,40.42,0.01,51.09,139.76,21482293.34
767,127,0,0,40.42,0.01,51.32,138.13,20712615.75
737,133,0,0,40.42,0.01,51.62,138.25,20057181.17
737,133,0,0,40.42,0.01,51.62,138.25,20057181.17
737,133,0,0,40.42,0.01,51.62,138.25,20057181.17
737,133,0,0,40.42,0.01,51.62,138.25,20057181.17
737,133,0,0,40.42,0.01,51.62,138.25,20057181.17
737,133,0,0,40.42,0.01,51.62,138.25,20057181.17
737,133,0,0,40.42,0.01,51.62,138.25,20057181.17
737,133,0,0,40.42,0.01,51.62,138.25,20057181.17
737,133,0,0,40.42,0.01,51.62,138.25,20057181.17
737,133,0,0,40.42,0.01,51.62,138.25,20057181.17
737,133,0,0,40.42,0.01,51.62,138.25,20057181.17
737,133,0,0,40.42,0.01,51.62,138.25,20057181.17
737,133,0,0,40.42,0.01,51.62,138.25,20057181.17
737,133,0,0,40.42,0.01,51.62,138.25,20057181.17
737,133,0,0,40.42,0.01,51.62,138.25,20057181.17
737,133,0,0,40.42,0.01,51.62,138.25,20057181.17
737,133,0,0,40.42,0.01,51.62,138.25,20057181.17
737,133,0,0,40.42,0.01,51.62,138.25,20057181.17
737,133,0,0,40.42,0.01,51.62,138.25,20057181.17
737,133,0,0,40.42,0.01,51.62,138.25,20057181.17
737,133,0,0,40.42,0.01,51.62,138.25,20057181.17
737,133,0,0,40.42,0.01,51.62,138.25,20057181.17
737,133,0,0,40.42,0.01,51.62,138.25,20057181.17
737,133,0,0,40.42,0.01,51.62,138.25,20057181.17
737,133,0,0,40.42,0.01,51.62,138.25,20057181.17
737,133,0,0,40.42,0.01,51.62,138.25,20057181.17
737,133,0,0,40.42,0.01,51.62,138.25,20057181.17
737,133,0,0,40.42,0.01,51.62,138.25,20057181.17
737,133,0,0,40.42,0.01,51.62,138.25,20057181.17
737,133,0,0,40.42,0.01,51.62,138.25,20057181.17
737,133,0,0,40.42,0.01,51.62,138.25,20057181.17
737,133,0,0,40.42,0.01,51.62,138.25,20057181.17
737,133,0,0,40.42,0.01,51.62,138.25,20057181.17
737,133,0,0,40.42,0.01,51.62,138.25,20057181.17
737,133,0,0,40.42,0.01,51.62,138.25,20057181.17
737,133,0,0,40.42,0.01,51.62,138.25,20057181.17
737,133,0,0,40.42,0.01,51.62,138.25,20057181.17
737,133,0,0,40.42,0.01,51.62,138.25,20057181.17
737,133,0,0,40.42,0.01,51.62,138.25,20057181.17
737,133,0,0,40.42,0.01,51.62,138.25,20057181.17
737,133,0,0,40.42,0.01,51.62,138.25,20057181.17
1216,0,0,0,44.54,0.01,51.27,141.86,30173683.87
1345,8,0,0,33.92,0.01,61.25,149.11,34227703.79
1088,16,0,0,40.37,0.01,51.78,151.72,29122193.43
1059,24,0,0,40.83,0.01,51.64,150.51,28828795.33
1144,32,0,0,34.14,0.01,53.66,142.78,29451562.9
1049,40,0,0,40.42,0.01,52.22,145.59,27667399.98
1051,47,0,0,40.42,0.01,53.31,145.02,27708568.22
1047,55,0,0,40.42,0.01,52.86,141.28,27104521.91
997,64,0,0,40.42,0.01,52.36,141.94,26287008.05
1009,72,0,0,34.14,0.01,53.15,138.91,26171056.93
969,80,0,0,40.42,0.01,52.53,138.37,24934065.59
907,88,0,0,40.42,0.01,51.85,140.3,23906722.67
889,96,0,0,40.42,0.01,51.86,138.74,23344977.43
855,103,0,0,40.42,0.01,51.57,139.05,22671906.38
807,112,0,0,40.42,0.01,51.09,139.76,21482293.34
767,127,0,0,40.42,0.01,51.32,138.13,20712615.75
737,133,0,0,40.42,0.01,51.62,138.25,20057181.17
737,133,0,0,40.42,0.01,51.62,138.25,20057181.17
737,133,0,0,40.42,0.01,51.62,138.25,20057181.17
737,133,0,0,40.42,0.01,51.62,138.25,20057181.17
737,133,0,0,40.42,0.01,51.62,138.25,20057181.17
737,133,0,0,40.42,0.01,51.62,138.25,20057181.17
737,133,0,0,40.42,0.01,51.62,138.25,20057181.17
737,133,0,0,40.42,0.01,51.62,138.25,20057181.17
737,133,0,0,40.42,0.01,51.62,138.25,20057181.17
737,133,0,0,40.42,0.01,51.62,138.25,20057181.17
737,133,0,0,40.42,0.01,51.62,138.25,20057181.17
737,133,0,0,40.42,0.01,51.62,138.25,20057181.17
737,133,0,0,40.42,0.01,51.62,138.25,20057181.17
737,133,0,0,40.42,0.01,51.62,138.25,20057181.17
737,133,0,0,40.42,0.01,51.62,138.25,20057181.17
737,133,0,0,40.42,0.01,51.62,138.25,20057181.17
737,133,0,0,40.42,0.01,51.62,138.25,20057181.17
737,133,0,0,40.42,0.01,51.62,138.25,20057181.17
737,133,0,0,40.42,0.01,51.62,138.25,20057181.17
737,133,0,0,40.42,0.01,51.62,138.25,20057181.17
737,133,0,0,40.42,0.01,51.62,138.25,20057181.17
737,133,0,0,40.42,0.01,51.62,138.25,20057181.17
737,133,0,0,40.42,0.01,51.62,138.25,20057181.17
737,133,0,0,40.42,0.01,51.62,138.25,20057181.17
737,133,0,0,40.42,0.01,51.62,138.25,20057181.17
737,133,0,0,40.42,0.01,51.62,138.25,20057181.17
737,133,0,0,40.42,0.01,51.62,138.25,20057181.17
737,133,0,0,40.42,0.01,51.62,138.25,20057181.17
737,133,0,0,40.42,0.01,51.62,138.25,20057181.17
737,133,0,0,40.42,0.01,51.62,138.25,20057181.17
737,133,0,0,40.42,0.01,51.62,138.25,20057181.17
737,133,0,0,40.42,0.01,51.62,138.25,20057181.17
737,133,0,0,40.42,0.01,51.62,138.25,20057181.17
737,133,0,0,40.42,0.01,51.62,138.25,20057181.17
737,133,0,0,40.42,0.01,51.62,138.25,20057181.17
737,133,0,0,40.42,0.01,51.62,138.25,20057181.17
737,133,0,0,40.42,0.01,51.62,138.25,20057181.17
737,133,0,0,40.42,0.01,51.62,138.25,20057181.17
737,133,0,0,40.42,0.01,51.62,138.25,20057181.17
737,133,0,0,40.42,0.01,51.62,138.25,20057181.17
737,133,0,0,40.42,0.01,51.62,138.25,20057181.17
1216,0,0,0,44.54,0.01,51.27,141.86,30173683.87
1345,8,0,0,33.92,0.01,61.25,149.11,34227703.79
1088,16,0,0,40.37,0.01,51.78,151.72,29122193.43
1059,24,0,0,40.83,0.01,51.64,150.51,28828795.33
1144,32,0,0,34.14,0.01,53.66,142.78,29451562.9
1049,40,0,0,40.42,0.01,52.22,145.59,27667399.98
1051,47,0,0,40.42,0.01,53.31,145.02,27708568.22
1047,55,0,0,40.42,0.01,52.86,141.28,27104521.91
997,64,0,0,40.42,0.01,52.36,141.94,26287008.05
1009,72,0,0,34.14,0.01,53.15,138.91,26171056.93
969,80,0,0,40.42,0.01,52.53,138.37,24934065.59
907,88,0,0,40.42,0.01,51.85,140.3,23906722.67
889,96,0,0,40.42,0.01,51.86,138.74,23344977.43
855,103,0,0,40.42,0.01,51.57,139.05,22671906.38
807,112,0,0,40.42,0.01,51.09,139.76,21482293.34
767,127,0,0,40.42,0.01,51.32,138.13,20712615.75
737,133,0,0,40.42,0.01,51.62,138.25,20057181.17
737,133,0,0,40.42,0.01,51.62,138.25,20057181.17
737,133,0,0,40.42,0.01,51.62,138.25,20057181.17
737,133,0,0,40.42,0.01,51.62,138.25,20057181.17
737,133,0,0,40.42,0.01,51.62,138.25,20057181.17
737,133,0,0,40.42,0.01,51.62,138.25,20057181.17
737,133,0,0,40.42,0.01,51.62,138.25,20057181.17
737,133,0,0,40.42,0.01,51.62,138.25,20057181.17
737,133,0,0,40.42,0.01,51.62,138.25,20057181.17
737,133,0,0,40.42,0.01,51.62,138.25,20057181.17
737,133,0,0,40.42,0.01,51.62,138.25,20057181.17
737,133,0,0,40.42,0.01,51.62,138.25,20057181.17
737,133,0,0,40.42,0.01,51.62,138.25,20057181.17
737,133,0,0,40.42,0.01,51.62,138.25,20057181.17
737,133,0,0,40.42,0.01,51.62,138.25,20057181.17
737,133,0,0,40.42,0.01,51.62,138.25,20057181.17
737,133,0,0,40.42,0.01,51.62,138.25,20057181.17
737,133,0,0,40.42,0.01,51.62,138.25,20057181.17
737,133,0,0,40.42,0.01,51.62,138.25,20057181.17
737,133,0,0,40.42,0.01,51.62,138.25,20057181.17
737,133,0,0,40.42,0.01,51.62,138.25,20057181.17
737,133,0,0,40.42,0.01,51.62,138.25,20057181.17
737,133,0,0,40.42,0.01,51.62,138.25,20057181.17
737,133,0,0,40.42,0.01,51.62,138.25,20057181.17
737,133,0,0,40.42,0.01,51.62,138.25,20057181.17
737,133,0,0,40.42,0.01,51.62,138.25,20057181.17
737,133,0,0,40.42,0.01,51.62,138.25,20057181.17
737,133,0,0,40.42,0.01,51.62,138.25,20057181.17
737,133,0,0,40.42,0.01,51.62,138.25,20057181.17
737,133,0,0,40.42,0.01,51.62,138.25,20057181.17
737,133,0,0,40.42,0.01,51.62,138.25,20057181.17
737,133,0,0,40.42,0.01,51.62,138.25,20057181.17
737,133,0,0,40.42,0.01,51.62,138.25,20057181.17
737,133,0,0,40.42,0.01,51.62,138.25,20057181.17
737,133,0,0,40.42,0.01,51.62,138.25,20057181.17
737,133,0,0,40.42,0.01,51.62,138.25,20057181.17
737,133,0,0,40.42,0.01,51.62,138.25,20057181.17
737,133,0,0,40.42,0.01,51.62,138.25,20057181.17
737,133,0,0,40.42,0.01,51.62,138.25,20057181.17
737,133,0,0,40.42,0.01,51.62,138.25,20057181.17
737,133,0,0,40.42,0.01,51.62,138.25,20057181.17
1216,0,0,0,44.54,0.01,51.27,141.86,30173683.87
1345,8,0,0,33.92,0.01,61.25,149.11,34227703.79
1088,16,0,0,40.37,0.01,51.78,151.72,29122193.43
1059,24,0,0,40.83,0.01,51.64,150.51,28828795.33
1144,32,0,0,34.14,0.01,53.66,142.78,29451562.9
1049,40,0,0,40.42,0.01,52.22,145.59,27667399.98
1051,47,0,0,40.42,0.01,53.31,145.02,27708568.22
1047,55,0,0,40.42,0.01,52.86,141.28,27104521.91
997,64,0,0,40.42,0.01,52.36,141.94,26287008.05
1009,72,0,0,34.14,0.01,53.15,138.91,26171056.93
969,80,0,0,40.42,0.01,52.53,138.37,24934065.59
907,88,0,0,40.42,0.01,51.85,140.3,23906722.67
889,96,0,0,40.42,0.01,51.86,138.74,23344977.43
855,103,0,0,40.42,0.01,51.57,139.05,22671906.38
807,112,0,0,40.42,0.01,51.09,139.76,21482293.34
767,127,0,0,40.42,0.01,51.32,138.13,20712615.75
737,133,0,0,40.42,0.01,51.62,138.25,20057181.17
737,133,0,0,40.42,0.01,51.62,138.25,20057181.17
737,133,0,0,40.42,0.01,51.62,138.25,20057181.17
737,133,0,0,40.42,0.01,51.62,138.25,20057181.17
737,133,0,0,40.42,0.01,51.62,138.25,20057181.17
737,133,0,0,40.42,0.01,51.62,138.25,20057181.17
737,133,0,0,40.42,0.01,51.62,138.25,20057181.17
737,133,0,0,40.42,0.01,51.62,138.25,20057181.17
737,133,0,0,40.42,0.01,51.62,138.25,20057181.17
737,133,0,0,40.42,0.01,51.62,138.25,20057181.17
737,133,0,0,40.42,0.01,51.62,138.25,20057181.17
737,133,0,0,40.42,0.01,51.62,138.25,20057181.17
737,133,0,0,40.42,0.01,51.62,138.25,20057181.17
737,133,0,0,40.42,0.01,51.62,138.25,20057181.17
737,133,0,0,40.42,0.01,51.62,138.25,20057181.17
737,133,0,0,40.42,0.01,51.62,138.25,20057181.17
737,133,0,0,40.42,0.01,51.62,138.25,20057181.17
737,133,0,0,40.42,0.01,51.62,138.25,20057181.17
737,133,0,0,40.42,0.01,51.62,138.25,20057181.17
737,133,0,0,40.42,0.01,51.62,138.25,20057181.17
737,133,0,0,40.42,0.01,51.62,138.25,20057181.17
737,133,0,0,40.42,0.01,51.62,138.25,20057181.17
737,133,0,0,40.42,0.01,51.62,138.25,20057181.17
737,133,0,0,40.42,0.01,51.62,138.25,20057181.17
737,133,0,0,40.42,0.01,51.62,138.25,20057181.17
737,133,0,0,40.42,0.01,51.62,138.25,20057181.17
737,133,0,0,40.42,0.01,51.62,138.25,20057181.17
737,133,0,0,40.42,0.01,51.62,138.25,20057181.17
737,133,0,0,40.42,0.01,51.62,138.25,20057181.17
737,133,0,0,40.42,0.01,51.62,138.25,20057181.17
737,133,0,0,40.42,0.01,51.62,138.25,20057181.17
737,133,0,0,40.42,0.01,51.62,138.25,20057181.17
737,133,0,0,40.42,0.01,51.62,138.25,20057181.17
737,133,0,0,40.42,0.01,51.62,138.25,20057181.17
737,133,0,0,40.42,0.01,51.62,138.25,20057181.17
737,133,0,0,40.42,0.01,51.62,138.25,20057181.17
737,133,0,0,40.42,0.01,51.62,138.25,20057181.17
737,133,0,0,40.42,0.01,51.62,138.25,20057181.17
737,133,0,0,40.42,0.01,51.62,138.25,20057181.17
737,133,0,0,40.42,0.01,51.62,138.25,20057181.17
737,133,0,0,40.42,0.01,51.62,138.25,20057181.17
1216,0,0,0,44.54,0.01,51.27,141.86,30173683.87
1345,8,0,0,33.92,0.01,61.25,149.11,34227703.79
1088,16,0,0,40.37,0.01,51.78,151.72,29122193.43
1059,24,0,0,40.83,0.01,51.64,150.51,28828795.33
1144,32,0,0,34.14,0.01,53.66,142.78,29451562.9
1049,40,0,0,40.42,0.01,52.22,145.59,27667399.98
1051,47,0,0,40.42,0.01,53.31,145.02,27708568.22
1047,55,0,0,40.42,0.01,52.86,141.28,27104521.91
997,64,0,0,40.42,0.01,52.36,141.94,26287008.05
1009,72,0,0,34.14,0.01,53.15,138.91,26171056.93
969,80,0,0,40.42,0.01,52.53,138.37,24934065.59
907,88,0,0,40.42,0.01,51.85,140.3,23906722.67
889,96,0,0,40.42,0.01,51.86,138.74,23344977.43
855,103,0,0,40.42,0.01,51.57,139.05,22671906.38
807,112,0,0,40.42,0.01,51.09,139.76,21482293.34
767,127,0,0,40.42,0.01,51.32,138.13,20712615.75
737,133,0,0,40.42,0.01,51.62,138.25,20057181.17
737,133,0,0,40.42,0.01,51.62,138.25,20057181.17
737,133,0,0,40.42,0.01,51.62,138.25,20057181.17
737,133,0,0,40.42,0.01,51.62,138.25,20057181.17
737,133,0,0,40.42,0.01,51.62,138.25,20057181.17
737,133,0,0,40.42,0.01,51.62,138.25,20057181.17
737,133,0,0,40.42,0.01,51.62,138.25,20057181.17
737,133,0,0,40.42,0.01,51.62,138.25,20057181.17
737,133,0,0,40.42,0.01,51.62,138.25,20057181.17
737,133,0,0,40.42,0.01,51.62,138.25,20057181.17
737,133,0,0,40.42,0.01,51.62,138.25,20057181.17
737,133,0,0,40.42,0.01,51.62,138.25,20057181.17
737,133,0,0,40.42,0.01,51.62,138.25,20057181.17
737,133,0,0,40.42,0.01,51.62,138.25,20057181.17
737,133,0,0,40.42,0.01,51.62,138.25,20057181.17
737,133,0,0,40.42,0.01,51.62,138.25,20057181.17
737,133,0,0,40.42,0.01,51.62,138.25,20057181.17
737,133,0,0,40.42,0.01,51.62,138.25,20057181.17
737,133,0,0,40.42,0.01,51.62,138.25,20057181.17
737,133,0,0,40.42,0.01,51.62,138.25,20057181.17
737,133,0,0,40.42,0.01,51.62,138.25,20057181.17
737,133,0,0,40.42,0.01,51.62,138.25,20057181.17
737,133,0,0,40.42,0.01,51.62,138.25,20057181.17
737,133,0,0,40.42,0.01,51.62,138.25,20057181.17
737,133,0,0,40.42,0.01,51.62,138.25,20057181.17
737,133,0,0,40.42,0.01,51.62,138.25,20057181.17
737,133,0,0,40.42,0.01,51.62,138.25,20057181.17
737,133,0,0,40.42,0.01,51.62,138.25,20057181.17
737,133,0,0,40.42,0.01,51.62,138.25,20057181.17
737,133,0,0,40.42,0.01,51.62,138.25,20057181.17
737,133,0,0,40.42,0.01,51.62,138.25,20057181.17
737,133,0,0,40.42,0.01,51.62,138.25,20057181.17
737,133,0,0,40.42,0.01,51.62,138.25,20057181.17
737,133,0,0,40.42,0.01,51.62,138.25,20057181.17
737,133,0,0,40.42,0.01,51.62,138.25,20057181.17
737,133,0,0,40.42,0.01,51.62,138.25,20057181.17
737,133,0,0,40.42,0.01,51.62,138.25,20057181.17
737,133,0,0,40.42,0.01,51.62,138.25,20057181.17
737,133,0,0,40.42,0.01,51.62,138.25,20057181.17
737,133,0,0,40.42,0.01,51.62,138.25,20057181.17
737,133,0,0,40.42,0.01,51.62,138.25,20057181.17
1216,0,0,0,44.54,0.01,51.27,141.86,30173683.87
1345,8,0,0,33.92,0.01,61.25,149.11,34227703.79
1088,16,0,0,40.37,0.01,51.78,151.72,29122193.43
1059,24,0,0,40.83,0.01,51.64,150.51,28828795.33
1144,32,0,0,34.14,0.01,53.66,142.78,29451562.9
1049,40,0,0,40.42,0.01,52.22,145.59,27667399.98
1051,47,0,0,40.42,0.01,53.31,145.02,27708568.22
1047,55,0,0,40.42,0.01,52.86,141.28,27104521.91
997,64,0,0,40.42,0.01,52.36,141.94,26287008.05
1009,72,0,0,34.14,0.01,53.15,138.91,26171056.93
969,80,0,0,40.42,0.01,52.53,138.37,24934065.59
907,88,0,0,40.42,0.01,51.85,140.3,23906722.67
889,96,0,0,40.42,0.01,51.86,138.74,23344977.43
855,103,0,0,40.42,0.01,51.57,139.05,22671906.38
807,112,0,0,40.42,0.01,51.09,139.76,21482293.34
767,127,0,0,40.42,0.01,51.32,138.13,20712615.75
737,133,0,0,40.42,0.01,51.62,138.25,20057181.17
737,133,0,0,40.42,0.01,51.62,138.25,20057181.17
737,133,0,0,40.42,0.01,51.62,138.25,20057181.17
737,133,0,0,40.42,0.01,51.62,138.25,20057181.17
737,133,0,0,40.42,0.01,51.62,138.25,20057181.17
737,133,0,0,40.42,0.01,51.62,138.25,20057181.17
737,133,0,0,40.42,0.01,51.62,138.25,20057181.17
737,133,0,0,40.42,0.01,51.62,138.25,20057181.17
737,133,0,0,40.42,0.01,51.62,138.25,20057181.17
737,133,0,0,40.42,0.01,51.62,138.25,20057181.17
737,133,0,0,40.42,0.01,51.62,138.25,20057181.17
737,133,0,0,40.42,0.01,51.62,138.25,20057181.17
737,133,0,0,40.42,0.01,51.62,138.25,20057181.17
737,133,0,0,40.42,0.01,51.62,138.25,20057181.17
737,133,0,0,40.42,0.01,51.62,138.25,20057181.17
737,133,0,0,40.42,0.01,51.62,138.25,20057181.17
737,133,0,0,40.42,0.01,51.62,138.25,20057181.17
737,133,0,0,40.42,0.01,51.62,138.25,20057181.17
737,133,0,0,40.42,0.01,51.62,138.25,20057181.17
737,133,0,0,40.42,0.01,51.62,138.25,20057181.17
737,133,0,0,40.42,0.01,51.62,138.25,20057181.17
737,133,0,0,40.42,0.01,51.62,138.25,20057181.17
737,133,0,0,40.42,0.01,51.62,138.25,20057181.17
737,133,0,0,40.42,0.01,51.62,138.25,20057181.17
737,133,0,0,40.42,0.01,51.62,138.25,20057181.17
737,133,0,0,40.42,0.01,51.62,138.25,20057181.17
737,133,0,0,40.42,0.01,51.62,138.25,20057181.17
737,133,0,0,40.42,0.01,51.62,138.25,20057181.17
737,133,0,0,40.42,0.01,51.62,138.25,20057181.17
737,133,0,0,40.42,0.01,51.62,138.25,20057181.17
737,133,0,0,40.42,0.01,51.62,138.25,20057181.17
737,133,0,0,40.42,0.01,51.62,138.25,20057181.17
737,133,0,0,40.42,0.01,51.62,138.25,20057181.17
737,133,0,0,40.42,0.01,51.62,138.25,20057181.17
737,133,0,0,40.42,0.01,51.62,138.25,20057181.17
737,133,0,0,40.42,0.01,51.62,138.25,20057181.17
737,133,0,0,40.42,0.01,51.62,138.25,20057181.17
737,133,0,0,40.42,0.01,51.62,138.25,20057181.17
737,133,0,0,40.42,0.01,51.62,138.25,20057181.17
737,133,0,0,40.42,0.01,51.62,138.25,20057181.17
737,133,0,0,40.42,0.01,51.62,138.25,20057181.17
1216,0,0,0,44.54,0.01,51.27,141.86,30173683.87
1345,8,0,0,33.92,0.01,61.25,149.11,34227703.79
1088,16,0,0,40.37,0.01,51.78,151.72,29122193.43
1059,24,0,0,40.83,0.01,51.64,150.51,28828795.33
1144,32,0,0,34.14,0.01,53.66,142.78,29451562.9
1049,40,0,0,40.42,0.01,52.22,145.59,27667399.98
1051,47,0,0,40.42,0.01,53.31,145.02,27708568.22
1047,55,0,0,40.42,0.01,52.86,141.28,27104521.91
997,64,0,0,40.42,0.01,52.36,141.94,26287008.05
1009,72,0,0,34.14,0.01,53.15,138.91,26171056.93
969,80,0,0,40.42,0.01,52.53,138.37,24934065.59
907,88,0,0,40.42,0.01,51.85,140.3,23906722.67
889,96,0,0,40.42,0.01,51.86,138.74,23344977.43
855,103,0,0,40.42,0.01,51.57,139.05,22671906.38
807,112,0,0,40.42,0.01,51.09,139.76,21482293.34
767,127,0,0,40.42,0.01,51.32,138.13,20712615.75
737,133,0,0,40.42,0.01,51.62,138.25,20057181.17
737,133,0,0,40.42,0.01,51.62,138.25,20057181.17
737,133,0,0,40.42,0.01,51.62,138.25,20057181.17
737,133,0,0,40.42,0.01,51.62,138.25,20057181.17
737,133,0,0,40.42,0.01,51.62,138.25,20057181.17
737,133,0,0,40.42,0.01,51.62,138.25,20057181.17
737,133,0,0,40.42,0.01,51.62,138.25,20057181.17
737,133,0,0,40.42,0.01,51.62,138.25,20057181.17
737,133,0,0,40.42,0.01,51.62,138.25,20057181.17
737,133,0,0,40.42,0.01,51.62,138.25,20057181.17
737,133,0,0,40.42,0.01,51.62,138.25,20057181.17
737,133,0,0,40.42,0.01,51.62,138.25,20057181.17
737,133,0,0,40.42,0.01,51.62,138.25,20057181.17
737,133,0,0,40.42,0.01,51.62,138.25,20057181.17
737,133,0,0,40.42,0.01,51.62,138.25,20057181.17
737,133,0,0,40.42,0.01,51.62,138.25,20057181.17
737,133,0,0,40.42,0.01,51.62,138.25,20057181.17
737,133,0,0,40.42,0.01,51.62,138.25,20057181.17
737,133,0,0,40.42,0.01,51.62,138.25,20057181.17
737,133,0,0,40.42,0.01,51.62,138.25,20057181.17
737,133,0,0,40.42,0.01,51.62,138.25,20057181.17
737,133,0,0,40.42,0.01,51.62,138.25,20057181.17
737,133,0,0,40.42,0.01,51.62,138.25,20057181.17
737,133,0,0,40.42,0.01,51.62,138.25,20057181.17
737,133,0,0,40.42,0.01,51.62,138.25,20057181.17
737,133,0,0,40.42,0.01,51.62,138.25,20057181.17
737,133,0,0,40.42,0.01,51.62,138.25,20057181.17
737,133,0,0,40.42,0.01,51.62,138.25,20057181.17
737,133,0,0,40.42,0.01,51.62,138.25,20057181.17
737,133,0,0,40.42,0.01,51.62,138.25,20057181.17
737,133,0,0,40.42,0.01,51.62,138.25,20057181.17
737,133,0,0,40.42,0.01,51.62,138.25,20057181.17
737,133,0,0,40.42,0.01,51.62,138.25,20057181.17
737,133,0,0,40.42,0.01,51.62,138.25,20057181.17
737,133,0,0,40.42,0.01,51.62,138.25,20057181.17
737,133,0,0,40.42,0.01,51.62,138.25,20057181.17
737,133,0,0,40.42,0.01,51.62,138.25,20057181.17
737,133,0,0,40.42,0.01,51.62,138.25,20057181.17
737,133,0,0,40.42,0.01,51.62,138.25,20057181.17
737,133,0,0,40.42,0.01,51.62,138.25,20057181.17
737,133,0,0,40.42,0.01,51.62,138.25,20057181.17
1216,0,0,0,44.54,0.01,51.27,141.86,30173683.87
1345,8,0,0,33.92,0.01,61.25,149.11,34227703.79
1088,16,0,0,40.37,0.01,51.78,151.72,29122193.43
1059,24,0,0,40.83,0.01,51.64,150.51,28828795.33
1144,32,0,0,34.14,0.01,53.66,142.78,29451562.9
1049,40,0,0,40.42,0.01,52.22,145.59,27667399.98
1051,47,0,0,40.42,0.01,53.31,145.02,27708568.22
1047,55,0,0,40.42,0.01,52.86,141.28,27104521.91
997,64,0,0,40.42,0.01,52.36,141.94,26287008.05
1009,72,0,0,34.14,0.01,53.15,138.91,26171056.93
969,80,0,0,40.42,0.01,52.53,138.37,24934065.59
907,88,0,0,40.42,0.01,51.85,140.3,23906722.67
889,96,0,0,40.42,0.01,51.86,138.74,23344977.43
855,103,0,0,40.42,0.01,51.57,139.05,22671906.38
807,112,0,0,40.42,0.01,51.09,139.76,21482293.34
767,127,0,0,40.42,0.01,51.32,138.13,20712615.75
737,133,0,0,40.42,0.01,51.62,138.25,20057181.17
737,133,0,0,40.42,0.01,51.62,138.25,20057181.17
737,133,0,0,40.42,0.01,51.62,138.25,20057181.17
737,133,0,0,40.42,0.01,51.62,138.25,20057181.17
737,133,0,0,40.42,0.01,51.62,138.25,20057181.17
737,133,0,0,40.42,0.01,51.62,138.25,20057181.17
737,133,0,0,40.42,0.01,51.62,138.25,20057181.17
737,133,0,0,40.42,0.01,51.62,138.25,20057181.17
737,133,0,0,40.42,0.01,51.62,138.25,20057181.17
737,133,0,0,40.42,0.01,51.62,138.25,20057181.17
737,133,0,0,40.42,0.01,51.62,138.25,20057181.17
737,133,0,0,40.42,0.01,51.62,138.25,20057181.17
737,133,0,0,40.42,0.01,51.62,138.25,20057181.17
737,133,0,0,40.42,0.01,51.62,138.25,20057181.17
737,133,0,0,40.42,0.01,51.62,138.25,20057181.17
737,133,0,0,40.42,0.01,51.62,138.25,20057181.17
737,133,0,0,40.42,0.01,51.62,138.25,20057181.17
737,133,0,0,40.42,0.01,51.62,138.25,20057181.17
737,133,0,0,40.42,0.01,51.62,138.25,20057181.17
737,133,0,0,40.42,0.01,51.62,138.25,20057181.17
737,133,0,0,40.42,0.01,51.62,138.25,20057181.17
737,133,0,0,40.42,0.01,51.62,138.25,20057181.17
737,133,0,0,40.42,0.01,51.62,138.25,20057181.17
737,133,0,0,40.42,0.01,51.62,138.25,20057181.17
737,133,0,0,40.42,0.01,51.62,138.25,20057181.17
737,133,0,0,40.42,0.01,51.62,138.25,20057181.17
737,133,0,0,40.42,0.01,51.62,138.25,20057181.17
737,133,0,0,40.42,0.01,51.62,138.25,20057181.17
737,133,0,0,40.42,0.01,51.62,138.25,20057181.17
737,133,0,0,40.42,0.01,51.62,138.25,20057181.17
737,133,0,0,40.42,0.01,51.62,138.25,20057181.17
737,133,0,0,40.42,0.01,51.62,138.25,20057181.17
737,133,0,0,40.42,0.01,51.62,138.25,20057181.17
737,133,0,0,40.42,0.01,51.62,138.25,20057181.17
737,133,0,0,40.42,0.01,51.62,138.25,20057181.17
737,133,0,0,40.42,0.01,51.62,138.25,20057181.17
737,133,0,0,40.42,0.01,51.62,138.25,20057181.17
737,133,0,0,40.42,0.01,51.62,138.25,20057181.17
737,133,0,0,40.42,0.01,51.62,138.25,20057181.17
737,133,0,0,40.42,0.01,51.62,138.25,20057181.17
737,133,0,0,40.42,0.01,51.62,138.25,20057181.17
1216,0,0,0,44.54,0.01,51.27,141.86,30173683.87
1345,8,0,0,33.92,0.01,61.25,149.11,34227703.79
1088,16,0,0,40.37,0.01,51.78,151.72,29122193.43
1059,24,0,0,40.83,0.01,51.64,150.51,28828795.33
1144,32,0,0,34.14,0.01,53.66,142.78,29451562.9
1049,40,0,0,40.42,0.01,52.22,145.59,27667399.98
1051,47,0,0,40.42,0.01,53.31,145.02,27708568.22
1047,55,0,0,40.42,0.01,52.86,141.28,27104521.91
997,64,0,0,40.42,0.01,52.36,141.94,26287008.05
1009,72,0,0,34.14,0.01,53.15,138.91,26171056.93
969,80,0,0,40.42,0.01,52.53,138.37,24934065.59
907,88,0,0,40.42,0.01,51.85,140.3,23906722.67
889,96,0,0,40.42,0.01,51.86,138.74,23344977.43
855,103,0,0,40.42,0.01,51.57,139.05,22671906.38
807,112,0,0,40.42,0.01,51.09,139.76,21482293.34
767,127,0,0,40.42,0.01,51.32,138.13,20712615.75
737,133,0,0,40.42,0.01,51.62,138.25,20057181.17
737,133,0,0,40.42,0.01,51.62,138.25,20057181.17
737,133,0,0,40.42,0.01,51.62,138.25,20057181.17
737,133,0,0,40.42,0.01,51.62,138.25,20057181.17
737,133,0,0,40.42,0.01,51.62,138.25,20057181.17
737,133,0,0,40.42,0.01,51.62,138.25,20057181.17
737,133,0,0,40.42,0.01,51.62,138.25,20057181.17
737,133,0,0,40.42,0.01,51.62,138.25,20057181.17
737,133,0,0,40.42,0.01,51.62,138.25,20057181.17
737,133,0,0,40.42,0.01,51.62,138.25,20057181.17
737,133,0,0,40.42,0.01,51.62,138.25,20057181.17
737,133,0,0,40.42,0.01,51.62,138.25,20057181.17
737,133,0,0,40.42,0.01,51.62,138.25,20057181.17
737,133,0,0,40.42,0.01,51.62,138.25,20057181.17
737,133,0,0,40.42,0.01,51.62,138.25,20057181.17
737,133,0,0,40.42,0.01,51.62,138.25,20057181.17
737,133,0,0,40.42,0.01,51.62,138.25,20057181.17
737,133,0,0,40.42,0.01,51.62,138.25,20057181.17
737,133,0,0,40.42,0.01,51.62,138.25,20057181.17
737,133,0,0,40.42,0.01,51.62,138.25,20057181.17
737,133,0,0,40.42,0.01,51.62,138.25,20057181.17
737,133,0,0,40.42,0.01,51.62,138.25,20057181.17
737,133,0,0,40.42,0.01,51.62,138.25,20057181.17
737,133,0,0,40.42,0.01,51.62,138.25,20057181.17
737,133,0,0,40.42,0.01,51.62,138.25,20057181.17
737,133,0,0,40.42,0.01,51.62,138.25,20057181.17
737,133,0,0,40.42,0.01,51.62,138.25,20057181.17
737,133,0,0,40.42,0.01,51.62,138.25,20057181.17
737,133,0,0,40.42,0.01,51.62,138.25,20057181.17
737,133,0,0,40.42,0.01,51.62,138.25,20057181.17
737,133,0,0,40.42,0.01,51.62,138.25,20057181.17
737,133,0,0,40.42,0.01,51.62,138.25,20057181.17
737,133,0,0,40.42,0.01,51.62,138.25,20057181.17
737,133,0,0,40.42,0.01,51.62,138.25,20057181.17
737,133,0,0,40.42,0.01,51.62,138.25,20057181.17
737,133,0,0,40.42,0.01,51.62,138.25,20057181.17
737,133,0,0,40.42,0.01,51.62,138.25,20057181.17
737,133,0,0,40.42,0.01,51.62,138.25,20057181.17
737,133,0,0,40.42,0.01,51.62,138.25,20057181.17
737,133,0,0,40.42,0.01,51.62,138.25,20057181.17
737,133,0,0,40.42,0.01,51.62,138.25,20057181.17
1216,0,0,0,44.54,0.01,51.27,141.86,30173683.87
1345,8,0,0,33.92,0.01,61.25,149.11,34227703.79
1088,16,0,0,40.37,0.01,51.78,151.72,29122193.43
1059,24,0,0,40.83,0.01,51.64,150.51,28828795.33
1144,32,0,0,34.14,0.01,53.66,142.78,29451562.9
1049,40,0,0,40.42,0.01,52.22,145.59,27667399.98
1051,47,0,0,40.42,0.01,53.31,145.02,27708568.22
1047,55,0,0,40.42,0.01,52.86,141.28,27104521.91
997,64,0,0,40.42,0.01,52.36,141.94,26287008.05
1009,72,0,0,34.14,0.01,53.15,138.91,26171056.93
969,80,0,0,40.42,0.01,52.53,138.37,24934065.59
907,88,0,0,40.42,0.01,51.85,140.3,23906722.67
889,96,0,0,40.42,0.01,51.86,138.74,23344977.43
855,103,0,0,40.42,0.01,51.57,139.05,22671906.38
807,112,0,0,40.42,0.01,51.09,139.76,21482293.34
767,127,0,0,40.42,0.01,51.32,138.13,20712615.75
737,133,0,0,40.42,0.01,51.62,138.25,20057181.17
737,133,0,0,40.42,0.01,51.62,138.25,20057181.17
737,133,0,0,40.42,0.01,51.62,138.25,20057181.17
737,133,0,0,40.42,0.01,51.62,138.25,20057181.17
737,133,0,0,40.42,0.01,51.62,138.25,20057181.17
737,133,0,0,40.42,0.01,51.62,138.25,20057181.17
737,133,0,0,40.42,0.01,51.62,138.25,20057181.17
737,133,0,0,40.42,0.01,51.62,138.25,20057181.17
737,133,0,0,40.42,0.01,51.62,138.25,20057181.17
737,133,0,0,40.42,0.01,51.62,138.25,20057181.17
737,133,0,0,40.42,0.01,51.62,138.25,20057181.17
737,133,0,0,40.42,0.01,51.62,138.25,20057181.17
737,133,0,0,40.42,0.01,51.62,138.25,20057181.17
737,133,0,0,40.42,0.01,51.62,138.25,20057181.17
737,133,0,0,40.42,0.01,51.62,138.25,20057181.17
737,133,0,0,40.42,0.01,51.62,138.25,20057181.17
737,133,0,0,40.42,0.01,51.62,138.25,20057181.17
737,133,0,0,40.42,0.01,51.62,138.25,20057181.17
737,133,0,0,40.42,0.01,51.62,138.25,20057181.17
737,133,0,0,40.42,0.01,51.62,138.25,20057181.17
737,133,0,0,40.42,0.01,51.62,138.25,20057181.17
737,133,0,0,40.42,0.01,51.62,138.25,20057181.17
737,133,0,0,40.42,0.01,51.62,138.25,20057181.17
737,133,0,0,40.42,0.01,51.62,138.25,20057181.17
737,133,0,0,40.42,0.01,51.62,138.25,20057181.17
737,133,0,0,40.42,0.01,51.62,138.25,20057181.17
737,133,0,0,40.42,0.01,51.62,138.25,20057181.17
737,133,0,0,40.42,0.01,51.62,138.25,20057181.17
737,133,0,0,40.42,0.01,51.62,138.25,20057181.17
737,133,0,0,40.42,0.01,51.62,138.25,20057181.17
737,133,0,0,40.42,0.01,51.62,138.25,20057181.17
737,133,0,0,40.42,0.01,51.62,138.25,20057181.17
737,133,0,0,40.42,0.01,51.62,138.25,20057181.17
737,133,0,0,40.42,0.01,51.62,138.25,20057181.17
737,133,0,0,40.42,0.01,51.62,138.25,20057181.17
737,133,0,0,40.42,0.01,51.62,138.25,20057181.17
737,133,0,0,40.42,0.01,51.62,138.25,20057181.17
737,133,0,0,40.42,0.01,51.62,138.25,20057181.17
737,133,0,0,40.42,0.01,51.62,138.25,20057181.17
737,133,0,0,40.42,0.01,51.62,138.25,20057181.17
737,133,0,0,40.42,0.01,51.62,138.25,20057181.17
0,0,8,0,6925.06,0.54,70.57,7525.06,9728819.04
0,0,16,0,3092.24,0.27,69.25,3692.24,10364268.03
0,0,24,0,1977.26,0.18,72.51,2577.26,10701855.5
0,0,32,0,720.14,0.09,49.52,1320.14,9168418.27
0,0,40,0,533.89,0.08,53.17,1133.89,9504547.13
0,0,48,0,289.92,0.06,50.07,889.92,9351684.3
0,0,56,0,144.65,0.05,48.88,744.65,9433501.13
0,0,64,0,66.79,0.05,50.02,666.79,9517644.14
0,0,72,0,65.4,0.05,56.16,665.4,10187568.35
0,0,80,0,40.86,0.04,53.87,574.39,10038303.69
0,0,88,0,40.86,0.03,52.84,512.28,9973603.17
0,0,96,0,40.86,0.03,52.83,469.47,9976143.86
0,0,104,0,40.48,0.03,57.19,469.1,10273252.98
0,0,112,0,40.48,0.03,56.45,429.98,10226133.95
0,0,128,0,40.48,0.02,55.09,367.13,10137927.41
0,0,144,0,40.48,0.02,54.56,323.19,10105246.65
0,0,160,0,40.48,0.02,53.5,285.22,10035997.66
0,0,176,0,40.48,0.02,52.76,255.74,9988239.63
0,0,192,0,40.48,0.01,52.24,232.09,9954260.6
0,0,208,0,40.48,0.01,52.38,214.83,9965469.07
0,0,224,0,40.48,0.01,52.59,200.27,9980660.15
0,0,240,0,40.48,0.01,51.87,184.36,9932915.01
0,0,256,0,40.48,0.01,51.77,172.52,9927407.63
0,0,288,0,40.48,0.01,52.38,155.15,9970068.77
0,0,304,0,40.48,0.01,52.02,145.97,9946230.27
0,0,320,0,40.48,0.01,52.05,138.77,9949355.84
0,0,351,0,40.48,0.01,52.3,126.74,9956544.28
0,0,353,0,40.48,0.01,53.06,125.75,9948867.89
0,0,353,0,40.48,0.01,53.06,125.75,9948867.89
0,0,353,0,40.48,0.01,53.06,125.75,9948867.89
0,0,353,0,40.48,0.01,53.06,125.75,9948867.89
0,0,353,0,40.48,0.01,53.06,125.75,9948867.89
0,0,353,0,40.48,0.01,53.06,125.75,9948867.89
0,0,353,0,40.48,0.01,53.06,125.75,9948867.89
0,0,353,0,40.48,0.01,53.06,125.75,9948867.89
0,0,353,0,40.48,0.01,53.06,125.75,9948867.89
0,0,353,0,40.48,0.01,53.06,125.75,9948867.89
0,0,353,0,40.48,0.01,53.06,125.75,9948867.89
0,0,353,0,40.48,0.01,53.06,125.75,9948867.89
0,0,353,0,40.48,0.01,53.06,125.75,9948867.89
0,0,353,0,40.48,0.01,53.06,125.75,9948867.89
0,0,353,0,40.48,0.01,53.06,125.75,9948867.89
0,0,353,0,40.48,0.01,53.06,125.75,9948867.89
0,0,353,0,40.48,0.01,53.06,125.75,9948867.89
0,0,353,0,40.48,0.01,53.06,125.75,9948867.89
0,0,353,0,40.48,0.01,53.06,125.75,9948867.89
0,0,353,0,40.48,0.01,53.06,125.75,9948867.89
0,0,353,0,40.48,0.01,53.06,125.75,9948867.89
0,0,353,0,40.48,0.01,53.06,125.75,9948867.89
0,0,353,0,40.48,0.01,53.06,125.75,9948867.89
0,0,353,0,40.48,0.01,53.06,125.75,9948867.89
0,0,353,0,40.48,0.01,53.06,125.75,9948867.89
0,0,353,0,40.48,0.01,53.06,125.75,9948867.89
0,0,353,0,40.48,0.01,53.06,125.75,9948867.89
0,0,353,0,40.48,0.01,53.06,125.75,9948867.89
0,0,353,0,40.48,0.01,53.06,125.75,9948867.89
8,0,8,0,3375.77,0.28,46.74,3975.77,10101067.94
8,0,16,0,2127.04,0.19,57.63,2727.04,10886411.88
8,0,24,0,811.31,0.1,43.06,1411.31,9497575.44
8,0,32,0,464.13,0.07,42.45,1064.13,9449622.0
8,0,40,0,282.59,0.06,43.48,882.59,9465506.11
8,0,48,0,146.67,0.05,43.79,746.67,9445799.73
8,0,56,0,66.1,0.04,45.31,666.1,9525070.17
8,0,64,0,50.74,0.04,44.78,578.56,9463318.16
8,0,72,0,50.74,0.04,49.63,571.91,9804727.45
8,0,80,0,50.74,0.03,46.48,483.36,9550688.51
8,0,88,0,50.74,0.03,46.9,444.38,9567503.05
8,0,96,0,50.74,0.03,48.03,417.97,9636780.98
8,0,104,0,50.74,0.02,47.71,383.83,9604710.74
8,0,112,0,50.74,0.02,48.85,365.48,9677479.68
8,0,128,0,50.74,0.02,49.08,322.03,9680326.69
8,0,144,0,50.74,0.02,50.73,296.34,9784820.64
8,0,160,0,50.74,0.02,50.89,267.91,9787181.19
8,0,176,0,50.74,0.01,52.06,249.48,9862230.92
8,0,192,0,50.74,0.01,52.86,232.39,9911210.7
8,0,208,0,50.74,0.01,54.15,219.94,9995837.82
8,0,224,0,50.34,0.01,55.0,207.58,10057186.18
8,0,240,0,50.34,0.01,55.83,196.78,10110645.35
8,0,256,0,50.34,0.01,67.18,222.09,10916801.06
8,0,288,0,50.34,0.01,59.04,173.66,10322731.88
8,0,304,0,50.06,0.01,59.92,167.02,10386823.58
8,0,307,0,50.06,0.01,61.28,166.46,10413419.0
8,0,307,0,50.06,0.01,61.28,166.46,10413419.0
8,0,307,0,50.06,0.01,61.28,166.46,10413419.0
8,0,307,0,50.06,0.01,61.28,166.46,10413419.0
8,0,307,0,50.06,0.01,61.28,166.46,10413419.0
8,0,307,0,50.06,0.01,61.28,166.46,10413419.0
8,0,307,0,50.06,0.01,61.28,166.46,10413419.0
8,0,307,0,50.06,0.01,61.28,166.46,10413419.0
8,0,307,0,50.06,0.01,61.28,166.46,10413419.0
8,0,307,0,50.06,0.01,61.28,166.46,10413419.0
8,0,307,0,50.06,0.01,61.28,166.46,10413419.0
8,0,307,0,50.06,0.01,61.28,166.46,10413419.0
8,0,307,0,50.06,0.01,61.28,166.46,10413419.0
8,0,307,0,50.06,0.01,61.28,166.46,10413419.0
8,0,307,0,50.06,0.01,61.28,166.46,10413419.0
8,0,307,0,50.06,0.01,61.28,166.46,10413419.0
8,0,307,0,50.06,0.01,61.28,166.46,10413419.0
8,0,307,0,50.06,0.01,61.28,166.46,10413419.0
8,0,307,0,50.06,0.01,61.28,166.46,10413419.0
8,0,307,0,50.06,0.01,61.28,166.46,10413419.0
8,0,307,0,50.06,0.01,61.28,166.46,10413419.0
8,0,307,0,50.06,0.01,61.28,166.46,10413419.0
8,0,307,0,50.06,0.01,61.28,166.46,10413419.0
8,0,307,0,50.06,0.01,61.28,166.46,10413419.0
8,0,307,0,50.06,0.01,61.28,166.46,10413419.0
8,0,307,0,50.06,0.01,61.28,166.46,10413419.0
8,0,307,0,50.06,0.01,61.28,166.46,10413419.0
8,0,307,0,50.06,0.01,61.28,166.46,10413419.0
8,0,307,0,50.06,0.01,61.28,166.46,10413419.0
8,0,307,0,50.06,0.01,61.28,166.46,10413419.0
8,0,307,0,50.06,0.01,61.28,166.46,10413419.0
16,0,8,0,2549.78,0.22,44.52,3149.78,12235711.56
16,0,16,0,1132.01,0.12,40.72,1732.01,11058377.73
16,0,24,0,645.01,0.09,40.95,1245.01,10631588.95
16,0,32,0,397.65,0.07,42.17,997.65,10398985.57
16,0,40,0,227.58,0.06,42.74,827.58,10227848.64
16,0,48,0,162.14,0.05,46.51,762.14,10391315.12
16,0,56,0,50.74,0.04,43.82,622.51,10032953.53
16,0,64,0,50.74,0.04,44.37,556.18,9987556.48
16,0,72,0,50.74,0.03,45.63,511.75,10024444.9
16,0,80,0,50.74,0.03,45.73,464.1,9961562.85
16,0,88,0,50.74,0.03,47.74,442.42,10057636.35
16,0,96,0,50.74,0.03,48.68,415.08,10099075.16
16,0,104,0,45.88,0.03,49.95,394.38,10695232.49
16,0,112,0,45.88,0.02,50.02,367.66,10619102.99
16,0,128,0,45.88,0.02,51.53,332.87,10635193.51
16,0,144,0,45.88,0.02,53.06,305.74,10658155.55
16,0,160,0,45.88,0.02,54.27,282.22,11016010.56
16,0,176,0,45.88,0.02,57.48,272.32,11178006.99
16,0,192,0,45.88,0.02,57.92,252.04,11645126.73
16,0,208,0,45.88,0.02,73.23,294.59,12703328.23
16,0,224,0,45.48,0.01,64.06,239.62,11964276.79
16,0,240,0,34.58,0.01,64.63,225.91,12839015.35
16,0,256,0,34.19,0.01,66.67,218.7,12939008.33
16,0,288,0,34.19,0.01,67.07,195.92,12691090.2
16,0,304,0,34.19,0.01,70.62,195.55,13554729.3
16,0,320,0,30.28,0.01,74.47,196.05,14751917.66
16,0,336,0,32.25,0.01,76.76,192.55,14445379.48
16,0,336,0,32.25,0.01,76.76,192.55,14445379.48
16,0,336,0,32.25,0.01,76.76,192.55,14445379.48
16,0,336,0,32.25,0.01,76.76,192.55,14445379.48
16,0,336,0,32.25,0.01,76.76,192.55,14445379.48
16,0,336,0,32.25,0.01,76.76,192.55,14445379.48
16,0,336,0,32.25,0.01,76.76,192.55,14445379.48
16,0,336,0,32.25,0.01,76.76,192.55,14445379.48
16,0,336,0,32.25,0.01,76.76,192.55,14445379.48
16,0,336,0,32.25,0.01,76.76,192.55,14445379.48
16,0,336,0,32.25,0.01,76.76,192.55,14445379.48
16,0,336,0,32.25,0.01,76.76,192.55,14445379.48
16,0,336,0,32.25,0.01,76.76,192.55,14445379.48
16,0,336,0,32.25,0.01,76.76,192.55,14445379.48
16,0,336,0,32.25,0.01,76.76,192.55,14445379.48
16,0,336,0,32.25,0.01,76.76,192.55,14445379.48
16,0,336,0,32.25,0.01,76.76,192.55,14445379.48
16,0,336,0,32.25,0.01,76.76,192.55,14445379.48
16,0,336,0,32.25,0.01,76.76,192.55,14445379.48
16,0,336,0,32.25,0.01,76.76,192.55,14445379.48
16,0,336,0,32.25,0.01,76.76,192.55,14445379.48
16,0,336,0,32.25,0.01,76.76,192.55,14445379.48
16,0,336,0,32.25,0.01,76.76,192.55,14445379.48
16,0,336,0,32.25,0.01,76.76,192.55,14445379.48
16,0,336,0,32.25,0.01,76.76,192.55,14445379.48
16,0,336,0,32.25,0.01,76.76,192.55,14445379.48
16,0,336,0,32.25,0.01,76.76,192.55,14445379.48
16,0,336,0,32.25,0.01,76.76,192.55,14445379.48
16,0,336,0,32.25,0.01,76.76,192.55,14445379.48
16,0,336,0,32.25,0.01,76.76,192.55,14445379.48
24,0,8,0,2156.41,0.19,45.51,2756.41,13614731.01
24,0,16,0,943.0,0.11,39.95,1543.0,11938655.61
24,0,24,0,527.1,0.08,39.75,1127.1,11416979.29
24,0,32,0,307.78,0.06,40.53,907.78,10979060.04
24,0,40,0,168.28,0.05,41.5,768.28,10806739.06
24,0,48,0,71.64,0.05,42.58,671.64,10665401.96
24,0,56,0,50.74,0.04,43.4,596.29,10547484.68
24,0,64,0,50.74,0.04,45.06,548.44,10573160.93
24,0,72,0,50.74,0.03,44.9,490.51,10406939.93
24,0,80,0,50.74,0.03,45.65,452.39,10381520.17
24,0,88,0,50.74,0.03,46.81,424.4,10392873.14
24,0,96,0,50.74,0.02,46.41,387.8,10270410.85
24,0,104,0,50.74,0.03,51.24,397.07,10627852.58
24,0,112,0,50.74,0.02,48.52,350.52,10338527.13
24,0,128,0,50.74,0.02,48.88,310.97,10264599.47
24,0,144,0,50.74,0.02,51.01,289.94,10368799.07
24,0,160,0,50.74,0.02,51.59,265.01,10345207.33
24,0,176,0,50.74,0.01,51.86,242.97,10302410.56
24,0,192,0,50.34,0.01,54.37,234.14,10459686.59
24,0,208,0,45.48,0.01,55.95,222.94,10813476.5
24,0,224,0,45.48,0.01,57.11,211.75,11083799.36
24,0,240,0,45.48,0.01,59.93,207.75,11248603.37
24,0,256,0,45.48,0.01,60.6,197.26,11463788.43
24,0,278,0,45.2,0.01,64.02,190.9,11674103.64
24,0,278,0,45.2,0.01,64.02,190.9,11674103.64
24,0,278,0,45.2,0.01,64.02,190.9,11674103.64
24,0,278,0,45.2,0.01,64.02,190.9,11674103.64
24,0,278,0,45.2,0.01,64.02,190.9,11674103.64
24,0,278,0,45.2,0.01,64.02,190.9,11674103.64
24,0,278,0,45.2,0.01,64.02,190.9,11674103.64
24,0,278,0,45.2,0.01,64.02,190.9,11674103.64
24,0,278,0,45.2,0.01,64.02,190.9,11674103.64
24,0,278,0,45.2,0.01,64.02,190.9,11674103.64
24,0,278,0,45.2,0.01,64.02,190.9,11674103.64
24,0,278,0,45.2,0.01,64.02,190.9,11674103.64
24,0,278,0,45.2,0.01,64.02,190.9,11674103.64
24,0,278,0,45.2,0.01,64.02,190.9,11674103.64
24,0,278,0,45.2,0.01,64.02,190.9,11674103.64
24,0,278,0,45.2,0.01,64.02,190.9,11674103.64
24,0,278,0,45.2,0.01,64.02,190.9,11674103.64
24,0,278,0,45.2,0.01,64.02,190.9,11674103.64
24,0,278,0,45.2,0.01,64.02,190.9,11674103.64
24,0,278,0,45.2,0.01,64.02,190.9,11674103.64
24,0,278,0,45.2,0.01,64.02,190.9,11674103.64
24,0,278,0,45.2,0.01,64.02,190.9,11674103.64
24,0,278,0,45.2,0.01,64.02,190.9,11674103.64
24,0,278,0,45.2,0.01,64.02,190.9,11674103.64
24,0,278,0,45.2,0.01,64.02,190.9,11674103.64
24,0,278,0,45.2,0.01,64.02,190.9,11674103.64
24,0,278,0,45.2,0.01,64.02,190.9,11674103.64
24,0,278,0,45.2,0.01,64.02,190.9,11674103.64
24,0,278,0,45.2,0.01,64.02,190.9,11674103.64
24,0,278,0,45.2,0.01,64.02,190.9,11674103.64
24,0,278,0,45.2,0.01,64.02,190.9,11674103.64
24,0,278,0,45.2,0.01,64.02,190.9,11674103.64
24,0,278,0,45.2,0.01,64.02,190.9,11674103.64
32,0,8,0,1366.95,0.14,37.15,1966.95,13645393.85
32,0,16,0,784.88,0.1,39.15,1384.88,12378582.54
32,0,24,0,388.97,0.07,37.23,988.97,11691905.92
32,0,32,0,222.36,0.06,38.67,822.36,11215866.94
32,0,40,0,107.83,0.05,39.92,707.83,11071791.87
32,0,48,0,50.74,0.04,41.13,625.22,10901720.73
32,0,56,0,50.74,0.04,42.15,560.89,10781449.37
32,0,64,0,50.74,0.03,43.59,515.69,10761251.0
32,0,72,0,50.74,0.03,44.66,475.59,10717725.66
32,0,80,0,50.74,0.03,45.11,436.72,10617554.37
32,0,88,0,50.74,0.03,45.48,403.65,10547075.73
32,0,96,0,50.74,0.02,47.58,389.88,10652052.76
32,0,104,0,50.74,0.02,46.84,356.42,10505843.02
32,0,112,0,50.74,0.02,54.45,386.69,11065299.67
32,0,128,0,50.74,0.02,50.61,317.17,10611524.1
32,0,144,0,50.74,0.02,54.1,303.4,10849973.8
32,0,160,0,37.54,0.02,55.26,280.41,11803177.22
32,0,176,0,37.54,0.02,58.34,270.3,11959299.22
32,0,192,0,37.54,0.01,56.76,241.98,11608566.71
32,0,208,0,37.54,0.02,62.25,245.74,13306860.59
32,0,224,0,37.54,0.01,65.11,239.31,13501328.06
32,0,240,0,37.14,0.01,67.4,231.75,13549207.81
32,0,256,0,37.14,0.01,70.82,228.74,13727320.09
32,0,263,0,37.14,0.01,72.59,227.58,13726237.99
32,0,263,0,37.14,0.01,72.59,227.58,13726237.99
32,0,263,0,37.14,0.01,72.59,227.58,13726237.99
32,0,263,0,37.14,0.01,72.59,227.58,13726237.99
32,0,263,0,37.14,0.01,72.59,227.58,13726237.99
32,0,263,0,37.14,0.01,72.59,227.58,13726237.99
32,0,263,0,37.14,0.01,72.59,227.58,13726237.99
32,0,263,0,37.14,0.01,72.59,227.58,13726237.99
32,0,263,0,37.14,0.01,72.59,227.58,13726237.99
32,0,263,0,37.14,0.01,72.59,227.58,13726237.99
32,0,263,0,37.14,0.01,72.59,227.58,13726237.99
32,0,263,0,37.14,0.01,72.59,227.58,13726237.99
32,0,263,0,37.14,0.01,72.59,227.58,13726237.99
32,0,263,0,37.14,0.01,72.59,227.58,13726237.99
32,0,263,0,37.14,0.01,72.59,227.58,13726237.99
32,0,263,0,37.14,0.01,72.59,227.58,13726237.99
32,0,263,0,37.14,0.01,72.59,227.58,13726237.99
32,0,263,0,37.14,0.01,72.59,227.58,13726237.99
32,0,263,0,37.14,0.01,72.59,227.58,13726237.99
32,0,263,0,37.14,0.01,72.59,227.58,13726237.99
32,0,263,0,37.14,0.01,72.59,227.58,13726237.99
32,0,263,0,37.14,0.01,72.59,227.58,13726237.99
32,0,263,0,37.14,0.01,72.59,227.58,13726237.99
32,0,263,0,37.14,0.01,72.59,227.58,13726237.99
32,0,263,0,37.14,0.01,72.59,227.58,13726237.99
32,0,263,0,37.14,0.01,72.59,227.58,13726237.99
32,0,263,0,37.14,0.01,72.59,227.58,13726237.99
32,0,263,0,37.14,0.01,72.59,227.58,13726237.99
32,0,263,0,37.14,0.01,72.59,227.58,13726237.99
32,0,263,0,37.14,0.01,72.59,227.58,13726237.99
32,0,263,0,37.14,0.01,72.59,227.58,13726237.99
32,0,263,0,37.14,0.01,72.59,227.58,13726237.99
32,0,263,0,37.14,0.01,72.59,227.58,13726237.99
40,0,8,0,1009.12,0.11,34.22,1609.12,13523974.4
40,0,16,0,547.89,0.08,35.18,1147.89,12246224.31
40,0,24,0,292.3,0.06,35.71,892.3,11551229.01
40,0,32,0,159.74,0.05,37.53,759.74,11361688.39
40,0,40,0,55.72,0.04,38.54,655.72,11042662.01
40,0,48,0,50.74,0.04,40.72,597.42,11078107.02
40,0,56,0,50.74,0.04,41.35,533.26,10849435.85
40,0,64,0,50.74,0.03,42.35,487.3,10775450.93
40,0,72,0,50.74,0.03,44.61,463.25,10852553.72
40,0,80,0,50.74,0.03,43.47,411.37,10589200.82
40,0,88,0,50.74,0.03,45.56,396.06,10683292.62
40,0,96,0,50.74,0.02,45.15,362.86,10545062.85
40,0,104,0,50.74,0.02,47.46,354.71,10717383.38
40,0,112,0,50.74,0.02,49.44,345.27,10816038.63
40,0,128,0,50.74,0.02,50.51,311.93,10731008.99
40,0,144,0,45.88,0.02,50.66,280.36,10989292.37
40,0,160,0,37.54,0.02,55.2,276.77,11947741.79
40,0,176,0,37.54,0.02,55.05,252.3,11649639.25
40,0,192,0,37.54,0.01,57.4,242.22,11777140.76
40,0,208,0,35.6,0.02,62.39,244.0,13410911.88
40,0,224,0,35.6,0.01,65.36,238.13,13482978.75
40,0,240,0,35.21,0.01,67.79,231.18,13617404.37
40,0,256,0,35.21,0.01,71.25,228.39,13769254.79
40,0,257,0,35.21,0.01,73.38,228.35,13760772.79
40,0,257,0,35.21,0.01,73.38,228.35,13760772.79
40,0,257,0,35.21,0.01,73.38,228.35,13760772.79
40,0,257,0,35.21,0.01,73.38,228.35,13760772.79
40,0,257,0,35.21,0.01,73.38,228.35,13760772.79
40,0,257,0,35.21,0.01,73.38,228.35,13760772.79
40,0,257,0,35.21,0.01,73.38,228.35,13760772.79
40,0,257,0,35.21,0.01,73.38,228.35,13760772.79
40,0,257,0,35.21,0.01,73.38,228.35,13760772.79
40,0,257,0,35.21,0.01,73.38,228.35,13760772.79
40,0,257,0,35.21,0.01,73.38,228.35,13760772.79
40,0,257,0,35.21,0.01,73.38,228.35,13760772.79
40,0,257,0,35.21,0.01,73.38,228.35,13760772.79
40,0,257,0,35.21,0.01,73.38,228.35,13760772.79
40,0,257,0,35.21,0.01,73.38,228.35,13760772.79
40,0,257,0,35.21,0.01,73.38,228.35,13760772.79
40,0,257,0,35.21,0.01,73.38,228.35,13760772.79
40,0,257,0,35.21,0.01,73.38,228.35,13760772.79
40,0,257,0,35.21,0.01,73.38,228.35,13760772.79
40,0,257,0,35.21,0.01,73.38,228.35,13760772.79
40,0,257,0,35.21,0.01,73.38,228.35,13760772.79
40,0,257,0,35.21,0.01,73.38,228.35,13760772.79
40,0,257,0,35.21,0.01,73.38,228.35,13760772.79
40,0,257,0,35.21,0.01,73.38,228.35,13760772.79
40,0,257,0,35.21,0.01,73.38,228.35,13760772.79
40,0,257,0,35.21,0.01,73.38,228.35,13760772.79
40,0,257,0,35.21,0.01,73.38,228.35,13760772.79
40,0,257,0,35.21,0.01,73.38,228.35,13760772.79
40,0,257,0,35.21,0.01,73.38,228.35,13760772.79
40,0,257,0,35.21,0.01,73.38,228.35,13760772.79
40,0,257,0,35.21,0.01,73.38,228.35,13760772.79
40,0,257,0,35.21,0.01,73.38,228.35,13760772.79
40,0,257,0,35.21,0.01,73.38,228.35,13760772.79
48,0,8,0,668.64,0.09,30.0,1268.64,13154291.03
48,0,16,0,420.69,0.07,33.71,1020.69,12329991.02
48,0,24,0,227.68,0.06,35.09,827.68,11676448.28
48,0,32,0,111.5,0.05,36.84,711.5,11461798.07
48,0,40,0,48.89,0.04,38.35,627.15,11227314.04
48,0,48,0,48.89,0.04,39.67,562.43,11072569.32
48,0,56,0,48.89,0.03,41.32,517.04,11030698.42
48,0,64,0,48.89,0.03,42.57,476.75,10965167.46
48,0,72,0,48.89,0.03,43.19,437.69,10846223.27
48,0,80,0,48.89,0.03,43.7,404.42,10755531.97
48,0,88,0,48.89,0.02,43.58,371.16,10609384.7
48,0,96,0,48.89,0.03,50.28,396.5,11132613.44
48,0,104,0,48.89,0.02,47.67,350.09,10848792.83
48,0,112,0,48.89,0.02,46.41,318.86,10613560.52
48,0,128,0,48.89,0.02,50.58,307.86,10883594.89
48,0,144,0,35.69,0.02,52.63,287.48,11867401.61
48,0,160,0,35.69,0.02,55.48,274.89,11968287.92
48,0,176,0,35.69,0.02,55.01,249.4,11741613.34
48,0,192,0,35.69,0.01,57.58,240.6,11876130.63
48,0,208,0,35.69,0.02,76.54,296.55,14633073.15
48,0,224,0,35.69,0.01,65.55,236.76,13586850.2
48,0,240,0,35.29,0.01,68.1,230.37,13750129.3
48,0,255,0,35.29,0.01,71.54,227.59,13832847.6
48,0,255,0,35.29,0.01,71.54,227.59,13832847.6
48,0,255,0,35.29,0.01,71.54,227.59,13832847.6
48,0,255,0,35.29,0.01,71.54,227.59,13832847.6
48,0,255,0,35.29,0.01,71.54,227.59,13832847.6
48,0,255,0,35.29,0.01,71.54,227.59,13832847.6
48,0,255,0,35.29,0.01,71.54,227.59,13832847.6
48,0,255,0,35.29,0.01,71.54,227.59,13832847.6
48,0,255,0,35.29,0.01,71.54,227.59,13832847.6
48,0,255,0,35.29,0.01,71.54,227.59,13832847.6
48,0,255,0,35.29,0.01,71.54,227.59,13832847.6
48,0,255,0,35.29,0.01,71.54,227.59,13832847.6
48,0,255,0,35.29,0.01,71.54,227.59,13832847.6
48,0,255,0,35.29,0.01,71.54,227.59,13832847.6
48,0,255,0,35.29,0.01,71.54,227.59,13832847.6
48,0,255,0,35.29,0.01,71.54,227.59,13832847.6
48,0,255,0,35.29,0.01,71.54,227.59,13832847.6
48,0,255,0,35.29,0.01,71.54,227.59,13832847.6
48,0,255,0,35.29,0.01,71.54,227.59,13832847.6
48,0,255,0,35.29,0.01,71.54,227.59,13832847.6
48,0,255,0,35.29,0.01,71.54,227.59,13832847.6
48,0,255,0,35.29,0.01,71.54,227.59,13832847.6
48,0,255,0,35.29,0.01,71.54,227.59,13832847.6
48,0,255,0,35.29,0.01,71.54,227.59,13832847.6
48,0,255,0,35.29,0.01,71.54,227.59,13832847.6
48,0,255,0,35.29,0.01,71.54,227.59,13832847.6
48,0,255,0,35.29,0.01,71.54,227.59,13832847.6
48,0,255,0,35.29,0.01,71.54,227.59,13832847.6
48,0,255,0,35.29,0.01,71.54,227.59,13832847.6
48,0,255,0,35.29,0.01,71.54,227.59,13832847.6
48,0,255,0,35.29,0.01,71.54,227.59,13832847.6
48,0,255,0,35.29,0.01,71.54,227.59,13832847.6
48,0,255,0,35.29,0.01,71.54,227.59,13832847.6
48,0,255,0,35.29,0.01,71.54,227.59,13832847.6
56,0,8,0,566.11,0.08,30.34,1166.11,13400274.2
56,0,16,0,365.06,0.07,34.16,965.06,12693500.96
56,0,24,0,190.92,0.05,35.42,790.92,12007238.03
56,0,32,0,73.97,0.05,36.5,673.97,11684853.58
56,0,40,0,46.97,0.04,38.17,600.77,11497892.59
56,0,48,0,46.97,0.04,38.96,534.32,11227031.59
56,0,56,0,46.88,0.03,41.34,502.39,11264305.24
56,0,64,0,46.88,0.03,42.09,459.12,11175370.05
56,0,72,0,46.88,0.03,42.68,422.35,11041335.74
56,0,80,0,46.88,0.02,42.79,387.54,10911784.51
56,0,88,0,46.88,0.02,42.77,356.98,10762731.5
56,0,96,0,46.88,0.02,44.79,346.71,10901529.93
56,0,104,0,46.88,0.02,46.7,337.07,10986756.94
56,0,112,0,46.88,0.02,45.5,307.58,10750797.38
56,0,128,0,46.88,0.02,49.31,295.8,10987777.83
56,0,144,0,33.68,0.02,51.08,275.43,11945555.48
56,0,160,0,33.68,0.02,53.79,263.41,12033635.53
56,0,176,0,33.68,0.01,53.13,238.31,11785681.73
56,0,192,0,33.68,0.01,55.52,229.71,11904985.62
56,0,208,0,33.68,0.01,60.35,231.71,13523002.11
56,0,224,0,33.28,0.01,62.59,224.16,13557833.46
56,0,240,0,33.28,0.01,65.64,220.28,13702866.69
56,0,250,0,33.28,0.01,69.25,218.65,13786356.37
56,0,250,0,33.28,0.01,69.25,218.65,13786356.37
56,0,250,0,33.28,0.01,69.25,218.65,13786356.37
56,0,250,0,33.28,0.01,69.25,218.65,13786356.37
56,0,250,0,33.28,0.01,69.25,218.65,13786356.37
56,0,250,0,33.28,0.01,69.25,218.65,13786356.37
56,0,250,0,33.28,0.01,69.25,218.65,13786356.37
56,0,250,0,33.28,0.01,69.25,218.65,13786356.37
56,0,250,0,33.28,0.01,69.25,218.65,13786356.37
56,0,250,0,33.28,0.01,69.25,218.65,13786356.37
56,0,250,0,33.28,0.01,69.25,218.65,13786356.37
56,0,250,0,33.28,0.01,69.25,218.65,13786356.37
56,0,250,0,33.28,0.01,69.25,218.65,13786356.37
56,0,250,0,33.28,0.01,69.25,218.65,13786356.37
56,0,250,0,33.28,0.01,69.25,218.65,13786356.37
56,0,250,0,33.28,0.01,69.25,218.65,13786356.37
56,0,250,0,33.28,0.01,69.25,218.65,13786356.37
56,0,250,0,33.28,0.01,69.25,218.65,13786356.37
56,0,250,0,33.28,0.01,69.25,218.65,13786356.37
56,0,250,0,33.28,0.01,69.25,218.65,13786356.37
56,0,250,0,33.28,0.01,69.25,218.65,13786356.37
56,0,250,0,33.28,0.01,69.25,218.65,13786356.37
56,0,250,0,33.28,0.01,69.25,218.65,13786356.37
56,0,250,0,33.28,0.01,69.25,218.65,13786356.37
56,0,250,0,33.28,0.01,69.25,218.65,13786356.37
56,0,250,0,33.28,0.01,69.25,218.65,13786356.37
56,0,250,0,33.28,0.01,69.25,218.65,13786356.37
56,0,250,0,33.28,0.01,69.25,218.65,13786356.37
56,0,250,0,33.28,0.01,69.25,218.65,13786356.37
56,0,250,0,33.28,0.01,69.25,218.65,13786356.37
56,0,250,0,33.28,0.01,69.25,218.65,13786356.37
56,0,250,0,33.28,0.01,69.25,218.65,13786356.37
56,0,250,0,33.28,0.01,69.25,218.65,13786356.37
56,0,250,0,33.28,0.01,69.25,218.65,13786356.37
64,0,8,0,472.61,0.07,30.46,1072.61,13417467.69
64,0,16,0,283.46,0.06,33.38,883.46,12967844.27
64,0,24,0,141.45,0.05,34.96,741.45,12122369.91
64,0,32,0,46.97,0.04,36.42,644.17,11831911.35
64,0,40,0,46.97,0.04,37.17,563.93,11457283.39
64,0,48,0,46.97,0.03,38.88,516.35,11367633.12
64,0,56,0,46.97,0.03,39.93,471.67,11244739.67
64,0,64,0,46.88,0.03,40.99,435.87,11108985.82
64,0,72,0,46.88,0.03,41.08,397.18,10976651.99
64,0,80,0,46.88,0.02,43.19,382.86,11053318.71
64,0,88,0,46.88,0.02,42.99,351.86,10899451.1
64,0,96,0,46.88,0.02,44.89,341.2,11026370.92
64,0,104,0,46.88,0.02,43.98,312.03,10782151.68
64,0,112,0,46.88,0.02,45.87,305.19,10885978.91
64,0,128,0,46.88,0.02,49.89,295.08,11120938.53
64,0,144,0,33.68,0.02,51.07,271.89,12037977.93
64,0,160,0,33.68,0.02,54.15,262.14,12178644.71
64,0,176,0,33.68,0.01,52.67,233.73,11791117.23
64,0,192,0,33.68,0.01,58.02,237.72,13489214.33
64,0,208,0,33.68,0.01,60.52,230.24,13618015.06
64,0,224,0,33.28,0.01,62.74,222.79,13671219.81
64,0,240,0,33.28,0.01,65.95,219.58,13828328.04
64,0,246,0,33.28,0.01,67.73,218.68,13835714.06
64,0,246,0,33.28,0.01,67.73,218.68,13835714.06
64,0,246,0,33.28,0.01,67.73,218.68,13835714.06
64,0,246,0,33.28,0.01,67.73,218.68,13835714.06
64,0,246,0,33.28,0.01,67.73,218.68,13835714.06
64,0,246,0,33.28,0.01,67.73,218.68,13835714.06
64,0,246,0,33.28,0.01,67.73,218.68,13835714.06
64,0,246,0,33.28,0.01,67.73,218.68,13835714.06
64,0,246,0,33.28,0.01,67.73,218.68,13835714.06
64,0,246,0,33.28,0.01,67.73,218.68,13835714.06
64,0,246,0,33.28,0.01,67.73,218.68,13835714.06
64,0,246,0,33.28,0.01,67.73,218.68,13835714.06
64,0,246,0,33.28,0.01,67.73,218.68,13835714.06
64,0,246,0,33.28,0.01,67.73,218.68,13835714.06
64,0,246,0,33.28,0.01,67.73,218.68,13835714.06
64,0,246,0,33.28,0.01,67.73,218.68,13835714.06
64,0,246,0,33.28,0.01,67.73,218.68,13835714.06
64,0,246,0,33.28,0.01,67.73,218.68,13835714.06
64,0,246,0,33.28,0.01,67.73,218.68,13835714.06
64,0,246,0,33.28,0.01,67.73,218.68,13835714.06
64,0,246,0,33.28,0.01,67.73,218.68,13835714.06
64,0,246,0,33.28,0.01,67.73,218.68,13835714.06
64,0,246,0,33.28,0.01,67.73,218.68,13835714.06
64,0,246,0,33.28,0.01,67.73,218.68,13835714.06
64,0,246,0,33.28,0.01,67.73,218.68,13835714.06
64,0,246,0,33.28,0.01,67.73,218.68,13835714.06
64,0,246,0,33.28,0.01,67.73,218.68,13835714.06
64,0,246,0,33.28,0.01,67.73,218.68,13835714.06
64,0,246,0,33.28,0.01,67.73,218.68,13835714.06
64,0,246,0,33.28,0.01,67.73,218.68,13835714.06
64,0,246,0,33.28,0.01,67.73,218.68,13835714.06
64,0,246,0,33.28,0.01,67.73,218.68,13835714.06
64,0,246,0,33.28,0.01,67.73,218.68,13835714.06
64,0,246,0,33.28,0.01,67.73,218.68,13835714.06
72,0,8,0,398.02,0.07,30.72,998.02,13660103.93
72,0,16,0,222.27,0.06,33.02,822.27,13330285.67
72,0,24,0,89.66,0.05,34.16,689.66,12715469.14
72,0,32,0,46.88,0.04,35.51,602.84,12234598.16
72,0,40,0,46.88,0.04,36.99,541.69,12027791.81
72,0,48,0,46.88,0.03,37.78,486.44,11727126.72
72,0,56,0,46.88,0.03,38.95,447.49,11617885.9
72,0,64,0,46.88,0.03,40.19,416.8,11515660.96
72,0,72,0,46.88,0.02,40.72,384.85,11339092.42
72,0,80,0,46.88,0.02,41.93,364.04,11344900.63
72,0,88,0,46.88,0.02,42.0,337.2,11165245.13
72,0,96,0,46.88,0.02,42.98,320.93,11113727.4
72,0,104,0,46.88,0.02,44.14,308.0,11155169.92
72,0,112,0,46.88,0.02,43.86,287.24,10992672.65
72,0,128,0,46.88,0.02,51.84,302.36,11512636.6
72,0,144,0,46.88,0.01,46.2,242.9,10887445.58
72,0,160,0,46.88,0.01,47.73,228.43,10898082.65
72,0,176,0,46.88,0.01,50.98,223.89,11064592.16
72,0,192,0,46.48,0.01,49.52,200.94,10866392.79
72,0,208,0,46.48,0.01,56.92,214.62,11386270.48
72,0,224,0,46.48,0.01,51.62,181.77,10886246.89
72,0,237,0,46.48,0.01,53.12,175.46,10906432.45
72,0,237,0,46.48,0.01,53.12,175.46,10906432.45
72,0,237,0,46.48,0.01,53.12,175.46,10906432.45
72,0,237,0,46.48,0.01,53.12,175.46,10906432.45
72,0,237,0,46.48,0.01,53.12,175.46,10906432.45
72,0,237,0,46.48,0.01,53.12,175.46,10906432.45
72,0,237,0,46.48,0.01,53.12,175.46,10906432.45
72,0,237,0,46.48,0.01,53.12,175.46,10906432.45
72,0,237,0,46.48,0.01,53.12,175.46,10906432.45
72,0,237,0,46.48,0.01,53.12,175.46,10906432.45
72,0,237,0,46.48,0.01,53.12,175.46,10906432.45
72,0,237,0,46.48,0.01,53.12,175.46,10906432.45
72,0,237,0,46.48,0.01,53.12,175.46,10906432.45
72,0,237,0,46.48,0.01,53.12,175.46,10906432.45
72,0,237,0,46.48,0.01,53.12,175.46,10906432.45
72,0,237,0,46.48,0.01,53.12,175.46,10906432.45
72,0,237,0,46.48,0.01,53.12,175.46,10906432.45
72,0,237,0,46.48,0.01,53.12,175.46,10906432.45
72,0,237,0,46.48,0.01,53.12,175.46,10906432.45
72,0,237,0,46.48,0.01,53.12,175.46,10906432.45
72,0,237,0,46.48,0.01,53.12,175.46,10906432.45
72,0,237,0,46.48,0.01,53.12,175.46,10906432.45
72,0,237,0,46.48,0.01,53.12,175.46,10906432.45
72,0,237,0,46.48,0.01,53.12,175.46,10906432.45
72,0,237,0,46.48,0.01,53.12,175.46,10906432.45
72,0,237,0,46.48,0.01,53.12,175.46,10906432.45
72,0,237,0,46.48,0.01,53.12,175.46,10906432.45
72,0,237,0,46.48,0.01,53.12,175.46,10906432.45
72,0,237,0,46.48,0.01,53.12,175.46,10906432.45
72,0,237,0,46.48,0.01,53.12,175.46,10906432.45
72,0,237,0,46.48,0.01,53.12,175.46,10906432.45
72,0,237,0,46.48,0.01,53.12,175.46,10906432.45
72,0,237,0,46.48,0.01,53.12,175.46,10906432.45
72,0,237,0,46.48,0.01,53.12,175.46,10906432.45
72,0,237,0,46.48,0.01,53.12,175.46,10906432.45
80,0,8,0,340.27,0.07,31.18,940.27,14716770.24
80,0,16,0,175.59,0.05,32.99,775.59,13466255.95
80,0,24,0,63.06,0.04,34.42,663.06,12882923.4
80,0,32,0,46.88,0.04,35.68,582.17,12470441.47
80,0,40,0,46.97,0.03,36.67,518.98,12082497.09
80,0,48,0,46.88,0.03,37.73,471.31,11850438.79
80,0,56,0,46.88,0.03,38.67,432.39,11676320.59
80,0,64,0,46.88,0.03,40.1,405.89,11634961.3
80,0,72,0,46.88,0.02,40.36,373.1,11415811.55
80,0,80,0,46.88,0.02,41.2,350.47,11332231.2
80,0,88,0,46.88,0.02,42.08,331.54,11281489.02
80,0,96,0,46.88,0.02,42.81,314.03,11208159.67
80,0,104,0,46.88,0.02,43.29,297.16,11140784.81
80,0,112,0,46.88,0.02,43.86,282.87,11085121.45
80,0,128,0,46.88,0.02,45.09,259.4,11005993.08
80,0,144,0,46.88,0.01,45.77,237.66,10913892.4
80,0,160,0,46.88,0.01,47.19,223.3,10917945.14
80,0,176,0,46.88,0.01,48.45,210.58,10917784.59
80,0,192,0,46.48,0.01,49.63,199.46,10944663.99
80,0,208,0,46.48,0.01,51.34,191.86,11011961.57
80,0,224,0,46.48,0.01,60.8,212.31,11684043.71
80,0,233,0,46.48,0.01,53.56,175.53,10948356.86
80,0,233,0,46.48,0.01,53.56,175.53,10948356.86
80,0,233,0,46.48,0.01,53.56,175.53,10948356.86
80,0,233,0,46.48,0.01,53.56,175.53,10948356.86
80,0,233,0,46.48,0.01,53.56,175.53,10948356.86
80,0,233,0,46.48,0.01,53.56,175.53,10948356.86
80,0,233,0,46.48,0.01,53.56,175.53,10948356.86
80,0,233,0,46.48,0.01,53.56,175.53,10948356.86
80,0,233,0,46.48,0.01,53.56,175.53,10948356.86
80,0,233,0,46.48,0.01,53.56,175.53,10948356.86
80,0,233,0,46.48,0.01,53.56,175.53,10948356.86
80,0,233,0,46.48,0.01,53.56,175.53,10948356.86
80,0,233,0,46.48,0.01,53.56,175.53,10948356.86
80,0,233,0,46.48,0.01,53.56,175.53,10948356.86
80,0,233,0,46.48,0.01,53.56,175.53,10948356.86
80,0,233,0,46.48,0.01,53.56,175.53,10948356.86
80,0,233,0,46.48,0.01,53.56,175.53,10948356.86
80,0,233,0,46.48,0.01,53.56,175.53,10948356.86
80,0,233,0,46.48,0.01,53.56,175.53,10948356.86
80,0,233,0,46.48,0.01,53.56,175.53,10948356.86
80,0,233,0,46.48,0.01,53.56,175.53,10948356.86
80,0,233,0,46.48,0.01,53.56,175.53,10948356.86
80,0,233,0,46.48,0.01,53.56,175.53,10948356.86
80,0,233,0,46.48,0.01,53.56,175.53,10948356.86
80,0,233,0,46.48,0.01,53.56,175.53,10948356.86
80,0,233,0,46.48,0.01,53.56,175.53,10948356.86
80,0,233,0,46.48,0.01,53.56,175.53,10948356.86
80,0,233,0,46.48,0.01,53.56,175.53,10948356.86
80,0,233,0,46.48,0.01,53.56,175.53,10948356.86
80,0,233,0,46.48,0.01,53.56,175.53,10948356.86
80,0,233,0,46.48,0.01,53.56,175.53,10948356.86
80,0,233,0,46.48,0.01,53.56,175.53,10948356.86
80,0,233,0,46.48,0.01,53.56,175.53,10948356.86
80,0,233,0,46.48,0.01,53.56,175.53,10948356.86
80,0,233,0,46.48,0.01,53.56,175.53,10948356.86
88,0,8,0,269.89,0.06,30.91,869.89,14840774.71
88,0,16,0,170.29,0.05,34.59,770.29,14035267.5
88,0,24,0,57.76,0.04,35.71,657.76,13390029.02
88,0,32,0,44.64,0.04,36.73,576.87,12932091.77
88,0,40,0,44.64,0.03,37.92,519.2,12604992.53
88,0,48,0,44.64,0.03,38.32,464.87,12245597.94
88,0,56,0,44.64,0.03,43.49,473.71,12566620.92
88,0,64,0,44.64,0.03,40.55,400.75,11990261.41
88,0,72,0,44.64,0.02,41.06,371.41,11797162.2
88,0,80,0,44.64,0.02,42.33,352.98,11803154.61
88,0,88,0,44.64,0.02,42.19,326.23,11588925.51
88,0,96,0,44.64,0.02,43.02,310.22,11516540.49
88,0,104,0,44.64,0.02,44.28,299.05,11559031.56
88,0,112,0,44.64,0.02,43.86,278.55,11372801.86
88,0,128,0,44.64,0.02,51.46,292.06,11873457.19
88,0,144,0,44.64,0.01,45.91,235.48,11220512.97
88,0,160,0,44.64,0.01,47.32,221.43,11213730.01
88,0,176,0,44.64,0.01,48.68,209.4,11224528.65
88,0,192,0,44.25,0.01,48.78,194.16,11139464.34
88,0,208,0,44.25,0.01,50.37,186.56,11196026.06
88,0,224,0,44.25,0.01,50.76,175.81,11142031.81
88,0,234,0,44.25,0.01,52.22,169.83,11116347.01
88,0,234,0,44.25,0.01,52.22,169.83,11116347.01
88,0,234,0,44.25,0.01,52.22,169.83,11116347.01
88,0,234,0,44.25,0.01,52.22,169.83,11116347.01
88,0,234,0,44.25,0.01,52.22,169.83,11116347.01
88,0,234,0,44.25,0.01,52.22,169.83,11116347.01
88,0,234,0,44.25,0.01,52.22,169.83,11116347.01
88,0,234,0,44.25,0.01,52.22,169.83,11116347.01
88,0,234,0,44.25,0.01,52.22,169.83,11116347.01
88,0,234,0,44.25,0.01,52.22,169.83,11116347.01
88,0,234,0,44.25,0.01,52.22,169.83,11116347.01
88,0,234,0,44.25,0.01,52.22,169.83,11116347.01
88,0,234,0,44.25,0.01,52.22,169.83,11116347.01
88,0,234,0,44.25,0.01,52.22,169.83,11116347.01
88,0,234,0,44.25,0.01,52.22,169.83,11116347.01
88,0,234,0,44.25,0.01,52.22,169.83,11116347.01
88,0,234,0,44.25,0.01,52.22,169.83,11116347.01
88,0,234,0,44.25,0.01,52.22,169.83,11116347.01
88,0,234,0,44.25,0.01,52.22,169.83,11116347.01
88,0,234,0,44.25,0.01,52.22,169.83,11116347.01
88,0,234,0,44.25,0.01,52.22,169.83,11116347.01
88,0,234,0,44.25,0.01,52.22,169.83,11116347.01
88,0,234,0,44.25,0.01,52.22,169.83,11116347.01
88,0,234,0,44.25,0.01,52.22,169.83,11116347.01
88,0,234,0,44.25,0.01,52.22,169.83,11116347.01
88,0,234,0,44.25,0.01,52.22,169.83,11116347.01
88,0,234,0,44.25,0.01,52.22,169.83,11116347.01
88,0,234,0,44.25,0.01,52.22,169.83,11116347.01
88,0,234,0,44.25,0.01,52.22,169.83,11116347.01
88,0,234,0,44.25,0.01,52.22,169.83,11116347.01
88,0,234,0,44.25,0.01,52.22,169.83,11116347.01
88,0,234,0,44.25,0.01,52.22,169.83,11116347.01
88,0,234,0,44.25,0.01,52.22,169.83,11116347.01
88,0,234,0,44.25,0.01,52.22,169.83,11116347.01
88,0,234,0,44.25,0.01,52.22,169.83,11116347.01
96,0,8,0,211.3,0.06,30.76,811.3,14887717.35
96,0,16,0,137.42,0.05,34.87,737.42,14237108.58
96,0,24,0,44.64,0.04,35.5,626.42,13409203.39
96,0,32,0,44.74,0.04,36.61,554.34,12970904.58
96,0,40,0,44.64,0.03,37.61,498.69,12655096.21
96,0,48,0,44.64,0.03,38.64,455.67,12413332.78
96,0,56,0,44.64,0.03,39.17,415.92,12142835.57
96,0,64,0,44.64,0.03,41.39,399.64,12158863.43
96,0,72,0,44.64,0.02,40.95,362.59,11898390.51
96,0,80,0,44.64,0.02,41.71,341.05,11796604.93
96,0,88,0,44.64,0.02,49.57,376.4,12456060.91
96,0,96,0,44.64,0.02,43.04,305.11,11627753.29
96,0,104,0,44.64,0.02,42.81,284.53,11446479.93
96,0,112,0,44.64,0.02,47.88,299.57,11870955.4
96,0,128,0,44.64,0.01,44.31,248.11,11287468.91
96,0,144,0,44.64,0.01,45.71,231.64,11268576.07
96,0,160,0,44.64,0.01,46.52,215.3,11211955.64
96,0,176,0,44.64,0.01,50.03,213.04,11411998.41
96,0,192,0,44.64,0.01,48.73,192.17,11199583.1
96,0,208,0,44.64,0.01,55.95,205.43,11719814.41
96,0,224,0,44.64,0.01,50.27,172.69,11159531.2
96,0,239,0,44.64,0.01,51.07,164.82,11145689.86
96,0,239,0,44.64,0.01,51.07,164.82,11145689.86
96,0,239,0,44.64,0.01,51.07,164.82,11145689.86
96,0,239,0,44.64,0.01,51.07,164.82,11145689.86
96,0,239,0,44.64,0.01,51.07,164.82,11145689.86
96,0,239,0,44.64,0.01,51.07,164.82,11145689.86
96,0,239,0,44.64,0.01,51.07,164.82,11145689.86
96,0,239,0,44.64,0.01,51.07,164.82,11145689.86
96,0,239,0,44.64,0.01,51.07,164.82,11145689.86
96,0,239,0,44.64,0.01,51.07,164.82,11145689.86
96,0,239,0,44.64,0.01,51.07,164.82,11145689.86
96,0,239,0,44.64,0.01,51.07,164.82,11145689.86
96,0,239,0,44.64,0.01,51.07,164.82,11145689.86
96,0,239,0,44.64,0.01,51.07,164.82,11145689.86
96,0,239,0,44.64,0.01,51.07,164.82,11145689.86
96,0,239,0,44.64,0.01,51.07,164.82,11145689.86
96,0,239,0,44.64,0.01,51.07,164.82,11145689.86
96,0,239,0,44.64,0.01,51.07,164.82,11145689.86
96,0,239,0,44.64,0.01,51.07,164.82,11145689.86
96,0,239,0,44.64,0.01,51.07,164.82,11145689.86
96,0,239,0,44.64,0.01,51.07,164.82,11145689.86
96,0,239,0,44.64,0.01,51.07,164.82,11145689.86
96,0,239,0,44.64,0.01,51.07,164.82,11145689.86
96,0,239,0,44.64,0.01,51.07,164.82,11145689.86
96,0,239,0,44.64,0.01,51.07,164.82,11145689.86
96,0,239,0,44.64,0.01,51.07,164.82,11145689.86
96,0,239,0,44.64,0.01,51.07,164.82,11145689.86
96,0,239,0,44.64,0.01,51.07,164.82,11145689.86
96,0,239,0,44.64,0.01,51.07,164.82,11145689.86
96,0,239,0,44.64,0.01,51.07,164.82,11145689.86
96,0,239,0,44.64,0.01,51.07,164.82,11145689.86
96,0,239,0,44.64,0.01,51.07,164.82,11145689.86
96,0,239,0,44.64,0.01,51.07,164.82,11145689.86
96,0,239,0,44.64,0.01,51.07,164.82,11145689.86
96,0,239,0,44.64,0.01,51.07,164.82,11145689.86
104,0,8,0,189.82,0.05,31.82,789.82,15355901.74
104,0,16,0,87.88,0.05,34.16,687.88,14342569.96
104,0,24,0,44.74,0.04,35.71,604.82,13552226.11
104,0,32,0,44.74,0.04,36.09,527.51,12948004.08
104,0,40,0,44.74,0.03,37.13,477.3,12658854.97
104,0,48,0,44.74,0.03,41.65,477.82,12847201.86
104,0,56,0,44.64,0.03,39.09,404.8,12240719.81
104,0,64,0,44.64,0.02,39.35,371.48,11988448.28
104,0,72,0,44.64,0.02,40.19,348.55,11873824.27
104,0,80,0,44.64,0.02,40.99,328.74,11788708.33
104,0,88,0,44.64,0.02,41.75,311.4,11697223.34
104,0,96,0,44.64,0.02,41.84,291.69,11551409.23
104,0,104,0,44.64,0.02,42.77,279.84,11533070.12
104,0,112,0,44.64,0.02,43.4,267.6,11479191.79
104,0,128,0,44.64,0.01,44.39,245.29,11377261.79
104,0,144,0,44.64,0.02,56.67,283.75,12368902.52
104,0,160,0,44.64,0.01,46.65,213.52,11297245.05
104,0,176,0,44.64,0.01,47.37,199.68,11240356.33
104,0,192,0,44.64,0.01,48.89,190.98,11280501.93
104,0,208,0,44.64,0.01,49.24,179.23,11210062.51
104,0,224,0,44.64,0.01,50.22,171.11,11216715.37
104,0,233,0,44.64,0.01,51.67,165.49,11177017.4
104,0,233,0,44.64,0.01,51.67,165.49,11177017.4
104,0,233,0,44.64,0.01,51.67,165.49,11177017.4
104,0,233,0,44.64,0.01,51.67,165.49,11177017.4
104,0,233,0,44.64,0.01,51.67,165.49,11177017.4
104,0,233,0,44.64,0.01,51.67,165.49,11177017.4
104,0,233,0,44.64,0.01,51.67,165.49,11177017.4
104,0,233,0,44.64,0.01,51.67,165.49,11177017.4
104,0,233,0,44.64,0.01,51.67,165.49,11177017.4
104,0,233,0,44.64,0.01,51.67,165.49,11177017.4
104,0,233,0,44.64,0.01,51.67,165.49,11177017.4
104,0,233,0,44.64,0.01,51.67,165.49,11177017.4
104,0,233,0,44.64,0.01,51.67,165.49,11177017.4
104,0,233,0,44.64,0.01,51.67,165.49,11177017.4
104,0,233,0,44.64,0.01,51.67,165.49,11177017.4
104,0,233,0,44.64,0.01,51.67,165.49,11177017.4
104,0,233,0,44.64,0.01,51.67,165.49,11177017.4
104,0,233,0,44.64,0.01,51.67,165.49,11177017.4
104,0,233,0,44.64,0.01,51.67,165.49,11177017.4
104,0,233,0,44.64,0.01,51.67,165.49,11177017.4
104,0,233,0,44.64,0.01,51.67,165.49,11177017.4
104,0,233,0,44.64,0.01,51.67,165.49,11177017.4
104,0,233,0,44.64,0.01,51.67,165.49,11177017.4
104,0,233,0,44.64,0.01,51.67,165.49,11177017.4
104,0,233,0,44.64,0.01,51.67,165.49,11177017.4
104,0,233,0,44.64,0.01,51.67,165.49,11177017.4
104,0,233,0,44.64,0.01,51.67,165.49,11177017.4
104,0,233,0,44.64,0.01,51.67,165.49,11177017.4
104,0,233,0,44.64,0.01,51.67,165.49,11177017.4
104,0,233,0,44.64,0.01,51.67,165.49,11177017.4
104,0,233,0,44.64,0.01,51.67,165.49,11177017.4
104,0,233,0,44.64,0.01,51.67,165.49,11177017.4
104,0,233,0,44.64,0.01,51.67,165.49,11177017.4
104,0,233,0,44.64,0.01,51.67,165.49,11177017.4
104,0,233,0,44.64,0.01,51.67,165.49,11177017.4
112,0,8,0,142.78,0.05,31.69,742.78,15138578.59
112,0,16,0,62.11,0.05,34.46,662.11,14478986.77
112,0,24,0,44.74,0.04,35.52,578.24,13536654.97
112,0,32,0,44.74,0.03,36.23,511.79,13066256.93
112,0,40,0,44.74,0.03,36.68,457.52,12649825.48
112,0,48,0,44.74,0.03,38.0,424.34,12501423.27
112,0,56,0,44.74,0.03,39.63,400.58,12361471.33
112,0,64,0,44.74,0.02,39.33,363.16,12080850.73
112,0,72,0,44.74,0.02,39.57,336.22,11863826.98
112,0,80,0,44.74,0.02,40.55,319.09,11771929.73
112,0,88,0,44.74,0.02,42.63,312.46,11855287.61
112,0,96,0,44.74,0.02,41.56,285.02,11590709.6
112,0,104,0,44.64,0.02,46.58,300.12,12020492.79
112,0,112,0,44.64,0.02,43.4,263.73,11559006.02
112,0,128,0,44.64,0.01,44.49,242.66,11465236.15
112,0,144,0,44.64,0.01,45.03,222.83,11340084.1
112,0,160,0,44.64,0.01,46.93,212.48,11393047.69
112,0,176,0,44.64,0.01,47.51,198.3,11318565.31
112,0,192,0,44.64,0.01,48.94,189.43,11347763.27
112,0,208,0,44.64,0.01,49.26,177.78,11271525.7
112,0,224,0,44.64,0.01,50.28,169.95,11279817.24
112,0,232,0,44.64,0.01,50.28,164.71,11233202.0
112,0,232,0,44.64,0.01,50.28,164.71,11233202.0
112,0,232,0,44.64,0.01,50.28,164.71,11233202.0
112,0,232,0,44.64,0.01,50.28,164.71,11233202.0
112,0,232,0,44.64,0.01,50.28,164.71,11233202.0
112,0,232,0,44.64,0.01,50.28,164.71,11233202.0
112,0,232,0,44.64,0.01,50.28,164.71,11233202.0
112,0,232,0,44.64,0.01,50.28,164.71,11233202.0
112,0,232,0,44.64,0.01,50.28,164.71,11233202.0
112,0,232,0,44.64,0.01,50.28,164.71,11233202.0
112,0,232,0,44.64,0.01,50.28,164.71,11233202.0
112,0,232,0,44.64,0.01,50.28,164.71,11233202.0
112,0,232,0,44.64,0.01,50.28,164.71,11233202.0
112,0,232,0,44.64,0.01,50.28,164.71,11233202.0
112,0,232,0,44.64,0.01,50.28,164.71,11233202.0
112,0,232,0,44.64,0.01,50.28,164.71,11233202.0
112,0,232,0,44.64,0.01,50.28,164.71,11233202.0
112,0,232,0,44.64,0.01,50.28,164.71,11233202.0
112,0,232,0,44.64,0.01,50.28,164.71,11233202.0
112,0,232,0,44.64,0.01,50.28,164.71,11233202.0
112,0,232,0,44.64,0.01,50.28,164.71,11233202.0
112,0,232,0,44.64,0.01,50.28,164.71,11233202.0
112,0,232,0,44.64,0.01,50.28,164.71,11233202.0
112,0,232,0,44.64,0.01,50.28,164.71,11233202.0
112,0,232,0,44.64,0.01,50.28,164.71,11233202.0
112,0,232,0,44.64,0.01,50.28,164.71,11233202.0
112,0,232,0,44.64,0.01,50.28,164.71,11233202.0
112,0,232,0,44.64,0.01,50.28,164.71,11233202.0
112,0,232,0,44.64,0.01,50.28,164.71,11233202.0
112,0,232,0,44.64,0.01,50.28,164.71,11233202.0
112,0,232,0,44.64,0.01,50.28,164.71,11233202.0
112,0,232,0,44.64,0.01,50.28,164.71,11233202.0
112,0,232,0,44.64,0.01,50.28,164.71,11233202.0
112,0,232,0,44.64,0.01,50.28,164.71,11233202.0
112,0,232,0,44.64,0.01,50.28,164.71,11233202.0
128,0,8,0,77.07,0.05,32.11,677.07,15657476.0
128,0,16,0,43.36,0.04,36.27,638.51,16906755.73
128,0,24,0,44.04,0.04,37.15,561.39,13984321.74
128,0,32,0,44.04,0.03,37.75,499.65,13484414.67
128,0,40,0,43.94,0.03,38.01,447.55,13022756.89
128,0,48,0,44.04,0.03,38.85,411.9,12769607.04
128,0,56,0,44.04,0.02,39.14,377.45,12439755.99
128,0,64,0,44.04,0.02,40.33,356.69,12386145.25
128,0,72,0,44.04,0.02,40.38,329.78,12134166.79
128,0,80,0,44.04,0.02,41.34,313.64,12033236.36
128,0,88,0,44.04,0.02,43.44,307.68,12116961.49
128,0,96,0,44.04,0.02,42.22,280.38,11822934.17
128,0,104,0,43.94,0.02,43.15,269.78,11800217.95
128,0,112,0,43.94,0.02,49.82,294.22,12342556.29
128,0,128,0,43.94,0.01,44.14,234.66,11543246.73
128,0,144,0,43.94,0.01,45.62,220.54,11534695.82
128,0,160,0,43.94,0.01,46.64,206.74,11481622.07
128,0,176,0,43.94,0.01,48.08,196.78,11497830.3
128,0,192,0,43.94,0.01,48.58,184.63,11420487.33
128,0,208,0,43.94,0.01,49.78,176.59,11433250.39
128,0,224,0,43.94,0.01,49.77,165.55,11329886.92
128,0,224,0,43.94,0.01,49.77,165.55,11329886.92
128,0,224,0,43.94,0.01,49.77,165.55,11329886.92
128,0,224,0,43.94,0.01,49.77,165.55,11329886.92
128,0,224,0,43.94,0.01,49.77,165.55,11329886.92
128,0,224,0,43.94,0.01,49.77,165.55,11329886.92
128,0,224,0,43.94,0.01,49.77,165.55,11329886.92
128,0,224,0,43.94,0.01,49.77,165.55,11329886.92
128,0,224,0,43.94,0.01,49.77,165.55,11329886.92
128,0,224,0,43.94,0.01,49.77,165.55,11329886.92
128,0,224,0,43.94,0.01,49.77,165.55,11329886.92
128,0,224,0,43.94,0.01,49.77,165.55,11329886.92
128,0,224,0,43.94,0.01,49.77,165.55,11329886.92
128,0,224,0,43.94,0.01,49.77,165.55,11329886.92
128,0,224,0,43.94,0.01,49.77,165.55,11329886.92
128,0,224,0,43.94,0.01,49.77,165.55,11329886.92
128,0,224,0,43.94,0.01,49.77,165.55,11329886.92
128,0,224,0,43.94,0.01,49.77,165.55,11329886.92
128,0,224,0,43.94,0.01,49.77,165.55,11329886.92
128,0,224,0,43.94,0.01,49.77,165.55,11329886.92
128,0,224,0,43.94,0.01,49.77,165.55,11329886.92
128,0,224,0,43.94,0.01,49.77,165.55,11329886.92
128,0,224,0,43.94,0.01,49.77,165.55,11329886.92
128,0,224,0,43.94,0.01,49.77,165.55,11329886.92
128,0,224,0,43.94,0.01,49.77,165.55,11329886.92
128,0,224,0,43.94,0.01,49.77,165.55,11329886.92
128,0,224,0,43.94,0.01,49.77,165.55,11329886.92
128,0,224,0,43.94,0.01,49.77,165.55,11329886.92
128,0,224,0,43.94,0.01,49.77,165.55,11329886.92
128,0,224,0,43.94,0.01,49.77,165.55,11329886.92
128,0,224,0,43.94,0.01,49.77,165.55,11329886.92
128,0,224,0,43.94,0.01,49.77,165.55,11329886.92
128,0,224,0,43.94,0.01,49.77,165.55,11329886.92
128,0,224,0,43.94,0.01,49.77,165.55,11329886.92
128,0,224,0,43.94,0.01,49.77,165.55,11329886.92
128,0,224,0,43.94,0.01,49.77,165.55,11329886.92
144,0,8,0,72.02,0.04,33.34,638.96,15745474.64
144,0,16,0,44.74,0.04,37.21,604.46,18281630.31
144,0,24,0,44.04,0.03,36.61,516.19,14206862.86
144,0,32,0,44.04,0.03,37.35,465.1,13505856.96
144,0,40,0,44.04,0.03,37.75,420.94,13118209.81
144,0,48,0,44.04,0.03,38.81,391.77,12910822.71
144,0,56,0,44.04,0.02,39.0,359.61,12598273.72
144,0,64,0,44.04,0.02,39.16,332.4,12336476.63
144,0,72,0,44.04,0.02,40.14,315.56,12217952.88
144,0,80,0,43.94,0.02,41.33,302.62,12210401.16
144,0,88,0,43.94,0.02,41.19,282.21,11991405.08
144,0,96,0,43.94,0.02,42.16,271.4,11959042.46
144,0,104,0,43.94,0.02,48.7,295.64,12509181.33
144,0,112,0,43.94,0.01,42.95,246.73,11769536.05
144,0,128,0,43.94,0.01,44.21,229.24,11693554.22
144,0,144,0,43.94,0.01,45.3,214.1,11624121.57
144,0,160,0,43.94,0.01,46.18,200.49,11552907.04
144,0,176,0,43.94,0.01,51.88,208.26,11958969.54
144,0,192,0,43.94,0.01,48.89,182.52,11570698.79
144,0,208,0,43.94,0.01,49.14,171.46,11475864.71
144,0,216,0,43.94,0.01,49.13,165.98,11419932.08
144,0,216,0,43.94,0.01,49.13,165.98,11419932.08
144,0,216,0,43.94,0.01,49.13,165.98,11419932.08
144,0,216,0,43.94,0.01,49.13,165.98,11419932.08
144,0,216,0,43.94,0.01,49.13,165.98,11419932.08
144,0,216,0,43.94,0.01,49.13,165.98,11419932.08
144,0,216,0,43.94,0.01,49.13,165.98,11419932.08
144,0,216,0,43.94,0.01,49.13,165.98,11419932.08
144,0,216,0,43.94,0.01,49.13,165.98,11419932.08
144,0,216,0,43.94,0.01,49.13,165.98,11419932.08
144,0,216,0,43.94,0.01,49.13,165.98,11419932.08
144,0,216,0,43.94,0.01,49.13,165.98,11419932.08
144,0,216,0,43.94,0.01,49.13,165.98,11419932.08
144,0,216,0,43.94,0.01,49.13,165.98,11419932.08
144,0,216,0,43.94,0.01,49.13,165.98,11419932.08
144,0,216,0,43.94,0.01,49.13,165.98,11419932.08
144,0,216,0,43.94,0.01,49.13,165.98,11419932.08
144,0,216,0,43.94,0.01,49.13,165.98,11419932.08
144,0,216,0,43.94,0.01,49.13,165.98,11419932.08
144,0,216,0,43.94,0.01,49.13,165.98,11419932.08
144,0,216,0,43.94,0.01,49.13,165.98,11419932.08
144,0,216,0,43.94,0.01,49.13,165.98,11419932.08
144,0,216,0,43.94,0.01,49.13,165.98,11419932.08
144,0,216,0,43.94,0.01,49.13,165.98,11419932.08
144,0,216,0,43.94,0.01,49.13,165.98,11419932.08
144,0,216,0,43.94,0.01,49.13,165.98,11419932.08
144,0,216,0,43.94,0.01,49.13,165.98,11419932.08
144,0,216,0,43.94,0.01,49.13,165.98,11419932.08
144,0,216,0,43.94,0.01,49.13,165.98,11419932.08
144,0,216,0,43.94,0.01,49.13,165.98,11419932.08
144,0,216,0,43.94,0.01,49.13,165.98,11419932.08
144,0,216,0,43.94,0.01,49.13,165.98,11419932.08
144,0,216,0,43.94,0.01,49.13,165.98,11419932.08
144,0,216,0,43.94,0.01,49.13,165.98,11419932.08
144,0,216,0,43.94,0.01,49.13,165.98,11419932.08
144,0,216,0,43.94,0.01,49.13,165.98,11419932.08
160,0,8,0,72.02,0.04,32.82,576.54,15780372.45
160,0,16,0,44.74,0.04,37.49,565.4,18473778.09
160,0,24,0,42.66,0.03,38.03,502.51,16306962.55
160,0,32,0,44.04,0.03,37.44,440.12,13714153.59
160,0,40,0,44.04,0.03,37.69,399.11,13208216.76
160,0,48,0,44.04,0.02,38.22,368.15,12894371.98
160,0,56,0,44.04,0.02,43.0,379.86,13284703.21
160,0,64,0,44.04,0.02,39.44,321.73,12526423.66
160,0,72,0,44.04,0.02,40.21,304.69,12393579.41
160,0,80,0,44.04,0.02,40.12,283.87,12160439.85
160,0,88,0,43.94,0.02,45.07,299.04,12610703.21
160,0,96,0,43.94,0.02,42.05,262.69,12080448.72
160,0,104,0,43.94,0.01,41.97,247.68,11909623.54
160,0,112,0,43.94,0.01,43.24,241.75,11942625.11
160,0,128,0,43.94,0.01,43.89,222.12,11779833.83
160,0,144,0,43.94,0.01,45.73,211.39,11798750.2
160,0,160,0,43.94,0.01,46.6,198.22,11719535.5
160,0,176,0,43.94,0.01,52.81,208.02,12163418.7
160,0,192,0,43.94,0.01,47.63,174.7,11537302.49
160,0,207,0,43.94,0.01,48.54,166.6,11502875.73
160,0,207,0,43.94,0.01,48.54,166.6,11502875.73
160,0,207,0,43.94,0.01,48.54,166.6,11502875.73
160,0,207,0,43.94,0.01,48.54,166.6,11502875.73
160,0,207,0,43.94,0.01,48.54,166.6,11502875.73
160,0,207,0,43.94,0.01,48.54,166.6,11502875.73
160,0,207,0,43.94,0.01,48.54,166.6,11502875.73
160,0,207,0,43.94,0.01,48.54,166.6,11502875.73
160,0,207,0,43.94,0.01,48.54,166.6,11502875.73
160,0,207,0,43.94,0.01,48.54,166.6,11502875.73
160,0,207,0,43.94,0.01,48.54,166.6,11502875.73
160,0,207,0,43.94,0.01,48.54,166.6,11502875.73
160,0,207,0,43.94,0.01,48.54,166.6,11502875.73
160,0,207,0,43.94,0.01,48.54,166.6,11502875.73
160,0,207,0,43.94,0.01,48.54,166.6,11502875.73
160,0,207,0,43.94,0.01,48.54,166.6,11502875.73
160,0,207,0,43.94,0.01,48.54,166.6,11502875.73
160,0,207,0,43.94,0.01,48.54,166.6,11502875.73
160,0,207,0,43.94,0.01,48.54,166.6,11502875.73
160,0,207,0,43.94,0.01,48.54,166.6,11502875.73
160,0,207,0,43.94,0.01,48.54,166.6,11502875.73
160,0,207,0,43.94,0.01,48.54,166.6,11502875.73
160,0,207,0,43.94,0.01,48.54,166.6,11502875.73
160,0,207,0,43.94,0.01,48.54,166.6,11502875.73
160,0,207,0,43.94,0.01,48.54,166.6,11502875.73
160,0,207,0,43.94,0.01,48.54,166.6,11502875.73
160,0,207,0,43.94,0.01,48.54,166.6,11502875.73
160,0,207,0,43.94,0.01,48.54,166.6,11502875.73
160,0,207,0,43.94,0.01,48.54,166.6,11502875.73
160,0,207,0,43.94,0.01,48.54,166.6,11502875.73
160,0,207,0,43.94,0.01,48.54,166.6,11502875.73
160,0,207,0,43.94,0.01,48.54,166.6,11502875.73
160,0,207,0,43.94,0.01,48.54,166.6,11502875.73
160,0,207,0,43.94,0.01,48.54,166.6,11502875.73
160,0,207,0,43.94,0.01,48.54,166.6,11502875.73
160,0,207,0,43.94,0.01,48.54,166.6,11502875.73
160,0,207,0,43.94,0.01,48.54,166.6,11502875.73
176,0,8,0,42.8,0.04,36.93,598.58,20490317.26
176,0,16,0,44.04,0.04,38.58,542.83,18860101.23
176,0,24,0,44.04,0.03,38.75,481.65,17531429.41
176,0,32,0,43.94,0.03,39.06,434.82,16584360.31
176,0,40,0,44.04,0.03,40.0,403.22,16191674.8
176,0,48,0,44.04,0.02,40.72,374.99,15780676.83
176,0,56,0,44.04,0.02,40.97,347.37,15234152.07
176,0,64,0,43.94,0.02,41.48,325.77,14879841.4
176,0,72,0,43.94,0.02,42.46,310.56,14731933.92
176,0,80,0,43.94,0.02,42.8,292.99,14398947.89
176,0,88,0,43.94,0.02,43.41,279.21,14198353.52
176,0,96,0,43.94,0.02,48.97,297.07,14577785.36
176,0,104,0,43.94,0.02,44.16,253.5,13784634.41
176,0,112,0,43.94,0.01,44.62,243.0,13603517.73
176,0,128,0,43.94,0.01,45.88,226.75,13426872.75
176,0,144,0,43.94,0.01,46.46,210.14,13161527.0
176,0,160,0,43.94,0.01,47.36,197.44,12990555.33
176,0,176,0,43.94,0.01,48.81,188.74,12970079.06
176,0,192,0,43.94,0.01,49.19,177.36,12778562.14
176,0,208,0,43.94,0.01,49.86,168.36,12664993.49
176,0,217,0,43.94,0.01,51.71,164.21,12623165.95
176,0,217,0,43.94,0.01,51.71,164.21,12623165.95
176,0,217,0,43.94,0.01,51.71,164.21,12623165.95
176,0,217,0,43.94,0.01,51.71,164.21,12623165.95
176,0,217,0,43.94,0.01,51.71,164.21,12623165.95
176,0,217,0,43.94,0.01,51.71,164.21,12623165.95
176,0,217,0,43.94,0.01,51.71,164.21,12623165.95
176,0,217,0,43.94,0.01,51.71,164.21,12623165.95
176,0,217,0,43.94,0.01,51.71,164.21,12623165.95
176,0,217,0,43.94,0.01,51.71,164.21,12623165.95
176,0,217,0,43.94,0.01,51.71,164.21,12623165.95
176,0,217,0,43.94,0.01,51.71,164.21,12623165.95
176,0,217,0,43.94,0.01,51.71,164.21,12623165.95
176,0,217,0,43.94,0.01,51.71,164.21,12623165.95
176,0,217,0,43.94,0.01,51.71,164.21,12623165.95
176,0,217,0,43.94,0.01,51.71,164.21,12623165.95
176,0,217,0,43.94,0.01,51.71,164.21,12623165.95
176,0,217,0,43.94,0.01,51.71,164.21,12623165.95
176,0,217,0,43.94,0.01,51.71,164.21,12623165.95
176,0,217,0,43.94,0.01,51.71,164.21,12623165.95
176,0,217,0,43.94,0.01,51.71,164.21,12623165.95
176,0,217,0,43.94,0.01,51.71,164.21,12623165.95
176,0,217,0,43.94,0.01,51.71,164.21,12623165.95
176,0,217,0,43.94,0.01,51.71,164.21,12623165.95
176,0,217,0,43.94,0.01,51.71,164.21,12623165.95
176,0,217,0,43.94,0.01,51.71,164.21,12623165.95
176,0,217,0,43.94,0.01,51.71,164.21,12623165.95
176,0,217,0,43.94,0.01,51.71,164.21,12623165.95
176,0,217,0,43.94,0.01,51.71,164.21,12623165.95
176,0,217,0,43.94,0.01,51.71,164.21,12623165.95
176,0,217,0,43.94,0.01,51.71,164.21,12623165.95
176,0,217,0,43.94,0.01,51.71,164.21,12623165.95
176,0,217,0,43.94,0.01,51.71,164.21,12623165.95
176,0,217,0,43.94,0.01,51.71,164.21,12623165.95
176,0,217,0,43.94,0.01,51.71,164.21,12623165.95
176,0,217,0,43.94,0.01,51.71,164.21,12623165.95
192,0,8,0,42.8,0.04,41.01,617.14,21257862.56
192,0,16,0,44.04,0.03,38.62,509.33,19093336.98
192,0,24,0,44.04,0.03,38.84,455.84,17473243.64
192,0,32,0,44.04,0.03,39.33,415.83,16753299.68
192,0,40,0,44.04,0.02,39.83,383.13,16199567.56
192,0,48,0,44.04,0.02,40.35,356.04,15741781.26
192,0,56,0,44.04,0.02,46.32,377.47,16018373.66
192,0,64,0,43.94,0.02,41.1,311.18,14888657.06
192,0,72,0,43.94,0.02,41.5,293.33,14547244.74
192,0,80,0,43.94,0.02,42.15,279.42,14337466.98
192,0,88,0,44.04,0.02,47.64,297.33,14723823.07
192,0,96,0,43.94,0.02,43.06,253.87,13915386.45
192,0,104,0,43.94,0.01,43.54,243.26,13726473.49
192,0,112,0,43.94,0.01,44.12,234.26,13599776.94
192,0,128,0,43.94,0.01,44.92,216.86,13327704.39
192,0,144,0,43.94,0.01,46.18,204.46,13211750.19
192,0,160,0,43.94,0.01,46.86,191.55,13016506.79
192,0,176,0,43.94,0.01,47.89,181.82,12912746.82
192,0,192,0,43.94,0.01,48.83,173.07,12813318.18
192,0,208,0,43.94,0.01,49.53,164.63,12701496.35
192,0,208,0,43.94,0.01,49.53,164.63,12701496.35
192,0,208,0,43.94,0.01,49.53,164.63,12701496.35
192,0,208,0,43.94,0.01,49.53,164.63,12701496.35
192,0,208,0,43.94,0.01,49.53,164.63,12701496.35
192,0,208,0,43.94,0.01,49.53,164.63,12701496.35
192,0,208,0,43.94,0.01,49.53,164.63,12701496.35
192,0,208,0,43.94,0.01,49.53,164.63,12701496.35
192,0,208,0,43.94,0.01,49.53,164.63,12701496.35
192,0,208,0,43.94,0.01,49.53,164.63,12701496.35
192,0,208,0,43.94,0.01,49.53,164.63,12701496.35
192,0,208,0,43.94,0.01,49.53,164.63,12701496.35
192,0,208,0,43.94,0.01,49.53,164.63,12701496.35
192,0,208,0,43.94,0.01,49.53,164.63,12701496.35
192,0,208,0,43.94,0.01,49.53,164.63,12701496.35
192,0,208,0,43.94,0.01,49.53,164.63,12701496.35
192,0,208,0,43.94,0.01,49.53,164.63,12701496.35
192,0,208,0,43.94,0.01,49.53,164.63,12701496.35
192,0,208,0,43.94,0.01,49.53,164.63,12701496.35
192,0,208,0,43.94,0.01,49.53,164.63,12701496.35
192,0,208,0,43.94,0.01,49.53,164.63,12701496.35
192,0,208,0,43.94,0.01,49.53,164.63,12701496.35
192,0,208,0,43.94,0.01,49.53,164.63,12701496.35
192,0,208,0,43.94,0.01,49.53,164.63,12701496.35
192,0,208,0,43.94,0.01,49.53,164.63,12701496.35
192,0,208,0,43.94,0.01,49.53,164.63,12701496.35
192,0,208,0,43.94,0.01,49.53,164.63,12701496.35
192,0,208,0,43.94,0.01,49.53,164.63,12701496.35
192,0,208,0,43.94,0.01,49.53,164.63,12701496.35
192,0,208,0,43.94,0.01,49.53,164.63,12701496.35
192,0,208,0,43.94,0.01,49.53,164.63,12701496.35
192,0,208,0,43.94,0.01,49.53,164.63,12701496.35
192,0,208,0,43.94,0.01,49.53,164.63,12701496.35
192,0,208,0,43.94,0.01,49.53,164.63,12701496.35
192,0,208,0,43.94,0.01,49.53,164.63,12701496.35
192,0,208,0,43.94,0.01,49.53,164.63,12701496.35
192,0,208,0,43.94,0.01,49.53,164.63,12701496.35
208,0,8,0,66.05,0.03,38.03,534.14,20468318.39
208,0,16,0,42.66,0.03,39.52,490.47,20244677.63
208,0,24,0,44.04,0.03,39.0,433.59,18021137.85
208,0,32,0,43.94,0.03,40.26,405.32,17008672.36
208,0,40,0,44.04,0.02,39.7,365.15,16185109.48
208,0,48,0,44.04,0.02,39.95,338.31,15609886.56
208,0,56,0,44.04,0.02,40.38,316.79,15220772.42
208,0,64,0,44.04,0.02,40.97,299.39,14922963.4
208,0,72,0,44.04,0.02,44.11,301.69,15004065.46
208,0,80,0,44.04,0.02,41.88,269.18,14355014.04
208,0,88,0,44.04,0.02,42.13,255.38,14072864.81
208,0,96,0,44.04,0.01,43.03,246.79,14000862.06
208,0,104,0,44.04,0.01,43.66,237.65,13868554.18
208,0,112,0,44.04,0.01,43.9,227.35,13659985.43
208,0,128,0,43.94,0.01,44.73,211.12,13389181.38
208,0,144,0,43.94,0.01,45.7,198.15,13199027.26
208,0,160,0,43.94,0.01,47.09,188.85,13154213.81
208,0,176,0,43.94,0.01,47.72,177.98,12966442.92
208,0,192,0,43.94,0.01,48.98,170.73,12933108.43
208,0,207,0,43.94,0.01,49.82,163.0,12817797.17
208,0,207,0,43.94,0.01,49.82,163.0,12817797.17
208,0,207,0,43.94,0.01,49.82,163.0,12817797.17
208,0,207,0,43.94,0.01,49.82,163.0,12817797.17
208,0,207,0,43.94,0.01,49.82,163.0,12817797.17
208,0,207,0,43.94,0.01,49.82,163.0,12817797.17
208,0,207,0,43.94,0.01,49.82,163.0,12817797.17
208,0,207,0,43.94,0.01,49.82,163.0,12817797.17
208,0,207,0,43.94,0.01,49.82,163.0,12817797.17
208,0,207,0,43.94,0.01,49.82,163.0,12817797.17
208,0,207,0,43.94,0.01,49.82,163.0,12817797.17
208,0,207,0,43.94,0.01,49.82,163.0,12817797.17
208,0,207,0,43.94,0.01,49.82,163.0,12817797.17
208,0,207,0,43.94,0.01,49.82,163.0,12817797.17
208,0,207,0,43.94,0.01,49.82,163.0,12817797.17
208,0,207,0,43.94,0.01,49.82,163.0,12817797.17
208,0,207,0,43.94,0.01,49.82,163.0,12817797.17
208,0,207,0,43.94,0.01,49.82,163.0,12817797.17
208,0,207,0,43.94,0.01,49.82,163.0,12817797.17
208,0,207,0,43.94,0.01,49.82,163.0,12817797.17
208,0,207,0,43.94,0.01,49.82,163.0,12817797.17
208,0,207,0,43.94,0.01,49.82,163.0,12817797.17
208,0,207,0,43.94,0.01,49.82,163.0,12817797.17
208,0,207,0,43.94,0.01,49.82,163.0,12817797.17
208,0,207,0,43.94,0.01,49.82,163.0,12817797.17
208,0,207,0,43.94,0.01,49.82,163.0,12817797.17
208,0,207,0,43.94,0.01,49.82,163.0,12817797.17
208,0,207,0,43.94,0.01,49.82,163.0,12817797.17
208,0,207,0,43.94,0.01,49.82,163.0,12817797.17
208,0,207,0,43.94,0.01,49.82,163.0,12817797.17
208,0,207,0,43.94,0.01,49.82,163.0,12817797.17
208,0,207,0,43.94,0.01,49.82,163.0,12817797.17
208,0,207,0,43.94,0.01,49.82,163.0,12817797.17
208,0,207,0,43.94,0.01,49.82,163.0,12817797.17
208,0,207,0,43.94,0.01,49.82,163.0,12817797.17
208,0,207,0,43.94,0.01,49.82,163.0,12817797.17
208,0,207,0,43.94,0.01,49.82,163.0,12817797.17
224,0,8,0,42.1,0.03,37.93,499.37,20900672.86
224,0,16,0,44.04,0.03,39.89,467.42,20374783.32
224,0,24,0,44.04,0.03,39.26,414.53,18004286.85
224,0,32,0,44.04,0.02,39.51,379.57,17265732.32
224,0,40,0,44.04,0.02,39.73,350.16,16187203.85
224,0,48,0,44.04,0.02,45.62,371.34,16484436.73
224,0,56,0,43.94,0.02,40.35,305.16,15255475.17
224,0,64,0,43.94,0.02,40.69,287.33,14883233.85
224,0,72,0,43.94,0.02,41.41,274.26,14666085.05
224,0,80,0,43.94,0.02,41.9,261.3,14437626.58
224,0,88,0,44.04,0.01,42.28,249.07,14209745.29
224,0,96,0,43.94,0.01,42.73,238.57,14003269.35
224,0,104,0,43.94,0.01,43.05,228.4,13794011.99
224,0,112,0,43.94,0.01,43.78,221.26,13665778.94
224,0,128,0,43.94,0.01,44.87,207.12,13516554.57
224,0,144,0,43.94,0.01,45.9,194.99,13330837.07
224,0,160,0,43.94,0.01,46.52,183.04,13121098.87
224,0,176,0,43.94,0.01,47.42,173.77,12998979.1
224,0,191,0,43.94,0.01,48.93,167.76,12978636.12
224,0,193,0,43.94,0.01,49.71,165.13,12886102.49
224,0,193,0,43.94,0.01,49.71,165.13,12886102.49
224,0,193,0,43.94,0.01,49.71,165.13,12886102.49
224,0,193,0,43.94,0.01,49.71,165.13,12886102.49
224,0,193,0,43.94,0.01,49.71,165.13,12886102.49
224,0,193,0,43.94,0.01,49.71,165.13,12886102.49
224,0,193,0,43.94,0.01,49.71,165.13,12886102.49
224,0,193,0,43.94,0.01,49.71,165.13,12886102.49
224,0,193,0,43.94,0.01,49.71,165.13,12886102.49
224,0,193,0,43.94,0.01,49.71,165.13,12886102.49
224,0,193,0,43.94,0.01,49.71,165.13,12886102.49
224,0,193,0,43.94,0.01,49.71,165.13,12886102.49
224,0,193,0,43.94,0.01,49.71,165.13,12886102.49
224,0,193,0,43.94,0.01,49.71,165.13,12886102.49
224,0,193,0,43.94,0.01,49.71,165.13,12886102.49
224,0,193,0,43.94,0.01,49.71,165.13,12886102.49
224,0,193,0,43.94,0.01,49.71,165.13,12886102.49
224,0,193,0,43.94,0.01,49.71,165.13,12886102.49
224,0,193,0,43.94,0.01,49.71,165.13,12886102.49
224,0,193,0,43.94,0.01,49.71,165.13,12886102.49
224,0,193,0,43.94,0.01,49.71,165.13,12886102.49
224,0,193,0,43.94,0.01,49.71,165.13,12886102.49
224,0,193,0,43.94,0.01,49.71,165.13,12886102.49
224,0,193,0,43.94,0.01,49.71,165.13,12886102.49
224,0,193,0,43.94,0.01,49.71,165.13,12886102.49
224,0,193,0,43.94,0.01,49.71,165.13,12886102.49
224,0,193,0,43.94,0.01,49.71,165.13,12886102.49
224,0,193,0,43.94,0.01,49.71,165.13,12886102.49
224,0,193,0,43.94,0.01,49.71,165.13,12886102.49
224,0,193,0,43.94,0.01,49.71,165.13,12886102.49
224,0,193,0,43.94,0.01,49.71,165.13,12886102.49
224,0,193,0,43.94,0.01,49.71,165.13,12886102.49
224,0,193,0,43.94,0.01,49.71,165.13,12886102.49
224,0,193,0,43.94,0.01,49.71,165.13,12886102.49
224,0,193,0,43.94,0.01,49.71,165.13,12886102.49
224,0,193,0,43.94,0.01,49.71,165.13,12886102.49
224,0,193,0,43.94,0.01,49.71,165.13,12886102.49
240,0,8,0,42.1,0.03,38.96,482.65,21752505.85
240,0,16,0,42.66,0.03,39.78,441.57,20595224.82
240,0,24,0,44.04,0.03,38.68,388.9,18158316.5
240,0,32,0,42.66,0.02,40.37,370.92,18341848.55
240,0,40,0,44.04,0.02,39.96,337.99,16698394.96
240,0,48,0,44.04,0.02,40.06,313.98,15647372.73
240,0,56,0,44.04,0.02,40.11,292.83,15166743.04
240,0,64,0,44.04,0.02,40.72,278.2,14913983.18
240,0,72,0,44.04,0.02,41.25,264.85,14672780.89
240,0,80,0,43.94,0.02,41.68,252.41,14395958.3
240,0,88,0,43.94,0.01,41.85,239.84,14141598.18
240,0,96,0,43.94,0.01,42.68,232.12,14063777.38
240,0,104,0,43.94,0.01,43.02,222.63,13845571.61
240,0,112,0,43.94,0.01,43.59,215.12,13726383.51
240,0,128,0,43.94,0.01,44.18,199.58,13423764.64
240,0,144,0,43.55,0.01,45.84,190.91,13398652.47
240,0,160,0,43.55,0.01,46.57,179.89,13196268.46
240,0,176,0,43.55,0.01,47.92,172.6,13165987.16
240,0,187,0,43.55,0.01,49.2,166.0,13029771.98
240,0,187,0,43.55,0.01,49.2,166.0,13029771.98
240,0,187,0,43.55,0.01,49.2,166.0,13029771.98
240,0,187,0,43.55,0.01,49.2,166.0,13029771.98
240,0,187,0,43.55,0.01,49.2,166.0,13029771.98
240,0,187,0,43.55,0.01,49.2,166.0,13029771.98
240,0,187,0,43.55,0.01,49.2,166.0,13029771.98
240,0,187,0,43.55,0.01,49.2,166.0,13029771.98
240,0,187,0,43.55,0.01,49.2,166.0,13029771.98
240,0,187,0,43.55,0.01,49.2,166.0,13029771.98
240,0,187,0,43.55,0.01,49.2,166.0,13029771.98
240,0,187,0,43.55,0.01,49.2,166.0,13029771.98
240,0,187,0,43.55,0.01,49.2,166.0,13029771.98
240,0,187,0,43.55,0.01,49.2,166.0,13029771.98
240,0,187,0,43.55,0.01,49.2,166.0,13029771.98
240,0,187,0,43.55,0.01,49.2,166.0,13029771.98
240,0,187,0,43.55,0.01,49.2,166.0,13029771.98
240,0,187,0,43.55,0.01,49.2,166.0,13029771.98
240,0,187,0,43.55,0.01,49.2,166.0,13029771.98
240,0,187,0,43.55,0.01,49.2,166.0,13029771.98
240,0,187,0,43.55,0.01,49.2,166.0,13029771.98
240,0,187,0,43.55,0.01,49.2,166.0,13029771.98
240,0,187,0,43.55,0.01,49.2,166.0,13029771.98
240,0,187,0,43.55,0.01,49.2,166.0,13029771.98
240,0,187,0,43.55,0.01,49.2,166.0,13029771.98
240,0,187,0,43.55,0.01,49.2,166.0,13029771.98
240,0,187,0,43.55,0.01,49.2,166.0,13029771.98
240,0,187,0,43.55,0.01,49.2,166.0,13029771.98
240,0,187,0,43.55,0.01,49.2,166.0,13029771.98
240,0,187,0,43.55,0.01,49.2,166.0,13029771.98
240,0,187,0,43.55,0.01,49.2,166.0,13029771.98
240,0,187,0,43.55,0.01,49.2,166.0,13029771.98
240,0,187,0,43.55,0.01,49.2,166.0,13029771.98
240,0,187,0,43.55,0.01,49.2,166.0,13029771.98
240,0,187,0,43.55,0.01,49.2,166.0,13029771.98
240,0,187,0,43.55,0.01,49.2,166.0,13029771.98
240,0,187,0,43.55,0.01,49.2,166.0,13029771.98
240,0,187,0,43.55,0.01,49.2,166.0,13029771.98
256,0,8,0,42.1,0.03,38.53,450.85,21565741.17
256,0,16,0,42.66,0.03,40.69,429.07,21546093.3
256,0,24,0,42.66,0.02,39.91,382.91,19481059.63
256,0,32,0,44.04,0.02,40.85,359.57,18546646.79
256,0,40,0,44.04,0.02,39.56,321.71,16737473.55
256,0,48,0,44.04,0.02,40.14,303.29,15855871.52
256,0,56,0,44.04,0.02,40.31,284.44,15268664.0
256,0,64,0,44.04,0.02,40.85,270.36,15005589.1
256,0,72,0,44.04,0.02,46.33,288.7,15444143.61
256,0,80,0,44.04,0.01,41.68,245.37,14506742.55
256,0,88,0,44.04,0.01,42.15,235.14,14290469.82
256,0,96,0,44.04,0.01,42.72,226.49,14140050.24
256,0,104,0,44.04,0.01,43.16,217.98,13926143.96
256,0,112,0,44.04,0.01,43.26,208.63,13755888.17
256,0,128,0,44.04,0.01,44.38,196.28,13554928.35
256,0,144,0,43.94,0.01,45.09,184.14,13329609.36
256,0,160,0,43.94,0.01,46.08,174.77,13195954.81
256,0,176,0,43.94,0.01,46.99,166.38,13071177.45
256,0,176,0,43.94,0.01,46.99,166.38,13071177.45
256,0,176,0,43.94,0.01,46.99,166.38,13071177.45
256,0,176,0,43.94,0.01,46.99,166.38,13071177.45
256,0,176,0,43.94,0.01,46.99,166.38,13071177.45
256,0,176,0,43.94,0.01,46.99,166.38,13071177.45
256,0,176,0,43.94,0.01,46.99,166.38,13071177.45
256,0,176,0,43.94,0.01,46.99,166.38,13071177.45
256,0,176,0,43.94,0.01,46.99,166.38,13071177.45
256,0,176,0,43.94,0.01,46.99,166.38,13071177.45
256,0,176,0,43.94,0.01,46.99,166.38,13071177.45
256,0,176,0,43.94,0.01,46.99,166.38,13071177.45
256,0,176,0,43.94,0.01,46.99,166.38,13071177.45
256,0,176,0,43.94,0.01,46.99,166.38,13071177.45
256,0,176,0,43.94,0.01,46.99,166.38,13071177.45
256,0,176,0,43.94,0.01,46.99,166.38,13071177.45
256,0,176,0,43.94,0.01,46.99,166.38,13071177.45
256,0,176,0,43.94,0.01,46.99,166.38,13071177.45
256,0,176,0,43.94,0.01,46.99,166.38,13071177.45
256,0,176,0,43.94,0.01,46.99,166.38,13071177.45
256,0,176,0,43.94,0.01,46.99,166.38,13071177.45
256,0,176,0,43.94,0.01,46.99,166.38,13071177.45
256,0,176,0,43.94,0.01,46.99,166.38,13071177.45
256,0,176,0,43.94,0.01,46.99,166.38,13071177.45
256,0,176,0,43.94,0.01,46.99,166.38,13071177.45
256,0,176,0,43.94,0.01,46.99,166.38,13071177.45
256,0,176,0,43.94,0.01,46.99,166.38,13071177.45
256,0,176,0,43.94,0.01,46.99,166.38,13071177.45
256,0,176,0,43.94,0.01,46.99,166.38,13071177.45
256,0,176,0,43.94,0.01,46.99,166.38,13071177.45
256,0,176,0,43.94,0.01,46.99,166.38,13071177.45
256,0,176,0,43.94,0.01,46.99,166.38,13071177.45
256,0,176,0,43.94,0.01,46.99,166.38,13071177.45
256,0,176,0,43.94,0.01,46.99,166.38,13071177.45
256,0,176,0,43.94,0.01,46.99,166.38,13071177.45
256,0,176,0,43.94,0.01,46.99,166.38,13071177.45
256,0,176,0,43.94,0.01,46.99,166.38,13071177.45
256,0,176,0,43.94,0.01,46.99,166.38,13071177.45
256,0,176,0,43.94,0.01,46.99,166.38,13071177.45
288,0,8,0,42.66,0.03,39.19,412.67,22329173.46
288,0,16,0,42.66,0.03,40.48,387.91,21573461.49
288,0,24,0,42.66,0.03,44.84,394.24,23546102.1
288,0,32,0,42.66,0.02,44.93,364.99,22600498.83
288,0,40,0,42.57,0.02,45.96,346.9,22133449.76
288,0,48,0,42.57,0.02,45.89,323.48,21576104.13
288,0,56,0,42.57,0.02,46.34,306.39,20967880.63
288,0,64,0,42.57,0.02,46.44,289.15,20117823.12
288,0,72,0,42.57,0.02,47.35,278.5,20030854.99
288,0,80,0,42.57,0.02,47.35,263.97,19403813.04
288,0,88,0,42.57,0.02,47.6,252.18,18918903.03
288,0,96,0,42.57,0.01,48.22,243.36,18759344.77
288,0,104,0,42.57,0.01,48.26,232.58,18204632.86
288,0,112,0,42.57,0.01,48.65,224.31,17954740.91
288,0,128,0,42.57,0.01,49.45,209.87,17481455.55
288,0,144,0,42.57,0.01,50.03,196.65,16990261.33
288,0,160,0,42.57,0.01,50.95,186.53,16702769.8
288,0,176,0,42.57,0.01,51.61,176.8,16336154.31
288,0,192,0,42.57,0.01,52.0,167.37,15952730.05
288,0,208,0,42.57,0.01,65.75,199.6,17178122.35
288,0,224,0,42.57,0.01,53.56,153.83,15525729.63
288,0,240,0,42.57,0.01,54.3,147.99,15352362.99
288,0,249,0,42.57,0.01,55.69,144.38,15181289.97
288,0,249,0,42.57,0.01,55.69,144.38,15181289.97
288,0,249,0,42.57,0.01,55.69,144.38,15181289.97
288,0,249,0,42.57,0.01,55.69,144.38,15181289.97
288,0,249,0,42.57,0.01,55.69,144.38,15181289.97
288,0,249,0,42.57,0.01,55.69,144.38,15181289.97
288,0,249,0,42.57,0.01,55.69,144.38,15181289.97
288,0,249,0,42.57,0.01,55.69,144.38,15181289.97
288,0,249,0,42.57,0.01,55.69,144.38,15181289.97
288,0,249,0,42.57,0.01,55.69,144.38,15181289.97
288,0,249,0,42.57,0.01,55.69,144.38,15181289.97
288,0,249,0,42.57,0.01,55.69,144.38,15181289.97
288,0,249,0,42.57,0.01,55.69,144.38,15181289.97
288,0,249,0,42.57,0.01,55.69,144.38,15181289.97
288,0,249,0,42.57,0.01,55.69,144.38,15181289.97
288,0,249,0,42.57,0.01,55.69,144.38,15181289.97
288,0,249,0,42.57,0.01,55.69,144.38,15181289.97
288,0,249,0,42.57,0.01,55.69,144.38,15181289.97
288,0,249,0,42.57,0.01,55.69,144.38,15181289.97
288,0,249,0,42.57,0.01,55.69,144.38,15181289.97
288,0,249,0,42.57,0.01,55.69,144.38,15181289.97
288,0,249,0,42.57,0.01,55.69,144.38,15181289.97
288,0,249,0,42.57,0.01,55.69,144.38,15181289.97
288,0,249,0,42.57,0.01,55.69,144.38,15181289.97
288,0,249,0,42.57,0.01,55.69,144.38,15181289.97
288,0,249,0,42.57,0.01,55.69,144.38,15181289.97
288,0,249,0,42.57,0.01,55.69,144.38,15181289.97
288,0,249,0,42.57,0.01,55.69,144.38,15181289.97
288,0,249,0,42.57,0.01,55.69,144.38,15181289.97
288,0,249,0,42.57,0.01,55.69,144.38,15181289.97
288,0,249,0,42.57,0.01,55.69,144.38,15181289.97
288,0,249,0,42.57,0.01,55.69,144.38,15181289.97
288,0,249,0,42.57,0.01,55.69,144.38,15181289.97
288,0,249,0,42.57,0.01,55.69,144.38,15181289.97
304,0,8,0,42.66,0.03,39.26,393.68,22554489.09
304,0,16,0,42.66,0.03,45.69,418.76,25505996.43
304,0,24,0,42.66,0.02,44.95,379.35,23775247.02
304,0,32,0,42.66,0.02,45.01,352.04,22834773.88
304,0,40,0,42.57,0.02,45.39,330.76,22269304.73
304,0,48,0,42.57,0.02,45.4,309.66,21336217.6
304,0,56,0,42.57,0.02,48.88,313.35,21457897.17
304,0,64,0,42.57,0.02,46.45,280.87,20421133.14
304,0,72,0,42.57,0.02,46.93,268.55,20072041.29
304,0,80,0,42.57,0.02,47.15,256.05,19620594.49
304,0,88,0,42.57,0.01,47.29,244.37,19043269.28
304,0,96,0,42.57,0.02,58.53,288.46,20349212.66
304,0,104,0,42.57,0.01,48.36,227.83,18522358.05
304,0,112,0,42.57,0.01,48.68,219.65,18155583.51
304,0,128,0,42.57,0.01,49.29,205.04,17629989.82
304,0,144,0,42.57,0.01,50.21,193.75,17251929.59
304,0,160,0,42.57,0.01,50.75,182.63,16846356.22
304,0,176,0,42.57,0.01,51.25,172.77,16392160.6
304,0,192,0,42.57,0.01,52.11,165.21,16195836.27
304,0,208,0,42.57,0.01,52.79,157.97,15928777.73
304,0,224,0,42.57,0.01,53.48,151.52,15675784.43
304,0,240,0,42.57,0.01,54.2,145.81,15498708.61
304,0,247,0,42.57,0.01,54.44,142.86,15325926.67
304,0,247,0,42.57,0.01,54.44,142.86,15325926.67
304,0,247,0,42.57,0.01,54.44,142.86,15325926.67
304,0,247,0,42.57,0.01,54.44,142.86,15325926.67
304,0,247,0,42.57,0.01,54.44,142.86,15325926.67
304,0,247,0,42.57,0.01,54.44,142.86,15325926.67
304,0,247,0,42.57,0.01,54.44,142.86,15325926.67
304,0,247,0,42.57,0.01,54.44,142.86,15325926.67
304,0,247,0,42.57,0.01,54.44,142.86,15325926.67
304,0,247,0,42.57,0.01,54.44,142.86,15325926.67
304,0,247,0,42.57,0.01,54.44,142.86,15325926.67
304,0,247,0,42.57,0.01,54.44,142.86,15325926.67
304,0,247,0,42.57,0.01,54.44,142.86,15325926.67
304,0,247,0,42.57,0.01,54.44,142.86,15325926.67
304,0,247,0,42.57,0.01,54.44,142.86,15325926.67
304,0,247,0,42.57,0.01,54.44,142.86,15325926.67
304,0,247,0,42.57,0.01,54.44,142.86,15325926.67
304,0,247,0,42.57,0.01,54.44,142.86,15325926.67
304,0,247,0,42.57,0.01,54.44,142.86,15325926.67
304,0,247,0,42.57,0.01,54.44,142.86,15325926.67
304,0,247,0,42.57,0.01,54.44,142.86,15325926.67
304,0,247,0,42.57,0.01,54.44,142.86,15325926.67
304,0,247,0,42.57,0.01,54.44,142.86,15325926.67
304,0,247,0,42.57,0.01,54.44,142.86,15325926.67
304,0,247,0,42.57,0.01,54.44,142.86,15325926.67
304,0,247,0,42.57,0.01,54.44,142.86,15325926.67
304,0,247,0,42.57,0.01,54.44,142.86,15325926.67
304,0,247,0,42.57,0.01,54.44,142.86,15325926.67
304,0,247,0,42.57,0.01,54.44,142.86,15325926.67
304,0,247,0,42.57,0.01,54.44,142.86,15325926.67
304,0,247,0,42.57,0.01,54.44,142.86,15325926.67
304,0,247,0,42.57,0.01,54.44,142.86,15325926.67
304,0,247,0,42.57,0.01,54.44,142.86,15325926.67
304,0,247,0,42.57,0.01,54.44,142.86,15325926.67
320,0,8,0,42.66,0.02,39.83,381.17,23278923.86
320,0,16,0,42.66,0.03,45.93,403.37,25675430.36
320,0,24,0,40.72,0.03,48.76,395.66,24460242.92
320,0,32,0,40.72,0.02,45.07,339.83,22919398.83
320,0,40,0,40.72,0.02,45.45,320.05,22221848.6
320,0,48,0,40.72,0.02,44.96,296.97,21354947.53
320,0,56,0,40.72,0.02,45.2,281.16,20571893.33
320,0,64,0,40.72,0.02,45.35,266.55,20015716.1
320,0,72,0,40.72,0.02,46.02,256.39,19760745.6
320,0,80,0,40.72,0.01,46.24,244.81,19178434.43
320,0,88,0,40.72,0.01,46.82,236.16,18946650.47
320,0,96,0,40.72,0.01,47.35,228.03,18643061.49
320,0,104,0,40.72,0.01,47.38,218.32,18154480.21
320,0,112,0,40.72,0.01,48.34,213.52,18138690.05
320,0,128,0,40.72,0.01,52.14,212.68,18020131.21
320,0,144,0,40.72,0.01,49.35,187.01,17037910.09
320,0,160,0,40.72,0.01,50.34,178.08,16755740.53
320,0,176,0,40.72,0.01,51.28,170.14,16490766.67
320,0,192,0,40.72,0.01,51.74,161.6,16113440.85
320,0,208,0,40.72,0.01,52.65,155.35,15932191.33
320,0,224,0,40.72,0.01,53.47,149.5,15759950.51
320,0,240,0,40.72,0.01,72.88,193.61,17591036.99
320,0,245,0,40.72,0.01,54.65,141.66,15412968.63
320,0,245,0,40.72,0.01,54.65,141.66,15412968.63
320,0,245,0,40.72,0.01,54.65,141.66,15412968.63
320,0,245,0,40.72,0.01,54.65,141.66,15412968.63
320,0,245,0,40.72,0.01,54.65,141.66,15412968.63
320,0,245,0,40.72,0.01,54.65,141.66,15412968.63
320,0,245,0,40.72,0.01,54.65,141.66,15412968.63
320,0,245,0,40.72,0.01,54.65,141.66,15412968.63
320,0,245,0,40.72,0.01,54.65,141.66,15412968.63
320,0,245,0,40.72,0.01,54.65,141.66,15412968.63
320,0,245,0,40.72,0.01,54.65,141.66,15412968.63
320,0,245,0,40.72,0.01,54.65,141.66,15412968.63
320,0,245,0,40.72,0.01,54.65,141.66,15412968.63
320,0,245,0,40.72,0.01,54.65,141.66,15412968.63
320,0,245,0,40.72,0.01,54.65,141.66,15412968.63
320,0,245,0,40.72,0.01,54.65,141.66,15412968.63
320,0,245,0,40.72,0.01,54.65,141.66,15412968.63
320,0,245,0,40.72,0.01,54.65,141.66,15412968.63
320,0,245,0,40.72,0.01,54.65,141.66,15412968.63
320,0,245,0,40.72,0.01,54.65,141.66,15412968.63
320,0,245,0,40.72,0.01,54.65,141.66,15412968.63
320,0,245,0,40.72,0.01,54.65,141.66,15412968.63
320,0,245,0,40.72,0.01,54.65,141.66,15412968.63
320,0,245,0,40.72,0.01,54.65,141.66,15412968.63
320,0,245,0,40.72,0.01,54.65,141.66,15412968.63
320,0,245,0,40.72,0.01,54.65,141.66,15412968.63
320,0,245,0,40.72,0.01,54.65,141.66,15412968.63
320,0,245,0,40.72,0.01,54.65,141.66,15412968.63
320,0,245,0,40.72,0.01,54.65,141.66,15412968.63
320,0,245,0,40.72,0.01,54.65,141.66,15412968.63
320,0,245,0,40.72,0.01,54.65,141.66,15412968.63
320,0,245,0,40.72,0.01,54.65,141.66,15412968.63
320,0,245,0,40.72,0.01,54.65,141.66,15412968.63
320,0,245,0,40.72,0.01,54.65,141.66,15412968.63
352,0,8,0,42.66,0.02,40.67,356.73,23127018.17
352,0,16,0,40.72,0.02,45.84,371.55,25835986.84
352,0,24,0,40.72,0.02,46.24,348.27,24152519.37
352,0,32,0,40.32,0.03,55.58,391.06,25428937.17
352,0,40,0,40.32,0.02,46.26,305.33,22815017.49
352,0,48,0,40.32,0.02,46.01,285.98,21699955.7
352,0,56,0,40.32,0.02,46.0,270.19,20875518.34
352,0,64,0,40.32,0.02,46.35,258.01,20492977.4
352,0,72,0,40.32,0.02,46.66,246.87,20043713.73
352,0,80,0,40.32,0.01,46.73,235.52,19440630.21
352,0,88,0,40.32,0.01,46.84,225.46,19005945.57
352,0,96,0,40.32,0.02,60.46,278.4,20633176.54
352,0,104,0,40.32,0.01,47.54,209.87,18370673.93
352,0,112,0,40.32,0.01,47.83,202.73,17990681.71
352,0,128,0,40.32,0.01,48.38,189.98,17386639.6
352,0,144,0,40.32,0.01,49.07,179.47,16987235.62
352,0,160,0,40.32,0.01,50.02,171.18,16701900.13
352,0,176,0,40.32,0.01,50.52,162.49,16312213.86
352,0,192,0,40.32,0.01,51.46,156.08,16118353.09
352,0,208,0,40.32,0.01,68.45,196.46,17787411.37
352,0,223,0,40.32,0.01,52.9,144.06,15656575.04
352,0,225,0,40.32,0.01,53.86,143.03,15571317.49
352,0,225,0,40.32,0.01,53.86,143.03,15571317.49
352,0,225,0,40.32,0.01,53.86,143.03,15571317.49
352,0,225,0,40.32,0.01,53.86,143.03,15571317.49
352,0,225,0,40.32,0.01,53.86,143.03,15571317.49
352,0,225,0,40.32,0.01,53.86,143.03,15571317.49
352,0,225,0,40.32,0.01,53.86,143.03,15571317.49
352,0,225,0,40.32,0.01,53.86,143.03,15571317.49
352,0,225,0,40.32,0.01,53.86,143.03,15571317.49
352,0,225,0,40.32,0.01,53.86,143.03,15571317.49
352,0,225,0,40.32,0.01,53.86,143.03,15571317.49
352,0,225,0,40.32,0.01,53.86,143.03,15571317.49
352,0,225,0,40.32,0.01,53.86,143.03,15571317.49
352,0,225,0,40.32,0.01,53.86,143.03,15571317.49
352,0,225,0,40.32,0.01,53.86,143.03,15571317.49
352,0,225,0,40.32,0.01,53.86,143.03,15571317.49
352,0,225,0,40.32,0.01,53.86,143.03,15571317.49
352,0,225,0,40.32,0.01,53.86,143.03,15571317.49
352,0,225,0,40.32,0.01,53.86,143.03,15571317.49
352,0,225,0,40.32,0.01,53.86,143.03,15571317.49
352,0,225,0,40.32,0.01,53.86,143.03,15571317.49
352,0,225,0,40.32,0.01,53.86,143.03,15571317.49
352,0,225,0,40.32,0.01,53.86,143.03,15571317.49
352,0,225,0,40.32,0.01,53.86,143.03,15571317.49
352,0,225,0,40.32,0.01,53.86,143.03,15571317.49
352,0,225,0,40.32,0.01,53.86,143.03,15571317.49
352,0,225,0,40.32,0.01,53.86,143.03,15571317.49
352,0,225,0,40.32,0.01,53.86,143.03,15571317.49
352,0,225,0,40.32,0.01,53.86,143.03,15571317.49
352,0,225,0,40.32,0.01,53.86,143.03,15571317.49
352,0,225,0,40.32,0.01,53.86,143.03,15571317.49
352,0,225,0,40.32,0.01,53.86,143.03,15571317.49
352,0,225,0,40.32,0.01,53.86,143.03,15571317.49
352,0,225,0,40.32,0.01,53.86,143.03,15571317.49
352,0,225,0,40.32,0.01,53.86,143.03,15571317.49
384,0,8,0,40.72,0.02,47.28,382.84,28024082.92
384,0,16,0,40.72,0.02,46.69,351.36,26147689.52
384,0,24,0,40.33,0.02,46.86,329.36,24795510.98
384,0,32,0,40.32,0.02,46.97,309.71,24265412.27
384,0,40,0,40.32,0.02,46.64,289.67,23289598.57
384,0,48,0,40.32,0.02,47.19,276.92,22822723.82
384,0,56,0,40.32,0.02,47.13,262.17,22129808.84
384,0,64,0,40.32,0.02,46.98,248.35,21371919.54
384,0,72,0,40.32,0.01,47.16,237.54,20843091.56
384,0,80,0,40.32,0.02,58.35,280.67,22142370.27
384,0,88,0,40.32,0.01,47.76,219.82,19999336.6
384,0,96,0,40.32,0.01,47.84,211.04,19433366.1
384,0,104,0,40.32,0.01,48.12,203.87,19109587.57
384,0,112,0,40.32,0.01,48.48,197.54,18810583.05
384,0,128,0,40.32,0.01,49.02,185.56,18205308.45
384,0,144,0,40.32,0.01,49.91,176.4,17813537.79
384,0,160,0,40.32,0.01,50.35,166.89,17321033.97
384,0,176,0,40.32,0.01,51.15,159.63,17034837.57
384,0,192,0,40.32,0.01,51.98,153.23,16760822.06
384,0,208,0,40.32,0.01,52.63,147.02,16477578.96
384,0,218,0,40.32,0.01,53.95,143.2,16291836.57
384,0,218,0,40.32,0.01,53.95,143.2,16291836.57
384,0,218,0,40.32,0.01,53.95,143.2,16291836.57
384,0,218,0,40.32,0.01,53.95,143.2,16291836.57
384,0,218,0,40.32,0.01,53.95,143.2,16291836.57
384,0,218,0,40.32,0.01,53.95,143.2,16291836.57
384,0,218,0,40.32,0.01,53.95,143.2,16291836.57
384,0,218,0,40.32,0.01,53.95,143.2,16291836.57
384,0,218,0,40.32,0.01,53.95,143.2,16291836.57
384,0,218,0,40.32,0.01,53.95,143.2,16291836.57
384,0,218,0,40.32,0.01,53.95,143.2,16291836.57
384,0,218,0,40.32,0.01,53.95,143.2,16291836.57
384,0,218,0,40.32,0.01,53.95,143.2,16291836.57
384,0,218,0,40.32,0.01,53.95,143.2,16291836.57
384,0,218,0,40.32,0.01,53.95,143.2,16291836.57
384,0,218,0,40.32,0.01,53.95,143.2,16291836.57
384,0,218,0,40.32,0.01,53.95,143.2,16291836.57
384,0,218,0,40.32,0.01,53.95,143.2,16291836.57
384,0,218,0,40.32,0.01,53.95,143.2,16291836.57
384,0,218,0,40.32,0.01,53.95,143.2,16291836.57
384,0,218,0,40.32,0.01,53.95,143.2,16291836.57
384,0,218,0,40.32,0.01,53.95,143.2,16291836.57
384,0,218,0,40.32,0.01,53.95,143.2,16291836.57
384,0,218,0,40.32,0.01,53.95,143.2,16291836.57
384,0,218,0,40.32,0.01,53.95,143.2,16291836.57
384,0,218,0,40.32,0.01,53.95,143.2,16291836.57
384,0,218,0,40.32,0.01,53.95,143.2,16291836.57
384,0,218,0,40.32,0.01,53.95,143.2,16291836.57
384,0,218,0,40.32,0.01,53.95,143.2,16291836.57
384,0,218,0,40.32,0.01,53.95,143.2,16291836.57
384,0,218,0,40.32,0.01,53.95,143.2,16291836.57
384,0,218,0,40.32,0.01,53.95,143.2,16291836.57
384,0,218,0,40.32,0.01,53.95,143.2,16291836.57
384,0,218,0,40.32,0.01,53.95,143.2,16291836.57
384,0,218,0,40.32,0.01,53.95,143.2,16291836.57
384,0,218,0,40.32,0.01,53.95,143.2,16291836.57
400,0,8,0,40.72,0.03,56.08,437.23,29772518.47
400,0,16,0,40.33,0.02,48.53,352.54,26244618.83
400,0,24,0,40.33,0.02,48.0,326.49,25058673.93
400,0,32,0,40.32,0.02,46.9,299.88,24645289.3
400,0,40,0,40.32,0.02,47.61,287.21,23512226.7
400,0,48,0,40.32,0.02,51.26,292.65,23315764.72
400,0,56,0,40.32,0.02,46.48,251.9,21735397.13
400,0,64,0,40.32,0.01,46.72,240.96,21192762.95
400,0,72,0,40.32,0.01,46.8,230.21,20711437.32
400,0,80,0,40.32,0.01,46.86,220.33,20110226.25
400,0,88,0,40.32,0.01,47.18,212.5,19709683.2
400,0,96,0,40.32,0.01,47.52,205.34,19383012.82
400,0,104,0,40.32,0.01,47.88,198.84,19075476.26
400,0,112,0,40.32,0.01,48.15,192.48,18691359.95
400,0,128,0,40.32,0.01,48.72,181.17,18098161.78
400,0,144,0,40.32,0.01,49.66,172.6,17715627.28
400,0,160,0,40.32,0.01,50.12,163.56,17297616.61
400,0,176,0,40.32,0.01,50.76,156.09,16918695.39
400,0,192,0,40.32,0.01,51.48,149.68,16638524.25
400,0,207,0,40.32,0.01,52.31,144.21,16371916.87
400,0,207,0,40.32,0.01,52.31,144.21,16371916.87
400,0,207,0,40.32,0.01,52.31,144.21,16371916.87
400,0,207,0,40.32,0.01,52.31,144.21,16371916.87
400,0,207,0,40.32,0.01,52.31,144.21,16371916.87
400,0,207,0,40.32,0.01,52.31,144.21,16371916.87
400,0,207,0,40.32,0.01,52.31,144.21,16371916.87
400,0,207,0,40.32,0.01,52.31,144.21,16371916.87
400,0,207,0,40.32,0.01,52.31,144.21,16371916.87
400,0,207,0,40.32,0.01,52.31,144.21,16371916.87
400,0,207,0,40.32,0.01,52.31,144.21,16371916.87
400,0,207,0,40.32,0.01,52.31,144.21,16371916.87
400,0,207,0,40.32,0.01,52.31,144.21,16371916.87
400,0,207,0,40.32,0.01,52.31,144.21,16371916.87
400,0,207,0,40.32,0.01,52.31,144.21,16371916.87
400,0,207,0,40.32,0.01,52.31,144.21,16371916.87
400,0,207,0,40.32,0.01,52.31,144.21,16371916.87
400,0,207,0,40.32,0.01,52.31,144.21,16371916.87
400,0,207,0,40.32,0.01,52.31,144.21,16371916.87
400,0,207,0,40.32,0.01,52.31,144.21,16371916.87
400,0,207,0,40.32,0.01,52.31,144.21,16371916.87
400,0,207,0,40.32,0.01,52.31,144.21,16371916.87
400,0,207,0,40.32,0.01,52.31,144.21,16371916.87
400,0,207,0,40.32,0.01,52.31,144.21,16371916.87
400,0,207,0,40.32,0.01,52.31,144.21,16371916.87
400,0,207,0,40.32,0.01,52.31,144.21,16371916.87
400,0,207,0,40.32,0.01,52.31,144.21,16371916.87
400,0,207,0,40.32,0.01,52.31,144.21,16371916.87
400,0,207,0,40.32,0.01,52.31,144.21,16371916.87
400,0,207,0,40.32,0.01,52.31,144.21,16371916.87
400,0,207,0,40.32,0.01,52.31,144.21,16371916.87
400,0,207,0,40.32,0.01,52.31,144.21,16371916.87
400,0,207,0,40.32,0.01,52.31,144.21,16371916.87
400,0,207,0,40.32,0.01,52.31,144.21,16371916.87
400,0,207,0,40.32,0.01,52.31,144.21,16371916.87
400,0,207,0,40.32,0.01,52.31,144.21,16371916.87
400,0,207,0,40.32,0.01,52.31,144.21,16371916.87
448,0,8,0,40.33,0.03,58.22,408.49,30286373.03
448,0,16,0,40.33,0.02,49.31,324.58,26875539.5
448,0,24,0,40.33,0.02,47.61,295.2,25292385.69
448,0,32,0,40.32,0.02,46.79,274.18,24976791.3
448,0,40,0,40.32,0.02,46.96,260.81,23941439.26
448,0,48,0,40.32,0.02,47.2,249.16,23826655.02
448,0,56,0,40.32,0.01,46.89,235.87,22343650.31
448,0,64,0,40.32,0.01,46.39,222.84,20943882.93
448,0,72,0,40.32,0.01,46.52,213.83,20318824.89
448,0,80,0,40.32,0.01,46.92,206.75,19914124.46
448,0,88,0,40.32,0.01,47.04,199.07,19475158.15
448,0,96,0,40.32,0.01,47.22,192.19,19132823.01
448,0,104,0,40.32,0.01,47.57,186.5,18829504.57
448,0,112,0,40.32,0.01,47.9,181.12,18593767.43
448,0,128,0,40.32,0.01,48.37,170.81,17984996.65
448,0,144,0,40.32,0.01,49.01,162.29,17570499.69
448,0,160,0,40.32,0.01,49.64,154.79,17174353.99
448,0,176,0,40.32,0.01,50.44,148.6,16888918.74
448,0,188,0,40.32,0.01,51.48,143.71,16604740.26
448,0,188,0,40.32,0.01,51.48,143.71,16604740.26
448,0,188,0,40.32,0.01,51.48,143.71,16604740.26
448,0,188,0,40.32,0.01,51.48,143.71,16604740.26
448,0,188,0,40.32,0.01,51.48,143.71,16604740.26
448,0,188,0,40.32,0.01,51.48,143.71,16604740.26
448,0,188,0,40.32,0.01,51.48,143.71,16604740.26
448,0,188,0,40.32,0.01,51.48,143.71,16604740.26
448,0,188,0,40.32,0.01,51.48,143.71,16604740.26
448,0,188,0,40.32,0.01,51.48,143.71,16604740.26
448,0,188,0,40.32,0.01,51.48,143.71,16604740.26
448,0,188,0,40.32,0.01,51.48,143.71,16604740.26
448,0,188,0,40.32,0.01,51.48,143.71,16604740.26
448,0,188,0,40.32,0.01,51.48,143.71,16604740.26
448,0,188,0,40.32,0.01,51.48,143.71,16604740.26
448,0,188,0,40.32,0.01,51.48,143.71,16604740.26
448,0,188,0,40.32,0.01,51.48,143.71,16604740.26
448,0,188,0,40.32,0.01,51.48,143.71,16604740.26
448,0,188,0,40.32,0.01,51.48,143.71,16604740.26
448,0,188,0,40.32,0.01,51.48,143.71,16604740.26
448,0,188,0,40.32,0.01,51.48,143.71,16604740.26
448,0,188,0,40.32,0.01,51.48,143.71,16604740.26
448,0,188,0,40.32,0.01,51.48,143.71,16604740.26
448,0,188,0,40.32,0.01,51.48,143.71,16604740.26
448,0,188,0,40.32,0.01,51.48,143.71,16604740.26
448,0,188,0,40.32,0.01,51.48,143.71,16604740.26
448,0,188,0,40.32,0.01,51.48,143.71,16604740.26
448,0,188,0,40.32,0.01,51.48,143.71,16604740.26
448,0,188,0,40.32,0.01,51.48,143.71,16604740.26
448,0,188,0,40.32,0.01,51.48,143.71,16604740.26
448,0,188,0,40.32,0.01,51.48,143.71,16604740.26
448,0,188,0,40.32,0.01,51.48,143.71,16604740.26
448,0,188,0,40.32,0.01,51.48,143.71,16604740.26
448,0,188,0,40.32,0.01,51.48,143.71,16604740.26
448,0,188,0,40.32,0.01,51.48,143.71,16604740.26
448,0,188,0,40.32,0.01,51.48,143.71,16604740.26
448,0,188,0,40.32,0.01,51.48,143.71,16604740.26
448,0,188,0,40.32,0.01,51.48,143.71,16604740.26
480,0,8,0,40.33,0.02,48.46,318.73,28465560.54
480,0,16,0,40.33,0.02,47.81,296.16,26816486.52
480,0,24,0,40.33,0.02,47.23,276.55,25542032.86
480,0,32,0,40.32,0.02,47.51,263.71,25246794.68
480,0,40,0,40.32,0.02,47.16,248.79,24278296.73
480,0,48,0,40.32,0.01,47.42,238.39,23838870.71
480,0,56,0,40.32,0.02,58.41,280.41,25005790.9
480,0,64,0,40.32,0.01,48.13,221.1,21761980.95
480,0,72,0,40.32,0.01,48.38,213.05,21155002.68
480,0,80,0,40.32,0.01,47.06,199.03,20472992.9
480,0,88,0,40.32,0.01,47.66,193.87,20257711.34
480,0,96,0,40.32,0.01,47.88,187.6,19920448.97
480,0,104,0,40.32,0.01,48.15,181.97,19529466.23
480,0,112,0,40.32,0.01,48.12,175.66,19108527.64
480,0,128,0,40.32,0.01,49.04,167.55,18701447.18
480,0,144,0,40.32,0.01,49.61,159.27,18201338.01
480,0,160,0,40.32,0.01,50.16,151.9,17797854.02
480,0,176,0,40.32,0.01,50.89,145.82,17431859.13
480,0,184,0,40.32,0.01,51.02,142.37,17221000.11
480,0,184,0,40.32,0.01,51.02,142.37,17221000.11
480,0,184,0,40.32,0.01,51.02,142.37,17221000.11
480,0,184,0,40.32,0.01,51.02,142.37,17221000.11
480,0,184,0,40.32,0.01,51.02,142.37,17221000.11
480,0,184,0,40.32,0.01,51.02,142.37,17221000.11
480,0,184,0,40.32,0.01,51.02,142.37,17221000.11
480,0,184,0,40.32,0.01,51.02,142.37,17221000.11
480,0,184,0,40.32,0.01,51.02,142.37,17221000.11
480,0,184,0,40.32,0.01,51.02,142.37,17221000.11
480,0,184,0,40.32,0.01,51.02,142.37,17221000.11
480,0,184,0,40.32,0.01,51.02,142.37,17221000.11
480,0,184,0,40.32,0.01,51.02,142.37,17221000.11
480,0,184,0,40.32,0.01,51.02,142.37,17221000.11
480,0,184,0,40.32,0.01,51.02,142.37,17221000.11
480,0,184,0,40.32,0.01,51.02,142.37,17221000.11
480,0,184,0,40.32,0.01,51.02,142.37,17221000.11
480,0,184,0,40.32,0.01,51.02,142.37,17221000.11
480,0,184,0,40.32,0.01,51.02,142.37,17221000.11
480,0,184,0,40.32,0.01,51.02,142.37,17221000.11
480,0,184,0,40.32,0.01,51.02,142.37,17221000.11
480,0,184,0,40.32,0.01,51.02,142.37,17221000.11
480,0,184,0,40.32,0.01,51.02,142.37,17221000.11
480,0,184,0,40.32,0.01,51.02,142.37,17221000.11
480,0,184,0,40.32,0.01,51.02,142.37,17221000.11
480,0,184,0,40.32,0.01,51.02,142.37,17221000.11
480,0,184,0,40.32,0.01,51.02,142.37,17221000.11
480,0,184,0,40.32,0.01,51.02,142.37,17221000.11
480,0,184,0,40.32,0.01,51.02,142.37,17221000.11
480,0,184,0,40.32,0.01,51.02,142.37,17221000.11
480,0,184,0,40.32,0.01,51.02,142.37,17221000.11
480,0,184,0,40.32,0.01,51.02,142.37,17221000.11
480,0,184,0,40.32,0.01,51.02,142.37,17221000.11
480,0,184,0,40.32,0.01,51.02,142.37,17221000.11
480,0,184,0,40.32,0.01,51.02,142.37,17221000.11
480,0,184,0,40.32,0.01,51.02,142.37,17221000.11
480,0,184,0,40.32,0.01,51.02,142.37,17221000.11
480,0,184,0,40.32,0.01,51.02,142.37,17221000.11
512,0,8,0,40.33,0.02,48.63,301.0,28529049.89
512,0,16,0,40.33,0.02,48.41,283.2,27164288.16
512,0,24,0,40.33,0.02,47.73,264.72,25672694.37
512,0,32,0,40.32,0.02,47.44,250.12,25555766.23
512,0,40,0,40.32,0.01,48.41,243.21,24741593.63
512,0,48,0,40.32,0.01,47.97,230.14,24454314.8
512,0,56,0,40.32,0.01,48.61,223.16,23146438.83
512,0,64,0,40.32,0.01,47.92,210.93,22176282.67
512,0,72,0,40.32,0.01,47.4,200.36,21207427.7
512,0,80,0,40.32,0.01,48.77,198.29,20879340.81
512,0,88,0,40.32,0.01,47.61,186.46,20159614.77
512,0,96,0,40.32,0.01,47.88,180.87,19760548.91
512,0,104,0,40.32,0.01,48.06,175.36,19433209.57
512,0,112,0,40.32,0.01,48.41,170.78,19202130.21
512,0,128,0,40.32,0.01,49.12,162.54,18698233.28
512,0,144,0,40.32,0.01,49.5,154.21,18175963.21
512,0,160,0,40.32,0.01,50.42,148.42,17885131.14
512,0,175,0,40.32,0.01,50.9,141.99,17473789.08
512,0,177,0,40.32,0.01,51.83,140.89,17376610.47
512,0,177,0,40.32,0.01,51.83,140.89,17376610.47
512,0,177,0,40.32,0.01,51.83,140.89,17376610.47
512,0,177,0,40.32,0.01,51.83,140.89,17376610.47
512,0,177,0,40.32,0.01,51.83,140.89,17376610.47
512,0,177,0,40.32,0.01,51.83,140.89,17376610.47
512,0,177,0,40.32,0.01,51.83,140.89,17376610.47
512,0,177,0,40.32,0.01,51.83,140.89,17376610.47
512,0,177,0,40.32,0.01,51.83,140.89,17376610.47
512,0,177,0,40.32,0.01,51.83,140.89,17376610.47
512,0,177,0,40.32,0.01,51.83,140.89,17376610.47
512,0,177,0,40.32,0.01,51.83,140.89,17376610.47
512,0,177,0,40.32,0.01,51.83,140.89,17376610.47
512,0,177,0,40.32,0.01,51.83,140.89,17376610.47
512,0,177,0,40.32,0.01,51.83,140.89,17376610.47
512,0,177,0,40.32,0.01,51.83,140.89,17376610.47
512,0,177,0,40.32,0.01,51.83,140.89,17376610.47
512,0,177,0,40.32,0.01,51.83,140.89,17376610.47
512,0,177,0,40.32,0.01,51.83,140.89,17376610.47
512,0,177,0,40.32,0.01,51.83,140.89,17376610.47
512,0,177,0,40.32,0.01,51.83,140.89,17376610.47
512,0,177,0,40.32,0.01,51.83,140.89,17376610.47
512,0,177,0,40.32,0.01,51.83,140.89,17376610.47
512,0,177,0,40.32,0.01,51.83,140.89,17376610.47
512,0,177,0,40.32,0.01,51.83,140.89,17376610.47
512,0,177,0,40.32,0.01,51.83,140.89,17376610.47
512,0,177,0,40.32,0.01,51.83,140.89,17376610.47
512,0,177,0,40.32,0.01,51.83,140.89,17376610.47
512,0,177,0,40.32,0.01,51.83,140.89,17376610.47
512,0,177,0,40.32,0.01,51.83,140.89,17376610.47
512,0,177,0,40.32,0.01,51.83,140.89,17376610.47
512,0,177,0,40.32,0.01,51.83,140.89,17376610.47
512,0,177,0,40.32,0.01,51.83,140.89,17376610.47
512,0,177,0,40.32,0.01,51.83,140.89,17376610.47
512,0,177,0,40.32,0.01,51.83,140.89,17376610.47
512,0,177,0,40.32,0.01,51.83,140.89,17376610.47
512,0,177,0,40.32,0.01,51.83,140.89,17376610.47
512,0,177,0,40.32,0.01,51.83,140.89,17376610.47
576,0,8,0,31.95,0.02,50.57,280.06,30012045.31
576,0,16,0,40.33,0.02,48.58,255.75,27367381.42
576,0,24,0,40.33,0.01,48.0,240.79,26227098.61
576,0,32,0,40.32,0.01,47.75,228.79,25953667.99
576,0,40,0,40.32,0.01,47.64,218.45,25039744.99
576,0,48,0,40.32,0.01,48.09,211.4,24930689.59
576,0,56,0,40.32,0.01,49.91,210.75,24314675.08
576,0,64,0,40.32,0.01,50.35,204.47,23081657.15
576,0,72,0,40.32,0.01,47.9,187.4,22092844.51
576,0,80,0,40.32,0.01,48.09,181.49,21595299.61
576,0,88,0,40.32,0.01,50.2,182.99,21139959.52
576,0,96,0,40.32,0.01,48.18,169.82,20231010.2
576,0,104,0,40.32,0.01,48.69,166.12,20025659.68
576,0,112,0,40.32,0.01,48.89,161.63,19564828.83
576,0,128,0,29.86,0.01,54.09,168.38,21203836.19
576,0,144,0,40.32,0.01,49.67,146.09,18212628.09
576,0,160,0,40.32,0.01,50.48,140.7,17910735.13
576,0,164,0,40.32,0.01,50.93,138.36,17701911.4
576,0,164,0,40.32,0.01,50.93,138.36,17701911.4
576,0,164,0,40.32,0.01,50.93,138.36,17701911.4
576,0,164,0,40.32,0.01,50.93,138.36,17701911.4
576,0,164,0,40.32,0.01,50.93,138.36,17701911.4
576,0,164,0,40.32,0.01,50.93,138.36,17701911.4
576,0,164,0,40.32,0.01,50.93,138.36,17701911.4
576,0,164,0,40.32,0.01,50.93,138.36,17701911.4
576,0,164,0,40.32,0.01,50.93,138.36,17701911.4
576,0,164,0,40.32,0.01,50.93,138.36,17701911.4
576,0,164,0,40.32,0.01,50.93,138.36,17701911.4
576,0,164,0,40.32,0.01,50.93,138.36,17701911.4
576,0,164,0,40.32,0.01,50.93,138.36,17701911.4
576,0,164,0,40.32,0.01,50.93,138.36,17701911.4
576,0,164,0,40.32,0.01,50.93,138.36,17701911.4
576,0,164,0,40.32,0.01,50.93,138.36,17701911.4
576,0,164,0,40.32,0.01,50.93,138.36,17701911.4
576,0,164,0,40.32,0.01,50.93,138.36,17701911.4
576,0,164,0,40.32,0.01,50.93,138.36,17701911.4
576,0,164,0,40.32,0.01,50.93,138.36,17701911.4
576,0,164,0,40.32,0.01,50.93,138.36,17701911.4
576,0,164,0,40.32,0.01,50.93,138.36,17701911.4
576,0,164,0,40.32,0.01,50.93,138.36,17701911.4
576,0,164,0,40.32,0.01,50.93,138.36,17701911.4
576,0,164,0,40.32,0.01,50.93,138.36,17701911.4
576,0,164,0,40.32,0.01,50.93,138.36,17701911.4
576,0,164,0,40.32,0.01,50.93,138.36,17701911.4
576,0,164,0,40.32,0.01,50.93,138.36,17701911.4
576,0,164,0,40.32,0.01,50.93,138.36,17701911.4
576,0,164,0,40.32,0.01,50.93,138.36,17701911.4
576,0,164,0,40.32,0.01,50.93,138.36,17701911.4
576,0,164,0,40.32,0.01,50.93,138.36,17701911.4
576,0,164,0,40.32,0.01,50.93,138.36,17701911.4
576,0,164,0,40.32,0.01,50.93,138.36,17701911.4
576,0,164,0,40.32,0.01,50.93,138.36,17701911.4
576,0,164,0,40.32,0.01,50.93,138.36,17701911.4
576,0,164,0,40.32,0.01,50.93,138.36,17701911.4
576,0,164,0,40.32,0.01,50.93,138.36,17701911.4
576,0,164,0,40.32,0.01,50.93,138.36,17701911.4
624,0,8,0,34.05,0.02,50.0,256.61,29390474.0
624,0,16,0,40.33,0.02,52.26,255.87,28205673.08
624,0,24,0,40.33,0.01,48.49,227.02,26539327.62
624,0,32,0,34.04,0.01,48.72,218.5,26655822.6
624,0,40,0,40.32,0.01,50.76,218.46,25805826.15
624,0,48,0,40.32,0.01,48.53,200.75,25090858.98
624,0,56,0,40.32,0.01,50.02,199.2,24694686.47
624,0,64,0,40.32,0.01,48.35,185.62,23202292.39
624,0,72,0,40.32,0.01,48.58,180.02,22565943.63
624,0,80,0,40.32,0.01,48.68,174.34,22051755.35
624,0,88,0,40.32,0.01,48.87,169.32,21422333.93
624,0,96,0,40.32,0.01,48.87,163.99,20780586.63
624,0,104,0,40.32,0.01,60.39,196.46,22202422.4
624,0,112,0,40.32,0.01,49.31,155.68,20138826.85
624,0,128,0,40.32,0.01,50.06,149.2,19427278.26
624,0,144,0,40.32,0.01,50.61,142.87,18924944.18
624,0,156,0,40.32,0.01,51.44,137.91,18513619.77
624,0,156,0,40.32,0.01,51.44,137.91,18513619.77
624,0,156,0,40.32,0.01,51.44,137.91,18513619.77
624,0,156,0,40.32,0.01,51.44,137.91,18513619.77
624,0,156,0,40.32,0.01,51.44,137.91,18513619.77
624,0,156,0,40.32,0.01,51.44,137.91,18513619.77
624,0,156,0,40.32,0.01,51.44,137.91,18513619.77
624,0,156,0,40.32,0.01,51.44,137.91,18513619.77
624,0,156,0,40.32,0.01,51.44,137.91,18513619.77
624,0,156,0,40.32,0.01,51.44,137.91,18513619.77
624,0,156,0,40.32,0.01,51.44,137.91,18513619.77
624,0,156,0,40.32,0.01,51.44,137.91,18513619.77
624,0,156,0,40.32,0.01,51.44,137.91,18513619.77
624,0,156,0,40.32,0.01,51.44,137.91,18513619.77
624,0,156,0,40.32,0.01,51.44,137.91,18513619.77
624,0,156,0,40.32,0.01,51.44,137.91,18513619.77
624,0,156,0,40.32,0.01,51.44,137.91,18513619.77
624,0,156,0,40.32,0.01,51.44,137.91,18513619.77
624,0,156,0,40.32,0.01,51.44,137.91,18513619.77
624,0,156,0,40.32,0.01,51.44,137.91,18513619.77
624,0,156,0,40.32,0.01,51.44,137.91,18513619.77
624,0,156,0,40.32,0.01,51.44,137.91,18513619.77
624,0,156,0,40.32,0.01,51.44,137.91,18513619.77
624,0,156,0,40.32,0.01,51.44,137.91,18513619.77
624,0,156,0,40.32,0.01,51.44,137.91,18513619.77
624,0,156,0,40.32,0.01,51.44,137.91,18513619.77
624,0,156,0,40.32,0.01,51.44,137.91,18513619.77
624,0,156,0,40.32,0.01,51.44,137.91,18513619.77
624,0,156,0,40.32,0.01,51.44,137.91,18513619.77
624,0,156,0,40.32,0.01,51.44,137.91,18513619.77
624,0,156,0,40.32,0.01,51.44,137.91,18513619.77
624,0,156,0,40.32,0.01,51.44,137.91,18513619.77
624,0,156,0,40.32,0.01,51.44,137.91,18513619.77
624,0,156,0,40.32,0.01,51.44,137.91,18513619.77
624,0,156,0,40.32,0.01,51.44,137.91,18513619.77
624,0,156,0,40.32,0.01,51.44,137.91,18513619.77
624,0,156,0,40.32,0.01,51.44,137.91,18513619.77
624,0,156,0,40.32,0.01,51.44,137.91,18513619.77
624,0,156,0,40.32,0.01,51.44,137.91,18513619.77
624,0,156,0,40.32,0.01,51.44,137.91,18513619.77
640,0,8,0,40.33,0.02,50.68,253.91,28887339.59
640,0,16,0,40.33,0.01,48.13,230.33,27546000.48
640,0,24,0,34.05,0.01,48.64,222.74,27071761.55
640,0,32,0,40.32,0.01,48.28,212.02,26394087.06
640,0,40,0,40.32,0.01,48.19,203.22,25311583.41
640,0,48,0,40.32,0.01,48.69,197.55,25396922.44
640,0,56,0,40.32,0.01,48.77,190.59,24627909.05
640,0,64,0,40.32,0.01,48.64,183.39,23364977.28
640,0,72,0,40.32,0.01,50.39,183.5,22916392.06
640,0,80,0,40.32,0.01,57.05,200.89,23434631.23
640,0,88,0,40.32,0.01,48.85,166.5,21669605.59
640,0,96,0,40.32,0.01,49.1,162.19,21069421.41
640,0,104,0,40.32,0.01,58.31,186.82,22057771.88
640,0,112,0,40.32,0.01,62.58,194.65,22292792.12
640,0,128,0,40.32,0.01,50.04,147.07,19758625.47
640,0,143,0,40.32,0.01,50.67,141.15,19047763.86
632,0,153,0,40.32,0.01,51.73,137.8,18549159.48
632,0,153,0,40.32,0.01,51.73,137.8,18549159.48
632,0,153,0,40.32,0.01,51.73,137.8,18549159.48
632,0,153,0,40.32,0.01,51.73,137.8,18549159.48
632,0,153,0,40.32,0.01,51.73,137.8,18549159.48
632,0,153,0,40.32,0.01,51.73,137.8,18549159.48
632,0,153,0,40.32,0.01,51.73,137.8,18549159.48
632,0,153,0,40.32,0.01,51.73,137.8,18549159.48
632,0,153,0,40.32,0.01,51.73,137.8,18549159.48
632,0,153,0,40.32,0.01,51.73,137.8,18549159.48
632,0,153,0,40.32,0.01,51.73,137.8,18549159.48
632,0,153,0,40.32,0.01,51.73,137.8,18549159.48
632,0,153,0,40.32,0.01,51.73,137.8,18549159.48
632,0,153,0,40.32,0.01,51.73,137.8,18549159.48
632,0,153,0,40.32,0.01,51.73,137.8,18549159.48
632,0,153,0,40.32,0.01,51.73,137.8,18549159.48
632,0,153,0,40.32,0.01,51.73,137.8,18549159.48
632,0,153,0,40.32,0.01,51.73,137.8,18549159.48
632,0,153,0,40.32,0.01,51.73,137.8,18549159.48
632,0,153,0,40.32,0.01,51.73,137.8,18549159.48
632,0,153,0,40.32,0.01,51.73,137.8,18549159.48
632,0,153,0,40.32,0.01,51.73,137.8,18549159.48
632,0,153,0,40.32,0.01,51.73,137.8,18549159.48
632,0,153,0,40.32,0.01,51.73,137.8,18549159.48
632,0,153,0,40.32,0.01,51.73,137.8,18549159.48
632,0,153,0,40.32,0.01,51.73,137.8,18549159.48
632,0,153,0,40.32,0.01,51.73,137.8,18549159.48
632,0,153,0,40.32,0.01,51.73,137.8,18549159.48
632,0,153,0,40.32,0.01,51.73,137.8,18549159.48
632,0,153,0,40.32,0.01,51.73,137.8,18549159.48
632,0,153,0,40.32,0.01,51.73,137.8,18549159.48
632,0,153,0,40.32,0.01,51.73,137.8,18549159.48
632,0,153,0,40.32,0.01,51.73,137.8,18549159.48
632,0,153,0,40.32,0.01,51.73,137.8,18549159.48
632,0,153,0,40.32,0.01,51.73,137.8,18549159.48
632,0,153,0,40.32,0.01,51.73,137.8,18549159.48
632,0,153,0,40.32,0.01,51.73,137.8,18549159.48
632,0,153,0,40.32,0.01,51.73,137.8,18549159.48
632,0,153,0,40.32,0.01,51.73,137.8,18549159.48
632,0,153,0,40.32,0.01,51.73,137.8,18549159.48
672,0,8,0,34.05,0.02,51.37,245.64,30442874.21
672,0,16,0,40.33,0.01,48.52,222.06,27605254.99
672,0,24,0,40.33,0.01,48.66,213.54,26776967.29
672,0,32,0,40.32,0.01,48.31,203.62,26397705.0
672,0,40,0,40.32,0.01,49.52,200.79,25813645.24
672,0,48,0,40.32,0.01,50.61,197.7,25889414.26
672,0,56,0,40.32,0.01,49.5,186.53,24773931.18
672,0,64,0,40.32,0.01,48.6,176.89,23499345.42
672,0,72,0,40.32,0.01,48.86,171.97,23007865.78
672,0,80,0,40.32,0.01,49.13,167.37,22528518.94
672,0,88,0,40.32,0.01,49.28,162.7,21901688.74
672,0,96,0,40.32,0.01,49.3,157.88,21264988.39
672,0,104,0,40.32,0.01,50.11,155.79,20974705.6
672,0,112,0,40.32,0.01,49.76,150.33,20630605.32
672,0,128,0,40.32,0.01,50.56,144.53,20281379.36
672,0,141,0,40.32,0.01,51.29,139.16,19563791.39
662,0,147,0,40.32,0.01,51.56,137.31,19155767.32
662,0,147,0,40.32,0.01,51.56,137.31,19155767.32
662,0,147,0,40.32,0.01,51.56,137.31,19155767.32
662,0,147,0,40.32,0.01,51.56,137.31,19155767.32
662,0,147,0,40.32,0.01,51.56,137.31,19155767.32
662,0,147,0,40.32,0.01,51.56,137.31,19155767.32
662,0,147,0,40.32,0.01,51.56,137.31,19155767.32
662,0,147,0,40.32,0.01,51.56,137.31,19155767.32
662,0,147,0,40.32,0.01,51.56,137.31,19155767.32
662,0,147,0,40.32,0.01,51.56,137.31,19155767.32
662,0,147,0,40.32,0.01,51.56,137.31,19155767.32
662,0,147,0,40.32,0.01,51.56,137.31,19155767.32
662,0,147,0,40.32,0.01,51.56,137.31,19155767.32
662,0,147,0,40.32,0.01,51.56,137.31,19155767.32
662,0,147,0,40.32,0.01,51.56,137.31,19155767.32
662,0,147,0,40.32,0.01,51.56,137.31,19155767.32
662,0,147,0,40.32,0.01,51.56,137.31,19155767.32
662,0,147,0,40.32,0.01,51.56,137.31,19155767.32
662,0,147,0,40.32,0.01,51.56,137.31,19155767.32
662,0,147,0,40.32,0.01,51.56,137.31,19155767.32
662,0,147,0,40.32,0.01,51.56,137.31,19155767.32
662,0,147,0,40.32,0.01,51.56,137.31,19155767.32
662,0,147,0,40.32,0.01,51.56,137.31,19155767.32
662,0,147,0,40.32,0.01,51.56,137.31,19155767.32
662,0,147,0,40.32,0.01,51.56,137.31,19155767.32
662,0,147,0,40.32,0.01,51.56,137.31,19155767.32
662,0,147,0,40.32,0.01,51.56,137.31,19155767.32
662,0,147,0,40.32,0.01,51.56,137.31,19155767.32
662,0,147,0,40.32,0.01,51.56,137.31,19155767.32
662,0,147,0,40.32,0.01,51.56,137.31,19155767.32
662,0,147,0,40.32,0.01,51.56,137.31,19155767.32
662,0,147,0,40.32,0.01,51.56,137.31,19155767.32
662,0,147,0,40.32,0.01,51.56,137.31,19155767.32
662,0,147,0,40.32,0.01,51.56,137.31,19155767.32
662,0,147,0,40.32,0.01,51.56,137.31,19155767.32
662,0,147,0,40.32,0.01,51.56,137.31,19155767.32
662,0,147,0,40.32,0.01,51.56,137.31,19155767.32
662,0,147,0,40.32,0.01,51.56,137.31,19155767.32
662,0,147,0,40.32,0.01,51.56,137.31,19155767.32
662,0,147,0,40.32,0.01,51.56,137.31,19155767.32
704,0,8,0,29.86,0.02,54.26,248.2,32351034.11
704,0,16,0,34.05,0.01,50.38,220.96,28806109.84
704,0,24,0,40.33,0.01,48.47,204.19,26731011.82
704,0,32,0,40.32,0.01,51.7,209.53,27154952.34
704,0,40,0,40.32,0.01,49.84,194.57,26120724.29
704,0,48,0,40.32,0.01,49.28,185.62,25632612.03
704,0,56,0,40.32,0.01,53.54,194.77,25799400.87
704,0,64,0,40.32,0.01,49.08,172.66,23869078.11
704,0,72,0,40.32,0.01,49.12,167.29,23338480.29
704,0,80,0,40.32,0.01,49.5,163.35,22742630.19
704,0,88,0,34.04,0.01,53.78,172.16,24865707.69
704,0,96,0,40.32,0.01,62.95,195.62,23889008.14
704,0,104,0,40.32,0.01,64.06,193.44,23427654.21
704,0,112,0,40.32,0.01,49.97,146.75,20781073.66
704,0,128,0,40.32,0.01,50.87,141.6,20422711.12
692,0,141,0,40.32,0.01,51.52,137.13,19778262.44
662,0,147,0,40.32,0.01,51.56,137.31,19155767.32
662,0,147,0,40.32,0.01,51.56,137.31,19155767.32
662,0,147,0,40.32,0.01,51.56,137.31,19155767.32
662,0,147,0,40.32,0.01,51.56,137.31,19155767.32
662,0,147,0,40.32,0.01,51.56,137.31,19155767.32
662,0,147,0,40.32,0.01,51.56,137.31,19155767.32
662,0,147,0,40.32,0.01,51.56,137.31,19155767.32
662,0,147,0,40.32,0.01,51.56,137.31,19155767.32
662,0,147,0,40.32,0.01,51.56,137.31,19155767.32
662,0,147,0,40.32,0.01,51.56,137.31,19155767.32
662,0,147,0,40.32,0.01,51.56,137.31,19155767.32
662,0,147,0,40.32,0.01,51.56,137.31,19155767.32
662,0,147,0,40.32,0.01,51.56,137.31,19155767.32
662,0,147,0,40.32,0.01,51.56,137.31,19155767.32
662,0,147,0,40.32,0.01,51.56,137.31,19155767.32
662,0,147,0,40.32,0.01,51.56,137.31,19155767.32
662,0,147,0,40.32,0.01,51.56,137.31,19155767.32
662,0,147,0,40.32,0.01,51.56,137.31,19155767.32
662,0,147,0,40.32,0.01,51.56,137.31,19155767.32
662,0,147,0,40.32,0.01,51.56,137.31,19155767.32
662,0,147,0,40.32,0.01,51.56,137.31,19155767.32
662,0,147,0,40.32,0.01,51.56,137.31,19155767.32
662,0,147,0,40.32,0.01,51.56,137.31,19155767.32
662,0,147,0,40.32,0.01,51.56,137.31,19155767.32
662,0,147,0,40.32,0.01,51.56,137.31,19155767.32
662,0,147,0,40.32,0.01,51.56,137.31,19155767.32
662,0,147,0,40.32,0.01,51.56,137.31,19155767.32
662,0,147,0,40.32,0.01,51.56,137.31,19155767.32
662,0,147,0,40.32,0.01,51.56,137.31,19155767.32
662,0,147,0,40.32,0.01,51.56,137.31,19155767.32
662,0,147,0,40.32,0.01,51.56,137.31,19155767.32
662,0,147,0,40.32,0.01,51.56,137.31,19155767.32
662,0,147,0,40.32,0.01,51.56,137.31,19155767.32
662,0,147,0,40.32,0.01,51.56,137.31,19155767.32
662,0,147,0,40.32,0.01,51.56,137.31,19155767.32
662,0,147,0,40.32,0.01,51.56,137.31,19155767.32
662,0,147,0,40.32,0.01,51.56,137.31,19155767.32
662,0,147,0,40.32,0.01,51.56,137.31,19155767.32
662,0,147,0,40.32,0.01,51.56,137.31,19155767.32
662,0,147,0,40.32,0.01,51.56,137.31,19155767.32
768,0,8,0,29.86,0.01,55.34,232.87,32131112.42
768,0,16,0,34.05,0.01,50.63,204.96,29140726.07
768,0,24,0,40.33,0.01,54.95,214.33,28306475.81
768,0,32,0,40.32,0.01,49.37,185.75,27066539.95
768,0,40,0,40.32,0.01,49.6,180.26,26321169.33
768,0,48,0,40.32,0.01,51.88,182.34,26586291.68
768,0,56,0,40.32,0.01,50.64,172.28,25591957.35
768,0,64,0,40.32,0.01,52.39,172.74,24812985.55
768,0,72,0,40.32,0.01,58.72,187.81,25343997.0
768,0,80,0,40.32,0.01,50.06,155.44,23336515.18
768,0,88,0,40.32,0.01,50.32,151.84,22803908.99
768,0,96,0,40.32,0.01,50.12,147.05,22225436.19
768,0,104,0,40.32,0.01,67.2,191.9,24361390.39
768,0,112,0,40.32,0.01,68.82,191.42,24414509.23
752,0,128,0,40.32,0.01,51.26,137.22,21099000.45
692,0,141,0,40.32,0.01,51.52,137.13,19778262.44
662,0,147,0,40.32,0.01,51.56,137.31,19155767.32
662,0,147,0,40.32,0.01,51.56,137.31,19155767.32
662,0,147,0,40.32,0.01,51.56,137.31,19155767.32
662,0,147,0,40.32,0.01,51.56,137.31,19155767.32
662,0,147,0,40.32,0.01,51.56,137.31,19155767.32
662,0,147,0,40.32,0.01,51.56,137.31,19155767.32
662,0,147,0,40.32,0.01,51.56,137.31,19155767.32
662,0,147,0,40.32,0.01,51.56,137.31,19155767.32
662,0,147,0,40.32,0.01,51.56,137.31,19155767.32
662,0,147,0,40.32,0.01,51.56,137.31,19155767.32
662,0,147,0,40.32,0.01,51.56,137.31,19155767.32
662,0,147,0,40.32,0.01,51.56,137.31,19155767.32
662,0,147,0,40.32,0.01,51.56,137.31,19155767.32
662,0,147,0,40.32,0.01,51.56,137.31,19155767.32
662,0,147,0,40.32,0.01,51.56,137.31,19155767.32
662,0,147,0,40.32,0.01,51.56,137.31,19155767.32
662,0,147,0,40.32,0.01,51.56,137.31,19155767.32
662,0,147,0,40.32,0.01,51.56,137.31,19155767.32
662,0,147,0,40.32,0.01,51.56,137.31,19155767.32
662,0,147,0,40.32,0.01,51.56,137.31,19155767.32
662,0,147,0,40.32,0.01,51.56,137.31,19155767.32
662,0,147,0,40.32,0.01,51.56,137.31,19155767.32
662,0,147,0,40.32,0.01,51.56,137.31,19155767.32
662,0,147,0,40.32,0.01,51.56,137.31,19155767.32
662,0,147,0,40.32,0.01,51.56,137.31,19155767.32
662,0,147,0,40.32,0.01,51.56,137.31,19155767.32
662,0,147,0,40.32,0.01,51.56,137.31,19155767.32
662,0,147,0,40.32,0.01,51.56,137.31,19155767.32
662,0,147,0,40.32,0.01,51.56,137.31,19155767.32
662,0,147,0,40.32,0.01,51.56,137.31,19155767.32
662,0,147,0,40.32,0.01,51.56,137.31,19155767.32
662,0,147,0,40.32,0.01,51.56,137.31,19155767.32
662,0,147,0,40.32,0.01,51.56,137.31,19155767.32
662,0,147,0,40.32,0.01,51.56,137.31,19155767.32
662,0,147,0,40.32,0.01,51.56,137.31,19155767.32
662,0,147,0,40.32,0.01,51.56,137.31,19155767.32
662,0,147,0,40.32,0.01,51.56,137.31,19155767.32
662,0,147,0,40.32,0.01,51.56,137.31,19155767.32
662,0,147,0,40.32,0.01,51.56,137.31,19155767.32
662,0,147,0,40.32,0.01,51.56,137.31,19155767.32
832,0,8,0,31.95,0.01,57.14,222.64,32652134.48
832,0,16,0,34.05,0.01,58.11,218.43,30904165.85
832,0,24,0,40.33,0.01,51.11,185.56,27789762.16
832,0,32,0,40.32,0.01,50.37,176.85,27415674.15
832,0,40,0,40.32,0.01,60.63,206.11,28634061.16
832,0,48,0,40.32,0.01,50.35,165.87,26538017.12
832,0,56,0,40.32,0.01,61.69,197.15,27929364.19
832,0,64,0,40.32,0.01,50.37,156.28,24841293.95
832,0,72,0,40.32,0.01,50.6,152.56,24287101.57
832,0,80,0,40.32,0.01,50.58,148.31,23723638.81
832,0,88,0,40.32,0.01,69.71,198.92,26632154.04
832,0,96,0,34.04,0.01,51.48,143.08,23255237.09
832,0,104,0,34.04,0.01,70.35,190.56,25833311.65
798,0,111,0,40.32,0.01,51.12,138.51,21848025.36
752,0,128,0,40.32,0.01,51.26,137.22,21099000.45
692,0,141,0,40.32,0.01,51.52,137.13,19778262.44
662,0,147,0,40.32,0.01,51.56,137.31,19155767.32
662,0,147,0,40.32,0.01,51.56,137.31,19155767.32
662,0,147,0,40.32,0.01,51.56,137.31,19155767.32
662,0,147,0,40.32,0.01,51.56,137.31,19155767.32
662,0,147,0,40.32,0.01,51.56,137.31,19155767.32
662,0,147,0,40.32,0.01,51.56,137.31,19155767.32
662,0,147,0,40.32,0.01,51.56,137.31,19155767.32
662,0,147,0,40.32,0.01,51.56,137.31,19155767.32
662,0,147,0,40.32,0.01,51.56,137.31,19155767.32
662,0,147,0,40.32,0.01,51.56,137.31,19155767.32
662,0,147,0,40.32,0.01,51.56,137.31,19155767.32
662,0,147,0,40.32,0.01,51.56,137.31,19155767.32
662,0,147,0,40.32,0.01,51.56,137.31,19155767.32
662,0,147,0,40.32,0.01,51.56,137.31,19155767.32
662,0,147,0,40.32,0.01,51.56,137.31,19155767.32
662,0,147,0,40.32,0.01,51.56,137.31,19155767.32
662,0,147,0,40.32,0.01,51.56,137.31,19155767.32
662,0,147,0,40.32,0.01,51.56,137.31,19155767.32
662,0,147,0,40.32,0.01,51.56,137.31,19155767.32
662,0,147,0,40.32,0.01,51.56,137.31,19155767.32
662,0,147,0,40.32,0.01,51.56,137.31,19155767.32
662,0,147,0,40.32,0.01,51.56,137.31,19155767.32
662,0,147,0,40.32,0.01,51.56,137.31,19155767.32
662,0,147,0,40.32,0.01,51.56,137.31,19155767.32
662,0,147,0,40.32,0.01,51.56,137.31,19155767.32
662,0,147,0,40.32,0.01,51.56,137.31,19155767.32
662,0,147,0,40.32,0.01,51.56,137.31,19155767.32
662,0,147,0,40.32,0.01,51.56,137.31,19155767.32
662,0,147,0,40.32,0.01,51.56,137.31,19155767.32
662,0,147,0,40.32,0.01,51.56,137.31,19155767.32
662,0,147,0,40.32,0.01,51.56,137.31,19155767.32
662,0,147,0,40.32,0.01,51.56,137.31,19155767.32
662,0,147,0,40.32,0.01,51.56,137.31,19155767.32
662,0,147,0,40.32,0.01,51.56,137.31,19155767.32
662,0,147,0,40.32,0.01,51.56,137.31,19155767.32
662,0,147,0,40.32,0.01,51.56,137.31,19155767.32
662,0,147,0,40.32,0.01,51.56,137.31,19155767.32
662,0,147,0,40.32,0.01,51.56,137.31,19155767.32
662,0,147,0,40.32,0.01,51.56,137.31,19155767.32
662,0,147,0,40.32,0.01,51.56,137.31,19155767.32
864,0,8,0,31.95,0.01,59.05,221.83,33069481.74
864,0,16,0,34.05,0.01,51.76,187.85,30034557.79
864,0,24,0,40.33,0.01,50.46,177.08,27690459.37
864,0,32,0,40.32,0.01,53.45,181.62,28022841.7
864,0,40,0,40.32,0.01,50.18,165.22,26765987.16
864,0,48,0,40.32,0.01,50.58,161.55,26696666.54
864,0,56,0,40.32,0.01,63.13,195.79,28332934.74
864,0,64,0,34.04,0.01,56.45,170.13,28877548.31
864,0,72,0,40.32,0.01,51.16,149.95,24472130.1
864,0,80,0,40.32,0.01,67.88,193.63,27008020.79
864,0,88,0,40.32,0.01,52.75,146.55,23794513.01
864,0,96,0,34.04,0.01,52.04,140.89,23709402.91
864,0,104,0,34.04,0.01,72.15,190.5,26524126.26
798,0,111,0,40.32,0.01,51.12,138.51,21848025.36
752,0,128,0,40.32,0.01,51.26,137.22,21099000.45
692,0,141,0,40.32,0.01,51.52,137.13,19778262.44
662,0,147,0,40.32,0.01,51.56,137.31,19155767.32
662,0,147,0,40.32,0.01,51.56,137.31,19155767.32
662,0,147,0,40.32,0.01,51.56,137.31,19155767.32
662,0,147,0,40.32,0.01,51.56,137.31,19155767.32
662,0,147,0,40.32,0.01,51.56,137.31,19155767.32
662,0,147,0,40.32,0.01,51.56,137.31,19155767.32
662,0,147,0,40.32,0.01,51.56,137.31,19155767.32
662,0,147,0,40.32,0.01,51.56,137.31,19155767.32
662,0,147,0,40.32,0.01,51.56,137.31,19155767.32
662,0,147,0,40.32,0.01,51.56,137.31,19155767.32
662,0,147,0,40.32,0.01,51.56,137.31,19155767.32
662,0,147,0,40.32,0.01,51.56,137.31,19155767.32
662,0,147,0,40.32,0.01,51.56,137.31,19155767.32
662,0,147,0,40.32,0.01,51.56,137.31,19155767.32
662,0,147,0,40.32,0.01,51.56,137.31,19155767.32
662,0,147,0,40.32,0.01,51.56,137.31,19155767.32
662,0,147,0,40.32,0.01,51.56,137.31,19155767.32
662,0,147,0,40.32,0.01,51.56,137.31,19155767.32
662,0,147,0,40.32,0.01,51.56,137.31,19155767.32
662,0,147,0,40.32,0.01,51.56,137.31,19155767.32
662,0,147,0,40.32,0.01,51.56,137.31,19155767.32
662,0,147,0,40.32,0.01,51.56,137.31,19155767.32
662,0,147,0,40.32,0.01,51.56,137.31,19155767.32
662,0,147,0,40.32,0.01,51.56,137.31,19155767.32
662,0,147,0,40.32,0.01,51.56,137.31,19155767.32
662,0,147,0,40.32,0.01,51.56,137.31,19155767.32
662,0,147,0,40.32,0.01,51.56,137.31,19155767.32
662,0,147,0,40.32,0.01,51.56,137.31,19155767.32
662,0,147,0,40.32,0.01,51.56,137.31,19155767.32
662,0,147,0,40.32,0.01,51.56,137.31,19155767.32
662,0,147,0,40.32,0.01,51.56,137.31,19155767.32
662,0,147,0,40.32,0.01,51.56,137.31,19155767.32
662,0,147,0,40.32,0.01,51.56,137.31,19155767.32
662,0,147,0,40.32,0.01,51.56,137.31,19155767.32
662,0,147,0,40.32,0.01,51.56,137.31,19155767.32
662,0,147,0,40.32,0.01,51.56,137.31,19155767.32
662,0,147,0,40.32,0.01,51.56,137.31,19155767.32
662,0,147,0,40.32,0.01,51.56,137.31,19155767.32
662,0,147,0,40.32,0.01,51.56,137.31,19155767.32
662,0,147,0,40.32,0.01,51.56,137.31,19155767.32
896,0,8,0,31.95,0.01,57.77,209.53,32537457.57
896,0,16,0,34.05,0.01,52.59,184.49,30314419.26
896,0,24,0,40.33,0.01,55.71,189.2,28748241.33
896,0,32,0,40.32,0.01,50.6,166.55,27665248.81
896,0,40,0,40.32,0.01,50.48,161.17,26932541.04
896,0,48,0,40.32,0.01,51.9,160.9,26916380.94
896,0,56,0,40.32,0.01,64.7,194.89,28756631.97
896,0,64,0,40.32,0.01,51.08,149.64,25182245.37
896,0,72,0,40.32,0.01,52.23,148.93,24906779.33
896,0,80,0,40.32,0.01,69.24,192.3,27403861.22
892,0,88,0,40.32,0.01,51.43,139.21,23777876.52
884,0,96,0,34.04,0.01,52.44,139.29,23857948.21
884,0,103,0,34.04,0.01,53.21,137.9,23415749.25
798,0,111,0,40.32,0.01,51.12,138.51,21848025.36
752,0,128,0,40.32,0.01,51.26,137.22,21099000.45
692,0,141,0,40.32,0.01,51.52,137.13,19778262.44
662,0,147,0,40.32,0.01,51.56,137.31,19155767.32
662,0,147,0,40.32,0.01,51.56,137.31,19155767.32
662,0,147,0,40.32,0.01,51.56,137.31,19155767.32
662,0,147,0,40.32,0.01,51.56,137.31,19155767.32
662,0,147,0,40.32,0.01,51.56,137.31,19155767.32
662,0,147,0,40.32,0.01,51.56,137.31,19155767.32
662,0,147,0,40.32,0.01,51.56,137.31,19155767.32
662,0,147,0,40.32,0.01,51.56,137.31,19155767.32
662,0,147,0,40.32,0.01,51.56,137.31,19155767.32
662,0,147,0,40.32,0.01,51.56,137.31,19155767.32
662,0,147,0,40.32,0.01,51.56,137.31,19155767.32
662,0,147,0,40.32,0.01,51.56,137.31,19155767.32
662,0,147,0,40.32,0.01,51.56,137.31,19155767.32
662,0,147,0,40.32,0.01,51.56,137.31,19155767.32
662,0,147,0,40.32,0.01,51.56,137.31,19155767.32
662,0,147,0,40.32,0.01,51.56,137.31,19155767.32
662,0,147,0,40.32,0.01,51.56,137.31,19155767.32
662,0,147,0,40.32,0.01,51.56,137.31,19155767.32
662,0,147,0,40.32,0.01,51.56,137.31,19155767.32
662,0,147,0,40.32,0.01,51.56,137.31,19155767.32
662,0,147,0,40.32,0.01,51.56,137.31,19155767.32
662,0,147,0,40.32,0.01,51.56,137.31,19155767.32
662,0,147,0,40.32,0.01,51.56,137.31,19155767.32
662,0,147,0,40.32,0.01,51.56,137.31,19155767.32
662,0,147,0,40.32,0.01,51.56,137.31,19155767.32
662,0,147,0,40.32,0.01,51.56,137.31,19155767.32
662,0,147,0,40.32,0.01,51.56,137.31,19155767.32
662,0,147,0,40.32,0.01,51.56,137.31,19155767.32
662,0,147,0,40.32,0.01,51.56,137.31,19155767.32
662,0,147,0,40.32,0.01,51.56,137.31,19155767.32
662,0,147,0,40.32,0.01,51.56,137.31,19155767.32
662,0,147,0,40.32,0.01,51.56,137.31,19155767.32
662,0,147,0,40.32,0.01,51.56,137.31,19155767.32
662,0,147,0,40.32,0.01,51.56,137.31,19155767.32
662,0,147,0,40.32,0.01,51.56,137.31,19155767.32
662,0,147,0,40.32,0.01,51.56,137.31,19155767.32
662,0,147,0,40.32,0.01,51.56,137.31,19155767.32
662,0,147,0,40.32,0.01,51.56,137.31,19155767.32
662,0,147,0,40.32,0.01,51.56,137.31,19155767.32
662,0,147,0,40.32,0.01,51.56,137.31,19155767.32
960,0,8,0,29.86,0.01,60.46,205.17,35005829.63
960,0,16,0,34.05,0.01,53.34,175.41,30814172.73
960,0,24,0,40.33,0.01,51.6,164.6,28138031.46
960,0,32,0,40.32,0.01,51.58,159.76,27905997.4
960,0,40,0,40.32,0.01,50.87,153.11,27219076.68
960,0,48,0,40.32,0.01,52.7,154.27,27374613.59
960,0,56,0,40.32,0.01,51.86,147.75,26604767.99
960,0,64,0,40.32,0.01,53.05,147.2,25828085.36
952,0,72,0,40.32,0.01,52.42,142.69,25113393.75
946,0,79,0,40.32,0.01,52.08,138.23,24608704.88
892,0,88,0,40.32,0.01,51.43,139.21,23777876.52
922,0,96,0,34.04,0.01,53.06,136.63,24379610.91
922,0,103,0,34.04,0.01,53.78,135.22,23934083.95
798,0,111,0,40.32,0.01,51.12,138.51,21848025.36
752,0,128,0,40.32,0.01,51.26,137.22,21099000.45
692,0,141,0,40.32,0.01,51.52,137.13,19778262.44
662,0,147,0,40.32,0.01,51.56,137.31,19155767.32
662,0,147,0,40.32,0.01,51.56,137.31,19155767.32
662,0,147,0,40.32,0.01,51.56,137.31,19155767.32
662,0,147,0,40.32,0.01,51.56,137.31,19155767.32
662,0,147,0,40.32,0.01,51.56,137.31,19155767.32
662,0,147,0,40.32,0.01,51.56,137.31,19155767.32
662,0,147,0,40.32,0.01,51.56,137.31,19155767.32
662,0,147,0,40.32,0.01,51.56,137.31,19155767.32
662,0,147,0,40.32,0.01,51.56,137.31,19155767.32
662,0,147,0,40.32,0.01,51.56,137.31,19155767.32
662,0,147,0,40.32,0.01,51.56,137.31,19155767.32
662,0,147,0,40.32,0.01,51.56,137.31,19155767.32
662,0,147,0,40.32,0.01,51.56,137.31,19155767.32
662,0,147,0,40.32,0.01,51.56,137.31,19155767.32
662,0,147,0,40.32,0.01,51.56,137.31,19155767.32
662,0,147,0,40.32,0.01,51.56,137.31,19155767.32
662,0,147,0,40.32,0.01,51.56,137.31,19155767.32
662,0,147,0,40.32,0.01,51.56,137.31,19155767.32
662,0,147,0,40.32,0.01,51.56,137.31,19155767.32
662,0,147,0,40.32,0.01,51.56,137.31,19155767.32
662,0,147,0,40.32,0.01,51.56,137.31,19155767.32
662,0,147,0,40.32,0.01,51.56,137.31,19155767.32
662,0,147,0,40.32,0.01,51.56,137.31,19155767.32
662,0,147,0,40.32,0.01,51.56,137.31,19155767.32
662,0,147,0,40.32,0.01,51.56,137.31,19155767.32
662,0,147,0,40.32,0.01,51.56,137.31,19155767.32
662,0,147,0,40.32,0.01,51.56,137.31,19155767.32
662,0,147,0,40.32,0.01,51.56,137.31,19155767.32
662,0,147,0,40.32,0.01,51.56,137.31,19155767.32
662,0,147,0,40.32,0.01,51.56,137.31,19155767.32
662,0,147,0,40.32,0.01,51.56,137.31,19155767.32
662,0,147,0,40.32,0.01,51.56,137.31,19155767.32
662,0,147,0,40.32,0.01,51.56,137.31,19155767.32
662,0,147,0,40.32,0.01,51.56,137.31,19155767.32
662,0,147,0,40.32,0.01,51.56,137.31,19155767.32
662,0,147,0,40.32,0.01,51.56,137.31,19155767.32
662,0,147,0,40.32,0.01,51.56,137.31,19155767.32
662,0,147,0,40.32,0.01,51.56,137.31,19155767.32
662,0,147,0,40.32,0.01,51.56,137.31,19155767.32
662,0,147,0,40.32,0.01,51.56,137.31,19155767.32
1024,0,8,0,29.86,0.01,62.24,198.38,35129354.72
1024,0,16,0,29.86,0.01,55.06,170.42,31887049.51
1024,0,24,0,40.33,0.01,66.94,201.32,31443289.77
1024,0,32,0,40.32,0.01,51.99,152.06,28193994.96
1024,0,40,0,40.32,0.01,51.9,147.75,27559047.06
1022,0,48,0,40.32,0.01,52.93,146.76,27495276.89
994,0,55,0,40.32,0.01,52.46,144.57,26776280.25
1014,0,64,0,40.32,0.01,52.42,139.05,25974158.0
972,0,72,0,40.32,0.01,52.33,139.74,25229648.4
946,0,79,0,40.32,0.01,52.08,138.23,24608704.88
892,0,88,0,40.32,0.01,51.43,139.21,23777876.52
922,0,96,0,34.04,0.01,53.06,136.63,24379610.91
922,0,103,0,34.04,0.01,53.78,135.22,23934083.95
798,0,111,0,40.32,0.01,51.12,138.51,21848025.36
752,0,128,0,40.32,0.01,51.26,137.22,21099000.45
692,0,141,0,40.32,0.01,51.52,137.13,19778262.44
662,0,147,0,40.32,0.01,51.56,137.31,19155767.32
662,0,147,0,40.32,0.01,51.56,137.31,19155767.32
662,0,147,0,40.32,0.01,51.56,137.31,19155767.32
662,0,147,0,40.32,0.01,51.56,137.31,19155767.32
662,0,147,0,40.32,0.01,51.56,137.31,19155767.32
662,0,147,0,40.32,0.01,51.56,137.31,19155767.32
662,0,147,0,40.32,0.01,51.56,137.31,19155767.32
662,0,147,0,40.32,0.01,51.56,137.31,19155767.32
662,0,147,0,40.32,0.01,51.56,137.31,19155767.32
662,0,147,0,40.32,0.01,51.56,137.31,19155767.32
662,0,147,0,40.32,0.01,51.56,137.31,19155767.32
662,0,147,0,40.32,0.01,51.56,137.31,19155767.32
662,0,147,0,40.32,0.01,51.56,137.31,19155767.32
662,0,147,0,40.32,0.01,51.56,137.31,19155767.32
662,0,147,0,40.32,0.01,51.56,137.31,19155767.32
662,0,147,0,40.32,0.01,51.56,137.31,19155767.32
662,0,147,0,40.32,0.01,51.56,137.31,19155767.32
662,0,147,0,40.32,0.01,51.56,137.31,19155767.32
662,0,147,0,40.32,0.01,51.56,137.31,19155767.32
662,0,147,0,40.32,0.01,51.56,137.31,19155767.32
662,0,147,0,40.32,0.01,51.56,137.31,19155767.32
662,0,147,0,40.32,0.01,51.56,137.31,19155767.32
662,0,147,0,40.32,0.01,51.56,137.31,19155767.32
662,0,147,0,40.32,0.01,51.56,137.31,19155767.32
662,0,147,0,40.32,0.01,51.56,137.31,19155767.32
662,0,147,0,40.32,0.01,51.56,137.31,19155767.32
662,0,147,0,40.32,0.01,51.56,137.31,19155767.32
662,0,147,0,40.32,0.01,51.56,137.31,19155767.32
662,0,147,0,40.32,0.01,51.56,137.31,19155767.32
662,0,147,0,40.32,0.01,51.56,137.31,19155767.32
662,0,147,0,40.32,0.01,51.56,137.31,19155767.32
662,0,147,0,40.32,0.01,51.56,137.31,19155767.32
662,0,147,0,40.32,0.01,51.56,137.31,19155767.32
662,0,147,0,40.32,0.01,51.56,137.31,19155767.32
662,0,147,0,40.32,0.01,51.56,137.31,19155767.32
662,0,147,0,40.32,0.01,51.56,137.31,19155767.32
662,0,147,0,40.32,0.01,51.56,137.31,19155767.32
662,0,147,0,40.32,0.01,51.56,137.31,19155767.32
662,0,147,0,40.32,0.01,51.56,137.31,19155767.32
662,0,147,0,40.32,0.01,51.56,137.31,19155767.32
1152,0,8,0,29.86,0.01,72.86,207.11,38079272.91
1152,0,16,0,29.86,0.01,64.54,178.72,37342502.31
1112,0,24,0,40.33,0.01,53.32,148.67,28790657.65
1052,0,32,0,40.32,0.01,52.78,150.21,28401889.65
1044,0,40,0,40.32,0.01,51.87,144.74,27604931.17
1050,0,48,0,40.32,0.01,53.01,143.23,27629024.55
994,0,55,0,40.32,0.01,52.46,144.57,26776280.25
1014,0,64,0,40.32,0.01,52.42,139.05,25974158.0
972,0,72,0,40.32,0.01,52.33,139.74,25229648.4
946,0,79,0,40.32,0.01,52.08,138.23,24608704.88
892,0,88,0,40.32,0.01,51.43,139.21,23777876.52
922,0,96,0,34.04,0.01,53.06,136.63,24379610.91
922,0,103,0,34.04,0.01,53.78,135.22,23934083.95
798,0,111,0,40.32,0.01,51.12,138.51,21848025.36
752,0,128,0,40.32,0.01,51.26,137.22,21099000.45
692,0,141,0,40.32,0.01,51.52,137.13,19778262.44
662,0,147,0,40.32,0.01,51.56,137.31,19155767.32
662,0,147,0,40.32,0.01,51.56,137.31,19155767.32
662,0,147,0,40.32,0.01,51.56,137.31,19155767.32
662,0,147,0,40.32,0.01,51.56,137.31,19155767.32
662,0,147,0,40.32,0.01,51.56,137.31,19155767.32
662,0,147,0,40.32,0.01,51.56,137.31,19155767.32
662,0,147,0,40.32,0.01,51.56,137.31,19155767.32
662,0,147,0,40.32,0.01,51.56,137.31,19155767.32
662,0,147,0,40.32,0.01,51.56,137.31,19155767.32
662,0,147,0,40.32,0.01,51.56,137.31,19155767.32
662,0,147,0,40.32,0.01,51.56,137.31,19155767.32
662,0,147,0,40.32,0.01,51.56,137.31,19155767.32
662,0,147,0,40.32,0.01,51.56,137.31,19155767.32
662,0,147,0,40.32,0.01,51.56,137.31,19155767.32
662,0,147,0,40.32,0.01,51.56,137.31,19155767.32
662,0,147,0,40.32,0.01,51.56,137.31,19155767.32
662,0,147,0,40.32,0.01,51.56,137.31,19155767.32
662,0,147,0,40.32,0.01,51.56,137.31,19155767.32
662,0,147,0,40.32,0.01,51.56,137.31,19155767.32
662,0,147,0,40.32,0.01,51.56,137.31,19155767.32
662,0,147,0,40.32,0.01,51.56,137.31,19155767.32
662,0,147,0,40.32,0.01,51.56,137.31,19155767.32
662,0,147,0,40.32,0.01,51.56,137.31,19155767.32
662,0,147,0,40.32,0.01,51.56,137.31,19155767.32
662,0,147,0,40.32,0.01,51.56,137.31,19155767.32
662,0,147,0,40.32,0.01,51.56,137.31,19155767.32
662,0,147,0,40.32,0.01,51.56,137.31,19155767.32
662,0,147,0,40.32,0.01,51.56,137.31,19155767.32
662,0,147,0,40.32,0.01,51.56,137.31,19155767.32
662,0,147,0,40.32,0.01,51.56,137.31,19155767.32
662,0,147,0,40.32,0.01,51.56,137.31,19155767.32
662,0,147,0,40.32,0.01,51.56,137.31,19155767.32
662,0,147,0,40.32,0.01,51.56,137.31,19155767.32
662,0,147,0,40.32,0.01,51.56,137.31,19155767.32
662,0,147,0,40.32,0.01,51.56,137.31,19155767.32
662,0,147,0,40.32,0.01,51.56,137.31,19155767.32
662,0,147,0,40.32,0.01,51.56,137.31,19155767.32
662,0,147,0,40.32,0.01,51.56,137.31,19155767.32
662,0,147,0,40.32,0.01,51.56,137.31,19155767.32
662,0,147,0,40.32,0.01,51.56,137.31,19155767.32
1280,0,8,0,29.86,0.01,79.56,204.1,39345951.67
1280,0,16,0,34.31,0.01,58.19,145.76,32975386.36
1112,0,24,0,40.33,0.01,53.32,148.67,28790657.65
1052,0,32,0,40.32,0.01,52.78,150.21,28401889.65
1044,0,40,0,40.32,0.01,51.87,144.74,27604931.17
1050,0,48,0,40.32,0.01,53.01,143.23,27629024.55
994,0,55,0,40.32,0.01,52.46,144.57,26776280.25
1014,0,64,0,40.32,0.01,52.42,139.05,25974158.0
972,0,72,0,40.32,0.01,52.33,139.74,25229648.4
946,0,79,0,40.32,0.01,52.08,138.23,24608704.88
892,0,88,0,40.32,0.01,51.43,139.21,23777876.52
922,0,96,0,34.04,0.01,53.06,136.63,24379610.91
922,0,103,0,34.04,0.01,53.78,135.22,23934083.95
798,0,111,0,40.32,0.01,51.12,138.51,21848025.36
752,0,128,0,40.32,0.01,51.26,137.22,21099000.45
692,0,141,0,40.32,0.01,51.52,137.13,19778262.44
662,0,147,0,40.32,0.01,51.56,137.31,19155767.32
662,0,147,0,40.32,0.01,51.56,137.31,19155767.32
662,0,147,0,40.32,0.01,51.56,137.31,19155767.32
662,0,147,0,40.32,0.01,51.56,137.31,19155767.32
662,0,147,0,40.32,0.01,51.56,137.31,19155767.32
662,0,147,0,40.32,0.01,51.56,137.31,19155767.32
662,0,147,0,40.32,0.01,51.56,137.31,19155767.32
662,0,147,0,40.32,0.01,51.56,137.31,19155767.32
662,0,147,0,40.32,0.01,51.56,137.31,19155767.32
662,0,147,0,40.32,0.01,51.56,137.31,19155767.32
662,0,147,0,40.32,0.01,51.56,137.31,19155767.32
662,0,147,0,40.32,0.01,51.56,137.31,19155767.32
662,0,147,0,40.32,0.01,51.56,137.31,19155767.32
662,0,147,0,40.32,0.01,51.56,137.31,19155767.32
662,0,147,0,40.32,0.01,51.56,137.31,19155767.32
662,0,147,0,40.32,0.01,51.56,137.31,19155767.32
662,0,147,0,40.32,0.01,51.56,137.31,19155767.32
662,0,147,0,40.32,0.01,51.56,137.31,19155767.32
662,0,147,0,40.32,0.01,51.56,137.31,19155767.32
662,0,147,0,40.32,0.01,51.56,137.31,19155767.32
662,0,147,0,40.32,0.01,51.56,137.31,19155767.32
662,0,147,0,40.32,0.01,51.56,137.31,19155767.32
662,0,147,0,40.32,0.01,51.56,137.31,19155767.32
662,0,147,0,40.32,0.01,51.56,137.31,19155767.32
662,0,147,0,40.32,0.01,51.56,137.31,19155767.32
662,0,147,0,40.32,0.01,51.56,137.31,19155767.32
662,0,147,0,40.32,0.01,51.56,137.31,19155767.32
662,0,147,0,40.32,0.01,51.56,137.31,19155767.32
662,0,147,0,40.32,0.01,51.56,137.31,19155767.32
662,0,147,0,40.32,0.01,51.56,137.31,19155767.32
662,0,147,0,40.32,0.01,51.56,137.31,19155767.32
662,0,147,0,40.32,0.01,51.56,137.31,19155767.32
662,0,147,0,40.32,0.01,51.56,137.31,19155767.32
662,0,147,0,40.32,0.01,51.56,137.31,19155767.32
662,0,147,0,40.32,0.01,51.56,137.31,19155767.32
662,0,147,0,40.32,0.01,51.56,137.31,19155767.32
662,0,147,0,40.32,0.01,51.56,137.31,19155767.32
662,0,147,0,40.32,0.01,51.56,137.31,19155767.32
662,0,147,0,40.32,0.01,51.56,137.31,19155767.32
662,0,147,0,40.32,0.01,51.56,137.31,19155767.32
1408,0,8,0,26.71,0.01,68.54,160.18,39176853.34
1403,0,16,0,27.77,0.01,60.06,137.36,34205794.98
1112,0,24,0,40.33,0.01,53.32,148.67,28790657.65
1052,0,32,0,40.32,0.01,52.78,150.21,28401889.65
1044,0,40,0,40.32,0.01,51.87,144.74,27604931.17
1050,0,48,0,40.32,0.01,53.01,143.23,27629024.55
994,0,55,0,40.32,0.01,52.46,144.57,26776280.25
1014,0,64,0,40.32,0.01,52.42,139.05,25974158.0
972,0,72,0,40.32,0.01,52.33,139.74,25229648.4
946,0,79,0,40.32,0.01,52.08,138.23,24608704.88
892,0,88,0,40.32,0.01,51.43,139.21,23777876.52
922,0,96,0,34.04,0.01,53.06,136.63,24379610.91
922,0,103,0,34.04,0.01,53.78,135.22,23934083.95
798,0,111,0,40.32,0.01,51.12,138.51,21848025.36
752,0,128,0,40.32,0.01,51.26,137.22,21099000.45
692,0,141,0,40.32,0.01,51.52,137.13,19778262.44
662,0,147,0,40.32,0.01,51.56,137.31,19155767.32
662,0,147,0,40.32,0.01,51.56,137.31,19155767.32
662,0,147,0,40.32,0.01,51.56,137.31,19155767.32
662,0,147,0,40.32,0.01,51.56,137.31,19155767.32
662,0,147,0,40.32,0.01,51.56,137.31,19155767.32
662,0,147,0,40.32,0.01,51.56,137.31,19155767.32
662,0,147,0,40.32,0.01,51.56,137.31,19155767.32
662,0,147,0,40.32,0.01,51.56,137.31,19155767.32
662,0,147,0,40.32,0.01,51.56,137.31,19155767.32
662,0,147,0,40.32,0.01,51.56,137.31,19155767.32
662,0,147,0,40.32,0.01,51.56,137.31,19155767.32
662,0,147,0,40.32,0.01,51.56,137.31,19155767.32
662,0,147,0,40.32,0.01,51.56,137.31,19155767.32
662,0,147,0,40.32,0.01,51.56,137.31,19155767.32
662,0,147,0,40.32,0.01,51.56,137.31,19155767.32
662,0,147,0,40.32,0.01,51.56,137.31,19155767.32
662,0,147,0,40.32,0.01,51.56,137.31,19155767.32
662,0,147,0,40.32,0.01,51.56,137.31,19155767.32
662,0,147,0,40.32,0.01,51.56,137.31,19155767.32
662,0,147,0,40.32,0.01,51.56,137.31,19155767.32
662,0,147,0,40.32,0.01,51.56,137.31,19155767.32
662,0,147,0,40.32,0.01,51.56,137.31,19155767.32
662,0,147,0,40.32,0.01,51.56,137.31,19155767.32
662,0,147,0,40.32,0.01,51.56,137.31,19155767.32
662,0,147,0,40.32,0.01,51.56,137.31,19155767.32
662,0,147,0,40.32,0.01,51.56,137.31,19155767.32
662,0,147,0,40.32,0.01,51.56,137.31,19155767.32
662,0,147,0,40.32,0.01,51.56,137.31,19155767.32
662,0,147,0,40.32,0.01,51.56,137.31,19155767.32
662,0,147,0,40.32,0.01,51.56,137.31,19155767.32
662,0,147,0,40.32,0.01,51.56,137.31,19155767.32
662,0,147,0,40.32,0.01,51.56,137.31,19155767.32
662,0,147,0,40.32,0.01,51.56,137.31,19155767.32
662,0,147,0,40.32,0.01,51.56,137.31,19155767.32
662,0,147,0,40.32,0.01,51.56,137.31,19155767.32
662,0,147,0,40.32,0.01,51.56,137.31,19155767.32
662,0,147,0,40.32,0.01,51.56,137.31,19155767.32
662,0,147,0,40.32,0.01,51.56,137.31,19155767.32
662,0,147,0,40.32,0.01,51.56,137.31,19155767.32
662,0,147,0,40.32,0.01,51.56,137.31,19155767.32
1496,0,8,0,26.71,0.01,70.55,155.38,39713838.92
1403,0,16,0,27.77,0.01,60.06,137.36,34205794.98
1112,0,24,0,40.33,0.01,53.32,148.67,28790657.65
1052,0,32,0,40.32,0.01,52.78,150.21,28401889.65
1044,0,40,0,40.32,0.01,51.87,144.74,27604931.17
1050,0,48,0,40.32,0.01,53.01,143.23,27629024.55
994,0,55,0,40.32,0.01,52.46,144.57,26776280.25
1014,0,64,0,40.32,0.01,52.42,139.05,25974158.0
972,0,72,0,40.32,0.01,52.33,139.74,25229648.4
946,0,79,0,40.32,0.01,52.08,138.23,24608704.88
892,0,88,0,40.32,0.01,51.43,139.21,23777876.52
922,0,96,0,34.04,0.01,53.06,136.63,24379610.91
922,0,103,0,34.04,0.01,53.78,135.22,23934083.95
798,0,111,0,40.32,0.01,51.12,138.51,21848025.36
752,0,128,0,40.32,0.01,51.26,137.22,21099000.45
692,0,141,0,40.32,0.01,51.52,137.13,19778262.44
662,0,147,0,40.32,0.01,51.56,137.31,19155767.32
662,0,147,0,40.32,0.01,51.56,137.31,19155767.32
662,0,147,0,40.32,0.01,51.56,137.31,19155767.32
662,0,147,0,40.32,0.01,51.56,137.31,19155767.32
662,0,147,0,40.32,0.01,51.56,137.31,19155767.32
662,0,147,0,40.32,0.01,51.56,137.31,19155767.32
662,0,147,0,40.32,0.01,51.56,137.31,19155767.32
662,0,147,0,40.32,0.01,51.56,137.31,19155767.32
662,0,147,0,40.32,0.01,51.56,137.31,19155767.32
662,0,147,0,40.32,0.01,51.56,137.31,19155767.32
662,0,147,0,40.32,0.01,51.56,137.31,19155767.32
662,0,147,0,40.32,0.01,51.56,137.31,19155767.32
662,0,147,0,40.32,0.01,51.56,137.31,19155767.32
662,0,147,0,40.32,0.01,51.56,137.31,19155767.32
662,0,147,0,40.32,0.01,51.56,137.31,19155767.32
662,0,147,0,40.32,0.01,51.56,137.31,19155767.32
662,0,147,0,40.32,0.01,51.56,137.31,19155767.32
662,0,147,0,40.32,0.01,51.56,137.31,19155767.32
662,0,147,0,40.32,0.01,51.56,137.31,19155767.32
662,0,147,0,40.32,0.01,51.56,137.31,19155767.32
662,0,147,0,40.32,0.01,51.56,137.31,19155767.32
662,0,147,0,40.32,0.01,51.56,137.31,19155767.32
662,0,147,0,40.32,0.01,51.56,137.31,19155767.32
662,0,147,0,40.32,0.01,51.56,137.31,19155767.32
662,0,147,0,40.32,0.01,51.56,137.31,19155767.32
662,0,147,0,40.32,0.01,51.56,137.31,19155767.32
662,0,147,0,40.32,0.01,51.56,137.31,19155767.32
662,0,147,0,40.32,0.01,51.56,137.31,19155767.32
662,0,147,0,40.32,0.01,51.56,137.31,19155767.32
662,0,147,0,40.32,0.01,51.56,137.31,19155767.32
662,0,147,0,40.32,0.01,51.56,137.31,19155767.32
662,0,147,0,40.32,0.01,51.56,137.31,19155767.32
662,0,147,0,40.32,0.01,51.56,137.31,19155767.32
662,0,147,0,40.32,0.01,51.56,137.31,19155767.32
662,0,147,0,40.32,0.01,51.56,137.31,19155767.32
662,0,147,0,40.32,0.01,51.56,137.31,19155767.32
662,0,147,0,40.32,0.01,51.56,137.31,19155767.32
662,0,147,0,40.32,0.01,51.56,137.31,19155767.32
662,0,147,0,40.32,0.01,51.56,137.31,19155767.32
662,0,147,0,40.32,0.01,51.56,137.31,19155767.32
1664,0,8,0,29.86,0.01,73.85,146.54,41727700.74
1403,0,16,0,27.77,0.01,60.06,137.36,34205794.98
1112,0,24,0,40.33,0.01,53.32,148.67,28790657.65
1052,0,32,0,40.32,0.01,52.78,150.21,28401889.65
1044,0,40,0,40.32,0.01,51.87,144.74,27604931.17
1050,0,48,0,40.32,0.01,53.01,143.23,27629024.55
994,0,55,0,40.32,0.01,52.46,144.57,26776280.25
1014,0,64,0,40.32,0.01,52.42,139.05,25974158.0
972,0,72,0,40.32,0.01,52.33,139.74,25229648.4
946,0,79,0,40.32,0.01,52.08,138.23,24608704.88
892,0,88,0,40.32,0.01,51.43,139.21,23777876.52
922,0,96,0,34.04,0.01,53.06,136.63,24379610.91
922,0,103,0,34.04,0.01,53.78,135.22,23934083.95
798,0,111,0,40.32,0.01,51.12,138.51,21848025.36
752,0,128,0,40.32,0.01,51.26,137.22,21099000.45
692,0,141,0,40.32,0.01,51.52,137.13,19778262.44
662,0,147,0,40.32,0.01,51.56,137.31,19155767.32
662,0,147,0,40.32,0.01,51.56,137.31,19155767.32
662,0,147,0,40.32,0.01,51.56,137.31,19155767.32
662,0,147,0,40.32,0.01,51.56,137.31,19155767.32
662,0,147,0,40.32,0.01,51.56,137.31,19155767.32
662,0,147,0,40.32,0.01,51.56,137.31,19155767.32
662,0,147,0,40.32,0.01,51.56,137.31,19155767.32
662,0,147,0,40.32,0.01,51.56,137.31,19155767.32
662,0,147,0,40.32,0.01,51.56,137.31,19155767.32
662,0,147,0,40.32,0.01,51.56,137.31,19155767.32
662,0,147,0,40.32,0.01,51.56,137.31,19155767.32
662,0,147,0,40.32,0.01,51.56,137.31,19155767.32
662,0,147,0,40.32,0.01,51.56,137.31,19155767.32
662,0,147,0,40.32,0.01,51.56,137.31,19155767.32
662,0,147,0,40.32,0.01,51.56,137.31,19155767.32
662,0,147,0,40.32,0.01,51.56,137.31,19155767.32
662,0,147,0,40.32,0.01,51.56,137.31,19155767.32
662,0,147,0,40.32,0.01,51.56,137.31,19155767.32
662,0,147,0,40.32,0.01,51.56,137.31,19155767.32
662,0,147,0,40.32,0.01,51.56,137.31,19155767.32
662,0,147,0,40.32,0.01,51.56,137.31,19155767.32
662,0,147,0,40.32,0.01,51.56,137.31,19155767.32
662,0,147,0,40.32,0.01,51.56,137.31,19155767.32
662,0,147,0,40.32,0.01,51.56,137.31,19155767.32
662,0,147,0,40.32,0.01,51.56,137.31,19155767.32
662,0,147,0,40.32,0.01,51.56,137.31,19155767.32
662,0,147,0,40.32,0.01,51.56,137.31,19155767.32
662,0,147,0,40.32,0.01,51.56,137.31,19155767.32
662,0,147,0,40.32,0.01,51.56,137.31,19155767.32
662,0,147,0,40.32,0.01,51.56,137.31,19155767.32
662,0,147,0,40.32,0.01,51.56,137.31,19155767.32
662,0,147,0,40.32,0.01,51.56,137.31,19155767.32
662,0,147,0,40.32,0.01,51.56,137.31,19155767.32
662,0,147,0,40.32,0.01,51.56,137.31,19155767.32
662,0,147,0,40.32,0.01,51.56,137.31,19155767.32
662,0,147,0,40.32,0.01,51.56,137.31,19155767.32
662,0,147,0,40.32,0.01,51.56,137.31,19155767.32
662,0,147,0,40.32,0.01,51.56,137.31,19155767.32
662,0,147,0,40.32,0.01,51.56,137.31,19155767.32
662,0,147,0,40.32,0.01,51.56,137.31,19155767.32
1763,0,8,0,29.86,0.01,75.65,141.43,43867947.9
1403,0,16,0,27.77,0.01,60.06,137.36,34205794.98
1112,0,24,0,40.33,0.01,53.32,148.67,28790657.65
1052,0,32,0,40.32,0.01,52.78,150.21,28401889.65
1044,0,40,0,40.32,0.01,51.87,144.74,27604931.17
1050,0,48,0,40.32,0.01,53.01,143.23,27629024.55
994,0,55,0,40.32,0.01,52.46,144.57,26776280.25
1014,0,64,0,40.32,0.01,52.42,139.05,25974158.0
972,0,72,0,40.32,0.01,52.33,139.74,25229648.4
946,0,79,0,40.32,0.01,52.08,138.23,24608704.88
892,0,88,0,40.32,0.01,51.43,139.21,23777876.52
922,0,96,0,34.04,0.01,53.06,136.63,24379610.91
922,0,103,0,34.04,0.01,53.78,135.22,23934083.95
798,0,111,0,40.32,0.01,51.12,138.51,21848025.36
752,0,128,0,40.32,0.01,51.26,137.22,21099000.45
692,0,141,0,40.32,0.01,51.52,137.13,19778262.44
662,0,147,0,40.32,0.01,51.56,137.31,19155767.32
662,0,147,0,40.32,0.01,51.56,137.31,19155767.32
662,0,147,0,40.32,0.01,51.56,137.31,19155767.32
662,0,147,0,40.32,0.01,51.56,137.31,19155767.32
662,0,147,0,40.32,0.01,51.56,137.31,19155767.32
662,0,147,0,40.32,0.01,51.56,137.31,19155767.32
662,0,147,0,40.32,0.01,51.56,137.31,19155767.32
662,0,147,0,40.32,0.01,51.56,137.31,19155767.32
662,0,147,0,40.32,0.01,51.56,137.31,19155767.32
662,0,147,0,40.32,0.01,51.56,137.31,19155767.32
662,0,147,0,40.32,0.01,51.56,137.31,19155767.32
662,0,147,0,40.32,0.01,51.56,137.31,19155767.32
662,0,147,0,40.32,0.01,51.56,137.31,19155767.32
662,0,147,0,40.32,0.01,51.56,137.31,19155767.32
662,0,147,0,40.32,0.01,51.56,137.31,19155767.32
662,0,147,0,40.32,0.01,51.56,137.31,19155767.32
662,0,147,0,40.32,0.01,51.56,137.31,19155767.32
662,0,147,0,40.32,0.01,51.56,137.31,19155767.32
662,0,147,0,40.32,0.01,51.56,137.31,19155767.32
662,0,147,0,40.32,0.01,51.56,137.31,19155767.32
662,0,147,0,40.32,0.01,51.56,137.31,19155767.32
662,0,147,0,40.32,0.01,51.56,137.31,19155767.32
662,0,147,0,40.32,0.01,51.56,137.31,19155767.32
662,0,147,0,40.32,0.01,51.56,137.31,19155767.32
662,0,147,0,40.32,0.01,51.56,137.31,19155767.32
662,0,147,0,40.32,0.01,51.56,137.31,19155767.32
662,0,147,0,40.32,0.01,51.56,137.31,19155767.32
662,0,147,0,40.32,0.01,51.56,137.31,19155767.32
662,0,147,0,40.32,0.01,51.56,137.31,19155767.32
662,0,147,0,40.32,0.01,51.56,137.31,19155767.32
662,0,147,0,40.32,0.01,51.56,137.31,19155767.32
662,0,147,0,40.32,0.01,51.56,137.31,19155767.32
662,0,147,0,40.32,0.01,51.56,137.31,19155767.32
662,0,147,0,40.32,0.01,51.56,137.31,19155767.32
662,0,147,0,40.32,0.01,51.56,137.31,19155767.32
662,0,147,0,40.32,0.01,51.56,137.31,19155767.32
662,0,147,0,40.32,0.01,51.56,137.31,19155767.32
662,0,147,0,40.32,0.01,51.56,137.31,19155767.32
662,0,147,0,40.32,0.01,51.56,137.31,19155767.32
662,0,147,0,40.32,0.01,51.56,137.31,19155767.32
2048,0,8,0,27.77,0.01,79.36,128.4,45836422.02
1403,0,16,0,27.77,0.01,60.06,137.36,34205794.98
1112,0,24,0,40.33,0.01,53.32,148.67,28790657.65
1052,0,32,0,40.32,0.01,52.78,150.21,28401889.65
1044,0,40,0,40.32,0.01,51.87,144.74,27604931.17
1050,0,48,0,40.32,0.01,53.01,143.23,27629024.55
994,0,55,0,40.32,0.01,52.46,144.57,26776280.25
1014,0,64,0,40.32,0.01,52.42,139.05,25974158.0
972,0,72,0,40.32,0.01,52.33,139.74,25229648.4
946,0,79,0,40.32,0.01,52.08,138.23,24608704.88
892,0,88,0,40.32,0.01,51.43,139.21,23777876.52
922,0,96,0,34.04,0.01,53.06,136.63,24379610.91
922,0,103,0,34.04,0.01,53.78,135.22,23934083.95
798,0,111,0,40.32,0.01,51.12,138.51,21848025.36
752,0,128,0,40.32,0.01,51.26,137.22,21099000.45
692,0,141,0,40.32,0.01,51.52,137.13,19778262.44
662,0,147,0,40.32,0.01,51.56,137.31,19155767.32
662,0,147,0,40.32,0.01,51.56,137.31,19155767.32
662,0,147,0,40.32,0.01,51.56,137.31,19155767.32
662,0,147,0,40.32,0.01,51.56,137.31,19155767.32
662,0,147,0,40.32,0.01,51.56,137.31,19155767.32
662,0,147,0,40.32,0.01,51.56,137.31,19155767.32
662,0,147,0,40.32,0.01,51.56,137.31,19155767.32
662,0,147,0,40.32,0.01,51.56,137.31,19155767.32
662,0,147,0,40.32,0.01,51.56,137.31,19155767.32
662,0,147,0,40.32,0.01,51.56,137.31,19155767.32
662,0,147,0,40.32,0.01,51.56,137.31,19155767.32
662,0,147,0,40.32,0.01,51.56,137.31,19155767.32
662,0,147,0,40.32,0.01,51.56,137.31,19155767.32
662,0,147,0,40.32,0.01,51.56,137.31,19155767.32
662,0,147,0,40.32,0.01,51.56,137.31,19155767.32
662,0,147,0,40.32,0.01,51.56,137.31,19155767.32
662,0,147,0,40.32,0.01,51.56,137.31,19155767.32
662,0,147,0,40.32,0.01,51.56,137.31,19155767.32
662,0,147,0,40.32,0.01,51.56,137.31,19155767.32
662,0,147,0,40.32,0.01,51.56,137.31,19155767.32
662,0,147,0,40.32,0.01,51.56,137.31,19155767.32
662,0,147,0,40.32,0.01,51.56,137.31,19155767.32
662,0,147,0,40.32,0.01,51.56,137.31,19155767.32
662,0,147,0,40.32,0.01,51.56,137.31,19155767.32
662,0,147,0,40.32,0.01,51.56,137.31,19155767.32
662,0,147,0,40.32,0.01,51.56,137.31,19155767.32
662,0,147,0,40.32,0.01,51.56,137.31,19155767.32
662,0,147,0,40.32,0.01,51.56,137.31,19155767.32
662,0,147,0,40.32,0.01,51.56,137.31,19155767.32
662,0,147,0,40.32,0.01,51.56,137.31,19155767.32
662,0,147,0,40.32,0.01,51.56,137.31,19155767.32
662,0,147,0,40.32,0.01,51.56,137.31,19155767.32
662,0,147,0,40.32,0.01,51.56,137.31,19155767.32
662,0,147,0,40.32,0.01,51.56,137.31,19155767.32
662,0,147,0,40.32,0.01,51.56,137.31,19155767.32
662,0,147,0,40.32,0.01,51.56,137.31,19155767.32
662,0,147,0,40.32,0.01,51.56,137.31,19155767.32
662,0,147,0,40.32,0.01,51.56,137.31,19155767.32
662,0,147,0,40.32,0.01,51.56,137.31,19155767.32
662,0,147,0,40.32,0.01,51.56,137.31,19155767.32
2048,0,8,0,27.77,0.01,79.36,128.4,45836422.02
1403,0,16,0,27.77,0.01,60.06,137.36,34205794.98
1112,0,24,0,40.33,0.01,53.32,148.67,28790657.65
1052,0,32,0,40.32,0.01,52.78,150.21,28401889.65
1044,0,40,0,40.32,0.01,51.87,144.74,27604931.17
1050,0,48,0,40.32,0.01,53.01,143.23,27629024.55
994,0,55,0,40.32,0.01,52.46,144.57,26776280.25
1014,0,64,0,40.32,0.01,52.42,139.05,25974158.0
972,0,72,0,40.32,0.01,52.33,139.74,25229648.4
946,0,79,0,40.32,0.01,52.08,138.23,24608704.88
892,0,88,0,40.32,0.01,51.43,139.21,23777876.52
922,0,96,0,34.04,0.01,53.06,136.63,24379610.91
922,0,103,0,34.04,0.01,53.78,135.22,23934083.95
798,0,111,0,40.32,0.01,51.12,138.51,21848025.36
752,0,128,0,40.32,0.01,51.26,137.22,21099000.45
692,0,141,0,40.32,0.01,51.52,137.13,19778262.44
662,0,147,0,40.32,0.01,51.56,137.31,19155767.32
662,0,147,0,40.32,0.01,51.56,137.31,19155767.32
662,0,147,0,40.32,0.01,51.56,137.31,19155767.32
662,0,147,0,40.32,0.01,51.56,137.31,19155767.32
662,0,147,0,40.32,0.01,51.56,137.31,19155767.32
662,0,147,0,40.32,0.01,51.56,137.31,19155767.32
662,0,147,0,40.32,0.01,51.56,137.31,19155767.32
662,0,147,0,40.32,0.01,51.56,137.31,19155767.32
662,0,147,0,40.32,0.01,51.56,137.31,19155767.32
662,0,147,0,40.32,0.01,51.56,137.31,19155767.32
662,0,147,0,40.32,0.01,51.56,137.31,19155767.32
662,0,147,0,40.32,0.01,51.56,137.31,19155767.32
662,0,147,0,40.32,0.01,51.56,137.31,19155767.32
662,0,147,0,40.32,0.01,51.56,137.31,19155767.32
662,0,147,0,40.32,0.01,51.56,137.31,19155767.32
662,0,147,0,40.32,0.01,51.56,137.31,19155767.32
662,0,147,0,40.32,0.01,51.56,137.31,19155767.32
662,0,147,0,40.32,0.01,51.56,137.31,19155767.32
662,0,147,0,40.32,0.01,51.56,137.31,19155767.32
662,0,147,0,40.32,0.01,51.56,137.31,19155767.32
662,0,147,0,40.32,0.01,51.56,137.31,19155767.32
662,0,147,0,40.32,0.01,51.56,137.31,19155767.32
662,0,147,0,40.32,0.01,51.56,137.31,19155767.32
662,0,147,0,40.32,0.01,51.56,137.31,19155767.32
662,0,147,0,40.32,0.01,51.56,137.31,19155767.32
662,0,147,0,40.32,0.01,51.56,137.31,19155767.32
662,0,147,0,40.32,0.01,51.56,137.31,19155767.32
662,0,147,0,40.32,0.01,51.56,137.31,19155767.32
662,0,147,0,40.32,0.01,51.56,137.31,19155767.32
662,0,147,0,40.32,0.01,51.56,137.31,19155767.32
662,0,147,0,40.32,0.01,51.56,137.31,19155767.32
662,0,147,0,40.32,0.01,51.56,137.31,19155767.32
662,0,147,0,40.32,0.01,51.56,137.31,19155767.32
662,0,147,0,40.32,0.01,51.56,137.31,19155767.32
662,0,147,0,40.32,0.01,51.56,137.31,19155767.32
662,0,147,0,40.32,0.01,51.56,137.31,19155767.32
662,0,147,0,40.32,0.01,51.56,137.31,19155767.32
662,0,147,0,40.32,0.01,51.56,137.31,19155767.32
662,0,147,0,40.32,0.01,51.56,137.31,19155767.32
662,0,147,0,40.32,0.01,51.56,137.31,19155767.32
2048,0,8,0,27.77,0.01,79.36,128.4,45836422.02
1403,0,16,0,27.77,0.01,60.06,137.36,34205794.98
1112,0,24,0,40.33,0.01,53.32,148.67,28790657.65
1052,0,32,0,40.32,0.01,52.78,150.21,28401889.65
1044,0,40,0,40.32,0.01,51.87,144.74,27604931.17
1050,0,48,0,40.32,0.01,53.01,143.23,27629024.55
994,0,55,0,40.32,0.01,52.46,144.57,26776280.25
1014,0,64,0,40.32,0.01,52.42,139.05,25974158.0
972,0,72,0,40.32,0.01,52.33,139.74,25229648.4
946,0,79,0,40.32,0.01,52.08,138.23,24608704.88
892,0,88,0,40.32,0.01,51.43,139.21,23777876.52
922,0,96,0,34.04,0.01,53.06,136.63,24379610.91
922,0,103,0,34.04,0.01,53.78,135.22,23934083.95
798,0,111,0,40.32,0.01,51.12,138.51,21848025.36
752,0,128,0,40.32,0.01,51.26,137.22,21099000.45
692,0,141,0,40.32,0.01,51.52,137.13,19778262.44
662,0,147,0,40.32,0.01,51.56,137.31,19155767.32
662,0,147,0,40.32,0.01,51.56,137.31,19155767.32
662,0,147,0,40.32,0.01,51.56,137.31,19155767.32
662,0,147,0,40.32,0.01,51.56,137.31,19155767.32
662,0,147,0,40.32,0.01,51.56,137.31,19155767.32
662,0,147,0,40.32,0.01,51.56,137.31,19155767.32
662,0,147,0,40.32,0.01,51.56,137.31,19155767.32
662,0,147,0,40.32,0.01,51.56,137.31,19155767.32
662,0,147,0,40.32,0.01,51.56,137.31,19155767.32
662,0,147,0,40.32,0.01,51.56,137.31,19155767.32
662,0,147,0,40.32,0.01,51.56,137.31,19155767.32
662,0,147,0,40.32,0.01,51.56,137.31,19155767.32
662,0,147,0,40.32,0.01,51.56,137.31,19155767.32
662,0,147,0,40.32,0.01,51.56,137.31,19155767.32
662,0,147,0,40.32,0.01,51.56,137.31,19155767.32
662,0,147,0,40.32,0.01,51.56,137.31,19155767.32
662,0,147,0,40.32,0.01,51.56,137.31,19155767.32
662,0,147,0,40.32,0.01,51.56,137.31,19155767.32
662,0,147,0,40.32,0.01,51.56,137.31,19155767.32
662,0,147,0,40.32,0.01,51.56,137.31,19155767.32
662,0,147,0,40.32,0.01,51.56,137.31,19155767.32
662,0,147,0,40.32,0.01,51.56,137.31,19155767.32
662,0,147,0,40.32,0.01,51.56,137.31,19155767.32
662,0,147,0,40.32,0.01,51.56,137.31,19155767.32
662,0,147,0,40.32,0.01,51.56,137.31,19155767.32
662,0,147,0,40.32,0.01,51.56,137.31,19155767.32
662,0,147,0,40.32,0.01,51.56,137.31,19155767.32
662,0,147,0,40.32,0.01,51.56,137.31,19155767.32
662,0,147,0,40.32,0.01,51.56,137.31,19155767.32
662,0,147,0,40.32,0.01,51.56,137.31,19155767.32
662,0,147,0,40.32,0.01,51.56,137.31,19155767.32
662,0,147,0,40.32,0.01,51.56,137.31,19155767.32
662,0,147,0,40.32,0.01,51.56,137.31,19155767.32
662,0,147,0,40.32,0.01,51.56,137.31,19155767.32
662,0,147,0,40.32,0.01,51.56,137.31,19155767.32
662,0,147,0,40.32,0.01,51.56,137.31,19155767.32
662,0,147,0,40.32,0.01,51.56,137.31,19155767.32
662,0,147,0,40.32,0.01,51.56,137.31,19155767.32
662,0,147,0,40.32,0.01,51.56,137.31,19155767.32
662,0,147,0,40.32,0.01,51.56,137.31,19155767.32
2048,0,8,0,27.77,0.01,79.36,128.4,45836422.02
1403,0,16,0,27.77,0.01,60.06,137.36,34205794.98
1112,0,24,0,40.33,0.01,53.32,148.67,28790657.65
1052,0,32,0,40.32,0.01,52.78,150.21,28401889.65
1044,0,40,0,40.32,0.01,51.87,144.74,27604931.17
1050,0,48,0,40.32,0.01,53.01,143.23,27629024.55
994,0,55,0,40.32,0.01,52.46,144.57,26776280.25
1014,0,64,0,40.32,0.01,52.42,139.05,25974158.0
972,0,72,0,40.32,0.01,52.33,139.74,25229648.4
946,0,79,0,40.32,0.01,52.08,138.23,24608704.88
892,0,88,0,40.32,0.01,51.43,139.21,23777876.52
922,0,96,0,34.04,0.01,53.06,136.63,24379610.91
922,0,103,0,34.04,0.01,53.78,135.22,23934083.95
798,0,111,0,40.32,0.01,51.12,138.51,21848025.36
752,0,128,0,40.32,0.01,51.26,137.22,21099000.45
692,0,141,0,40.32,0.01,51.52,137.13,19778262.44
662,0,147,0,40.32,0.01,51.56,137.31,19155767.32
662,0,147,0,40.32,0.01,51.56,137.31,19155767.32
662,0,147,0,40.32,0.01,51.56,137.31,19155767.32
662,0,147,0,40.32,0.01,51.56,137.31,19155767.32
662,0,147,0,40.32,0.01,51.56,137.31,19155767.32
662,0,147,0,40.32,0.01,51.56,137.31,19155767.32
662,0,147,0,40.32,0.01,51.56,137.31,19155767.32
662,0,147,0,40.32,0.01,51.56,137.31,19155767.32
662,0,147,0,40.32,0.01,51.56,137.31,19155767.32
662,0,147,0,40.32,0.01,51.56,137.31,19155767.32
662,0,147,0,40.32,0.01,51.56,137.31,19155767.32
662,0,147,0,40.32,0.01,51.56,137.31,19155767.32
662,0,147,0,40.32,0.01,51.56,137.31,19155767.32
662,0,147,0,40.32,0.01,51.56,137.31,19155767.32
662,0,147,0,40.32,0.01,51.56,137.31,19155767.32
662,0,147,0,40.32,0.01,51.56,137.31,19155767.32
662,0,147,0,40.32,0.01,51.56,137.31,19155767.32
662,0,147,0,40.32,0.01,51.56,137.31,19155767.32
662,0,147,0,40.32,0.01,51.56,137.31,19155767.32
662,0,147,0,40.32,0.01,51.56,137.31,19155767.32
662,0,147,0,40.32,0.01,51.56,137.31,19155767.32
662,0,147,0,40.32,0.01,51.56,137.31,19155767.32
662,0,147,0,40.32,0.01,51.56,137.31,19155767.32
662,0,147,0,40.32,0.01,51.56,137.31,19155767.32
662,0,147,0,40.32,0.01,51.56,137.31,19155767.32
662,0,147,0,40.32,0.01,51.56,137.31,19155767.32
662,0,147,0,40.32,0.01,51.56,137.31,19155767.32
662,0,147,0,40.32,0.01,51.56,137.31,19155767.32
662,0,147,0,40.32,0.01,51.56,137.31,19155767.32
662,0,147,0,40.32,0.01,51.56,137.31,19155767.32
662,0,147,0,40.32,0.01,51.56,137.31,19155767.32
662,0,147,0,40.32,0.01,51.56,137.31,19155767.32
662,0,147,0,40.32,0.01,51.56,137.31,19155767.32
662,0,147,0,40.32,0.01,51.56,137.31,19155767.32
662,0,147,0,40.32,0.01,51.56,137.31,19155767.32
662,0,147,0,40.32,0.01,51.56,137.31,19155767.32
662,0,147,0,40.32,0.01,51.56,137.31,19155767.32
662,0,147,0,40.32,0.01,51.56,137.31,19155767.32
662,0,147,0,40.32,0.01,51.56,137.31,19155767.32
662,0,147,0,40.32,0.01,51.56,137.31,19155767.32
2048,0,8,0,27.77,0.01,79.36,128.4,45836422.02
1403,0,16,0,27.77,0.01,60.06,137.36,34205794.98
1112,0,24,0,40.33,0.01,53.32,148.67,28790657.65
1052,0,32,0,40.32,0.01,52.78,150.21,28401889.65
1044,0,40,0,40.32,0.01,51.87,144.74,27604931.17
1050,0,48,0,40.32,0.01,53.01,143.23,27629024.55
994,0,55,0,40.32,0.01,52.46,144.57,26776280.25
1014,0,64,0,40.32,0.01,52.42,139.05,25974158.0
972,0,72,0,40.32,0.01,52.33,139.74,25229648.4
946,0,79,0,40.32,0.01,52.08,138.23,24608704.88
892,0,88,0,40.32,0.01,51.43,139.21,23777876.52
922,0,96,0,34.04,0.01,53.06,136.63,24379610.91
922,0,103,0,34.04,0.01,53.78,135.22,23934083.95
798,0,111,0,40.32,0.01,51.12,138.51,21848025.36
752,0,128,0,40.32,0.01,51.26,137.22,21099000.45
692,0,141,0,40.32,0.01,51.52,137.13,19778262.44
662,0,147,0,40.32,0.01,51.56,137.31,19155767.32
662,0,147,0,40.32,0.01,51.56,137.31,19155767.32
662,0,147,0,40.32,0.01,51.56,137.31,19155767.32
662,0,147,0,40.32,0.01,51.56,137.31,19155767.32
662,0,147,0,40.32,0.01,51.56,137.31,19155767.32
662,0,147,0,40.32,0.01,51.56,137.31,19155767.32
662,0,147,0,40.32,0.01,51.56,137.31,19155767.32
662,0,147,0,40.32,0.01,51.56,137.31,19155767.32
662,0,147,0,40.32,0.01,51.56,137.31,19155767.32
662,0,147,0,40.32,0.01,51.56,137.31,19155767.32
662,0,147,0,40.32,0.01,51.56,137.31,19155767.32
662,0,147,0,40.32,0.01,51.56,137.31,19155767.32
662,0,147,0,40.32,0.01,51.56,137.31,19155767.32
662,0,147,0,40.32,0.01,51.56,137.31,19155767.32
662,0,147,0,40.32,0.01,51.56,137.31,19155767.32
662,0,147,0,40.32,0.01,51.56,137.31,19155767.32
662,0,147,0,40.32,0.01,51.56,137.31,19155767.32
662,0,147,0,40.32,0.01,51.56,137.31,19155767.32
662,0,147,0,40.32,0.01,51.56,137.31,19155767.32
662,0,147,0,40.32,0.01,51.56,137.31,19155767.32
662,0,147,0,40.32,0.01,51.56,137.31,19155767.32
662,0,147,0,40.32,0.01,51.56,137.31,19155767.32
662,0,147,0,40.32,0.01,51.56,137.31,19155767.32
662,0,147,0,40.32,0.01,51.56,137.31,19155767.32
662,0,147,0,40.32,0.01,51.56,137.31,19155767.32
662,0,147,0,40.32,0.01,51.56,137.31,19155767.32
662,0,147,0,40.32,0.01,51.56,137.31,19155767.32
662,0,147,0,40.32,0.01,51.56,137.31,19155767.32
662,0,147,0,40.32,0.01,51.56,137.31,19155767.32
662,0,147,0,40.32,0.01,51.56,137.31,19155767.32
662,0,147,0,40.32,0.01,51.56,137.31,19155767.32
662,0,147,0,40.32,0.01,51.56,137.31,19155767.32
662,0,147,0,40.32,0.01,51.56,137.31,19155767.32
662,0,147,0,40.32,0.01,51.56,137.31,19155767.32
662,0,147,0,40.32,0.01,51.56,137.31,19155767.32
662,0,147,0,40.32,0.01,51.56,137.31,19155767.32
662,0,147,0,40.32,0.01,51.56,137.31,19155767.32
662,0,147,0,40.32,0.01,51.56,137.31,19155767.32
662,0,147,0,40.32,0.01,51.56,137.31,19155767.32
662,0,147,0,40.32,0.01,51.56,137.31,19155767.32
2048,0,8,0,27.77,0.01,79.36,128.4,45836422.02
1403,0,16,0,27.77,0.01,60.06,137.36,34205794.98
1112,0,24,0,40.33,0.01,53.32,148.67,28790657.65
1052,0,32,0,40.32,0.01,52.78,150.21,28401889.65
1044,0,40,0,40.32,0.01,51.87,144.74,27604931.17
1050,0,48,0,40.32,0.01,53.01,143.23,27629024.55
994,0,55,0,40.32,0.01,52.46,144.57,26776280.25
1014,0,64,0,40.32,0.01,52.42,139.05,25974158.0
972,0,72,0,40.32,0.01,52.33,139.74,25229648.4
946,0,79,0,40.32,0.01,52.08,138.23,24608704.88
892,0,88,0,40.32,0.01,51.43,139.21,23777876.52
922,0,96,0,34.04,0.01,53.06,136.63,24379610.91
922,0,103,0,34.04,0.01,53.78,135.22,23934083.95
798,0,111,0,40.32,0.01,51.12,138.51,21848025.36
752,0,128,0,40.32,0.01,51.26,137.22,21099000.45
692,0,141,0,40.32,0.01,51.52,137.13,19778262.44
662,0,147,0,40.32,0.01,51.56,137.31,19155767.32
662,0,147,0,40.32,0.01,51.56,137.31,19155767.32
662,0,147,0,40.32,0.01,51.56,137.31,19155767.32
662,0,147,0,40.32,0.01,51.56,137.31,19155767.32
662,0,147,0,40.32,0.01,51.56,137.31,19155767.32
662,0,147,0,40.32,0.01,51.56,137.31,19155767.32
662,0,147,0,40.32,0.01,51.56,137.31,19155767.32
662,0,147,0,40.32,0.01,51.56,137.31,19155767.32
662,0,147,0,40.32,0.01,51.56,137.31,19155767.32
662,0,147,0,40.32,0.01,51.56,137.31,19155767.32
662,0,147,0,40.32,0.01,51.56,137.31,19155767.32
662,0,147,0,40.32,0.01,51.56,137.31,19155767.32
662,0,147,0,40.32,0.01,51.56,137.31,19155767.32
662,0,147,0,40.32,0.01,51.56,137.31,19155767.32
662,0,147,0,40.32,0.01,51.56,137.31,19155767.32
662,0,147,0,40.32,0.01,51.56,137.31,19155767.32
662,0,147,0,40.32,0.01,51.56,137.31,19155767.32
662,0,147,0,40.32,0.01,51.56,137.31,19155767.32
662,0,147,0,40.32,0.01,51.56,137.31,19155767.32
662,0,147,0,40.32,0.01,51.56,137.31,19155767.32
662,0,147,0,40.32,0.01,51.56,137.31,19155767.32
662,0,147,0,40.32,0.01,51.56,137.31,19155767.32
662,0,147,0,40.32,0.01,51.56,137.31,19155767.32
662,0,147,0,40.32,0.01,51.56,137.31,19155767.32
662,0,147,0,40.32,0.01,51.56,137.31,19155767.32
662,0,147,0,40.32,0.01,51.56,137.31,19155767.32
662,0,147,0,40.32,0.01,51.56,137.31,19155767.32
662,0,147,0,40.32,0.01,51.56,137.31,19155767.32
662,0,147,0,40.32,0.01,51.56,137.31,19155767.32
662,0,147,0,40.32,0.01,51.56,137.31,19155767.32
662,0,147,0,40.32,0.01,51.56,137.31,19155767.32
662,0,147,0,40.32,0.01,51.56,137.31,19155767.32
662,0,147,0,40.32,0.01,51.56,137.31,19155767.32
662,0,147,0,40.32,0.01,51.56,137.31,19155767.32
662,0,147,0,40.32,0.01,51.56,137.31,19155767.32
662,0,147,0,40.32,0.01,51.56,137.31,19155767.32
662,0,147,0,40.32,0.01,51.56,137.31,19155767.32
662,0,147,0,40.32,0.01,51.56,137.31,19155767.32
662,0,147,0,40.32,0.01,51.56,137.31,19155767.32
662,0,147,0,40.32,0.01,51.56,137.31,19155767.32
2048,0,8,0,27.77,0.01,79.36,128.4,45836422.02
1403,0,16,0,27.77,0.01,60.06,137.36,34205794.98
1112,0,24,0,40.33,0.01,53.32,148.67,28790657.65
1052,0,32,0,40.32,0.01,52.78,150.21,28401889.65
1044,0,40,0,40.32,0.01,51.87,144.74,27604931.17
1050,0,48,0,40.32,0.01,53.01,143.23,27629024.55
994,0,55,0,40.32,0.01,52.46,144.57,26776280.25
1014,0,64,0,40.32,0.01,52.42,139.05,25974158.0
972,0,72,0,40.32,0.01,52.33,139.74,25229648.4
946,0,79,0,40.32,0.01,52.08,138.23,24608704.88
892,0,88,0,40.32,0.01,51.43,139.21,23777876.52
922,0,96,0,34.04,0.01,53.06,136.63,24379610.91
922,0,103,0,34.04,0.01,53.78,135.22,23934083.95
798,0,111,0,40.32,0.01,51.12,138.51,21848025.36
752,0,128,0,40.32,0.01,51.26,137.22,21099000.45
692,0,141,0,40.32,0.01,51.52,137.13,19778262.44
662,0,147,0,40.32,0.01,51.56,137.31,19155767.32
662,0,147,0,40.32,0.01,51.56,137.31,19155767.32
662,0,147,0,40.32,0.01,51.56,137.31,19155767.32
662,0,147,0,40.32,0.01,51.56,137.31,19155767.32
662,0,147,0,40.32,0.01,51.56,137.31,19155767.32
662,0,147,0,40.32,0.01,51.56,137.31,19155767.32
662,0,147,0,40.32,0.01,51.56,137.31,19155767.32
662,0,147,0,40.32,0.01,51.56,137.31,19155767.32
662,0,147,0,40.32,0.01,51.56,137.31,19155767.32
662,0,147,0,40.32,0.01,51.56,137.31,19155767.32
662,0,147,0,40.32,0.01,51.56,137.31,19155767.32
662,0,147,0,40.32,0.01,51.56,137.31,19155767.32
662,0,147,0,40.32,0.01,51.56,137.31,19155767.32
662,0,147,0,40.32,0.01,51.56,137.31,19155767.32
662,0,147,0,40.32,0.01,51.56,137.31,19155767.32
662,0,147,0,40.32,0.01,51.56,137.31,19155767.32
662,0,147,0,40.32,0.01,51.56,137.31,19155767.32
662,0,147,0,40.32,0.01,51.56,137.31,19155767.32
662,0,147,0,40.32,0.01,51.56,137.31,19155767.32
662,0,147,0,40.32,0.01,51.56,137.31,19155767.32
662,0,147,0,40.32,0.01,51.56,137.31,19155767.32
662,0,147,0,40.32,0.01,51.56,137.31,19155767.32
662,0,147,0,40.32,0.01,51.56,137.31,19155767.32
662,0,147,0,40.32,0.01,51.56,137.31,19155767.32
662,0,147,0,40.32,0.01,51.56,137.31,19155767.32
662,0,147,0,40.32,0.01,51.56,137.31,19155767.32
662,0,147,0,40.32,0.01,51.56,137.31,19155767.32
662,0,147,0,40.32,0.01,51.56,137.31,19155767.32
662,0,147,0,40.32,0.01,51.56,137.31,19155767.32
662,0,147,0,40.32,0.01,51.56,137.31,19155767.32
662,0,147,0,40.32,0.01,51.56,137.31,19155767.32
662,0,147,0,40.32,0.01,51.56,137.31,19155767.32
662,0,147,0,40.32,0.01,51.56,137.31,19155767.32
662,0,147,0,40.32,0.01,51.56,137.31,19155767.32
662,0,147,0,40.32,0.01,51.56,137.31,19155767.32
662,0,147,0,40.32,0.01,51.56,137.31,19155767.32
662,0,147,0,40.32,0.01,51.56,137.31,19155767.32
662,0,147,0,40.32,0.01,51.56,137.31,19155767.32
662,0,147,0,40.32,0.01,51.56,137.31,19155767.32
662,0,147,0,40.32,0.01,51.56,137.31,19155767.32
0,0,0,8,4433.63,0.36,120.36,5033.63,13785229.29
0,0,0,16,1744.95,0.17,112.14,2344.95,13813494.28
0,0,0,24,1158.76,0.13,126.16,1758.76,15991668.65
0,0,0,32,336.99,0.07,89.62,936.99,13809657.19
0,0,0,40,180.72,0.05,93.34,780.72,14114657.25
0,0,0,48,32.54,0.04,89.58,624.39,13762381.21
0,0,0,56,32.54,0.04,91.24,545.08,14866379.21
0,0,0,64,32.54,0.03,90.33,472.24,14827482.86
0,0,0,72,31.93,0.03,101.41,471.25,15632068.42
0,0,0,80,31.93,0.03,98.68,412.7,15486226.56
0,0,0,88,31.93,0.03,99.16,377.01,15520085.17
0,0,0,96,31.66,0.03,108.1,376.74,16027979.71
0,0,0,104,31.66,0.02,104.67,336.74,15839969.49
0,0,0,112,31.66,0.02,104.5,312.16,15834191.81
0,0,0,128,31.66,0.02,102.64,268.28,15735096.22
0,0,0,144,31.66,0.01,99.83,231.95,15580754.42
0,0,0,160,23.92,0.02,122.94,257.07,21278659.1
0,0,0,176,23.66,0.01,119.69,227.53,20767630.75
0,0,0,192,23.66,0.01,120.48,209.94,21171587.08
0,0,0,208,23.66,0.01,119.0,191.42,21112276.73
0,0,0,224,23.66,0.01,119.76,178.88,21150771.25
0,0,0,240,23.66,0.01,119.5,166.59,21134534.24
0,0,0,256,23.66,0.01,118.15,154.41,21057892.64
0,0,0,288,23.66,0.01,121.36,140.99,21055464.27
0,0,0,304,23.66,0.01,117.96,129.83,21043626.66
0,0,0,320,23.66,0.01,116.78,122.1,20975759.54
0,0,0,352,17.98,0.01,145.53,138.32,27911648.25
0,0,0,384,16.09,0.01,158.03,137.69,30246063.04
0,0,0,400,15.44,0.01,157.36,131.62,30198775.98
0,0,0,448,15.44,0.01,157.43,117.57,30270130.18
0,0,0,480,15.44,0.01,156.18,108.86,29923158.23
0,0,0,512,15.44,0.01,157.24,102.75,30254102.9
0,0,0,576,15.44,0.01,164.0,95.26,30632184.66
0,0,0,624,15.44,0.01,156.78,84.06,29951168.22
0,0,0,640,15.44,0.0,158.53,82.88,30339073.32
0,0,0,672,15.44,0.0,159.18,79.25,30282362.82
0,0,0,704,15.44,0.0,158.93,75.53,30357297.16
0,0,0,768,15.44,0.0,161.24,70.24,30272704.48
0,0,0,832,15.44,0.0,161.39,64.9,30503961.41
0,0,0,864,15.44,0.0,164.73,63.79,30692827.95
0,0,0,896,15.44,0.0,162.65,60.73,30576310.89
0,0,0,960,15.44,0.0,169.3,59.0,30953883.04
0,0,0,1024,15.44,0.0,164.7,53.81,30693548.75
0,0,0,1152,15.44,0.0,167.46,48.64,30851502.73
0,0,0,1206,15.44,0.0,168.49,46.67,30894534.41
0,0,0,1206,15.44,0.0,168.49,46.67,30894534.41
0,0,0,1206,15.44,0.0,168.49,46.67,30894534.41
0,0,0,1206,15.44,0.0,168.49,46.67,30894534.41
0,0,0,1206,15.44,0.0,168.49,46.67,30894534.41
0,0,0,1206,15.44,0.0,168.49,46.67,30894534.41
0,0,0,1206,15.44,0.0,168.49,46.67,30894534.41
0,0,0,1206,15.44,0.0,168.49,46.67,30894534.41
0,0,0,1206,15.44,0.0,168.49,46.67,30894534.41
0,0,0,1206,15.44,0.0,168.49,46.67,30894534.41
0,0,0,1206,15.44,0.0,168.49,46.67,30894534.41
0,0,0,1206,15.44,0.0,168.49,46.67,30894534.41
8,0,0,8,2875.07,0.25,91.36,3475.07,16245110.25
8,0,0,16,1332.34,0.14,97.0,1932.34,15742433.6
8,0,0,24,424.33,0.07,75.91,1024.33,14010428.02
8,0,0,32,179.55,0.05,76.41,779.55,13709378.0
8,0,0,40,62.42,0.05,80.77,662.42,14750493.66
8,0,0,48,40.62,0.04,82.2,563.58,14592213.04
8,0,0,56,40.62,0.03,84.98,500.6,14939478.85
8,0,0,64,40.62,0.03,85.99,444.0,14978399.87
8,0,0,72,40.62,0.03,87.52,402.27,15051900.1
8,0,0,80,40.62,0.02,88.89,368.08,15117798.93
8,0,0,88,40.62,0.02,89.95,338.94,15169035.72
8,0,0,96,40.62,0.02,98.71,341.19,15663856.6
8,0,0,104,40.62,0.02,93.3,297.86,15345548.79
8,0,0,112,40.62,0.02,93.29,276.72,15338395.55
8,0,0,128,40.62,0.02,96.94,251.82,15537597.75
8,0,0,144,40.62,0.01,99.39,229.65,15669293.7
8,0,0,160,40.62,0.01,100.9,209.94,15748801.55
8,0,0,176,40.62,0.01,103.7,196.24,15877564.05
8,0,0,192,40.35,0.01,107.14,185.94,16109483.27
8,0,0,208,40.35,0.01,109.58,175.59,16243831.16
8,0,0,224,40.35,0.01,111.92,166.58,16374796.85
8,0,0,240,40.35,0.01,113.79,158.11,16487359.13
8,0,0,256,40.35,0.01,116.65,151.98,16646310.94
8,0,0,288,40.35,0.01,121.41,140.65,16912219.16
8,0,0,290,40.35,0.01,124.33,140.15,16935012.6
8,0,0,290,40.35,0.01,124.33,140.15,16935012.6
8,0,0,290,40.35,0.01,124.33,140.15,16935012.6
8,0,0,290,40.35,0.01,124.33,140.15,16935012.6
8,0,0,290,40.35,0.01,124.33,140.15,16935012.6
8,0,0,290,40.35,0.01,124.33,140.15,16935012.6
8,0,0,290,40.35,0.01,124.33,140.15,16935012.6
8,0,0,290,40.35,0.01,124.33,140.15,16935012.6
8,0,0,290,40.35,0.01,124.33,140.15,16935012.6
8,0,0,290,40.35,0.01,124.33,140.15,16935012.6
8,0,0,290,40.35,0.01,124.33,140.15,16935012.6
8,0,0,290,40.35,0.01,124.33,140.15,16935012.6
8,0,0,290,40.35,0.01,124.33,140.15,16935012.6
8,0,0,290,40.35,0.01,124.33,140.15,16935012.6
8,0,0,290,40.35,0.01,124.33,140.15,16935012.6
8,0,0,290,40.35,0.01,124.33,140.15,16935012.6
8,0,0,290,40.35,0.01,124.33,140.15,16935012.6
8,0,0,290,40.35,0.01,124.33,140.15,16935012.6
8,0,0,290,40.35,0.01,124.33,140.15,16935012.6
8,0,0,290,40.35,0.01,124.33,140.15,16935012.6
8,0,0,290,40.35,0.01,124.33,140.15,16935012.6
8,0,0,290,40.35,0.01,124.33,140.15,16935012.6
8,0,0,290,40.35,0.01,124.33,140.15,16935012.6
8,0,0,290,40.35,0.01,124.33,140.15,16935012.6
8,0,0,290,40.35,0.01,124.33,140.15,16935012.6
8,0,0,290,40.35,0.01,124.33,140.15,16935012.6
8,0,0,290,40.35,0.01,124.33,140.15,16935012.6
8,0,0,290,40.35,0.01,124.33,140.15,16935012.6
8,0,0,290,40.35,0.01,124.33,140.15,16935012.6
8,0,0,290,40.35,0.01,124.33,140.15,16935012.6
8,0,0,290,40.35,0.01,124.33,140.15,16935012.6
8,0,0,290,40.35,0.01,124.33,140.15,16935012.6
16,0,0,8,1680.93,0.16,65.39,2280.93,13489084.95
16,0,0,16,586.33,0.08,62.37,1186.33,12533724.72
16,0,0,24,259.29,0.06,65.73,859.29,12487656.35
16,0,0,32,93.91,0.05,69.67,693.91,13119485.82
16,0,0,40,40.62,0.04,74.28,597.54,13218057.64
16,0,0,48,40.62,0.04,80.39,542.34,14841736.36
16,0,0,56,40.62,0.03,84.05,488.29,14988073.29
16,0,0,64,40.62,0.03,85.11,434.13,14888840.0
16,0,0,72,40.62,0.03,86.02,391.07,14716064.54
16,0,0,80,40.62,0.02,88.21,361.71,15134736.2
16,0,0,88,40.62,0.02,88.01,328.66,15162935.07
16,0,0,96,40.62,0.02,92.63,317.57,15418461.78
16,0,0,104,34.09,0.02,93.58,296.51,16080248.46
16,0,0,112,34.09,0.02,96.74,284.94,16226945.17
16,0,0,128,34.09,0.02,104.25,269.14,16597865.33
16,0,0,144,28.41,0.02,107.99,248.16,18354045.8
16,0,0,160,28.41,0.02,114.03,236.1,18484704.38
16,0,0,176,28.41,0.01,121.45,228.81,18641654.34
16,0,0,192,28.41,0.01,129.37,223.58,18929662.63
16,0,0,208,28.41,0.01,137.33,219.23,19298908.42
16,0,0,220,28.41,0.01,145.48,215.75,19400774.9
16,0,0,220,28.41,0.01,145.48,215.75,19400774.9
16,0,0,220,28.41,0.01,145.48,215.75,19400774.9
16,0,0,220,28.41,0.01,145.48,215.75,19400774.9
16,0,0,220,28.41,0.01,145.48,215.75,19400774.9
16,0,0,220,28.41,0.01,145.48,215.75,19400774.9
16,0,0,220,28.41,0.01,145.48,215.75,19400774.9
16,0,0,220,28.41,0.01,145.48,215.75,19400774.9
16,0,0,220,28.41,0.01,145.48,215.75,19400774.9
16,0,0,220,28.41,0.01,145.48,215.75,19400774.9
16,0,0,220,28.41,0.01,145.48,215.75,19400774.9
16,0,0,220,28.41,0.01,145.48,215.75,19400774.9
16,0,0,220,28.41,0.01,145.48,215.75,19400774.9
16,0,0,220,28.41,0.01,145.48,215.75,19400774.9
16,0,0,220,28.41,0.01,145.48,215.75,19400774.9
16,0,0,220,28.41,0.01,145.48,215.75,19400774.9
16,0,0,220,28.41,0.01,145.48,215.75,19400774.9
16,0,0,220,28.41,0.01,145.48,215.75,19400774.9
16,0,0,220,28.41,0.01,145.48,215.75,19400774.9
16,0,0,220,28.41,0.01,145.48,215.75,19400774.9
16,0,0,220,28.41,0.01,145.48,215.75,19400774.9
16,0,0,220,28.41,0.01,145.48,215.75,19400774.9
16,0,0,220,28.41,0.01,145.48,215.75,19400774.9
16,0,0,220,28.41,0.01,145.48,215.75,19400774.9
16,0,0,220,28.41,0.01,145.48,215.75,19400774.9
16,0,0,220,28.41,0.01,145.48,215.75,19400774.9
16,0,0,220,28.41,0.01,145.48,215.75,19400774.9
16,0,0,220,28.41,0.01,145.48,215.75,19400774.9
16,0,0,220,28.41,0.01,145.48,215.75,19400774.9
16,0,0,220,28.41,0.01,145.48,215.75,19400774.9
16,0,0,220,28.41,0.01,145.48,215.75,19400774.9
16,0,0,220,28.41,0.01,145.48,215.75,19400774.9
16,0,0,220,28.41,0.01,145.48,215.75,19400774.9
16,0,0,220,28.41,0.01,145.48,215.75,19400774.9
16,0,0,220,28.41,0.01,145.48,215.75,19400774.9
16,0,0,220,28.41,0.01,145.48,215.75,19400774.9
24,0,0,8,1385.48,0.14,61.64,1985.48,15478644.48
24,0,0,16,534.43,0.08,62.34,1134.43,13978558.12
24,0,0,24,233.38,0.06,65.73,833.38,13615343.95
24,0,0,32,81.15,0.05,70.01,681.15,13963825.44
24,0,0,40,40.62,0.04,73.09,576.95,13916785.36
24,0,0,48,40.62,0.04,81.62,541.99,15551481.94
24,0,0,56,40.62,0.03,84.92,486.62,15583857.79
24,0,0,64,40.62,0.03,83.1,418.81,15438201.55
24,0,0,72,40.62,0.02,84.53,380.17,15455465.27
24,0,0,80,40.62,0.02,88.62,359.87,15610163.64
24,0,0,88,40.62,0.02,90.34,334.39,15614628.28
24,0,0,96,40.62,0.02,90.61,308.11,15678223.37
24,0,0,104,40.62,0.02,90.79,285.53,15642578.18
24,0,0,112,40.62,0.02,94.41,276.16,15837559.59
24,0,0,128,34.09,0.02,98.73,253.35,16573869.7
24,0,0,144,34.09,0.02,118.3,270.38,17661467.01
24,0,0,160,34.09,0.01,105.96,218.32,17283907.44
24,0,0,176,34.09,0.01,113.23,212.36,17687157.67
24,0,0,192,34.09,0.01,114.31,196.75,17580389.59
24,0,0,208,26.52,0.01,136.75,217.47,20501902.12
24,0,0,224,28.41,0.01,125.85,186.0,19694562.41
24,0,0,240,28.41,0.01,132.79,183.29,19875527.02
24,0,0,256,28.41,0.01,138.41,179.22,20090501.92
24,0,0,288,28.41,0.01,146.05,168.27,22447095.85
24,0,0,304,28.15,0.01,146.22,159.67,22368879.03
24,0,0,314,28.15,0.01,152.77,158.54,22463298.95
24,0,0,314,28.15,0.01,152.77,158.54,22463298.95
24,0,0,314,28.15,0.01,152.77,158.54,22463298.95
24,0,0,400,28.15,0.01,166.89,138.77,25680464.26
24,0,0,413,26.29,0.01,170.88,136.64,25834375.74
24,0,0,413,26.29,0.01,170.88,136.64,25834375.74
24,0,0,413,26.29,0.01,170.88,136.64,25834375.74
24,0,0,413,26.29,0.01,170.88,136.64,25834375.74
24,0,0,413,26.29,0.01,170.88,136.64,25834375.74
24,0,0,413,26.29,0.01,170.88,136.64,25834375.74
24,0,0,413,26.29,0.01,170.88,136.64,25834375.74
24,0,0,413,26.29,0.01,170.88,136.64,25834375.74
24,0,0,413,26.29,0.01,170.88,136.64,25834375.74
24,0,0,413,26.29,0.01,170.88,136.64,25834375.74
24,0,0,413,26.29,0.01,170.88,136.64,25834375.74
24,0,0,413,26.29,0.01,170.88,136.64,25834375.74
24,0,0,413,26.29,0.01,170.88,136.64,25834375.74
24,0,0,413,26.29,0.01,170.88,136.64,25834375.74
24,0,0,413,26.29,0.01,170.88,136.64,25834375.74
24,0,0,413,26.29,0.01,170.88,136.64,25834375.74
24,0,0,413,26.29,0.01,170.88,136.64,25834375.74
24,0,0,413,26.29,0.01,170.88,136.64,25834375.74
24,0,0,413,26.29,0.01,170.88,136.64,25834375.74
24,0,0,413,26.29,0.01,170.88,136.64,25834375.74
24,0,0,413,26.29,0.01,170.88,136.64,25834375.74
24,0,0,413,26.29,0.01,170.88,136.64,25834375.74
24,0,0,413,26.29,0.01,170.88,136.64,25834375.74
24,0,0,413,26.29,0.01,170.88,136.64,25834375.74
24,0,0,413,26.29,0.01,170.88,136.64,25834375.74
24,0,0,413,26.29,0.01,170.88,136.64,25834375.74
24,0,0,413,26.29,0.01,170.88,136.64,25834375.74
32,0,0,8,1319.39,0.14,64.15,1919.39,16118529.95
32,0,0,16,430.89,0.07,59.1,1030.89,14207516.05
32,0,0,24,197.1,0.05,64.76,797.1,14020011.08
32,0,0,32,103.49,0.05,73.98,703.49,15527531.7
32,0,0,40,40.62,0.04,77.23,598.35,15561337.92
32,0,0,48,40.62,0.03,78.58,513.7,15292250.95
32,0,0,56,40.62,0.03,79.61,450.08,15239065.91
32,0,0,64,43.05,0.03,84.94,423.03,15494793.4
32,0,0,72,43.05,0.02,85.06,378.53,15565230.39
32,0,0,80,43.05,0.02,89.97,361.88,15815350.63
32,0,0,88,34.09,0.02,90.94,333.67,16543377.2
32,0,0,96,34.09,0.02,94.25,317.95,16709986.39
32,0,0,104,34.09,0.02,97.77,305.19,16864241.63
32,0,0,112,34.09,0.02,101.74,295.53,16938594.58
32,0,0,128,34.09,0.02,110.83,282.66,17349745.72
32,0,0,144,28.41,0.02,108.4,246.4,18779794.56
32,0,0,160,28.41,0.02,116.24,238.33,19074483.29
32,0,0,176,28.41,0.01,121.84,227.5,19074300.16
32,0,0,192,28.41,0.01,129.66,222.26,19417271.64
32,0,0,208,28.41,0.01,137.39,217.66,19727074.39
32,0,0,217,28.41,0.01,146.74,216.11,19827526.86
32,0,0,217,28.41,0.01,146.74,216.11,19827526.86
32,0,0,217,28.41,0.01,146.74,216.11,19827526.86
32,0,0,217,28.41,0.01,146.74,216.11,19827526.86
32,0,0,217,28.41,0.01,146.74,216.11,19827526.86
32,0,0,217,28.41,0.01,146.74,216.11,19827526.86
32,0,0,217,28.41,0.01,146.74,216.11,19827526.86
32,0,0,217,28.41,0.01,146.74,216.11,19827526.86
32,0,0,217,28.41,0.01,146.74,216.11,19827526.86
32,0,0,217,28.41,0.01,146.74,216.11,19827526.86
32,0,0,217,28.41,0.01,146.74,216.11,19827526.86
32,0,0,217,28.41,0.01,146.74,216.11,19827526.86
32,0,0,217,28.41,0.01,146.74,216.11,19827526.86
32,0,0,217,28.41,0.01,146.74,216.11,19827526.86
32,0,0,217,28.41,0.01,146.74,216.11,19827526.86
32,0,0,217,28.41,0.01,146.74,216.11,19827526.86
32,0,0,217,28.41,0.01,146.74,216.11,19827526.86
32,0,0,217,28.41,0.01,146.74,216.11,19827526.86
32,0,0,217,28.41,0.01,146.74,216.11,19827526.86
32,0,0,217,28.41,0.01,146.74,216.11,19827526.86
32,0,0,217,28.41,0.01,146.74,216.11,19827526.86
32,0,0,217,28.41,0.01,146.74,216.11,19827526.86
32,0,0,217,28.41,0.01,146.74,216.11,19827526.86
32,0,0,217,28.41,0.01,146.74,216.11,19827526.86
32,0,0,217,28.41,0.01,146.74,216.11,19827526.86
32,0,0,217,28.41,0.01,146.74,216.11,19827526.86
32,0,0,217,28.41,0.01,146.74,216.11,19827526.86
32,0,0,217,28.41,0.01,146.74,216.11,19827526.86
32,0,0,217,28.41,0.01,146.74,216.11,19827526.86
32,0,0,217,28.41,0.01,146.74,216.11,19827526.86
32,0,0,217,28.41,0.01,146.74,216.11,19827526.86
32,0,0,217,28.41,0.01,146.74,216.11,19827526.86
32,0,0,217,28.41,0.01,146.74,216.11,19827526.86
32,0,0,217,28.41,0.01,146.74,216.11,19827526.86
32,0,0,217,28.41,0.01,146.74,216.11,19827526.86
32,0,0,217,28.41,0.01,146.74,216.11,19827526.86
40,0,0,8,1314.22,0.14,68.53,1914.22,18802346.39
40,0,0,16,440.0,0.07,62.1,1040.0,16321753.38
40,0,0,24,214.83,0.06,68.14,814.83,16341468.78
40,0,0,32,67.95,0.05,71.83,667.95,15814601.07
40,0,0,40,40.62,0.04,78.14,594.5,16642126.78
40,0,0,48,43.05,0.03,78.04,502.31,16112469.02
40,0,0,56,40.62,0.03,79.73,444.75,15752839.2
40,0,0,64,40.62,0.03,83.43,410.64,16216979.99
40,0,0,72,40.62,0.02,84.25,371.01,15985607.71
40,0,0,80,43.05,0.02,88.13,351.11,16120838.21
40,0,0,88,43.05,0.02,95.09,345.91,16627142.03
40,0,0,96,43.05,0.02,93.74,313.7,16411604.35
40,0,0,104,36.52,0.02,93.88,290.89,16991516.06
40,0,0,112,36.52,0.02,96.99,279.79,17007126.39
40,0,0,128,36.52,0.02,97.82,247.98,16998737.93
40,0,0,144,28.41,0.02,109.09,246.64,19161470.09
40,0,0,160,28.41,0.01,114.74,234.1,19124158.74
40,0,0,176,28.41,0.01,122.08,226.93,19479048.43
40,0,0,192,28.41,0.01,129.98,221.91,19619436.54
40,0,0,208,28.41,0.01,137.73,217.39,19976316.61
40,0,0,212,28.41,0.01,142.48,216.71,20122906.89
40,0,0,212,28.41,0.01,142.48,216.71,20122906.89
40,0,0,212,28.41,0.01,142.48,216.71,20122906.89
40,0,0,212,28.41,0.01,142.48,216.71,20122906.89
40,0,0,212,28.41,0.01,142.48,216.71,20122906.89
40,0,0,212,28.41,0.01,142.48,216.71,20122906.89
40,0,0,212,28.41,0.01,142.48,216.71,20122906.89
40,0,0,212,28.41,0.01,142.48,216.71,20122906.89
40,0,0,212,28.41,0.01,142.48,216.71,20122906.89
40,0,0,212,28.41,0.01,142.48,216.71,20122906.89
40,0,0,212,28.41,0.01,142.48,216.71,20122906.89
40,0,0,212,28.41,0.01,142.48,216.71,20122906.89
40,0,0,212,28.41,0.01,142.48,216.71,20122906.89
40,0,0,212,28.41,0.01,142.48,216.71,20122906.89
40,0,0,212,28.41,0.01,142.48,216.71,20122906.89
40,0,0,212,28.41,0.01,142.48,216.71,20122906.89
40,0,0,212,28.41,0.01,142.48,216.71,20122906.89
40,0,0,212,28.41,0.01,142.48,216.71,20122906.89
40,0,0,212,28.41,0.01,142.48,216.71,20122906.89
40,0,0,212,28.41,0.01,142.48,216.71,20122906.89
40,0,0,212,28.41,0.01,142.48,216.71,20122906.89
40,0,0,212,28.41,0.01,142.48,216.71,20122906.89
40,0,0,212,28.41,0.01,142.48,216.71,20122906.89
40,0,0,212,28.41,0.01,142.48,216.71,20122906.89
40,0,0,212,28.41,0.01,142.48,216.71,20122906.89
40,0,0,212,28.41,0.01,142.48,216.71,20122906.89
40,0,0,212,28.41,0.01,142.48,216.71,20122906.89
40,0,0,212,28.41,0.01,142.48,216.71,20122906.89
40,0,0,212,28.41,0.01,142.48,216.71,20122906.89
40,0,0,212,28.41,0.01,142.48,216.71,20122906.89
40,0,0,212,28.41,0.01,142.48,216.71,20122906.89
40,0,0,212,28.41,0.01,142.48,216.71,20122906.89
40,0,0,212,28.41,0.01,142.48,216.71,20122906.89
40,0,0,212,28.41,0.01,142.48,216.71,20122906.89
40,0,0,212,28.41,0.01,142.48,216.71,20122906.89
40,0,0,212,28.41,0.01,142.48,216.71,20122906.89
48,0,0,8,1083.67,0.12,64.28,1683.67,19698287.51
48,0,0,16,405.77,0.07,62.45,1005.77,17650208.14
48,0,0,24,176.0,0.05,66.74,776.0,16826348.15
48,0,0,32,71.32,0.05,73.79,671.32,17342058.11
48,0,0,40,40.62,0.04,74.57,557.21,16678474.95
48,0,0,48,40.62,0.03,79.99,507.09,16845320.54
48,0,0,56,40.62,0.03,80.39,442.58,16545270.31
48,0,0,64,40.62,0.03,82.67,402.2,16318197.99
48,0,0,72,40.62,0.02,87.68,382.12,16416206.5
48,0,0,80,40.62,0.02,88.47,349.15,16384404.48
48,0,0,88,40.62,0.02,88.57,319.41,16266848.76
48,0,0,96,40.62,0.02,92.72,307.85,16439951.59
48,0,0,104,40.62,0.02,91.6,281.76,16531981.21
48,0,0,112,40.62,0.02,95.74,274.3,16745740.64
48,0,0,128,28.41,0.02,101.83,256.61,18583452.54
48,0,0,144,28.41,0.02,107.35,241.41,18805708.52
48,0,0,160,28.41,0.01,113.92,231.31,19004111.43
48,0,0,176,28.41,0.01,121.81,225.44,19239682.3
48,0,0,192,28.41,0.01,122.28,207.9,20892861.75
48,0,0,208,28.41,0.01,126.57,199.02,20792190.98
48,0,0,224,28.41,0.01,131.97,193.0,20944570.72
48,0,0,240,28.41,0.01,139.23,190.31,21104702.54
48,0,0,252,28.41,0.01,145.66,186.89,21193059.2
48,0,0,288,28.41,0.01,143.78,164.31,23067643.15
48,0,0,304,28.15,0.01,148.84,161.28,23291250.92
48,0,0,318,28.15,0.01,154.81,159.48,23405220.61
48,0,0,318,28.15,0.01,154.81,159.48,23405220.61
48,0,0,318,28.15,0.01,154.81,159.48,23405220.61
48,0,0,318,28.15,0.01,154.81,159.48,23405220.61
48,0,0,318,28.15,0.01,154.81,159.48,23405220.61
48,0,0,318,28.15,0.01,154.81,159.48,23405220.61
48,0,0,318,28.15,0.01,154.81,159.48,23405220.61
48,0,0,318,28.15,0.01,154.81,159.48,23405220.61
48,0,0,318,28.15,0.01,154.81,159.48,23405220.61
48,0,0,318,28.15,0.01,154.81,159.48,23405220.61
48,0,0,318,28.15,0.01,154.81,159.48,23405220.61
48,0,0,318,28.15,0.01,154.81,159.48,23405220.61
48,0,0,318,28.15,0.01,154.81,159.48,23405220.61
48,0,0,318,28.15,0.01,154.81,159.48,23405220.61
48,0,0,318,28.15,0.01,154.81,159.48,23405220.61
48,0,0,318,28.15,0.01,154.81,159.48,23405220.61
48,0,0,318,28.15,0.01,154.81,159.48,23405220.61
48,0,0,318,28.15,0.01,154.81,159.48,23405220.61
48,0,0,318,28.15,0.01,154.81,159.48,23405220.61
48,0,0,318,28.15,0.01,154.81,159.48,23405220.61
48,0,0,318,28.15,0.01,154.81,159.48,23405220.61
48,0,0,318,28.15,0.01,154.81,159.48,23405220.61
48,0,0,318,28.15,0.01,154.81,159.48,23405220.61
48,0,0,318,28.15,0.01,154.81,159.48,23405220.61
48,0,0,318,28.15,0.01,154.81,159.48,23405220.61
48,0,0,318,28.15,0.01,154.81,159.48,23405220.61
48,0,0,318,28.15,0.01,154.81,159.48,23405220.61
48,0,0,318,28.15,0.01,154.81,159.48,23405220.61
48,0,0,318,28.15,0.01,154.81,159.48,23405220.61
48,0,0,318,28.15,0.01,154.81,159.48,23405220.61
48,0,0,318,28.15,0.01,154.81,159.48,23405220.61
56,0,0,8,1142.59,0.12,70.67,1742.59,20194011.79
56,0,0,16,321.42,0.06,59.4,921.42,17396930.61
56,0,0,24,119.92,0.05,63.62,719.92,16366022.93
56,0,0,32,43.05,0.04,70.64,629.07,17203234.32
56,0,0,40,43.05,0.04,72.28,530.69,16562480.03
56,0,0,48,43.05,0.03,78.35,489.38,16783300.35
56,0,0,56,43.05,0.03,80.32,436.49,16521020.87
56,0,0,64,43.05,0.03,80.6,387.64,16401792.97
56,0,0,72,43.05,0.02,84.37,363.92,16455527.3
56,0,0,80,43.05,0.02,90.28,352.98,16624216.91
56,0,0,88,36.52,0.02,92.25,329.87,18201945.51
56,0,0,96,34.09,0.02,95.2,313.6,18328807.58
56,0,0,104,34.09,0.02,98.34,300.29,18359189.91
56,0,0,112,34.09,0.02,102.92,292.9,18507577.78
56,0,0,128,34.09,0.02,112.61,282.07,18845371.79
56,0,0,144,26.52,0.02,114.46,256.05,21592088.82
56,0,0,160,26.52,0.02,119.05,240.57,21641082.01
56,0,0,176,26.52,0.01,125.18,230.66,21736290.04
56,0,0,192,26.52,0.01,132.76,224.82,21793750.37
56,0,0,208,26.52,0.01,140.59,220.24,22057828.9
56,0,0,224,26.52,0.01,148.17,215.94,22204616.42
56,0,0,228,26.52,0.01,152.91,215.35,22077251.57
56,0,0,228,26.52,0.01,152.91,215.35,22077251.57
56,0,0,228,26.52,0.01,152.91,215.35,22077251.57
56,0,0,228,26.52,0.01,152.91,215.35,22077251.57
56,0,0,228,26.52,0.01,152.91,215.35,22077251.57
56,0,0,228,26.52,0.01,152.91,215.35,22077251.57
56,0,0,228,26.52,0.01,152.91,215.35,22077251.57
56,0,0,228,26.52,0.01,152.91,215.35,22077251.57
56,0,0,228,26.52,0.01,152.91,215.35,22077251.57
56,0,0,228,26.52,0.01,152.91,215.35,22077251.57
56,0,0,228,26.52,0.01,152.91,215.35,22077251.57
56,0,0,228,26.52,0.01,152.91,215.35,22077251.57
56,0,0,228,26.52,0.01,152.91,215.35,22077251.57
56,0,0,228,26.52,0.01,152.91,215.35,22077251.57
56,0,0,228,26.52,0.01,152.91,215.35,22077251.57
56,0,0,228,26.52,0.01,152.91,215.35,22077251.57
56,0,0,228,26.52,0.01,152.91,215.35,22077251.57
56,0,0,228,26.52,0.01,152.91,215.35,22077251.57
56,0,0,228,26.52,0.01,152.91,215.35,22077251.57
56,0,0,228,26.52,0.01,152.91,215.35,22077251.57
56,0,0,228,26.52,0.01,152.91,215.35,22077251.57
56,0,0,228,26.52,0.01,152.91,215.35,22077251.57
56,0,0,228,26.52,0.01,152.91,215.35,22077251.57
56,0,0,228,26.52,0.01,152.91,215.35,22077251.57
56,0,0,228,26.52,0.01,152.91,215.35,22077251.57
56,0,0,228,26.52,0.01,152.91,215.35,22077251.57
56,0,0,228,26.52,0.01,152.91,215.35,22077251.57
56,0,0,228,26.52,0.01,152.91,215.35,22077251.57
56,0,0,228,26.52,0.01,152.91,215.35,22077251.57
56,0,0,228,26.52,0.01,152.91,215.35,22077251.57
56,0,0,228,26.52,0.01,152.91,215.35,22077251.57
56,0,0,228,26.52,0.01,152.91,215.35,22077251.57
56,0,0,228,26.52,0.01,152.91,215.35,22077251.57
56,0,0,228,26.52,0.01,152.91,215.35,22077251.57
56,0,0,228,26.52,0.01,152.91,215.35,22077251.57
64,0,0,8,868.27,0.1,63.04,1468.27,19521233.43
64,0,0,16,244.28,0.06,56.44,844.28,17274387.09
64,0,0,24,77.22,0.05,61.46,677.22,16505298.95
64,0,0,32,40.62,0.04,65.57,571.79,16219952.88
64,0,0,40,40.62,0.03,71.0,512.34,16733808.05
64,0,0,48,40.62,0.03,79.01,486.27,17131332.95
64,0,0,56,40.62,0.03,77.17,414.03,16690038.43
64,0,0,64,40.62,0.02,78.37,372.65,16375931.64
64,0,0,72,40.62,0.02,83.92,358.28,16705792.04
64,0,0,80,40.62,0.02,83.58,323.81,16542515.03
64,0,0,88,40.62,0.02,84.48,299.53,16338189.8
64,0,0,96,40.62,0.02,86.6,283.06,16241678.0
64,0,0,104,40.62,0.02,87.72,265.94,16274568.92
64,0,0,112,40.62,0.02,90.62,256.16,16498793.35
64,0,0,128,34.09,0.01,94.87,236.23,17091151.32
64,0,0,144,34.09,0.01,99.25,220.83,17269820.99
64,0,0,160,34.09,0.01,104.61,210.37,17924348.5
64,0,0,176,34.09,0.01,120.63,221.3,19098783.04
64,0,0,192,34.09,0.01,113.44,191.34,18528281.77
64,0,0,208,34.09,0.01,114.38,178.51,18442979.29
64,0,0,224,34.09,0.01,117.23,170.26,18366116.47
64,0,0,240,28.41,0.01,122.6,166.5,19627384.44
64,0,0,256,28.41,0.01,128.34,163.66,19963962.15
64,0,0,274,28.15,0.01,137.42,160.56,20282446.0
64,0,0,274,28.15,0.01,137.42,160.56,20282446.0
64,0,0,274,28.15,0.01,137.42,160.56,20282446.0
64,0,0,274,28.15,0.01,137.42,160.56,20282446.0
64,0,0,274,28.15,0.01,137.42,160.56,20282446.0
64,0,0,274,28.15,0.01,137.42,160.56,20282446.0
64,0,0,274,28.15,0.01,137.42,160.56,20282446.0
64,0,0,274,28.15,0.01,137.42,160.56,20282446.0
64,0,0,274,28.15,0.01,137.42,160.56,20282446.0
64,0,0,274,28.15,0.01,137.42,160.56,20282446.0
64,0,0,274,28.15,0.01,137.42,160.56,20282446.0
64,0,0,274,28.15,0.01,137.42,160.56,20282446.0
64,0,0,274,28.15,0.01,137.42,160.56,20282446.0
64,0,0,274,28.15,0.01,137.42,160.56,20282446.0
64,0,0,274,28.15,0.01,137.42,160.56,20282446.0
64,0,0,274,28.15,0.01,137.42,160.56,20282446.0
64,0,0,274,28.15,0.01,137.42,160.56,20282446.0
64,0,0,274,28.15,0.01,137.42,160.56,20282446.0
64,0,0,274,28.15,0.01,137.42,160.56,20282446.0
64,0,0,274,28.15,0.01,137.42,160.56,20282446.0
64,0,0,274,28.15,0.01,137.42,160.56,20282446.0
64,0,0,274,28.15,0.01,137.42,160.56,20282446.0
64,0,0,274,28.15,0.01,137.42,160.56,20282446.0
64,0,0,274,28.15,0.01,137.42,160.56,20282446.0
64,0,0,274,28.15,0.01,137.42,160.56,20282446.0
64,0,0,274,28.15,0.01,137.42,160.56,20282446.0
64,0,0,274,28.15,0.01,137.42,160.56,20282446.0
64,0,0,274,28.15,0.01,137.42,160.56,20282446.0
64,0,0,274,28.15,0.01,137.42,160.56,20282446.0
64,0,0,274,28.15,0.01,137.42,160.56,20282446.0
64,0,0,274,28.15,0.01,137.42,160.56,20282446.0
64,0,0,274,28.15,0.01,137.42,160.56,20282446.0
64,0,0,274,28.15,0.01,137.42,160.56,20282446.0
72,0,0,8,802.44,0.1,63.55,1402.44,19651480.81
72,0,0,16,198.67,0.05,55.29,798.67,17138874.01
72,0,0,24,47.5,0.04,58.96,633.08,16302365.56
72,0,0,32,47.5,0.04,63.25,540.37,15936594.05
72,0,0,40,40.62,0.03,67.27,477.25,15966109.53
72,0,0,48,40.62,0.03,69.82,423.49,15620699.42
72,0,0,56,40.62,0.03,73.07,387.05,15772686.49
72,0,0,64,40.62,0.02,75.5,354.98,15829491.0
72,0,0,72,40.62,0.02,78.07,329.96,15777874.49
72,0,0,80,40.62,0.02,81.54,312.99,16406207.14
72,0,0,88,40.62,0.02,84.68,297.71,16537830.81
72,0,0,96,40.62,0.02,86.58,280.81,16583163.84
72,0,0,104,40.62,0.02,88.24,265.59,16529497.53
72,0,0,112,34.09,0.02,90.37,253.73,17077182.46
72,0,0,128,34.09,0.01,95.43,236.23,17231415.52
72,0,0,144,34.09,0.01,98.27,217.5,17640617.57
72,0,0,160,34.09,0.01,102.23,204.62,18084201.3
72,0,0,176,34.09,0.01,120.82,220.69,19234262.3
72,0,0,192,34.09,0.01,108.71,182.63,18201639.73
72,0,0,208,34.09,0.01,114.51,178.06,18510838.48
72,0,0,224,34.09,0.01,115.09,166.58,18641332.61
72,0,0,240,34.09,0.01,124.09,167.98,19132107.84
72,0,0,256,34.09,0.01,126.09,160.31,19238494.56
72,0,0,258,34.09,0.01,129.75,160.1,19282841.55
72,0,0,258,34.09,0.01,129.75,160.1,19282841.55
72,0,0,258,34.09,0.01,129.75,160.1,19282841.55
72,0,0,258,34.09,0.01,129.75,160.1,19282841.55
72,0,0,258,34.09,0.01,129.75,160.1,19282841.55
72,0,0,258,34.09,0.01,129.75,160.1,19282841.55
72,0,0,258,34.09,0.01,129.75,160.1,19282841.55
72,0,0,258,34.09,0.01,129.75,160.1,19282841.55
72,0,0,258,34.09,0.01,129.75,160.1,19282841.55
72,0,0,258,34.09,0.01,129.75,160.1,19282841.55
72,0,0,258,34.09,0.01,129.75,160.1,19282841.55
72,0,0,258,34.09,0.01,129.75,160.1,19282841.55
72,0,0,258,34.09,0.01,129.75,160.1,19282841.55
72,0,0,258,34.09,0.01,129.75,160.1,19282841.55
72,0,0,258,34.09,0.01,129.75,160.1,19282841.55
72,0,0,258,34.09,0.01,129.75,160.1,19282841.55
72,0,0,258,34.09,0.01,129.75,160.1,19282841.55
72,0,0,258,34.09,0.01,129.75,160.1,19282841.55
72,0,0,258,34.09,0.01,129.75,160.1,19282841.55
72,0,0,258,34.09,0.01,129.75,160.1,19282841.55
72,0,0,258,34.09,0.01,129.75,160.1,19282841.55
72,0,0,258,34.09,0.01,129.75,160.1,19282841.55
72,0,0,258,34.09,0.01,129.75,160.1,19282841.55
72,0,0,258,34.09,0.01,129.75,160.1,19282841.55
72,0,0,258,34.09,0.01,129.75,160.1,19282841.55
72,0,0,258,34.09,0.01,129.75,160.1,19282841.55
72,0,0,258,34.09,0.01,129.75,160.1,19282841.55
72,0,0,258,34.09,0.01,129.75,160.1,19282841.55
72,0,0,258,34.09,0.01,129.75,160.1,19282841.55
72,0,0,258,34.09,0.01,129.75,160.1,19282841.55
72,0,0,258,34.09,0.01,129.75,160.1,19282841.55
72,0,0,258,34.09,0.01,129.75,160.1,19282841.55
72,0,0,258,34.09,0.01,129.75,160.1,19282841.55
80,0,0,8,524.93,0.08,53.65,1124.93,19159107.23
80,0,0,16,158.77,0.05,54.33,758.77,17822104.47
80,0,0,24,47.5,0.04,57.66,603.72,16374825.76
80,0,0,32,47.5,0.03,61.21,512.58,15792475.79
80,0,0,40,47.5,0.03,65.28,455.45,15637351.29
80,0,0,48,40.62,0.03,70.87,423.78,16608848.79
80,0,0,56,40.62,0.02,73.29,383.4,16500527.25
80,0,0,64,40.62,0.02,76.04,353.58,16498058.39
80,0,0,72,40.62,0.02,78.2,327.24,16476007.36
80,0,0,80,40.62,0.02,80.16,304.91,16324529.46
80,0,0,88,40.62,0.02,82.91,289.1,16256834.89
80,0,0,96,40.62,0.02,84.71,272.64,16448529.05
80,0,0,104,40.62,0.02,87.8,262.4,16633483.01
80,0,0,112,40.62,0.02,88.6,247.12,16575960.49
80,0,0,128,40.62,0.01,92.95,228.74,16656545.92
80,0,0,144,34.09,0.01,103.39,227.65,17701013.33
80,0,0,160,34.09,0.01,100.47,200.14,17653058.58
80,0,0,176,34.09,0.01,106.73,194.11,17906258.57
80,0,0,192,34.09,0.01,107.51,179.89,17826753.59
80,0,0,208,34.09,0.01,113.2,175.37,18088673.39
80,0,0,224,28.41,0.01,116.89,168.61,19099632.44
80,0,0,240,28.41,0.01,121.93,164.52,19463188.48
80,0,0,256,28.15,0.01,127.39,161.47,19692353.75
80,0,0,262,28.15,0.01,130.43,160.46,19852947.4
80,0,0,262,28.15,0.01,130.43,160.46,19852947.4
80,0,0,262,28.15,0.01,130.43,160.46,19852947.4
80,0,0,262,28.15,0.01,130.43,160.46,19852947.4
80,0,0,262,28.15,0.01,130.43,160.46,19852947.4
80,0,0,262,28.15,0.01,130.43,160.46,19852947.4
80,0,0,262,28.15,0.01,130.43,160.46,19852947.4
80,0,0,262,28.15,0.01,130.43,160.46,19852947.4
80,0,0,262,28.15,0.01,130.43,160.46,19852947.4
80,0,0,262,28.15,0.01,130.43,160.46,19852947.4
80,0,0,262,28.15,0.01,130.43,160.46,19852947.4
80,0,0,262,28.15,0.01,130.43,160.46,19852947.4
80,0,0,262,28.15,0.01,130.43,160.46,19852947.4
80,0,0,262,28.15,0.01,130.43,160.46,19852947.4
80,0,0,262,28.15,0.01,130.43,160.46,19852947.4
80,0,0,262,28.15,0.01,130.43,160.46,19852947.4
80,0,0,262,28.15,0.01,130.43,160.46,19852947.4
80,0,0,262,28.15,0.01,130.43,160.46,19852947.4
80,0,0,262,28.15,0.01,130.43,160.46,19852947.4
80,0,0,262,28.15,0.01,130.43,160.46,19852947.4
80,0,0,262,28.15,0.01,130.43,160.46,19852947.4
80,0,0,262,28.15,0.01,130.43,160.46,19852947.4
80,0,0,262,28.15,0.01,130.43,160.46,19852947.4
80,0,0,262,28.15,0.01,130.43,160.46,19852947.4
80,0,0,262,28.15,0.01,130.43,160.46,19852947.4
80,0,0,262,28.15,0.01,130.43,160.46,19852947.4
80,0,0,262,28.15,0.01,130.43,160.46,19852947.4
80,0,0,262,28.15,0.01,130.43,160.46,19852947.4
80,0,0,262,28.15,0.01,130.43,160.46,19852947.4
80,0,0,262,28.15,0.01,130.43,160.46,19852947.4
80,0,0,262,28.15,0.01,130.43,160.46,19852947.4
80,0,0,262,28.15,0.01,130.43,160.46,19852947.4
80,0,0,262,28.15,0.01,130.43,160.46,19852947.4
88,0,0,8,363.74,0.07,48.25,963.74,18362375.97
88,0,0,16,103.07,0.05,52.01,703.07,17497878.57
88,0,0,24,40.62,0.04,59.08,603.59,17217597.17
88,0,0,32,40.62,0.04,66.32,544.5,17298722.31
88,0,0,40,40.62,0.03,66.95,459.44,16840021.06
88,0,0,48,40.62,0.03,73.73,434.7,16844147.81
88,0,0,56,40.62,0.03,80.43,415.57,16997044.3
88,0,0,64,40.62,0.02,75.79,348.55,16611099.66
88,0,0,72,34.09,0.02,83.77,347.06,18244016.64
88,0,0,80,34.09,0.02,89.25,336.45,18221976.78
88,0,0,88,34.09,0.02,93.89,324.7,18416110.03
88,0,0,96,34.09,0.02,99.2,316.85,18513240.4
88,0,0,104,34.09,0.02,104.54,310.22,18577212.2
88,0,0,112,34.09,0.02,109.96,304.66,18875659.3
88,0,0,128,28.41,0.02,109.04,266.77,21790072.2
88,0,0,144,28.41,0.02,128.18,280.76,22867099.0
88,0,0,160,28.41,0.02,118.57,235.08,21902401.22
88,0,0,176,28.41,0.01,125.92,228.03,21935980.17
88,0,0,192,28.41,0.01,133.01,221.67,22051403.11
88,0,0,208,28.41,0.01,141.66,218.66,22323036.24
88,0,0,212,28.41,0.01,145.56,216.68,22311030.69
88,0,0,212,28.41,0.01,145.56,216.68,22311030.69
88,0,0,212,28.41,0.01,145.56,216.68,22311030.69
88,0,0,212,28.41,0.01,145.56,216.68,22311030.69
88,0,0,212,28.41,0.01,145.56,216.68,22311030.69
88,0,0,212,28.41,0.01,145.56,216.68,22311030.69
88,0,0,212,28.41,0.01,145.56,216.68,22311030.69
88,0,0,212,28.41,0.01,145.56,216.68,22311030.69
88,0,0,212,28.41,0.01,145.56,216.68,22311030.69
88,0,0,212,28.41,0.01,145.56,216.68,22311030.69
88,0,0,212,28.41,0.01,145.56,216.68,22311030.69
88,0,0,212,28.41,0.01,145.56,216.68,22311030.69
88,0,0,212,28.41,0.01,145.56,216.68,22311030.69
88,0,0,212,28.41,0.01,145.56,216.68,22311030.69
88,0,0,212,28.41,0.01,145.56,216.68,22311030.69
88,0,0,212,28.41,0.01,145.56,216.68,22311030.69
88,0,0,212,28.41,0.01,145.56,216.68,22311030.69
88,0,0,212,28.41,0.01,145.56,216.68,22311030.69
88,0,0,212,28.41,0.01,145.56,216.68,22311030.69
88,0,0,212,28.41,0.01,145.56,216.68,22311030.69
88,0,0,212,28.41,0.01,145.56,216.68,22311030.69
88,0,0,212,28.41,0.01,145.56,216.68,22311030.69
88,0,0,212,28.41,0.01,145.56,216.68,22311030.69
88,0,0,212,28.41,0.01,145.56,216.68,22311030.69
88,0,0,212,28.41,0.01,145.56,216.68,22311030.69
88,0,0,212,28.41,0.01,145.56,216.68,22311030.69
88,0,0,212,28.41,0.01,145.56,216.68,22311030.69
88,0,0,212,28.41,0.01,145.56,216.68,22311030.69
88,0,0,212,28.41,0.01,145.56,216.68,22311030.69
88,0,0,212,28.41,0.01,145.56,216.68,22311030.69
88,0,0,212,28.41,0.01,145.56,216.68,22311030.69
88,0,0,212,28.41,0.01,145.56,216.68,22311030.69
88,0,0,212,28.41,0.01,145.56,216.68,22311030.69
88,0,0,212,28.41,0.01,145.56,216.68,22311030.69
88,0,0,212,28.41,0.01,145.56,216.68,22311030.69
88,0,0,212,28.41,0.01,145.56,216.68,22311030.69
96,0,0,8,267.74,0.06,45.51,867.74,18144726.68
96,0,0,16,88.87,0.05,52.6,688.87,17012177.3
96,0,0,24,48.95,0.04,55.83,556.84,16395699.67
96,0,0,32,42.07,0.03,61.25,493.26,16846155.02
96,0,0,40,42.07,0.03,67.21,453.82,16785506.38
96,0,0,48,42.07,0.03,73.34,426.39,16950199.93
96,0,0,56,42.07,0.03,80.43,410.53,17133204.47
96,0,0,64,35.55,0.02,79.9,363.46,18229889.4
96,0,0,72,35.55,0.02,84.14,345.22,18259998.29
96,0,0,80,35.55,0.02,89.34,333.81,18321722.22
96,0,0,88,35.55,0.02,93.86,321.93,18372949.29
96,0,0,96,35.55,0.02,99.3,314.78,18519453.93
96,0,0,104,35.55,0.02,104.79,308.78,18702519.22
96,0,0,112,35.55,0.02,110.42,303.94,18955454.64
96,0,0,128,28.41,0.02,107.95,262.59,21811258.8
96,0,0,144,28.41,0.02,112.48,245.08,21937047.94
96,0,0,160,28.41,0.01,118.11,233.06,21957223.73
96,0,0,176,28.41,0.01,125.85,226.94,22014916.29
96,0,0,192,28.41,0.01,132.82,220.48,22120215.19
96,0,0,206,28.41,0.01,141.83,218.12,22340004.7
96,0,0,206,28.41,0.01,141.83,218.12,22340004.7
96,0,0,206,28.41,0.01,141.83,218.12,22340004.7
96,0,0,206,28.41,0.01,141.83,218.12,22340004.7
96,0,0,206,28.41,0.01,141.83,218.12,22340004.7
96,0,0,206,28.41,0.01,141.83,218.12,22340004.7
96,0,0,206,28.41,0.01,141.83,218.12,22340004.7
96,0,0,206,28.41,0.01,141.83,218.12,22340004.7
96,0,0,206,28.41,0.01,141.83,218.12,22340004.7
96,0,0,206,28.41,0.01,141.83,218.12,22340004.7
96,0,0,206,28.41,0.01,141.83,218.12,22340004.7
96,0,0,206,28.41,0.01,141.83,218.12,22340004.7
96,0,0,206,28.41,0.01,141.83,218.12,22340004.7
96,0,0,206,28.41,0.01,141.83,218.12,22340004.7
96,0,0,206,28.41,0.01,141.83,218.12,22340004.7
96,0,0,206,28.41,0.01,141.83,218.12,22340004.7
96,0,0,206,28.41,0.01,141.83,218.12,22340004.7
96,0,0,206,28.41,0.01,141.83,218.12,22340004.7
96,0,0,206,28.41,0.01,141.83,218.12,22340004.7
96,0,0,206,28.41,0.01,141.83,218.12,22340004.7
96,0,0,206,28.41,0.01,141.83,218.12,22340004.7
96,0,0,206,28.41,0.01,141.83,218.12,22340004.7
96,0,0,206,28.41,0.01,141.83,218.12,22340004.7
96,0,0,206,28.41,0.01,141.83,218.12,22340004.7
96,0,0,206,28.41,0.01,141.83,218.12,22340004.7
96,0,0,206,28.41,0.01,141.83,218.12,22340004.7
96,0,0,206,28.41,0.01,141.83,218.12,22340004.7
96,0,0,206,28.41,0.01,141.83,218.12,22340004.7
96,0,0,206,28.41,0.01,141.83,218.12,22340004.7
96,0,0,206,28.41,0.01,141.83,218.12,22340004.7
96,0,0,206,28.41,0.01,141.83,218.12,22340004.7
96,0,0,206,28.41,0.01,141.83,218.12,22340004.7
96,0,0,206,28.41,0.01,141.83,218.12,22340004.7
96,0,0,206,28.41,0.01,141.83,218.12,22340004.7
96,0,0,206,28.41,0.01,141.83,218.12,22340004.7
96,0,0,206,28.41,0.01,141.83,218.12,22340004.7
96,0,0,206,28.41,0.01,141.83,218.12,22340004.7
104,0,0,8,188.14,0.05,43.21,788.14,17957652.0
104,0,0,16,48.95,0.04,47.73,606.24,16497452.32
104,0,0,24,48.95,0.04,55.5,540.68,16513195.82
104,0,0,32,42.07,0.03,60.32,476.66,16902256.84
104,0,0,40,42.07,0.03,66.63,442.79,16874037.42
104,0,0,48,42.07,0.03,73.4,420.94,17042312.21
104,0,0,56,42.07,0.02,70.88,357.44,16644474.17
104,0,0,64,34.09,0.02,79.04,355.71,18285491.37
104,0,0,72,34.09,0.02,83.82,340.57,18354368.43
104,0,0,80,34.09,0.02,88.99,329.55,18411612.57
104,0,0,88,34.09,0.02,94.11,320.18,18485047.05
104,0,0,96,34.09,0.02,99.42,312.79,18639761.68
104,0,0,104,34.09,0.02,104.9,306.94,18834578.83
104,0,0,112,34.09,0.02,110.78,302.96,19081936.83
104,0,0,128,28.41,0.02,107.55,260.09,21879259.9
104,0,0,144,28.41,0.02,112.07,242.94,21998476.43
104,0,0,160,28.41,0.01,118.13,232.03,21881814.79
104,0,0,176,28.41,0.01,125.48,225.3,22094131.97
104,0,0,192,28.41,0.01,133.02,219.94,22112458.45
104,0,0,203,28.41,0.01,142.47,218.32,22350949.25
104,0,0,203,28.41,0.01,142.47,218.32,22350949.25
104,0,0,203,28.41,0.01,142.47,218.32,22350949.25
104,0,0,203,28.41,0.01,142.47,218.32,22350949.25
104,0,0,203,28.41,0.01,142.47,218.32,22350949.25
104,0,0,203,28.41,0.01,142.47,218.32,22350949.25
104,0,0,203,28.41,0.01,142.47,218.32,22350949.25
104,0,0,203,28.41,0.01,142.47,218.32,22350949.25
104,0,0,203,28.41,0.01,142.47,218.32,22350949.25
104,0,0,203,28.41,0.01,142.47,218.32,22350949.25
104,0,0,203,28.41,0.01,142.47,218.32,22350949.25
104,0,0,203,28.41,0.01,142.47,218.32,22350949.25
104,0,0,203,28.41,0.01,142.47,218.32,22350949.25
104,0,0,203,28.41,0.01,142.47,218.32,22350949.25
104,0,0,203,28.41,0.01,142.47,218.32,22350949.25
104,0,0,203,28.41,0.01,142.47,218.32,22350949.25
104,0,0,203,28.41,0.01,142.47,218.32,22350949.25
104,0,0,203,28.41,0.01,142.47,218.32,22350949.25
104,0,0,203,28.41,0.01,142.47,218.32,22350949.25
104,0,0,203,28.41,0.01,142.47,218.32,22350949.25
104,0,0,203,28.41,0.01,142.47,218.32,22350949.25
104,0,0,203,28.41,0.01,142.47,218.32,22350949.25
104,0,0,203,28.41,0.01,142.47,218.32,22350949.25
104,0,0,203,28.41,0.01,142.47,218.32,22350949.25
104,0,0,203,28.41,0.01,142.47,218.32,22350949.25
104,0,0,203,28.41,0.01,142.47,218.32,22350949.25
104,0,0,203,28.41,0.01,142.47,218.32,22350949.25
104,0,0,203,28.41,0.01,142.47,218.32,22350949.25
104,0,0,203,28.41,0.01,142.47,218.32,22350949.25
104,0,0,203,28.41,0.01,142.47,218.32,22350949.25
104,0,0,203,28.41,0.01,142.47,218.32,22350949.25
104,0,0,203,28.41,0.01,142.47,218.32,22350949.25
104,0,0,203,28.41,0.01,142.47,218.32,22350949.25
104,0,0,203,28.41,0.01,142.47,218.32,22350949.25
104,0,0,203,28.41,0.01,142.47,218.32,22350949.25
104,0,0,203,28.41,0.01,142.47,218.32,22350949.25
104,0,0,203,28.41,0.01,142.47,218.32,22350949.25
112,0,0,8,161.43,0.05,43.55,761.43,18144562.4
112,0,0,16,47.01,0.04,50.81,626.47,17321176.79
112,0,0,24,40.13,0.04,57.47,547.23,17444827.26
112,0,0,32,40.13,0.03,63.54,492.82,17290682.24
112,0,0,40,40.13,0.03,66.81,437.13,16971493.82
112,0,0,48,40.13,0.03,73.78,417.42,17114120.14
112,0,0,56,33.61,0.02,75.26,375.03,18314528.09
112,0,0,64,33.61,0.02,78.32,348.75,18349072.82
112,0,0,72,33.61,0.02,83.89,337.61,18316712.02
112,0,0,80,33.61,0.02,89.2,327.45,18390938.16
112,0,0,88,33.61,0.02,94.15,317.74,18600554.82
112,0,0,96,33.61,0.02,99.61,311.07,18663319.76
112,0,0,104,33.61,0.02,105.08,305.36,18957693.81
112,0,0,112,33.61,0.02,94.03,255.5,19421421.66
112,0,0,128,27.93,0.02,106.86,256.95,21928029.11
112,0,0,144,27.93,0.02,111.83,241.17,21816175.1
112,0,0,160,27.93,0.01,117.97,230.63,21955327.91
112,0,0,176,27.93,0.01,125.93,225.14,21964315.45
112,0,0,192,27.93,0.01,133.78,220.34,22216311.92
112,0,0,204,27.93,0.01,142.07,216.91,22365731.64
112,0,0,204,27.93,0.01,142.07,216.91,22365731.64
112,0,0,204,27.93,0.01,142.07,216.91,22365731.64
112,0,0,204,27.93,0.01,142.07,216.91,22365731.64
112,0,0,204,27.93,0.01,142.07,216.91,22365731.64
112,0,0,204,27.93,0.01,142.07,216.91,22365731.64
112,0,0,204,27.93,0.01,142.07,216.91,22365731.64
112,0,0,204,27.93,0.01,142.07,216.91,22365731.64
112,0,0,204,27.93,0.01,142.07,216.91,22365731.64
112,0,0,204,27.93,0.01,142.07,216.91,22365731.64
112,0,0,204,27.93,0.01,142.07,216.91,22365731.64
112,0,0,204,27.93,0.01,142.07,216.91,22365731.64
112,0,0,204,27.93,0.01,142.07,216.91,22365731.64
112,0,0,204,27.93,0.01,142.07,216.91,22365731.64
112,0,0,204,27.93,0.01,142.07,216.91,22365731.64
112,0,0,204,27.93,0.01,142.07,216.91,22365731.64
112,0,0,204,27.93,0.01,142.07,216.91,22365731.64
112,0,0,204,27.93,0.01,142.07,216.91,22365731.64
112,0,0,204,27.93,0.01,142.07,216.91,22365731.64
112,0,0,204,27.93,0.01,142.07,216.91,22365731.64
112,0,0,204,27.93,0.01,142.07,216.91,22365731.64
112,0,0,204,27.93,0.01,142.07,216.91,22365731.64
112,0,0,204,27.93,0.01,142.07,216.91,22365731.64
112,0,0,204,27.93,0.01,142.07,216.91,22365731.64
112,0,0,204,27.93,0.01,142.07,216.91,22365731.64
112,0,0,204,27.93,0.01,142.07,216.91,22365731.64
112,0,0,204,27.93,0.01,142.07,216.91,22365731.64
112,0,0,204,27.93,0.01,142.07,216.91,22365731.64
112,0,0,204,27.93,0.01,142.07,216.91,22365731.64
112,0,0,204,27.93,0.01,142.07,216.91,22365731.64
112,0,0,204,27.93,0.01,142.07,216.91,22365731.64
112,0,0,204,27.93,0.01,142.07,216.91,22365731.64
112,0,0,204,27.93,0.01,142.07,216.91,22365731.64
112,0,0,204,27.93,0.01,142.07,216.91,22365731.64
112,0,0,204,27.93,0.01,142.07,216.91,22365731.64
112,0,0,204,27.93,0.01,142.07,216.91,22365731.64
112,0,0,204,27.93,0.01,142.07,216.91,22365731.64
128,0,0,8,87.69,0.05,42.61,687.69,18294359.84
128,0,0,16,36.27,0.04,48.88,569.28,17647840.18
128,0,0,24,36.27,0.03,54.42,495.69,17116512.81
128,0,0,32,36.27,0.03,57.82,432.51,16718306.0
128,0,0,40,36.27,0.03,60.66,384.88,16549682.28
128,0,0,48,36.27,0.02,65.79,362.46,16567997.25
128,0,0,56,36.27,0.02,71.44,347.79,16760715.05
128,0,0,64,36.27,0.02,70.68,308.18,16762806.1
128,0,0,72,36.27,0.02,75.14,296.71,16814395.96
128,0,0,80,36.27,0.02,79.6,287.2,16963081.73
128,0,0,88,36.27,0.02,84.54,280.79,17132961.0
128,0,0,96,36.27,0.02,89.41,275.13,17306761.08
128,0,0,104,29.75,0.02,84.02,240.82,17907228.52
128,0,0,112,29.75,0.01,87.34,234.28,18127370.91
128,0,0,128,29.75,0.01,94.01,223.51,18273585.86
128,0,0,144,29.75,0.01,101.58,216.85,18496589.42
128,0,0,155,29.75,0.01,110.05,213.16,18740347.01
128,0,0,155,29.75,0.01,110.05,213.16,18740347.01
128,0,0,155,29.75,0.01,110.05,213.16,18740347.01
128,0,0,155,29.75,0.01,110.05,213.16,18740347.01
128,0,0,155,29.75,0.01,110.05,213.16,18740347.01
128,0,0,155,29.75,0.01,110.05,213.16,18740347.01
128,0,0,155,29.75,0.01,110.05,213.16,18740347.01
128,0,0,155,29.75,0.01,110.05,213.16,18740347.01
128,0,0,155,29.75,0.01,110.05,213.16,18740347.01
128,0,0,155,29.75,0.01,110.05,213.16,18740347.01
128,0,0,155,29.75,0.01,110.05,213.16,18740347.01
128,0,0,155,29.75,0.01,110.05,213.16,18740347.01
128,0,0,155,29.75,0.01,110.05,213.16,18740347.01
128,0,0,155,29.75,0.01,110.05,213.16,18740347.01
128,0,0,155,29.75,0.01,110.05,213.16,18740347.01
128,0,0,155,29.75,0.01,110.05,213.16,18740347.01
128,0,0,155,29.75,0.01,110.05,213.16,18740347.01
128,0,0,155,29.75,0.01,110.05,213.16,18740347.01
128,0,0,155,29.75,0.01,110.05,213.16,18740347.01
128,0,0,155,29.75,0.01,110.05,213.16,18740347.01
128,0,0,155,29.75,0.01,110.05,213.16,18740347.01
128,0,0,155,29.75,0.01,110.05,213.16,18740347.01
128,0,0,155,29.75,0.01,110.05,213.16,18740347.01
128,0,0,155,29.75,0.01,110.05,213.16,18740347.01
128,0,0,155,29.75,0.01,110.05,213.16,18740347.01
128,0,0,155,29.75,0.01,110.05,213.16,18740347.01
128,0,0,155,29.75,0.01,110.05,213.16,18740347.01
128,0,0,155,29.75,0.01,110.05,213.16,18740347.01
128,0,0,155,29.75,0.01,110.05,213.16,18740347.01
128,0,0,155,29.75,0.01,110.05,213.16,18740347.01
128,0,0,155,29.75,0.01,110.05,213.16,18740347.01
128,0,0,155,29.75,0.01,110.05,213.16,18740347.01
128,0,0,155,29.75,0.01,110.05,213.16,18740347.01
128,0,0,155,29.75,0.01,110.05,213.16,18740347.01
128,0,0,155,29.75,0.01,110.05,213.16,18740347.01
128,0,0,155,29.75,0.01,110.05,213.16,18740347.01
128,0,0,155,29.75,0.01,110.05,213.16,18740347.01
128,0,0,155,29.75,0.01,110.05,213.16,18740347.01
128,0,0,155,29.75,0.01,110.05,213.16,18740347.01
128,0,0,155,29.75,0.01,110.05,213.16,18740347.01
144,0,0,8,36.27,0.04,40.97,614.15,18259913.58
144,0,0,16,43.15,0.03,44.98,496.33,16706498.03
144,0,0,24,43.15,0.03,50.43,440.31,16431722.77
144,0,0,32,43.15,0.03,54.2,391.46,16016659.5
144,0,0,40,43.15,0.02,56.68,349.13,15586203.16
144,0,0,48,43.15,0.02,60.44,324.49,15534153.91
144,0,0,56,36.27,0.02,62.89,299.24,15545894.54
144,0,0,64,36.27,0.02,65.68,280.58,15470357.22
144,0,0,72,36.27,0.02,68.11,263.99,15513310.36
144,0,0,80,36.27,0.02,71.15,252.38,15739909.7
144,0,0,88,36.27,0.01,73.99,241.95,16493762.81
144,0,0,96,36.27,0.01,76.13,230.88,16537458.92
144,0,0,104,36.27,0.01,79.28,224.18,16667238.07
144,0,0,112,36.27,0.01,79.97,211.82,16626301.29
144,0,0,128,29.75,0.01,84.51,198.68,17081540.87
144,0,0,144,29.75,0.01,89.22,188.56,17324702.88
144,0,0,160,29.75,0.01,92.09,176.74,17668676.51
144,0,0,176,29.75,0.01,96.44,169.53,17838322.76
144,0,0,189,29.75,0.01,102.14,165.63,17957779.39
144,0,0,208,24.07,0.01,104.85,157.79,19020540.32
144,0,0,217,24.07,0.01,110.43,155.03,19179414.85
144,0,0,217,24.07,0.01,110.43,155.03,19179414.85
144,0,0,217,24.07,0.01,110.43,155.03,19179414.85
144,0,0,217,24.07,0.01,110.43,155.03,19179414.85
144,0,0,217,24.07,0.01,110.43,155.03,19179414.85
144,0,0,217,24.07,0.01,110.43,155.03,19179414.85
144,0,0,217,24.07,0.01,110.43,155.03,19179414.85
144,0,0,217,24.07,0.01,110.43,155.03,19179414.85
144,0,0,217,24.07,0.01,110.43,155.03,19179414.85
144,0,0,217,24.07,0.01,110.43,155.03,19179414.85
144,0,0,217,24.07,0.01,110.43,155.03,19179414.85
144,0,0,217,24.07,0.01,110.43,155.03,19179414.85
144,0,0,217,24.07,0.01,110.43,155.03,19179414.85
144,0,0,217,24.07,0.01,110.43,155.03,19179414.85
144,0,0,217,24.07,0.01,110.43,155.03,19179414.85
144,0,0,217,24.07,0.01,110.43,155.03,19179414.85
144,0,0,217,24.07,0.01,110.43,155.03,19179414.85
144,0,0,217,24.07,0.01,110.43,155.03,19179414.85
144,0,0,217,24.07,0.01,110.43,155.03,19179414.85
144,0,0,217,24.07,0.01,110.43,155.03,19179414.85
144,0,0,217,24.07,0.01,110.43,155.03,19179414.85
144,0,0,217,24.07,0.01,110.43,155.03,19179414.85
144,0,0,217,24.07,0.01,110.43,155.03,19179414.85
144,0,0,217,24.07,0.01,110.43,155.03,19179414.85
144,0,0,217,24.07,0.01,110.43,155.03,19179414.85
144,0,0,217,24.07,0.01,110.43,155.03,19179414.85
144,0,0,217,24.07,0.01,110.43,155.03,19179414.85
144,0,0,217,24.07,0.01,110.43,155.03,19179414.85
144,0,0,217,24.07,0.01,110.43,155.03,19179414.85
144,0,0,217,24.07,0.01,110.43,155.03,19179414.85
144,0,0,217,24.07,0.01,110.43,155.03,19179414.85
144,0,0,217,24.07,0.01,110.43,155.03,19179414.85
144,0,0,217,24.07,0.01,110.43,155.03,19179414.85
144,0,0,217,24.07,0.01,110.43,155.03,19179414.85
144,0,0,217,24.07,0.01,110.43,155.03,19179414.85
144,0,0,217,24.07,0.01,110.43,155.03,19179414.85
160,0,0,8,36.27,0.04,41.75,584.22,19140467.71
160,0,0,16,43.15,0.03,45.49,476.92,17524652.28
160,0,0,24,43.15,0.03,50.81,425.92,17205544.01
160,0,0,32,43.15,0.02,53.84,375.95,16600162.5
160,0,0,40,43.15,0.02,57.05,341.37,16251651.96
160,0,0,48,43.15,0.02,60.6,317.25,16169452.99
160,0,0,56,36.27,0.02,62.83,292.34,16078544.57
160,0,0,64,36.27,0.02,65.93,276.03,16193890.26
160,0,0,72,36.27,0.02,69.93,266.14,17046153.0
160,0,0,80,36.27,0.02,72.19,251.84,16996964.85
160,0,0,88,36.27,0.01,74.65,240.35,16903264.33
160,0,0,96,36.27,0.01,76.17,227.72,16780394.6
160,0,0,104,36.27,0.01,78.06,217.81,16640371.84
160,0,0,112,36.27,0.01,80.49,210.53,17009258.0
160,0,0,128,36.27,0.01,84.92,197.43,17059181.35
160,0,0,144,36.27,0.01,88.52,185.2,17025141.87
160,0,0,160,36.27,0.01,90.75,172.61,17162241.82
160,0,0,176,36.27,0.01,92.95,162.05,17111595.99
160,0,0,187,36.27,0.01,98.99,159.3,17344740.73
160,0,0,187,36.27,0.01,98.99,159.3,17344740.73
160,0,0,187,36.27,0.01,98.99,159.3,17344740.73
160,0,0,187,36.27,0.01,98.99,159.3,17344740.73
160,0,0,187,36.27,0.01,98.99,159.3,17344740.73
160,0,0,187,36.27,0.01,98.99,159.3,17344740.73
160,0,0,187,36.27,0.01,98.99,159.3,17344740.73
160,0,0,187,36.27,0.01,98.99,159.3,17344740.73
160,0,0,187,36.27,0.01,98.99,159.3,17344740.73
160,0,0,187,36.27,0.01,98.99,159.3,17344740.73
160,0,0,187,36.27,0.01,98.99,159.3,17344740.73
160,0,0,187,36.27,0.01,98.99,159.3,17344740.73
160,0,0,187,36.27,0.01,98.99,159.3,17344740.73
160,0,0,187,36.27,0.01,98.99,159.3,17344740.73
160,0,0,187,36.27,0.01,98.99,159.3,17344740.73
160,0,0,187,36.27,0.01,98.99,159.3,17344740.73
160,0,0,187,36.27,0.01,98.99,159.3,17344740.73
160,0,0,187,36.27,0.01,98.99,159.3,17344740.73
160,0,0,187,36.27,0.01,98.99,159.3,17344740.73
160,0,0,187,36.27,0.01,98.99,159.3,17344740.73
160,0,0,187,36.27,0.01,98.99,159.3,17344740.73
160,0,0,187,36.27,0.01,98.99,159.3,17344740.73
160,0,0,187,36.27,0.01,98.99,159.3,17344740.73
160,0,0,187,36.27,0.01,98.99,159.3,17344740.73
160,0,0,187,36.27,0.01,98.99,159.3,17344740.73
160,0,0,187,36.27,0.01,98.99,159.3,17344740.73
160,0,0,187,36.27,0.01,98.99,159.3,17344740.73
160,0,0,187,36.27,0.01,98.99,159.3,17344740.73
160,0,0,187,36.27,0.01,98.99,159.3,17344740.73
160,0,0,187,36.27,0.01,98.99,159.3,17344740.73
160,0,0,187,36.27,0.01,98.99,159.3,17344740.73
160,0,0,187,36.27,0.01,98.99,159.3,17344740.73
160,0,0,187,36.27,0.01,98.99,159.3,17344740.73
160,0,0,187,36.27,0.01,98.99,159.3,17344740.73
160,0,0,187,36.27,0.01,98.99,159.3,17344740.73
160,0,0,187,36.27,0.01,98.99,159.3,17344740.73
160,0,0,187,36.27,0.01,98.99,159.3,17344740.73
160,0,0,187,36.27,0.01,98.99,159.3,17344740.73
176,0,0,8,36.27,0.04,42.64,559.38,20103124.75
176,0,0,16,43.15,0.03,51.01,509.42,19435302.22
176,0,0,24,36.27,0.03,53.85,434.11,18616592.43
176,0,0,32,36.27,0.03,60.83,411.17,18572616.21
176,0,0,40,36.27,0.02,60.37,351.27,18235565.6
176,0,0,48,36.27,0.02,65.29,333.48,18165734.44
176,0,0,56,36.27,0.02,70.63,321.52,18185085.46
176,0,0,64,36.27,0.02,76.02,312.08,18331017.43
176,0,0,72,36.27,0.02,81.67,305.3,18467119.22
176,0,0,80,36.27,0.02,87.23,299.33,18485692.87
176,0,0,88,29.75,0.02,79.61,252.45,19322305.35
176,0,0,96,29.75,0.02,82.2,242.32,19401200.25
176,0,0,104,29.75,0.01,85.28,234.84,19347294.27
176,0,0,112,29.75,0.01,88.83,229.49,19340176.97
176,0,0,128,29.75,0.01,96.24,221.29,19453153.4
176,0,0,141,29.75,0.01,104.08,215.62,19663875.27
176,0,0,141,29.75,0.01,104.08,215.62,19663875.27
176,0,0,141,29.75,0.01,104.08,215.62,19663875.27
176,0,0,141,29.75,0.01,104.08,215.62,19663875.27
176,0,0,141,29.75,0.01,104.08,215.62,19663875.27
176,0,0,141,29.75,0.01,104.08,215.62,19663875.27
176,0,0,141,29.75,0.01,104.08,215.62,19663875.27
176,0,0,141,29.75,0.01,104.08,215.62,19663875.27
176,0,0,141,29.75,0.01,104.08,215.62,19663875.27
176,0,0,141,29.75,0.01,104.08,215.62,19663875.27
176,0,0,141,29.75,0.01,104.08,215.62,19663875.27
176,0,0,141,29.75,0.01,104.08,215.62,19663875.27
176,0,0,141,29.75,0.01,104.08,215.62,19663875.27
176,0,0,141,29.75,0.01,104.08,215.62,19663875.27
176,0,0,141,29.75,0.01,104.08,215.62,19663875.27
176,0,0,141,29.75,0.01,104.08,215.62,19663875.27
176,0,0,141,29.75,0.01,104.08,215.62,19663875.27
176,0,0,141,29.75,0.01,104.08,215.62,19663875.27
176,0,0,141,29.75,0.01,104.08,215.62,19663875.27
176,0,0,141,29.75,0.01,104.08,215.62,19663875.27
176,0,0,141,29.75,0.01,104.08,215.62,19663875.27
176,0,0,141,29.75,0.01,104.08,215.62,19663875.27
176,0,0,141,29.75,0.01,104.08,215.62,19663875.27
176,0,0,141,29.75,0.01,104.08,215.62,19663875.27
176,0,0,141,29.75,0.01,104.08,215.62,19663875.27
176,0,0,141,29.75,0.01,104.08,215.62,19663875.27
176,0,0,141,29.75,0.01,104.08,215.62,19663875.27
176,0,0,141,29.75,0.01,104.08,215.62,19663875.27
176,0,0,141,29.75,0.01,104.08,215.62,19663875.27
176,0,0,141,29.75,0.01,104.08,215.62,19663875.27
176,0,0,141,29.75,0.01,104.08,215.62,19663875.27
176,0,0,141,29.75,0.01,104.08,215.62,19663875.27
176,0,0,141,29.75,0.01,104.08,215.62,19663875.27
176,0,0,141,29.75,0.01,104.08,215.62,19663875.27
176,0,0,141,29.75,0.01,104.08,215.62,19663875.27
176,0,0,141,29.75,0.01,104.08,215.62,19663875.27
176,0,0,141,29.75,0.01,104.08,215.62,19663875.27
176,0,0,141,29.75,0.01,104.08,215.62,19663875.27
176,0,0,141,29.75,0.01,104.08,215.62,19663875.27
176,0,0,141,29.75,0.01,104.08,215.62,19663875.27
176,0,0,141,29.75,0.01,104.08,215.62,19663875.27
192,0,0,8,40.91,0.04,44.22,546.02,20169044.57
192,0,0,16,40.91,0.03,52.37,499.3,19929669.99
192,0,0,24,34.03,0.03,54.04,419.55,19036850.41
192,0,0,32,34.03,0.03,60.98,399.33,18997495.19
192,0,0,40,34.03,0.02,59.92,339.28,18579060.15
192,0,0,48,34.03,0.02,65.25,325.4,18465545.63
192,0,0,56,34.03,0.02,70.52,314.2,18569179.48
192,0,0,64,34.03,0.02,75.86,305.45,18581243.25
192,0,0,72,34.03,0.02,81.23,298.34,18743108.29
192,0,0,80,34.03,0.02,86.65,292.55,18889944.19
192,0,0,88,27.51,0.02,78.16,244.19,19567146.23
192,0,0,96,27.51,0.02,80.76,234.77,19400602.83
192,0,0,104,21.83,0.02,89.13,242.25,21920137.85
192,0,0,112,21.83,0.02,91.58,233.74,21773683.93
192,0,0,128,21.83,0.01,97.18,221.04,21744562.53
192,0,0,144,21.83,0.01,104.3,213.95,21789051.55
192,0,0,160,21.83,0.01,111.34,207.99,21815538.33
192,0,0,160,21.83,0.01,111.34,207.99,21815538.33
192,0,0,160,21.83,0.01,111.34,207.99,21815538.33
192,0,0,160,21.83,0.01,111.34,207.99,21815538.33
192,0,0,160,21.83,0.01,111.34,207.99,21815538.33
192,0,0,160,21.83,0.01,111.34,207.99,21815538.33
192,0,0,160,21.83,0.01,111.34,207.99,21815538.33
192,0,0,160,21.83,0.01,111.34,207.99,21815538.33
192,0,0,160,21.83,0.01,111.34,207.99,21815538.33
192,0,0,160,21.83,0.01,111.34,207.99,21815538.33
192,0,0,160,21.83,0.01,111.34,207.99,21815538.33
192,0,0,160,21.83,0.01,111.34,207.99,21815538.33
192,0,0,160,21.83,0.01,111.34,207.99,21815538.33
192,0,0,160,21.83,0.01,111.34,207.99,21815538.33
192,0,0,160,21.83,0.01,111.34,207.99,21815538.33
192,0,0,160,21.83,0.01,111.34,207.99,21815538.33
192,0,0,160,21.83,0.01,111.34,207.99,21815538.33
192,0,0,160,21.83,0.01,111.34,207.99,21815538.33
192,0,0,160,21.83,0.01,111.34,207.99,21815538.33
192,0,0,160,21.83,0.01,111.34,207.99,21815538.33
192,0,0,160,21.83,0.01,111.34,207.99,21815538.33
192,0,0,160,21.83,0.01,111.34,207.99,21815538.33
192,0,0,160,21.83,0.01,111.34,207.99,21815538.33
192,0,0,160,21.83,0.01,111.34,207.99,21815538.33
192,0,0,160,21.83,0.01,111.34,207.99,21815538.33
192,0,0,160,21.83,0.01,111.34,207.99,21815538.33
192,0,0,160,21.83,0.01,111.34,207.99,21815538.33
192,0,0,160,21.83,0.01,111.34,207.99,21815538.33
192,0,0,160,21.83,0.01,111.34,207.99,21815538.33
192,0,0,160,21.83,0.01,111.34,207.99,21815538.33
192,0,0,160,21.83,0.01,111.34,207.99,21815538.33
192,0,0,160,21.83,0.01,111.34,207.99,21815538.33
192,0,0,160,21.83,0.01,111.34,207.99,21815538.33
192,0,0,160,21.83,0.01,111.34,207.99,21815538.33
192,0,0,160,21.83,0.01,111.34,207.99,21815538.33
192,0,0,160,21.83,0.01,111.34,207.99,21815538.33
192,0,0,160,21.83,0.01,111.34,207.99,21815538.33
192,0,0,160,21.83,0.01,111.34,207.99,21815538.33
192,0,0,160,21.83,0.01,111.34,207.99,21815538.33
192,0,0,160,21.83,0.01,111.34,207.99,21815538.33
208,0,0,8,34.03,0.03,42.35,493.96,20284009.14
208,0,0,16,40.91,0.03,46.11,420.58,18986286.99
208,0,0,24,40.91,0.02,49.76,372.62,18201256.58
208,0,0,32,40.91,0.02,53.78,341.5,17906266.44
208,0,0,40,34.03,0.02,56.43,311.11,17611537.12
208,0,0,48,34.03,0.02,59.07,287.75,17446844.09
208,0,0,56,34.03,0.02,61.5,268.34,17215961.15
208,0,0,64,34.03,0.02,63.26,249.92,17044945.59
208,0,0,72,34.03,0.02,67.13,242.34,17666142.65
208,0,0,80,34.03,0.01,69.2,229.96,17610049.0
208,0,0,88,34.03,0.01,71.02,218.63,17549771.87
208,0,0,96,34.03,0.01,72.34,207.41,17376452.05
208,0,0,104,34.03,0.01,74.98,201.2,17501311.63
208,0,0,112,34.03,0.01,84.83,213.91,18200225.49
208,0,0,128,34.03,0.01,79.42,178.72,17430379.43
208,0,0,144,34.03,0.01,82.95,168.51,17477427.8
208,0,0,160,34.03,0.01,85.96,159.17,17484386.53
208,0,0,176,34.03,0.01,89.12,151.6,17611897.97
208,0,0,178,34.03,0.01,92.71,151.54,17658268.13
208,0,0,178,34.03,0.01,92.71,151.54,17658268.13
208,0,0,178,34.03,0.01,92.71,151.54,17658268.13
208,0,0,178,34.03,0.01,92.71,151.54,17658268.13
208,0,0,178,34.03,0.01,92.71,151.54,17658268.13
208,0,0,178,34.03,0.01,92.71,151.54,17658268.13
208,0,0,178,34.03,0.01,92.71,151.54,17658268.13
208,0,0,178,34.03,0.01,92.71,151.54,17658268.13
208,0,0,178,34.03,0.01,92.71,151.54,17658268.13
208,0,0,178,34.03,0.01,92.71,151.54,17658268.13
208,0,0,178,34.03,0.01,92.71,151.54,17658268.13
208,0,0,178,34.03,0.01,92.71,151.54,17658268.13
208,0,0,178,34.03,0.01,92.71,151.54,17658268.13
208,0,0,178,34.03,0.01,92.71,151.54,17658268.13
208,0,0,178,34.03,0.01,92.71,151.54,17658268.13
208,0,0,178,34.03,0.01,92.71,151.54,17658268.13
208,0,0,178,34.03,0.01,92.71,151.54,17658268.13
208,0,0,178,34.03,0.01,92.71,151.54,17658268.13
208,0,0,178,34.03,0.01,92.71,151.54,17658268.13
208,0,0,178,34.03,0.01,92.71,151.54,17658268.13
208,0,0,178,34.03,0.01,92.71,151.54,17658268.13
208,0,0,178,34.03,0.01,92.71,151.54,17658268.13
208,0,0,178,34.03,0.01,92.71,151.54,17658268.13
208,0,0,178,34.03,0.01,92.71,151.54,17658268.13
208,0,0,178,34.03,0.01,92.71,151.54,17658268.13
208,0,0,178,34.03,0.01,92.71,151.54,17658268.13
208,0,0,178,34.03,0.01,92.71,151.54,17658268.13
208,0,0,178,34.03,0.01,92.71,151.54,17658268.13
208,0,0,178,34.03,0.01,92.71,151.54,17658268.13
208,0,0,178,34.03,0.01,92.71,151.54,17658268.13
208,0,0,178,34.03,0.01,92.71,151.54,17658268.13
208,0,0,178,34.03,0.01,92.71,151.54,17658268.13
208,0,0,178,34.03,0.01,92.71,151.54,17658268.13
208,0,0,178,34.03,0.01,92.71,151.54,17658268.13
208,0,0,178,34.03,0.01,92.71,151.54,17658268.13
208,0,0,178,34.03,0.01,92.71,151.54,17658268.13
208,0,0,178,34.03,0.01,92.71,151.54,17658268.13
208,0,0,178,34.03,0.01,92.71,151.54,17658268.13
224,0,0,8,34.03,0.03,42.53,470.03,20905192.01
224,0,0,16,40.91,0.03,46.44,405.92,19490517.84
224,0,0,24,40.91,0.02,50.02,361.65,18843496.23
224,0,0,32,40.91,0.02,53.37,329.01,18349549.84
224,0,0,40,34.03,0.02,57.71,310.03,18298298.86
224,0,0,48,34.03,0.02,61.04,290.59,18647056.94
224,0,0,56,34.03,0.02,63.28,270.47,18478734.94
224,0,0,64,34.03,0.02,65.13,252.57,18223719.53
224,0,0,72,34.03,0.01,67.04,237.91,18055182.83
224,0,0,80,34.03,0.01,70.05,229.14,18138775.32
224,0,0,88,34.03,0.01,73.63,223.38,18164050.26
224,0,0,96,34.03,0.01,74.53,210.82,18155211.79
224,0,0,104,34.03,0.01,75.33,199.59,17916834.65
224,0,0,112,27.51,0.01,78.76,196.25,18482862.06
224,0,0,128,27.51,0.01,80.97,180.27,18218062.42
224,0,0,144,27.51,0.01,86.07,173.19,18477928.3
224,0,0,160,27.51,0.01,87.91,161.36,18617874.26
224,0,0,171,27.51,0.01,93.48,157.73,18737586.76
224,0,0,171,27.51,0.01,93.48,157.73,18737586.76
224,0,0,171,27.51,0.01,93.48,157.73,18737586.76
224,0,0,171,27.51,0.01,93.48,157.73,18737586.76
224,0,0,171,27.51,0.01,93.48,157.73,18737586.76
224,0,0,171,27.51,0.01,93.48,157.73,18737586.76
224,0,0,171,27.51,0.01,93.48,157.73,18737586.76
224,0,0,171,27.51,0.01,93.48,157.73,18737586.76
224,0,0,171,27.51,0.01,93.48,157.73,18737586.76
224,0,0,171,27.51,0.01,93.48,157.73,18737586.76
224,0,0,171,27.51,0.01,93.48,157.73,18737586.76
224,0,0,171,27.51,0.01,93.48,157.73,18737586.76
224,0,0,171,27.51,0.01,93.48,157.73,18737586.76
224,0,0,171,27.51,0.01,93.48,157.73,18737586.76
224,0,0,171,27.51,0.01,93.48,157.73,18737586.76
224,0,0,171,27.51,0.01,93.48,157.73,18737586.76
224,0,0,171,27.51,0.01,93.48,157.73,18737586.76
224,0,0,171,27.51,0.01,93.48,157.73,18737586.76
224,0,0,171,27.51,0.01,93.48,157.73,18737586.76
224,0,0,171,27.51,0.01,93.48,157.73,18737586.76
224,0,0,171,27.51,0.01,93.48,157.73,18737586.76
224,0,0,171,27.51,0.01,93.48,157.73,18737586.76
224,0,0,171,27.51,0.01,93.48,157.73,18737586.76
224,0,0,171,27.51,0.01,93.48,157.73,18737586.76
224,0,0,171,27.51,0.01,93.48,157.73,18737586.76
224,0,0,171,27.51,0.01,93.48,157.73,18737586.76
224,0,0,171,27.51,0.01,93.48,157.73,18737586.76
224,0,0,171,27.51,0.01,93.48,157.73,18737586.76
224,0,0,171,27.51,0.01,93.48,157.73,18737586.76
224,0,0,171,27.51,0.01,93.48,157.73,18737586.76
224,0,0,171,27.51,0.01,93.48,157.73,18737586.76
224,0,0,171,27.51,0.01,93.48,157.73,18737586.76
224,0,0,171,27.51,0.01,93.48,157.73,18737586.76
224,0,0,171,27.51,0.01,93.48,157.73,18737586.76
224,0,0,171,27.51,0.01,93.48,157.73,18737586.76
224,0,0,171,27.51,0.01,93.48,157.73,18737586.76
224,0,0,171,27.51,0.01,93.48,157.73,18737586.76
224,0,0,171,27.51,0.01,93.48,157.73,18737586.76
224,0,0,171,27.51,0.01,93.48,157.73,18737586.76
240,0,0,8,40.21,0.03,42.43,445.49,20472769.01
240,0,0,16,40.21,0.03,47.28,396.79,19736732.06
240,0,0,24,40.21,0.02,51.44,359.56,19132755.87
240,0,0,32,40.21,0.02,53.88,322.68,18553531.14
240,0,0,40,33.33,0.02,58.04,304.07,18953264.51
240,0,0,48,33.33,0.02,61.58,286.67,18894898.57
240,0,0,56,33.33,0.02,62.53,261.96,18275428.58
240,0,0,64,33.07,0.02,65.75,250.38,18341658.29
240,0,0,72,33.07,0.01,67.94,237.11,18302073.52
240,0,0,80,33.07,0.01,71.81,231.31,18461509.12
240,0,0,88,33.07,0.01,73.07,218.54,18251916.12
240,0,0,96,33.07,0.01,77.04,215.04,18528344.55
240,0,0,104,26.55,0.01,78.7,205.92,18766307.6
240,0,0,112,26.55,0.01,82.07,202.1,18900087.17
240,0,0,128,26.43,0.01,86.26,190.04,18909199.67
240,0,0,144,26.43,0.01,88.17,175.74,18799295.19
240,0,0,160,26.43,0.01,111.65,203.17,20435485.79
240,0,0,175,26.43,0.01,96.05,160.78,19230118.3
240,0,0,175,26.43,0.01,96.05,160.78,19230118.3
240,0,0,175,26.43,0.01,96.05,160.78,19230118.3
240,0,0,175,26.43,0.01,96.05,160.78,19230118.3
240,0,0,175,26.43,0.01,96.05,160.78,19230118.3
240,0,0,175,26.43,0.01,96.05,160.78,19230118.3
240,0,0,175,26.43,0.01,96.05,160.78,19230118.3
240,0,0,175,26.43,0.01,96.05,160.78,19230118.3
240,0,0,175,26.43,0.01,96.05,160.78,19230118.3
240,0,0,175,26.43,0.01,96.05,160.78,19230118.3
240,0,0,175,26.43,0.01,96.05,160.78,19230118.3
240,0,0,175,26.43,0.01,96.05,160.78,19230118.3
240,0,0,175,26.43,0.01,96.05,160.78,19230118.3
240,0,0,175,26.43,0.01,96.05,160.78,19230118.3
240,0,0,175,26.43,0.01,96.05,160.78,19230118.3
240,0,0,175,26.43,0.01,96.05,160.78,19230118.3
240,0,0,175,26.43,0.01,96.05,160.78,19230118.3
240,0,0,175,26.43,0.01,96.05,160.78,19230118.3
240,0,0,175,26.43,0.01,96.05,160.78,19230118.3
240,0,0,175,26.43,0.01,96.05,160.78,19230118.3
240,0,0,175,26.43,0.01,96.05,160.78,19230118.3
240,0,0,175,26.43,0.01,96.05,160.78,19230118.3
240,0,0,175,26.43,0.01,96.05,160.78,19230118.3
240,0,0,175,26.43,0.01,96.05,160.78,19230118.3
240,0,0,175,26.43,0.01,96.05,160.78,19230118.3
240,0,0,175,26.43,0.01,96.05,160.78,19230118.3
240,0,0,175,26.43,0.01,96.05,160.78,19230118.3
240,0,0,175,26.43,0.01,96.05,160.78,19230118.3
240,0,0,175,26.43,0.01,96.05,160.78,19230118.3
240,0,0,175,26.43,0.01,96.05,160.78,19230118.3
240,0,0,175,26.43,0.01,96.05,160.78,19230118.3
240,0,0,175,26.43,0.01,96.05,160.78,19230118.3
240,0,0,175,26.43,0.01,96.05,160.78,19230118.3
240,0,0,175,26.43,0.01,96.05,160.78,19230118.3
240,0,0,175,26.43,0.01,96.05,160.78,19230118.3
240,0,0,175,26.43,0.01,96.05,160.78,19230118.3
240,0,0,175,26.43,0.01,96.05,160.78,19230118.3
240,0,0,175,26.43,0.01,96.05,160.78,19230118.3
240,0,0,175,26.43,0.01,96.05,160.78,19230118.3
256,0,0,8,34.03,0.03,44.33,443.26,22569008.81
256,0,0,16,34.03,0.03,48.12,388.38,21559163.44
256,0,0,24,40.91,0.02,50.64,342.55,20144713.96
256,0,0,32,40.91,0.02,53.69,312.63,19598424.03
256,0,0,40,34.03,0.02,56.44,288.46,19187948.89
256,0,0,48,34.03,0.02,58.96,268.55,18940322.87
256,0,0,56,34.03,0.02,61.33,251.9,18642444.77
256,0,0,64,34.03,0.01,63.83,238.71,18467145.48
256,0,0,72,34.03,0.01,66.8,229.33,18868252.55
256,0,0,80,34.03,0.01,68.88,218.52,18801875.95
256,0,0,88,34.03,0.01,71.3,210.25,18828055.89
256,0,0,96,34.03,0.01,72.45,199.58,18569224.8
256,0,0,104,34.03,0.01,83.12,214.82,19422962.89
256,0,0,112,34.03,0.01,77.03,187.48,18626330.81
256,0,0,128,34.03,0.01,79.49,173.3,18442658.69
256,0,0,144,34.03,0.01,82.35,162.6,18328103.05
256,0,0,160,34.03,0.01,85.49,154.23,18349160.86
256,0,0,176,34.03,0.01,90.72,150.66,18648093.28
256,0,0,176,34.03,0.01,90.72,150.66,18648093.28
256,0,0,176,34.03,0.01,90.72,150.66,18648093.28
256,0,0,176,34.03,0.01,90.72,150.66,18648093.28
256,0,0,176,34.03,0.01,90.72,150.66,18648093.28
256,0,0,176,34.03,0.01,90.72,150.66,18648093.28
256,0,0,176,34.03,0.01,90.72,150.66,18648093.28
256,0,0,176,34.03,0.01,90.72,150.66,18648093.28
256,0,0,176,34.03,0.01,90.72,150.66,18648093.28
256,0,0,176,34.03,0.01,90.72,150.66,18648093.28
256,0,0,176,34.03,0.01,90.72,150.66,18648093.28
256,0,0,176,34.03,0.01,90.72,150.66,18648093.28
256,0,0,176,34.03,0.01,90.72,150.66,18648093.28
256,0,0,176,34.03,0.01,90.72,150.66,18648093.28
256,0,0,176,34.03,0.01,90.72,150.66,18648093.28
256,0,0,176,34.03,0.01,90.72,150.66,18648093.28
256,0,0,176,34.03,0.01,90.72,150.66,18648093.28
256,0,0,176,34.03,0.01,90.72,150.66,18648093.28
256,0,0,176,34.03,0.01,90.72,150.66,18648093.28
256,0,0,176,34.03,0.01,90.72,150.66,18648093.28
256,0,0,176,34.03,0.01,90.72,150.66,18648093.28
256,0,0,176,34.03,0.01,90.72,150.66,18648093.28
256,0,0,176,34.03,0.01,90.72,150.66,18648093.28
256,0,0,176,34.03,0.01,90.72,150.66,18648093.28
256,0,0,176,34.03,0.01,90.72,150.66,18648093.28
256,0,0,176,34.03,0.01,90.72,150.66,18648093.28
256,0,0,176,34.03,0.01,90.72,150.66,18648093.28
256,0,0,176,34.03,0.01,90.72,150.66,18648093.28
256,0,0,176,34.03,0.01,90.72,150.66,18648093.28
256,0,0,176,34.03,0.01,90.72,150.66,18648093.28
256,0,0,176,34.03,0.01,90.72,150.66,18648093.28
256,0,0,176,34.03,0.01,90.72,150.66,18648093.28
256,0,0,176,34.03,0.01,90.72,150.66,18648093.28
256,0,0,176,34.03,0.01,90.72,150.66,18648093.28
256,0,0,176,34.03,0.01,90.72,150.66,18648093.28
256,0,0,176,34.03,0.01,90.72,150.66,18648093.28
256,0,0,176,34.03,0.01,90.72,150.66,18648093.28
256,0,0,176,34.03,0.01,90.72,150.66,18648093.28
256,0,0,176,34.03,0.01,90.72,150.66,18648093.28
288,0,0,8,40.21,0.03,43.65,398.6,21940622.61
288,0,0,16,40.21,0.02,47.61,356.86,21089370.2
288,0,0,24,40.21,0.02,50.74,322.52,20330345.82
288,0,0,32,40.21,0.02,53.05,292.71,19491965.25
288,0,0,40,40.21,0.02,55.51,270.56,18976599.61
288,0,0,48,40.21,0.02,58.05,253.43,18664907.57
288,0,0,56,40.21,0.01,60.15,237.76,18294757.52
288,0,0,64,40.21,0.01,61.99,223.88,18021118.08
288,0,0,72,40.21,0.01,63.59,211.41,17704514.3
288,0,0,80,40.21,0.01,65.45,201.57,17526641.22
288,0,0,88,40.21,0.01,67.89,194.73,17496439.55
288,0,0,96,33.33,0.01,71.68,192.43,18646803.38
288,0,0,104,33.33,0.01,74.15,187.03,18750910.15
288,0,0,112,33.33,0.01,75.4,179.37,18617761.73
288,0,0,128,33.33,0.01,78.77,168.24,18555778.03
288,0,0,144,33.33,0.01,81.66,158.26,18476983.65
288,0,0,155,33.33,0.01,86.45,153.33,18550352.05
288,0,0,155,33.33,0.01,86.45,153.33,18550352.05
288,0,0,155,33.33,0.01,86.45,153.33,18550352.05
288,0,0,155,33.33,0.01,86.45,153.33,18550352.05
288,0,0,155,33.33,0.01,86.45,153.33,18550352.05
288,0,0,155,33.33,0.01,86.45,153.33,18550352.05
288,0,0,155,33.33,0.01,86.45,153.33,18550352.05
288,0,0,155,33.33,0.01,86.45,153.33,18550352.05
288,0,0,155,33.33,0.01,86.45,153.33,18550352.05
288,0,0,155,33.33,0.01,86.45,153.33,18550352.05
288,0,0,155,33.33,0.01,86.45,153.33,18550352.05
288,0,0,155,33.33,0.01,86.45,153.33,18550352.05
288,0,0,155,33.33,0.01,86.45,153.33,18550352.05
288,0,0,155,33.33,0.01,86.45,153.33,18550352.05
288,0,0,155,33.33,0.01,86.45,153.33,18550352.05
288,0,0,155,33.33,0.01,86.45,153.33,18550352.05
288,0,0,155,33.33,0.01,86.45,153.33,18550352.05
288,0,0,155,33.33,0.01,86.45,153.33,18550352.05
288,0,0,155,33.33,0.01,86.45,153.33,18550352.05
288,0,0,155,33.33,0.01,86.45,153.33,18550352.05
288,0,0,155,33.33,0.01,86.45,153.33,18550352.05
288,0,0,155,33.33,0.01,86.45,153.33,18550352.05
288,0,0,155,33.33,0.01,86.45,153.33,18550352.05
288,0,0,155,33.33,0.01,86.45,153.33,18550352.05
288,0,0,155,33.33,0.01,86.45,153.33,18550352.05
288,0,0,155,33.33,0.01,86.45,153.33,18550352.05
288,0,0,155,33.33,0.01,86.45,153.33,18550352.05
288,0,0,155,33.33,0.01,86.45,153.33,18550352.05
288,0,0,155,33.33,0.01,86.45,153.33,18550352.05
288,0,0,155,33.33,0.01,86.45,153.33,18550352.05
288,0,0,155,33.33,0.01,86.45,153.33,18550352.05
288,0,0,155,33.33,0.01,86.45,153.33,18550352.05
288,0,0,155,33.33,0.01,86.45,153.33,18550352.05
288,0,0,155,33.33,0.01,86.45,153.33,18550352.05
288,0,0,155,33.33,0.01,86.45,153.33,18550352.05
288,0,0,155,33.33,0.01,86.45,153.33,18550352.05
288,0,0,155,33.33,0.01,86.45,153.33,18550352.05
288,0,0,155,33.33,0.01,86.45,153.33,18550352.05
288,0,0,155,33.33,0.01,86.45,153.33,18550352.05
288,0,0,155,33.33,0.01,86.45,153.33,18550352.05
304,0,0,8,40.21,0.02,43.78,383.16,22517253.45
304,0,0,16,40.21,0.02,47.87,346.43,21666914.96
304,0,0,24,40.21,0.02,50.99,314.57,20960571.23
304,0,0,32,40.21,0.02,53.47,287.46,20189723.17
304,0,0,40,33.33,0.02,57.05,271.76,19967933.35
304,0,0,48,33.33,0.02,59.64,255.08,19803403.64
304,0,0,56,33.33,0.01,61.45,238.44,19489198.72
304,0,0,64,33.33,0.01,64.33,228.4,19706679.57
304,0,0,72,33.33,0.01,66.55,217.8,19572214.54
304,0,0,80,33.33,0.01,68.62,208.28,19361053.91
304,0,0,88,33.33,0.01,77.04,218.01,19936744.33
304,0,0,96,33.33,0.01,72.01,190.86,19137624.75
304,0,0,104,33.33,0.01,73.56,183.34,19018505.02
304,0,0,112,33.33,0.01,75.47,177.52,18986745.7
304,0,0,128,33.33,0.01,78.91,166.85,18973449.27
304,0,0,144,33.33,0.01,81.27,156.06,18751283.47
304,0,0,157,33.33,0.01,86.71,152.51,18929037.62
304,0,0,157,33.33,0.01,86.71,152.51,18929037.62
304,0,0,157,33.33,0.01,86.71,152.51,18929037.62
304,0,0,157,33.33,0.01,86.71,152.51,18929037.62
304,0,0,157,33.33,0.01,86.71,152.51,18929037.62
304,0,0,157,33.33,0.01,86.71,152.51,18929037.62
304,0,0,157,33.33,0.01,86.71,152.51,18929037.62
304,0,0,157,33.33,0.01,86.71,152.51,18929037.62
304,0,0,157,33.33,0.01,86.71,152.51,18929037.62
304,0,0,157,33.33,0.01,86.71,152.51,18929037.62
304,0,0,157,33.33,0.01,86.71,152.51,18929037.62
304,0,0,157,33.33,0.01,86.71,152.51,18929037.62
304,0,0,157,33.33,0.01,86.71,152.51,18929037.62
304,0,0,157,33.33,0.01,86.71,152.51,18929037.62
304,0,0,157,33.33,0.01,86.71,152.51,18929037.62
304,0,0,157,33.33,0.01,86.71,152.51,18929037.62
304,0,0,157,33.33,0.01,86.71,152.51,18929037.62
304,0,0,157,33.33,0.01,86.71,152.51,18929037.62
304,0,0,157,33.33,0.01,86.71,152.51,18929037.62
304,0,0,157,33.33,0.01,86.71,152.51,18929037.62
304,0,0,157,33.33,0.01,86.71,152.51,18929037.62
304,0,0,157,33.33,0.01,86.71,152.51,18929037.62
304,0,0,157,33.33,0.01,86.71,152.51,18929037.62
304,0,0,157,33.33,0.01,86.71,152.51,18929037.62
304,0,0,157,33.33,0.01,86.71,152.51,18929037.62
304,0,0,157,33.33,0.01,86.71,152.51,18929037.62
304,0,0,157,33.33,0.01,86.71,152.51,18929037.62
304,0,0,157,33.33,0.01,86.71,152.51,18929037.62
304,0,0,157,33.33,0.01,86.71,152.51,18929037.62
304,0,0,157,33.33,0.01,86.71,152.51,18929037.62
304,0,0,157,33.33,0.01,86.71,152.51,18929037.62
304,0,0,157,33.33,0.01,86.71,152.51,18929037.62
304,0,0,157,33.33,0.01,86.71,152.51,18929037.62
304,0,0,157,33.33,0.01,86.71,152.51,18929037.62
304,0,0,157,33.33,0.01,86.71,152.51,18929037.62
304,0,0,157,33.33,0.01,86.71,152.51,18929037.62
304,0,0,157,33.33,0.01,86.71,152.51,18929037.62
304,0,0,157,33.33,0.01,86.71,152.51,18929037.62
304,0,0,157,33.33,0.01,86.71,152.51,18929037.62
304,0,0,157,33.33,0.01,86.71,152.51,18929037.62
320,0,0,8,33.33,0.03,45.86,385.34,24384753.08
320,0,0,16,33.33,0.02,49.34,345.16,23256165.89
320,0,0,24,33.33,0.02,52.5,314.67,22457398.79
320,0,0,32,33.33,0.02,56.13,294.26,22023502.47
320,0,0,40,33.33,0.02,57.6,268.32,21096529.92
320,0,0,48,33.33,0.02,66.32,277.98,21811395.83
320,0,0,56,33.33,0.02,63.34,241.3,20900014.85
320,0,0,64,33.33,0.01,65.54,228.83,20639025.99
320,0,0,72,33.33,0.01,67.46,217.4,20355821.28
320,0,0,80,33.33,0.01,69.2,207.06,20151852.72
320,0,0,88,33.33,0.01,71.14,198.65,20009287.29
320,0,0,96,33.33,0.01,73.01,191.11,19927951.72
320,0,0,104,33.33,0.01,74.7,184.0,19767852.47
320,0,0,112,33.33,0.01,76.39,177.71,19697533.71
320,0,0,128,33.33,0.01,79.91,167.28,19611227.33
320,0,0,144,33.33,0.01,81.8,155.65,19279281.67
320,0,0,160,33.33,0.01,84.36,147.14,19147688.68
320,0,0,167,33.33,0.01,86.22,144.36,19184387.85
320,0,0,167,33.33,0.01,86.22,144.36,19184387.85
320,0,0,167,33.33,0.01,86.22,144.36,19184387.85
320,0,0,167,33.33,0.01,86.22,144.36,19184387.85
320,0,0,167,33.33,0.01,86.22,144.36,19184387.85
320,0,0,167,33.33,0.01,86.22,144.36,19184387.85
320,0,0,167,33.33,0.01,86.22,144.36,19184387.85
320,0,0,167,33.33,0.01,86.22,144.36,19184387.85
320,0,0,167,33.33,0.01,86.22,144.36,19184387.85
320,0,0,167,33.33,0.01,86.22,144.36,19184387.85
320,0,0,167,33.33,0.01,86.22,144.36,19184387.85
320,0,0,167,33.33,0.01,86.22,144.36,19184387.85
320,0,0,167,33.33,0.01,86.22,144.36,19184387.85
320,0,0,167,33.33,0.01,86.22,144.36,19184387.85
320,0,0,167,33.33,0.01,86.22,144.36,19184387.85
320,0,0,167,33.33,0.01,86.22,144.36,19184387.85
320,0,0,167,33.33,0.01,86.22,144.36,19184387.85
320,0,0,167,33.33,0.01,86.22,144.36,19184387.85
320,0,0,167,33.33,0.01,86.22,144.36,19184387.85
320,0,0,167,33.33,0.01,86.22,144.36,19184387.85
320,0,0,167,33.33,0.01,86.22,144.36,19184387.85
320,0,0,167,33.33,0.01,86.22,144.36,19184387.85
320,0,0,167,33.33,0.01,86.22,144.36,19184387.85
320,0,0,167,33.33,0.01,86.22,144.36,19184387.85
320,0,0,167,33.33,0.01,86.22,144.36,19184387.85
320,0,0,167,33.33,0.01,86.22,144.36,19184387.85
320,0,0,167,33.33,0.01,86.22,144.36,19184387.85
320,0,0,167,33.33,0.01,86.22,144.36,19184387.85
320,0,0,167,33.33,0.01,86.22,144.36,19184387.85
320,0,0,167,33.33,0.01,86.22,144.36,19184387.85
320,0,0,167,33.33,0.01,86.22,144.36,19184387.85
320,0,0,167,33.33,0.01,86.22,144.36,19184387.85
320,0,0,167,33.33,0.01,86.22,144.36,19184387.85
320,0,0,167,33.33,0.01,86.22,144.36,19184387.85
320,0,0,167,33.33,0.01,86.22,144.36,19184387.85
320,0,0,167,33.33,0.01,86.22,144.36,19184387.85
320,0,0,167,33.33,0.01,86.22,144.36,19184387.85
320,0,0,167,33.33,0.01,86.22,144.36,19184387.85
320,0,0,167,33.33,0.01,86.22,144.36,19184387.85
352,0,0,8,33.33,0.02,45.43,353.44,24320360.43
352,0,0,16,40.21,0.02,48.51,318.19,23151132.78
352,0,0,24,40.21,0.02,51.08,289.66,22051926.11
352,0,0,32,33.33,0.02,55.09,275.09,22210540.82
352,0,0,40,33.33,0.02,57.74,257.57,21776130.89
352,0,0,48,33.33,0.02,60.05,242.04,21377661.21
352,0,0,56,33.33,0.01,61.99,227.89,20893190.63
352,0,0,64,33.33,0.01,64.49,217.94,20766261.04
352,0,0,72,33.33,0.01,66.15,206.83,20456196.78
352,0,0,80,33.33,0.01,68.3,198.7,20318130.67
352,0,0,88,33.33,0.01,69.77,189.76,20060184.82
352,0,0,96,33.33,0.01,71.87,183.54,19977587.98
352,0,0,104,33.33,0.01,73.99,178.1,19976184.23
352,0,0,112,33.33,0.01,74.87,170.39,19709332.79
352,0,0,128,33.33,0.01,78.18,160.46,19556150.17
352,0,0,144,33.33,0.01,81.81,152.91,19605427.77
352,0,0,149,33.33,0.01,83.3,149.03,19433251.75
352,0,0,149,33.33,0.01,83.3,149.03,19433251.75
352,0,0,149,33.33,0.01,83.3,149.03,19433251.75
352,0,0,149,33.33,0.01,83.3,149.03,19433251.75
352,0,0,149,33.33,0.01,83.3,149.03,19433251.75
352,0,0,149,33.33,0.01,83.3,149.03,19433251.75
352,0,0,149,33.33,0.01,83.3,149.03,19433251.75
352,0,0,149,33.33,0.01,83.3,149.03,19433251.75
352,0,0,149,33.33,0.01,83.3,149.03,19433251.75
352,0,0,149,33.33,0.01,83.3,149.03,19433251.75
352,0,0,149,33.33,0.01,83.3,149.03,19433251.75
352,0,0,149,33.33,0.01,83.3,149.03,19433251.75
352,0,0,149,33.33,0.01,83.3,149.03,19433251.75
352,0,0,149,33.33,0.01,83.3,149.03,19433251.75
352,0,0,149,33.33,0.01,83.3,149.03,19433251.75
352,0,0,149,33.33,0.01,83.3,149.03,19433251.75
352,0,0,149,33.33,0.01,83.3,149.03,19433251.75
352,0,0,149,33.33,0.01,83.3,149.03,19433251.75
352,0,0,149,33.33,0.01,83.3,149.03,19433251.75
352,0,0,149,33.33,0.01,83.3,149.03,19433251.75
352,0,0,149,33.33,0.01,83.3,149.03,19433251.75
352,0,0,149,33.33,0.01,83.3,149.03,19433251.75
352,0,0,149,33.33,0.01,83.3,149.03,19433251.75
352,0,0,149,33.33,0.01,83.3,149.03,19433251.75
352,0,0,149,33.33,0.01,83.3,149.03,19433251.75
352,0,0,149,33.33,0.01,83.3,149.03,19433251.75
352,0,0,149,33.33,0.01,83.3,149.03,19433251.75
352,0,0,149,33.33,0.01,83.3,149.03,19433251.75
352,0,0,149,33.33,0.01,83.3,149.03,19433251.75
352,0,0,149,33.33,0.01,83.3,149.03,19433251.75
352,0,0,149,33.33,0.01,83.3,149.03,19433251.75
352,0,0,149,33.33,0.01,83.3,149.03,19433251.75
352,0,0,149,33.33,0.01,83.3,149.03,19433251.75
352,0,0,149,33.33,0.01,83.3,149.03,19433251.75
352,0,0,149,33.33,0.01,83.3,149.03,19433251.75
352,0,0,149,33.33,0.01,83.3,149.03,19433251.75
352,0,0,149,33.33,0.01,83.3,149.03,19433251.75
352,0,0,149,33.33,0.01,83.3,149.03,19433251.75
352,0,0,149,33.33,0.01,83.3,149.03,19433251.75
352,0,0,149,33.33,0.01,83.3,149.03,19433251.75
384,0,0,8,47.34,0.02,44.7,323.79,23588393.8
384,0,0,16,40.21,0.02,47.04,290.47,22430845.17
384,0,0,24,40.21,0.02,50.24,270.32,21825110.98
384,0,0,32,40.21,0.02,53.1,253.12,21291549.03
384,0,0,40,40.21,0.01,54.95,235.12,20564104.61
384,0,0,48,40.21,0.01,57.61,223.63,20273126.0
384,0,0,56,40.21,0.01,59.56,211.57,19809047.2
384,0,0,64,40.21,0.01,61.14,200.19,19410712.49
384,0,0,72,33.33,0.01,63.3,192.21,19328406.6
384,0,0,80,33.33,0.01,65.1,184.29,19134906.06
384,0,0,88,33.33,0.01,67.73,179.59,19250835.71
384,0,0,96,33.33,0.01,70.21,175.05,19809178.88
384,0,0,104,33.33,0.01,71.76,168.86,19704889.37
384,0,0,112,33.33,0.01,73.67,164.12,19627751.08
384,0,0,128,33.33,0.01,77.39,155.8,19652923.33
384,0,0,143,33.33,0.01,79.93,146.79,19418305.56
384,0,0,143,33.33,0.01,79.93,146.79,19418305.56
384,0,0,143,33.33,0.01,79.93,146.79,19418305.56
384,0,0,143,33.33,0.01,79.93,146.79,19418305.56
384,0,0,143,33.33,0.01,79.93,146.79,19418305.56
384,0,0,143,33.33,0.01,79.93,146.79,19418305.56
384,0,0,143,33.33,0.01,79.93,146.79,19418305.56
384,0,0,143,33.33,0.01,79.93,146.79,19418305.56
384,0,0,143,33.33,0.01,79.93,146.79,19418305.56
384,0,0,143,33.33,0.01,79.93,146.79,19418305.56
384,0,0,143,33.33,0.01,79.93,146.79,19418305.56
384,0,0,143,33.33,0.01,79.93,146.79,19418305.56
384,0,0,143,33.33,0.01,79.93,146.79,19418305.56
384,0,0,143,33.33,0.01,79.93,146.79,19418305.56
384,0,0,143,33.33,0.01,79.93,146.79,19418305.56
384,0,0,143,33.33,0.01,79.93,146.79,19418305.56
384,0,0,143,33.33,0.01,79.93,146.79,19418305.56
384,0,0,143,33.33,0.01,79.93,146.79,19418305.56
384,0,0,143,33.33,0.01,79.93,146.79,19418305.56
384,0,0,143,33.33,0.01,79.93,146.79,19418305.56
384,0,0,143,33.33,0.01,79.93,146.79,19418305.56
384,0,0,143,33.33,0.01,79.93,146.79,19418305.56
384,0,0,143,33.33,0.01,79.93,146.79,19418305.56
384,0,0,143,33.33,0.01,79.93,146.79,19418305.56
384,0,0,143,33.33,0.01,79.93,146.79,19418305.56
384,0,0,143,33.33,0.01,79.93,146.79,19418305.56
384,0,0,143,33.33,0.01,79.93,146.79,19418305.56
384,0,0,143,33.33,0.01,79.93,146.79,19418305.56
384,0,0,143,33.33,0.01,79.93,146.79,19418305.56
384,0,0,143,33.33,0.01,79.93,146.79,19418305.56
384,0,0,143,33.33,0.01,79.93,146.79,19418305.56
384,0,0,143,33.33,0.01,79.93,146.79,19418305.56
384,0,0,143,33.33,0.01,79.93,146.79,19418305.56
384,0,0,143,33.33,0.01,79.93,146.79,19418305.56
384,0,0,143,33.33,0.01,79.93,146.79,19418305.56
384,0,0,143,33.33,0.01,79.93,146.79,19418305.56
384,0,0,143,33.33,0.01,79.93,146.79,19418305.56
384,0,0,143,33.33,0.01,79.93,146.79,19418305.56
384,0,0,143,33.33,0.01,79.93,146.79,19418305.56
384,0,0,143,33.33,0.01,79.93,146.79,19418305.56
384,0,0,143,33.33,0.01,79.93,146.79,19418305.56
400,0,0,8,33.33,0.02,50.13,351.02,27711311.51
400,0,0,16,33.33,0.02,52.81,316.77,26523258.35
400,0,0,24,33.33,0.02,56.06,294.1,25836979.57
400,0,0,32,33.33,0.02,61.61,287.19,25615626.22
400,0,0,40,33.33,0.02,61.04,256.01,24496187.09
400,0,0,48,33.33,0.02,63.58,242.34,23981276.76
400,0,0,56,33.33,0.01,65.62,229.24,23494455.2
400,0,0,64,33.33,0.01,67.86,218.79,23333284.21
400,0,0,72,33.33,0.01,69.85,209.09,22967512.53
400,0,0,80,33.33,0.01,71.52,199.78,22637411.84
400,0,0,88,33.33,0.01,73.33,192.0,22400375.19
400,0,0,96,33.33,0.01,75.42,185.84,22298243.37
400,0,0,104,33.33,0.01,76.48,177.98,21966871.73
400,0,0,112,33.33,0.01,78.11,172.18,21801670.01
400,0,0,128,33.33,0.01,80.85,161.23,21407690.16
400,0,0,144,33.33,0.01,83.3,151.66,21073495.78
400,0,0,160,33.33,0.01,86.15,144.28,20993542.83
400,0,0,174,33.33,0.01,89.3,138.47,20868953.32
400,0,0,174,33.33,0.01,89.3,138.47,20868953.32
400,0,0,174,33.33,0.01,89.3,138.47,20868953.32
400,0,0,174,33.33,0.01,89.3,138.47,20868953.32
400,0,0,174,33.33,0.01,89.3,138.47,20868953.32
400,0,0,174,33.33,0.01,89.3,138.47,20868953.32
400,0,0,174,33.33,0.01,89.3,138.47,20868953.32
400,0,0,174,33.33,0.01,89.3,138.47,20868953.32
400,0,0,174,33.33,0.01,89.3,138.47,20868953.32
400,0,0,174,33.33,0.01,89.3,138.47,20868953.32
400,0,0,174,33.33,0.01,89.3,138.47,20868953.32
400,0,0,174,33.33,0.01,89.3,138.47,20868953.32
400,0,0,174,33.33,0.01,89.3,138.47,20868953.32
400,0,0,174,33.33,0.01,89.3,138.47,20868953.32
400,0,0,174,33.33,0.01,89.3,138.47,20868953.32
400,0,0,174,33.33,0.01,89.3,138.47,20868953.32
400,0,0,174,33.33,0.01,89.3,138.47,20868953.32
400,0,0,174,33.33,0.01,89.3,138.47,20868953.32
400,0,0,174,33.33,0.01,89.3,138.47,20868953.32
400,0,0,174,33.33,0.01,89.3,138.47,20868953.32
400,0,0,174,33.33,0.01,89.3,138.47,20868953.32
400,0,0,174,33.33,0.01,89.3,138.47,20868953.32
400,0,0,174,33.33,0.01,89.3,138.47,20868953.32
400,0,0,174,33.33,0.01,89.3,138.47,20868953.32
400,0,0,174,33.33,0.01,89.3,138.47,20868953.32
400,0,0,174,33.33,0.01,89.3,138.47,20868953.32
400,0,0,174,33.33,0.01,89.3,138.47,20868953.32
400,0,0,174,33.33,0.01,89.3,138.47,20868953.32
400,0,0,174,33.33,0.01,89.3,138.47,20868953.32
400,0,0,174,33.33,0.01,89.3,138.47,20868953.32
400,0,0,174,33.33,0.01,89.3,138.47,20868953.32
400,0,0,174,33.33,0.01,89.3,138.47,20868953.32
400,0,0,174,33.33,0.01,89.3,138.47,20868953.32
400,0,0,174,33.33,0.01,89.3,138.47,20868953.32
400,0,0,174,33.33,0.01,89.3,138.47,20868953.32
400,0,0,174,33.33,0.01,89.3,138.47,20868953.32
400,0,0,174,33.33,0.01,89.3,138.47,20868953.32
400,0,0,174,33.33,0.01,89.3,138.47,20868953.32
400,0,0,174,33.33,0.01,89.3,138.47,20868953.32
448,0,0,8,33.33,0.02,51.07,325.17,28281892.42
448,0,0,16,33.33,0.02,53.27,294.34,27176987.6
448,0,0,24,33.33,0.02,55.86,272.61,26344697.67
448,0,0,32,33.33,0.02,58.22,254.46,25672975.18
448,0,0,40,33.33,0.02,60.49,239.35,24923676.09
448,0,0,48,33.33,0.01,63.09,228.07,24555656.55
448,0,0,56,33.33,0.01,64.79,215.58,23899590.48
448,0,0,64,33.33,0.01,72.09,222.2,24219743.99
448,0,0,72,33.33,0.01,68.6,196.93,23255017.99
448,0,0,80,33.33,0.01,70.43,189.2,22987752.72
448,0,0,88,33.33,0.01,83.91,211.79,24103206.59
448,0,0,96,33.33,0.01,73.88,175.88,22539655.05
448,0,0,104,33.33,0.01,75.12,169.19,22216571.43
448,0,0,112,33.33,0.01,76.83,164.21,22063905.66
448,0,0,128,33.33,0.01,79.65,154.44,21752979.96
448,0,0,144,33.33,0.01,82.64,146.65,21547329.02
448,0,0,160,33.33,0.01,84.91,138.88,21256737.92
448,0,0,176,33.33,0.01,87.5,132.74,21123570.89
448,0,0,190,33.33,0.01,90.53,128.04,21045900.05
448,0,0,190,33.33,0.01,90.53,128.04,21045900.05
448,0,0,190,33.33,0.01,90.53,128.04,21045900.05
448,0,0,190,33.33,0.01,90.53,128.04,21045900.05
448,0,0,190,33.33,0.01,90.53,128.04,21045900.05
448,0,0,190,33.33,0.01,90.53,128.04,21045900.05
448,0,0,190,33.33,0.01,90.53,128.04,21045900.05
448,0,0,190,33.33,0.01,90.53,128.04,21045900.05
448,0,0,190,33.33,0.01,90.53,128.04,21045900.05
448,0,0,190,33.33,0.01,90.53,128.04,21045900.05
448,0,0,190,33.33,0.01,90.53,128.04,21045900.05
448,0,0,190,33.33,0.01,90.53,128.04,21045900.05
448,0,0,190,33.33,0.01,90.53,128.04,21045900.05
448,0,0,190,33.33,0.01,90.53,128.04,21045900.05
448,0,0,190,33.33,0.01,90.53,128.04,21045900.05
448,0,0,190,33.33,0.01,90.53,128.04,21045900.05
448,0,0,190,33.33,0.01,90.53,128.04,21045900.05
448,0,0,190,33.33,0.01,90.53,128.04,21045900.05
448,0,0,190,33.33,0.01,90.53,128.04,21045900.05
448,0,0,190,33.33,0.01,90.53,128.04,21045900.05
448,0,0,190,33.33,0.01,90.53,128.04,21045900.05
448,0,0,190,33.33,0.01,90.53,128.04,21045900.05
448,0,0,190,33.33,0.01,90.53,128.04,21045900.05
448,0,0,190,33.33,0.01,90.53,128.04,21045900.05
448,0,0,190,33.33,0.01,90.53,128.04,21045900.05
448,0,0,190,33.33,0.01,90.53,128.04,21045900.05
448,0,0,190,33.33,0.01,90.53,128.04,21045900.05
448,0,0,190,33.33,0.01,90.53,128.04,21045900.05
448,0,0,190,33.33,0.01,90.53,128.04,21045900.05
448,0,0,190,33.33,0.01,90.53,128.04,21045900.05
448,0,0,190,33.33,0.01,90.53,128.04,21045900.05
448,0,0,190,33.33,0.01,90.53,128.04,21045900.05
448,0,0,190,33.33,0.01,90.53,128.04,21045900.05
448,0,0,190,33.33,0.01,90.53,128.04,21045900.05
448,0,0,190,33.33,0.01,90.53,128.04,21045900.05
448,0,0,190,33.33,0.01,90.53,128.04,21045900.05
448,0,0,190,33.33,0.01,90.53,128.04,21045900.05
448,0,0,190,33.33,0.01,90.53,128.04,21045900.05
480,0,0,8,33.33,0.02,51.78,310.86,28542789.06
480,0,0,16,40.21,0.02,52.45,275.36,27241931.89
480,0,0,24,40.21,0.02,55.62,259.44,26443415.98
480,0,0,32,40.21,0.01,57.84,242.69,25866969.88
480,0,0,40,40.21,0.01,59.45,226.7,24851844.38
480,0,0,48,40.21,0.01,61.44,214.74,24314664.43
480,0,0,56,40.21,0.01,63.49,204.76,23715413.46
480,0,0,64,40.21,0.01,65.01,194.65,23193127.88
480,0,0,72,40.21,0.01,66.49,185.81,22705407.42
480,0,0,80,40.21,0.01,68.24,178.73,22394835.21
480,0,0,88,40.21,0.01,69.95,172.42,22103008.39
480,0,0,96,40.21,0.01,71.51,166.45,21802936.22
480,0,0,104,40.21,0.01,72.85,160.64,21498618.49
480,0,0,112,40.21,0.01,74.04,155.09,21195603.32
480,0,0,115,40.21,0.01,77.23,154.05,21221109.0
480,0,0,115,40.21,0.01,77.23,154.05,21221109.0
480,0,0,115,40.21,0.01,77.23,154.05,21221109.0
480,0,0,115,40.21,0.01,77.23,154.05,21221109.0
480,0,0,115,40.21,0.01,77.23,154.05,21221109.0
480,0,0,115,40.21,0.01,77.23,154.05,21221109.0
480,0,0,115,40.21,0.01,77.23,154.05,21221109.0
480,0,0,115,40.21,0.01,77.23,154.05,21221109.0
480,0,0,115,40.21,0.01,77.23,154.05,21221109.0
480,0,0,115,40.21,0.01,77.23,154.05,21221109.0
480,0,0,115,40.21,0.01,77.23,154.05,21221109.0
480,0,0,115,40.21,0.01,77.23,154.05,21221109.0
480,0,0,115,40.21,0.01,77.23,154.05,21221109.0
480,0,0,115,40.21,0.01,77.23,154.05,21221109.0
480,0,0,115,40.21,0.01,77.23,154.05,21221109.0
480,0,0,115,40.21,0.01,77.23,154.05,21221109.0
480,0,0,115,40.21,0.01,77.23,154.05,21221109.0
480,0,0,115,40.21,0.01,77.23,154.05,21221109.0
480,0,0,115,40.21,0.01,77.23,154.05,21221109.0
480,0,0,115,40.21,0.01,77.23,154.05,21221109.0
480,0,0,115,40.21,0.01,77.23,154.05,21221109.0
480,0,0,115,40.21,0.01,77.23,154.05,21221109.0
480,0,0,115,40.21,0.01,77.23,154.05,21221109.0
480,0,0,115,40.21,0.01,77.23,154.05,21221109.0
480,0,0,115,40.21,0.01,77.23,154.05,21221109.0
480,0,0,115,40.21,0.01,77.23,154.05,21221109.0
480,0,0,115,40.21,0.01,77.23,154.05,21221109.0
480,0,0,115,40.21,0.01,77.23,154.05,21221109.0
480,0,0,115,40.21,0.01,77.23,154.05,21221109.0
480,0,0,115,40.21,0.01,77.23,154.05,21221109.0
480,0,0,115,40.21,0.01,77.23,154.05,21221109.0
480,0,0,115,40.21,0.01,77.23,154.05,21221109.0
480,0,0,115,40.21,0.01,77.23,154.05,21221109.0
480,0,0,115,40.21,0.01,77.23,154.05,21221109.0
480,0,0,115,40.21,0.01,77.23,154.05,21221109.0
480,0,0,115,40.21,0.01,77.23,154.05,21221109.0
480,0,0,115,40.21,0.01,77.23,154.05,21221109.0
480,0,0,115,40.21,0.01,77.23,154.05,21221109.0
480,0,0,115,40.21,0.01,77.23,154.05,21221109.0
480,0,0,115,40.21,0.01,77.23,154.05,21221109.0
480,0,0,115,40.21,0.01,77.23,154.05,21221109.0
480,0,0,115,40.21,0.01,77.23,154.05,21221109.0
512,0,0,8,33.33,0.03,70.3,399.21,32245903.28
512,0,0,16,40.21,0.02,53.0,265.0,27021882.38
512,0,0,24,40.21,0.01,54.78,244.64,26302747.17
512,0,0,32,40.21,0.01,57.07,230.29,25586026.59
512,0,0,40,40.21,0.01,58.82,216.47,24791321.41
512,0,0,48,40.21,0.01,60.56,204.83,24111267.03
512,0,0,56,40.21,0.01,62.39,195.23,23548595.26
512,0,0,64,40.21,0.01,64.28,187.14,23150432.41
512,0,0,72,40.21,0.01,65.94,179.5,22691942.57
512,0,0,80,40.21,0.01,67.33,172.07,22278373.29
512,0,0,88,40.21,0.01,68.74,165.55,21945437.03
512,0,0,96,40.21,0.01,70.54,160.65,21741010.26
512,0,0,104,40.21,0.01,71.61,154.65,21348999.11
512,0,0,108,40.21,0.01,74.31,152.62,21288267.38
512,0,0,108,40.21,0.01,74.31,152.62,21288267.38
512,0,0,108,40.21,0.01,74.31,152.62,21288267.38
512,0,0,108,40.21,0.01,74.31,152.62,21288267.38
512,0,0,108,40.21,0.01,74.31,152.62,21288267.38
512,0,0,108,40.21,0.01,74.31,152.62,21288267.38
512,0,0,108,40.21,0.01,74.31,152.62,21288267.38
512,0,0,108,40.21,0.01,74.31,152.62,21288267.38
512,0,0,108,40.21,0.01,74.31,152.62,21288267.38
512,0,0,108,40.21,0.01,74.31,152.62,21288267.38
512,0,0,108,40.21,0.01,74.31,152.62,21288267.38
512,0,0,108,40.21,0.01,74.31,152.62,21288267.38
512,0,0,108,40.21,0.01,74.31,152.62,21288267.38
512,0,0,108,40.21,0.01,74.31,152.62,21288267.38
512,0,0,108,40.21,0.01,74.31,152.62,21288267.38
512,0,0,108,40.21,0.01,74.31,152.62,21288267.38
512,0,0,108,40.21,0.01,74.31,152.62,21288267.38
512,0,0,108,40.21,0.01,74.31,152.62,21288267.38
512,0,0,108,40.21,0.01,74.31,152.62,21288267.38
512,0,0,108,40.21,0.01,74.31,152.62,21288267.38
512,0,0,108,40.21,0.01,74.31,152.62,21288267.38
512,0,0,108,40.21,0.01,74.31,152.62,21288267.38
512,0,0,108,40.21,0.01,74.31,152.62,21288267.38
512,0,0,108,40.21,0.01,74.31,152.62,21288267.38
512,0,0,108,40.21,0.01,74.31,152.62,21288267.38
512,0,0,108,40.21,0.01,74.31,152.62,21288267.38
512,0,0,108,40.21,0.01,74.31,152.62,21288267.38
512,0,0,108,40.21,0.01,74.31,152.62,21288267.38
512,0,0,108,40.21,0.01,74.31,152.62,21288267.38
512,0,0,108,40.21,0.01,74.31,152.62,21288267.38
512,0,0,108,40.21,0.01,74.31,152.62,21288267.38
512,0,0,108,40.21,0.01,74.31,152.62,21288267.38
512,0,0,108,40.21,0.01,74.31,152.62,21288267.38
512,0,0,108,40.21,0.01,74.31,152.62,21288267.38
512,0,0,108,40.21,0.01,74.31,152.62,21288267.38
512,0,0,108,40.21,0.01,74.31,152.62,21288267.38
512,0,0,108,40.21,0.01,74.31,152.62,21288267.38
512,0,0,108,40.21,0.01,74.31,152.62,21288267.38
512,0,0,108,40.21,0.01,74.31,152.62,21288267.38
512,0,0,108,40.21,0.01,74.31,152.62,21288267.38
512,0,0,108,40.21,0.01,74.31,152.62,21288267.38
512,0,0,108,40.21,0.01,74.31,152.62,21288267.38
512,0,0,108,40.21,0.01,74.31,152.62,21288267.38
576,0,0,8,33.33,0.02,52.69,270.06,28979713.39
576,0,0,16,33.33,0.02,52.58,240.07,27186515.61
576,0,0,24,33.33,0.01,54.93,226.13,26740862.93
576,0,0,32,33.33,0.01,57.5,215.48,26042489.81
576,0,0,40,33.33,0.01,59.31,203.99,25431314.6
576,0,0,48,33.33,0.01,60.99,193.82,24965667.01
576,0,0,56,33.33,0.01,62.78,185.42,24503680.01
576,0,0,64,33.33,0.01,65.67,181.16,24225225.9
576,0,0,72,33.33,0.01,66.86,173.03,23970398.75
576,0,0,80,33.33,0.01,68.39,166.68,23623914.9
576,0,0,88,33.33,0.01,70.07,161.36,23373396.91
576,0,0,96,33.33,0.01,71.57,156.23,23161710.01
576,0,0,104,33.33,0.01,73.21,151.87,22981821.54
576,0,0,112,33.33,0.01,74.58,147.4,22732810.11
576,0,0,128,33.33,0.01,77.33,139.64,22370782.52
576,0,0,144,33.33,0.01,80.1,133.14,22058001.09
576,0,0,151,33.33,0.01,81.63,130.51,21985448.31
576,0,0,151,33.33,0.01,81.63,130.51,21985448.31
576,0,0,151,33.33,0.01,81.63,130.51,21985448.31
576,0,0,151,33.33,0.01,81.63,130.51,21985448.31
576,0,0,151,33.33,0.01,81.63,130.51,21985448.31
576,0,0,151,33.33,0.01,81.63,130.51,21985448.31
576,0,0,151,33.33,0.01,81.63,130.51,21985448.31
576,0,0,151,33.33,0.01,81.63,130.51,21985448.31
576,0,0,151,33.33,0.01,81.63,130.51,21985448.31
576,0,0,151,33.33,0.01,81.63,130.51,21985448.31
576,0,0,151,33.33,0.01,81.63,130.51,21985448.31
576,0,0,151,33.33,0.01,81.63,130.51,21985448.31
576,0,0,151,33.33,0.01,81.63,130.51,21985448.31
576,0,0,151,33.33,0.01,81.63,130.51,21985448.31
576,0,0,151,33.33,0.01,81.63,130.51,21985448.31
576,0,0,151,33.33,0.01,81.63,130.51,21985448.31
576,0,0,151,33.33,0.01,81.63,130.51,21985448.31
576,0,0,151,33.33,0.01,81.63,130.51,21985448.31
576,0,0,151,33.33,0.01,81.63,130.51,21985448.31
576,0,0,151,33.33,0.01,81.63,130.51,21985448.31
576,0,0,151,33.33,0.01,81.63,130.51,21985448.31
576,0,0,151,33.33,0.01,81.63,130.51,21985448.31
576,0,0,151,33.33,0.01,81.63,130.51,21985448.31
576,0,0,151,33.33,0.01,81.63,130.51,21985448.31
576,0,0,151,33.33,0.01,81.63,130.51,21985448.31
576,0,0,151,33.33,0.01,81.63,130.51,21985448.31
576,0,0,151,33.33,0.01,81.63,130.51,21985448.31
576,0,0,151,33.33,0.01,81.63,130.51,21985448.31
576,0,0,151,33.33,0.01,81.63,130.51,21985448.31
576,0,0,151,33.33,0.01,81.63,130.51,21985448.31
576,0,0,151,33.33,0.01,81.63,130.51,21985448.31
576,0,0,151,33.33,0.01,81.63,130.51,21985448.31
576,0,0,151,33.33,0.01,81.63,130.51,21985448.31
576,0,0,151,33.33,0.01,81.63,130.51,21985448.31
576,0,0,151,33.33,0.01,81.63,130.51,21985448.31
576,0,0,151,33.33,0.01,81.63,130.51,21985448.31
576,0,0,151,33.33,0.01,81.63,130.51,21985448.31
576,0,0,151,33.33,0.01,81.63,130.51,21985448.31
576,0,0,151,33.33,0.01,81.63,130.51,21985448.31
576,0,0,151,33.33,0.01,81.63,130.51,21985448.31
624,0,0,8,40.21,0.02,56.05,267.7,29145857.8
624,0,0,16,40.21,0.01,52.59,225.44,27499794.82
624,0,0,24,40.21,0.01,56.59,220.02,27249043.0
624,0,0,32,40.21,0.01,60.58,215.5,27030236.07
624,0,0,40,40.21,0.01,64.64,211.91,26847396.45
624,0,0,48,40.21,0.01,68.71,208.87,26735916.71
624,0,0,56,40.21,0.01,72.73,206.13,26633536.96
624,0,0,58,40.21,0.01,77.35,205.3,26660460.07
624,0,0,58,40.21,0.01,77.35,205.3,26660460.07
624,0,0,58,40.21,0.01,77.35,205.3,26660460.07
624,0,0,58,40.21,0.01,77.35,205.3,26660460.07
624,0,0,58,40.21,0.01,77.35,205.3,26660460.07
624,0,0,58,40.21,0.01,77.35,205.3,26660460.07
624,0,0,58,40.21,0.01,77.35,205.3,26660460.07
624,0,0,58,40.21,0.01,77.35,205.3,26660460.07
624,0,0,58,40.21,0.01,77.35,205.3,26660460.07
624,0,0,58,40.21,0.01,77.35,205.3,26660460.07
624,0,0,58,40.21,0.01,77.35,205.3,26660460.07
624,0,0,58,40.21,0.01,77.35,205.3,26660460.07
624,0,0,58,40.21,0.01,77.35,205.3,26660460.07
624,0,0,58,40.21,0.01,77.35,205.3,26660460.07
624,0,0,58,40.21,0.01,77.35,205.3,26660460.07
624,0,0,58,40.21,0.01,77.35,205.3,26660460.07
624,0,0,58,40.21,0.01,77.35,205.3,26660460.07
624,0,0,58,40.21,0.01,77.35,205.3,26660460.07
624,0,0,58,40.21,0.01,77.35,205.3,26660460.07
624,0,0,58,40.21,0.01,77.35,205.3,26660460.07
624,0,0,58,40.21,0.01,77.35,205.3,26660460.07
624,0,0,58,40.21,0.01,77.35,205.3,26660460.07
624,0,0,58,40.21,0.01,77.35,205.3,26660460.07
624,0,0,58,40.21,0.01,77.35,205.3,26660460.07
624,0,0,58,40.21,0.01,77.35,205.3,26660460.07
624,0,0,58,40.21,0.01,77.35,205.3,26660460.07
624,0,0,58,40.21,0.01,77.35,205.3,26660460.07
624,0,0,58,40.21,0.01,77.35,205.3,26660460.07
624,0,0,58,40.21,0.01,77.35,205.3,26660460.07
624,0,0,58,40.21,0.01,77.35,205.3,26660460.07
624,0,0,58,40.21,0.01,77.35,205.3,26660460.07
624,0,0,58,40.21,0.01,77.35,205.3,26660460.07
624,0,0,58,40.21,0.01,77.35,205.3,26660460.07
624,0,0,58,40.21,0.01,77.35,205.3,26660460.07
624,0,0,58,40.21,0.01,77.35,205.3,26660460.07
624,0,0,58,40.21,0.01,77.35,205.3,26660460.07
624,0,0,58,40.21,0.01,77.35,205.3,26660460.07
624,0,0,58,40.21,0.01,77.35,205.3,26660460.07
624,0,0,58,40.21,0.01,77.35,205.3,26660460.07
624,0,0,58,40.21,0.01,77.35,205.3,26660460.07
624,0,0,58,40.21,0.01,77.35,205.3,26660460.07
624,0,0,58,40.21,0.01,77.35,205.3,26660460.07
624,0,0,58,40.21,0.01,77.35,205.3,26660460.07
624,0,0,58,40.21,0.01,77.35,205.3,26660460.07
624,0,0,58,40.21,0.01,77.35,205.3,26660460.07
624,0,0,58,40.21,0.01,77.35,205.3,26660460.07
624,0,0,58,40.21,0.01,77.35,205.3,26660460.07
624,0,0,58,40.21,0.01,77.35,205.3,26660460.07
624,0,0,58,40.21,0.01,77.35,205.3,26660460.07
640,0,0,8,40.21,0.01,51.73,241.58,28464709.07
640,0,0,16,40.21,0.01,52.79,221.77,27747238.85
640,0,0,24,40.21,0.01,54.07,206.39,26605088.03
640,0,0,32,40.21,0.01,56.12,196.32,26035836.37
640,0,0,40,40.21,0.01,58.13,187.64,25513596.93
640,0,0,48,40.21,0.01,59.78,179.15,24796029.4
640,0,0,56,40.21,0.01,61.8,172.82,24526639.22
640,0,0,64,33.33,0.01,63.6,166.71,24122716.25
640,0,0,72,33.33,0.01,65.24,160.92,23766372.64
640,0,0,80,33.33,0.01,67.73,157.76,23719443.93
640,0,0,88,33.33,0.01,68.61,151.37,23190570.94
640,0,0,96,33.33,0.01,69.81,146.31,22926758.01
640,0,0,99,33.33,0.01,72.77,145.24,22937628.43
640,0,0,99,33.33,0.01,72.77,145.24,22937628.43
640,0,0,99,33.33,0.01,72.77,145.24,22937628.43
640,0,0,99,33.33,0.01,72.77,145.24,22937628.43
640,0,0,99,33.33,0.01,72.77,145.24,22937628.43
640,0,0,99,33.33,0.01,72.77,145.24,22937628.43
640,0,0,99,33.33,0.01,72.77,145.24,22937628.43
640,0,0,99,33.33,0.01,72.77,145.24,22937628.43
640,0,0,99,33.33,0.01,72.77,145.24,22937628.43
640,0,0,99,33.33,0.01,72.77,145.24,22937628.43
640,0,0,99,33.33,0.01,72.77,145.24,22937628.43
640,0,0,99,33.33,0.01,72.77,145.24,22937628.43
640,0,0,99,33.33,0.01,72.77,145.24,22937628.43
640,0,0,99,33.33,0.01,72.77,145.24,22937628.43
640,0,0,99,33.33,0.01,72.77,145.24,22937628.43
640,0,0,99,33.33,0.01,72.77,145.24,22937628.43
640,0,0,99,33.33,0.01,72.77,145.24,22937628.43
640,0,0,99,33.33,0.01,72.77,145.24,22937628.43
640,0,0,99,33.33,0.01,72.77,145.24,22937628.43
640,0,0,99,33.33,0.01,72.77,145.24,22937628.43
640,0,0,99,33.33,0.01,72.77,145.24,22937628.43
640,0,0,99,33.33,0.01,72.77,145.24,22937628.43
640,0,0,99,33.33,0.01,72.77,145.24,22937628.43
640,0,0,99,33.33,0.01,72.77,145.24,22937628.43
640,0,0,99,33.33,0.01,72.77,145.24,22937628.43
640,0,0,99,33.33,0.01,72.77,145.24,22937628.43
640,0,0,99,33.33,0.01,72.77,145.24,22937628.43
640,0,0,99,33.33,0.01,72.77,145.24,22937628.43
640,0,0,99,33.33,0.01,72.77,145.24,22937628.43
640,0,0,99,33.33,0.01,72.77,145.24,22937628.43
640,0,0,99,33.33,0.01,72.77,145.24,22937628.43
640,0,0,99,33.33,0.01,72.77,145.24,22937628.43
640,0,0,99,33.33,0.01,72.77,145.24,22937628.43
640,0,0,99,33.33,0.01,72.77,145.24,22937628.43
640,0,0,99,33.33,0.01,72.77,145.24,22937628.43
640,0,0,99,33.33,0.01,72.77,145.24,22937628.43
640,0,0,99,33.33,0.01,72.77,145.24,22937628.43
640,0,0,99,33.33,0.01,72.77,145.24,22937628.43
640,0,0,99,33.33,0.01,72.77,145.24,22937628.43
640,0,0,99,33.33,0.01,72.77,145.24,22937628.43
640,0,0,99,33.33,0.01,72.77,145.24,22937628.43
640,0,0,99,33.33,0.01,72.77,145.24,22937628.43
640,0,0,99,33.33,0.01,72.77,145.24,22937628.43
640,0,0,99,33.33,0.01,72.77,145.24,22937628.43
672,0,0,8,40.21,0.01,52.41,234.37,28583184.57
672,0,0,16,40.21,0.01,52.08,210.37,27083771.07
672,0,0,24,40.21,0.01,53.28,196.28,26190266.23
672,0,0,32,40.21,0.01,55.43,187.66,25662830.02
672,0,0,40,40.21,0.01,57.35,179.62,25081096.0
672,0,0,48,40.21,0.01,59.41,173.09,24678583.95
672,0,0,56,33.33,0.01,61.22,166.76,24256778.65
672,0,0,64,33.33,0.01,63.11,161.4,24008559.08
672,0,0,72,33.33,0.01,65.38,157.56,23919672.44
672,0,0,80,33.33,0.01,67.03,152.74,23672920.99
672,0,0,88,33.33,0.01,68.62,148.29,23330159.28
672,0,0,88,33.33,0.01,68.62,148.29,23330159.28
672,0,0,88,33.33,0.01,68.62,148.29,23330159.28
672,0,0,88,33.33,0.01,68.62,148.29,23330159.28
672,0,0,88,33.33,0.01,68.62,148.29,23330159.28
672,0,0,88,33.33,0.01,68.62,148.29,23330159.28
672,0,0,88,33.33,0.01,68.62,148.29,23330159.28
672,0,0,88,33.33,0.01,68.62,148.29,23330159.28
672,0,0,88,33.33,0.01,68.62,148.29,23330159.28
672,0,0,88,33.33,0.01,68.62,148.29,23330159.28
672,0,0,88,33.33,0.01,68.62,148.29,23330159.28
672,0,0,88,33.33,0.01,68.62,148.29,23330159.28
672,0,0,88,33.33,0.01,68.62,148.29,23330159.28
672,0,0,88,33.33,0.01,68.62,148.29,23330159.28
672,0,0,88,33.33,0.01,68.62,148.29,23330159.28
672,0,0,88,33.33,0.01,68.62,148.29,23330159.28
672,0,0,88,33.33,0.01,68.62,148.29,23330159.28
672,0,0,88,33.33,0.01,68.62,148.29,23330159.28
672,0,0,88,33.33,0.01,68.62,148.29,23330159.28
672,0,0,88,33.33,0.01,68.62,148.29,23330159.28
672,0,0,88,33.33,0.01,68.62,148.29,23330159.28
672,0,0,88,33.33,0.01,68.62,148.29,23330159.28
672,0,0,88,33.33,0.01,68.62,148.29,23330159.28
672,0,0,88,33.33,0.01,68.62,148.29,23330159.28
672,0,0,88,33.33,0.01,68.62,148.29,23330159.28
672,0,0,88,33.33,0.01,68.62,148.29,23330159.28
672,0,0,88,33.33,0.01,68.62,148.29,23330159.28
672,0,0,88,33.33,0.01,68.62,148.29,23330159.28
672,0,0,88,33.33,0.01,68.62,148.29,23330159.28
672,0,0,88,33.33,0.01,68.62,148.29,23330159.28
672,0,0,88,33.33,0.01,68.62,148.29,23330159.28
672,0,0,88,33.33,0.01,68.62,148.29,23330159.28
672,0,0,88,33.33,0.01,68.62,148.29,23330159.28
672,0,0,88,33.33,0.01,68.62,148.29,23330159.28
672,0,0,88,33.33,0.01,68.62,148.29,23330159.28
672,0,0,88,33.33,0.01,68.62,148.29,23330159.28
672,0,0,88,33.33,0.01,68.62,148.29,23330159.28
672,0,0,88,33.33,0.01,68.62,148.29,23330159.28
672,0,0,88,33.33,0.01,68.62,148.29,23330159.28
672,0,0,88,33.33,0.01,68.62,148.29,23330159.28
672,0,0,88,33.33,0.01,68.62,148.29,23330159.28
672,0,0,88,33.33,0.01,68.62,148.29,23330159.28
672,0,0,88,33.33,0.01,68.62,148.29,23330159.28
672,0,0,88,33.33,0.01,68.62,148.29,23330159.28
672,0,0,88,33.33,0.01,68.62,148.29,23330159.28
672,0,0,88,33.33,0.01,68.62,148.29,23330159.28
704,0,0,8,40.21,0.01,53.62,229.99,28984566.96
704,0,0,16,40.21,0.01,52.56,204.48,27597935.76
704,0,0,24,40.21,0.01,54.11,192.58,26902019.74
704,0,0,32,40.21,0.01,56.86,186.5,26429081.66
704,0,0,40,40.21,0.01,58.37,177.51,25775116.39
704,0,0,48,40.21,0.01,59.66,169.16,25071912.0
704,0,0,56,40.21,0.01,61.85,164.23,24726048.19
704,0,0,64,40.21,0.01,62.88,157.0,24162466.89
704,0,0,72,40.21,0.01,64.71,152.47,23869347.65
704,0,0,75,40.21,0.01,67.81,151.24,23872967.63
704,0,0,75,40.21,0.01,67.81,151.24,23872967.63
704,0,0,75,40.21,0.01,67.81,151.24,23872967.63
704,0,0,75,40.21,0.01,67.81,151.24,23872967.63
704,0,0,75,40.21,0.01,67.81,151.24,23872967.63
704,0,0,75,40.21,0.01,67.81,151.24,23872967.63
704,0,0,75,40.21,0.01,67.81,151.24,23872967.63
704,0,0,75,40.21,0.01,67.81,151.24,23872967.63
704,0,0,75,40.21,0.01,67.81,151.24,23872967.63
704,0,0,75,40.21,0.01,67.81,151.24,23872967.63
704,0,0,75,40.21,0.01,67.81,151.24,23872967.63
704,0,0,75,40.21,0.01,67.81,151.24,23872967.63
704,0,0,75,40.21,0.01,67.81,151.24,23872967.63
704,0,0,75,40.21,0.01,67.81,151.24,23872967.63
704,0,0,75,40.21,0.01,67.81,151.24,23872967.63
704,0,0,75,40.21,0.01,67.81,151.24,23872967.63
704,0,0,75,40.21,0.01,67.81,151.24,23872967.63
704,0,0,75,40.21,0.01,67.81,151.24,23872967.63
704,0,0,75,40.21,0.01,67.81,151.24,23872967.63
704,0,0,75,40.21,0.01,67.81,151.24,23872967.63
704,0,0,75,40.21,0.01,67.81,151.24,23872967.63
704,0,0,75,40.21,0.01,67.81,151.24,23872967.63
704,0,0,75,40.21,0.01,67.81,151.24,23872967.63
704,0,0,75,40.21,0.01,67.81,151.24,23872967.63
704,0,0,75,40.21,0.01,67.81,151.24,23872967.63
704,0,0,75,40.21,0.01,67.81,151.24,23872967.63
704,0,0,75,40.21,0.01,67.81,151.24,23872967.63
704,0,0,75,40.21,0.01,67.81,151.24,23872967.63
704,0,0,75,40.21,0.01,67.81,151.24,23872967.63
704,0,0,75,40.21,0.01,67.81,151.24,23872967.63
704,0,0,75,40.21,0.01,67.81,151.24,23872967.63
704,0,0,75,40.21,0.01,67.81,151.24,23872967.63
704,0,0,75,40.21,0.01,67.81,151.24,23872967.63
704,0,0,75,40.21,0.01,67.81,151.24,23872967.63
704,0,0,75,40.21,0.01,67.81,151.24,23872967.63
704,0,0,75,40.21,0.01,67.81,151.24,23872967.63
704,0,0,75,40.21,0.01,67.81,151.24,23872967.63
704,0,0,75,40.21,0.01,67.81,151.24,23872967.63
704,0,0,75,40.21,0.01,67.81,151.24,23872967.63
704,0,0,75,40.21,0.01,67.81,151.24,23872967.63
704,0,0,75,40.21,0.01,67.81,151.24,23872967.63
704,0,0,75,40.21,0.01,67.81,151.24,23872967.63
704,0,0,75,40.21,0.01,67.81,151.24,23872967.63
704,0,0,75,40.21,0.01,67.81,151.24,23872967.63
704,0,0,75,40.21,0.01,67.81,151.24,23872967.63
704,0,0,75,40.21,0.01,67.81,151.24,23872967.63
704,0,0,75,40.21,0.01,67.81,151.24,23872967.63
768,0,0,8,40.21,0.01,52.74,209.12,28935502.21
768,0,0,16,40.21,0.01,52.36,189.65,28089525.34
768,0,0,24,40.21,0.01,55.08,183.61,27592095.61
768,0,0,32,40.21,0.01,56.92,175.72,26913417.81
768,0,0,40,40.21,0.01,58.52,168.26,26414116.38
768,0,0,48,40.21,0.01,60.53,162.82,25901239.31
768,0,0,56,33.33,0.01,63.18,159.7,26020498.54
768,0,0,64,33.33,0.01,66.55,158.61,25864208.06
768,0,0,72,33.33,0.01,66.34,149.6,25291359.09
768,0,0,80,33.33,0.01,67.76,144.97,25041531.0
768,0,0,88,33.33,0.01,69.28,141.02,24730682.0
768,0,0,96,33.33,0.01,70.87,137.56,24539261.97
768,0,0,98,33.33,0.01,73.81,136.91,24541736.31
768,0,0,98,33.33,0.01,73.81,136.91,24541736.31
768,0,0,98,33.33,0.01,73.81,136.91,24541736.31
768,0,0,98,33.33,0.01,73.81,136.91,24541736.31
768,0,0,98,33.33,0.01,73.81,136.91,24541736.31
768,0,0,98,33.33,0.01,73.81,136.91,24541736.31
768,0,0,98,33.33,0.01,73.81,136.91,24541736.31
768,0,0,98,33.33,0.01,73.81,136.91,24541736.31
768,0,0,98,33.33,0.01,73.81,136.91,24541736.31
768,0,0,98,33.33,0.01,73.81,136.91,24541736.31
768,0,0,98,33.33,0.01,73.81,136.91,24541736.31
768,0,0,98,33.33,0.01,73.81,136.91,24541736.31
768,0,0,98,33.33,0.01,73.81,136.91,24541736.31
768,0,0,98,33.33,0.01,73.81,136.91,24541736.31
768,0,0,98,33.33,0.01,73.81,136.91,24541736.31
768,0,0,98,33.33,0.01,73.81,136.91,24541736.31
768,0,0,98,33.33,0.01,73.81,136.91,24541736.31
768,0,0,98,33.33,0.01,73.81,136.91,24541736.31
768,0,0,98,33.33,0.01,73.81,136.91,24541736.31
768,0,0,98,33.33,0.01,73.81,136.91,24541736.31
768,0,0,98,33.33,0.01,73.81,136.91,24541736.31
768,0,0,98,33.33,0.01,73.81,136.91,24541736.31
768,0,0,98,33.33,0.01,73.81,136.91,24541736.31
768,0,0,98,33.33,0.01,73.81,136.91,24541736.31
768,0,0,98,33.33,0.01,73.81,136.91,24541736.31
768,0,0,98,33.33,0.01,73.81,136.91,24541736.31
768,0,0,98,33.33,0.01,73.81,136.91,24541736.31
768,0,0,98,33.33,0.01,73.81,136.91,24541736.31
768,0,0,98,33.33,0.01,73.81,136.91,24541736.31
768,0,0,98,33.33,0.01,73.81,136.91,24541736.31
768,0,0,98,33.33,0.01,73.81,136.91,24541736.31
768,0,0,98,33.33,0.01,73.81,136.91,24541736.31
768,0,0,98,33.33,0.01,73.81,136.91,24541736.31
768,0,0,98,33.33,0.01,73.81,136.91,24541736.31
768,0,0,98,33.33,0.01,73.81,136.91,24541736.31
768,0,0,98,33.33,0.01,73.81,136.91,24541736.31
768,0,0,98,33.33,0.01,73.81,136.91,24541736.31
768,0,0,98,33.33,0.01,73.81,136.91,24541736.31
768,0,0,98,33.33,0.01,73.81,136.91,24541736.31
768,0,0,98,33.33,0.01,73.81,136.91,24541736.31
768,0,0,98,33.33,0.01,73.81,136.91,24541736.31
768,0,0,98,33.33,0.01,73.81,136.91,24541736.31
768,0,0,98,33.33,0.01,73.81,136.91,24541736.31
768,0,0,98,33.33,0.01,73.81,136.91,24541736.31
832,0,0,8,33.93,0.01,54.14,199.64,29704138.17
832,0,0,16,40.21,0.01,52.77,178.8,27909167.3
832,0,0,24,33.33,0.01,54.81,171.82,27448540.63
832,0,0,32,40.21,0.01,56.63,165.12,26895811.73
832,0,0,40,40.21,0.01,58.02,158.17,26203679.73
832,0,0,48,40.21,0.01,60.21,154.1,25977345.59
832,0,0,54,40.21,0.01,62.18,149.95,25623097.9
832,0,0,54,40.21,0.01,62.18,149.95,25623097.9
832,0,0,54,40.21,0.01,62.18,149.95,25623097.9
832,0,0,54,40.21,0.01,62.18,149.95,25623097.9
832,0,0,54,40.21,0.01,62.18,149.95,25623097.9
832,0,0,54,40.21,0.01,62.18,149.95,25623097.9
832,0,0,54,40.21,0.01,62.18,149.95,25623097.9
832,0,0,54,40.21,0.01,62.18,149.95,25623097.9
832,0,0,54,40.21,0.01,62.18,149.95,25623097.9
832,0,0,54,40.21,0.01,62.18,149.95,25623097.9
832,0,0,54,40.21,0.01,62.18,149.95,25623097.9
832,0,0,54,40.21,0.01,62.18,149.95,25623097.9
832,0,0,54,40.21,0.01,62.18,149.95,25623097.9
832,0,0,54,40.21,0.01,62.18,149.95,25623097.9
832,0,0,54,40.21,0.01,62.18,149.95,25623097.9
832,0,0,54,40.21,0.01,62.18,149.95,25623097.9
832,0,0,54,40.21,0.01,62.18,149.95,25623097.9
832,0,0,54,40.21,0.01,62.18,149.95,25623097.9
832,0,0,54,40.21,0.01,62.18,149.95,25623097.9
832,0,0,54,40.21,0.01,62.18,149.95,25623097.9
832,0,0,54,40.21,0.01,62.18,149.95,25623097.9
832,0,0,54,40.21,0.01,62.18,149.95,25623097.9
832,0,0,54,40.21,0.01,62.18,149.95,25623097.9
832,0,0,54,40.21,0.01,62.18,149.95,25623097.9
832,0,0,54,40.21,0.01,62.18,149.95,25623097.9
832,0,0,54,40.21,0.01,62.18,149.95,25623097.9
832,0,0,54,40.21,0.01,62.18,149.95,25623097.9
832,0,0,54,40.21,0.01,62.18,149.95,25623097.9
832,0,0,54,40.21,0.01,62.18,149.95,25623097.9
832,0,0,54,40.21,0.01,62.18,149.95,25623097.9
832,0,0,54,40.21,0.01,62.18,149.95,25623097.9
832,0,0,54,40.21,0.01,62.18,149.95,25623097.9
832,0,0,54,40.21,0.01,62.18,149.95,25623097.9
832,0,0,54,40.21,0.01,62.18,149.95,25623097.9
832,0,0,54,40.21,0.01,62.18,149.95,25623097.9
832,0,0,54,40.21,0.01,62.18,149.95,25623097.9
832,0,0,54,40.21,0.01,62.18,149.95,25623097.9
832,0,0,54,40.21,0.01,62.18,149.95,25623097.9
832,0,0,54,40.21,0.01,62.18,149.95,25623097.9
832,0,0,54,40.21,0.01,62.18,149.95,25623097.9
832,0,0,54,40.21,0.01,62.18,149.95,25623097.9
832,0,0,54,40.21,0.01,62.18,149.95,25623097.9
832,0,0,54,40.21,0.01,62.18,149.95,25623097.9
832,0,0,54,40.21,0.01,62.18,149.95,25623097.9
832,0,0,54,40.21,0.01,62.18,149.95,25623097.9
832,0,0,54,40.21,0.01,62.18,149.95,25623097.9
832,0,0,54,40.21,0.01,62.18,149.95,25623097.9
832,0,0,54,40.21,0.01,62.18,149.95,25623097.9
832,0,0,54,40.21,0.01,62.18,149.95,25623097.9
832,0,0,54,40.21,0.01,62.18,149.95,25623097.9
864,0,0,8,40.21,0.01,54.33,193.53,29405607.3
864,0,0,16,40.21,0.01,53.68,176.21,28133119.51
864,0,0,24,33.33,0.01,55.26,168.21,27808510.3
864,0,0,32,33.33,0.01,57.38,162.82,27299764.45
864,0,0,40,33.33,0.01,59.74,158.74,27136314.8
864,0,0,48,33.33,0.01,61.46,153.55,26639174.55
864,0,0,56,33.33,0.01,63.48,149.64,26385336.16
864,0,0,64,33.07,0.01,64.76,144.52,26052969.99
864,0,0,72,33.07,0.01,66.89,141.73,25857186.83
864,0,0,76,33.07,0.01,69.38,139.9,25767732.08
864,0,0,76,33.07,0.01,69.38,139.9,25767732.08
864,0,0,76,33.07,0.01,69.38,139.9,25767732.08
864,0,0,76,33.07,0.01,69.38,139.9,25767732.08
864,0,0,76,33.07,0.01,69.38,139.9,25767732.08
864,0,0,76,33.07,0.01,69.38,139.9,25767732.08
864,0,0,76,33.07,0.01,69.38,139.9,25767732.08
864,0,0,76,33.07,0.01,69.38,139.9,25767732.08
864,0,0,76,33.07,0.01,69.38,139.9,25767732.08
864,0,0,76,33.07,0.01,69.38,139.9,25767732.08
864,0,0,76,33.07,0.01,69.38,139.9,25767732.08
864,0,0,76,33.07,0.01,69.38,139.9,25767732.08
864,0,0,76,33.07,0.01,69.38,139.9,25767732.08
864,0,0,76,33.07,0.01,69.38,139.9,25767732.08
864,0,0,76,33.07,0.01,69.38,139.9,25767732.08
864,0,0,76,33.07,0.01,69.38,139.9,25767732.08
864,0,0,76,33.07,0.01,69.38,139.9,25767732.08
864,0,0,76,33.07,0.01,69.38,139.9,25767732.08
864,0,0,76,33.07,0.01,69.38,139.9,25767732.08
864,0,0,76,33.07,0.01,69.38,139.9,25767732.08
864,0,0,76,33.07,0.01,69.38,139.9,25767732.08
864,0,0,76,33.07,0.01,69.38,139.9,25767732.08
864,0,0,76,33.07,0.01,69.38,139.9,25767732.08
864,0,0,76,33.07,0.01,69.38,139.9,25767732.08
864,0,0,76,33.07,0.01,69.38,139.9,25767732.08
864,0,0,76,33.07,0.01,69.38,139.9,25767732.08
864,0,0,76,33.07,0.01,69.38,139.9,25767732.08
864,0,0,76,33.07,0.01,69.38,139.9,25767732.08
864,0,0,76,33.07,0.01,69.38,139.9,25767732.08
864,0,0,76,33.07,0.01,69.38,139.9,25767732.08
864,0,0,76,33.07,0.01,69.38,139.9,25767732.08
864,0,0,76,33.07,0.01,69.38,139.9,25767732.08
864,0,0,76,33.07,0.01,69.38,139.9,25767732.08
864,0,0,76,33.07,0.01,69.38,139.9,25767732.08
864,0,0,76,33.07,0.01,69.38,139.9,25767732.08
864,0,0,76,33.07,0.01,69.38,139.9,25767732.08
864,0,0,76,33.07,0.01,69.38,139.9,25767732.08
864,0,0,76,33.07,0.01,69.38,139.9,25767732.08
864,0,0,76,33.07,0.01,69.38,139.9,25767732.08
864,0,0,76,33.07,0.01,69.38,139.9,25767732.08
864,0,0,76,33.07,0.01,69.38,139.9,25767732.08
864,0,0,76,33.07,0.01,69.38,139.9,25767732.08
864,0,0,76,33.07,0.01,69.38,139.9,25767732.08
864,0,0,76,33.07,0.01,69.38,139.9,25767732.08
864,0,0,76,33.07,0.01,69.38,139.9,25767732.08
864,0,0,76,33.07,0.01,69.38,139.9,25767732.08
864,0,0,76,33.07,0.01,69.38,139.9,25767732.08
896,0,0,8,40.21,0.01,56.08,193.22,29522614.98
896,0,0,16,40.21,0.01,52.88,168.33,27955680.92
896,0,0,24,33.33,0.01,55.31,163.62,27728028.46
896,0,0,32,33.33,0.01,56.76,156.82,27012504.61
896,0,0,40,33.33,0.01,58.9,152.64,26701483.45
896,0,0,48,33.33,0.01,60.58,147.83,26381185.69
896,0,0,56,33.33,0.01,62.38,143.83,26105484.52
896,0,0,64,33.33,0.01,63.89,139.63,25751822.33
896,0,0,66,33.33,0.01,66.87,138.88,25745665.45
896,0,0,66,33.33,0.01,66.87,138.88,25745665.45
896,0,0,66,33.33,0.01,66.87,138.88,25745665.45
896,0,0,66,33.33,0.01,66.87,138.88,25745665.45
896,0,0,66,33.33,0.01,66.87,138.88,25745665.45
896,0,0,66,33.33,0.01,66.87,138.88,25745665.45
896,0,0,66,33.33,0.01,66.87,138.88,25745665.45
896,0,0,66,33.33,0.01,66.87,138.88,25745665.45
896,0,0,66,33.33,0.01,66.87,138.88,25745665.45
896,0,0,66,33.33,0.01,66.87,138.88,25745665.45
896,0,0,66,33.33,0.01,66.87,138.88,25745665.45
896,0,0,66,33.33,0.01,66.87,138.88,25745665.45
896,0,0,66,33.33,0.01,66.87,138.88,25745665.45
896,0,0,66,33.33,0.01,66.87,138.88,25745665.45
896,0,0,66,33.33,0.01,66.87,138.88,25745665.45
896,0,0,66,33.33,0.01,66.87,138.88,25745665.45
896,0,0,66,33.33,0.01,66.87,138.88,25745665.45
896,0,0,66,33.33,0.01,66.87,138.88,25745665.45
896,0,0,66,33.33,0.01,66.87,138.88,25745665.45
896,0,0,66,33.33,0.01,66.87,138.88,25745665.45
896,0,0,66,33.33,0.01,66.87,138.88,25745665.45
896,0,0,66,33.33,0.01,66.87,138.88,25745665.45
896,0,0,66,33.33,0.01,66.87,138.88,25745665.45
896,0,0,66,33.33,0.01,66.87,138.88,25745665.45
896,0,0,66,33.33,0.01,66.87,138.88,25745665.45
896,0,0,66,33.33,0.01,66.87,138.88,25745665.45
896,0,0,66,33.33,0.01,66.87,138.88,25745665.45
896,0,0,66,33.33,0.01,66.87,138.88,25745665.45
896,0,0,66,33.33,0.01,66.87,138.88,25745665.45
896,0,0,66,33.33,0.01,66.87,138.88,25745665.45
896,0,0,66,33.33,0.01,66.87,138.88,25745665.45
896,0,0,66,33.33,0.01,66.87,138.88,25745665.45
896,0,0,66,33.33,0.01,66.87,138.88,25745665.45
896,0,0,66,33.33,0.01,66.87,138.88,25745665.45
896,0,0,66,33.33,0.01,66.87,138.88,25745665.45
896,0,0,66,33.33,0.01,66.87,138.88,25745665.45
896,0,0,66,33.33,0.01,66.87,138.88,25745665.45
896,0,0,66,33.33,0.01,66.87,138.88,25745665.45
896,0,0,66,33.33,0.01,66.87,138.88,25745665.45
896,0,0,66,33.33,0.01,66.87,138.88,25745665.45
896,0,0,66,33.33,0.01,66.87,138.88,25745665.45
896,0,0,66,33.33,0.01,66.87,138.88,25745665.45
896,0,0,66,33.33,0.01,66.87,138.88,25745665.45
896,0,0,66,33.33,0.01,66.87,138.88,25745665.45
896,0,0,66,33.33,0.01,66.87,138.88,25745665.45
896,0,0,66,33.33,0.01,66.87,138.88,25745665.45
896,0,0,66,33.33,0.01,66.87,138.88,25745665.45
896,0,0,66,33.33,0.01,66.87,138.88,25745665.45
960,0,0,8,40.18,0.01,55.35,178.98,29743948.48
960,0,0,16,29.75,0.01,55.08,165.33,29665181.69
960,0,0,24,29.75,0.01,58.08,162.66,29459887.52
960,0,0,32,29.75,0.01,59.51,156.21,28816776.68
960,0,0,40,29.75,0.01,62.27,153.79,28748752.24
960,0,0,48,29.75,0.01,62.72,146.26,27987099.36
960,0,0,50,29.75,0.01,65.84,145.43,27976290.45
960,0,0,50,29.75,0.01,65.84,145.43,27976290.45
960,0,0,50,29.75,0.01,65.84,145.43,27976290.45
960,0,0,50,29.75,0.01,65.84,145.43,27976290.45
960,0,0,50,29.75,0.01,65.84,145.43,27976290.45
960,0,0,50,29.75,0.01,65.84,145.43,27976290.45
960,0,0,50,29.75,0.01,65.84,145.43,27976290.45
960,0,0,50,29.75,0.01,65.84,145.43,27976290.45
960,0,0,50,29.75,0.01,65.84,145.43,27976290.45
960,0,0,50,29.75,0.01,65.84,145.43,27976290.45
960,0,0,50,29.75,0.01,65.84,145.43,27976290.45
960,0,0,50,29.75,0.01,65.84,145.43,27976290.45
960,0,0,50,29.75,0.01,65.84,145.43,27976290.45
960,0,0,50,29.75,0.01,65.84,145.43,27976290.45
960,0,0,50,29.75,0.01,65.84,145.43,27976290.45
960,0,0,50,29.75,0.01,65.84,145.43,27976290.45
960,0,0,50,29.75,0.01,65.84,145.43,27976290.45
960,0,0,50,29.75,0.01,65.84,145.43,27976290.45
960,0,0,50,29.75,0.01,65.84,145.43,27976290.45
960,0,0,50,29.75,0.01,65.84,145.43,27976290.45
960,0,0,50,29.75,0.01,65.84,145.43,27976290.45
960,0,0,50,29.75,0.01,65.84,145.43,27976290.45
960,0,0,50,29.75,0.01,65.84,145.43,27976290.45
960,0,0,50,29.75,0.01,65.84,145.43,27976290.45
960,0,0,50,29.75,0.01,65.84,145.43,27976290.45
960,0,0,50,29.75,0.01,65.84,145.43,27976290.45
960,0,0,50,29.75,0.01,65.84,145.43,27976290.45
960,0,0,50,29.75,0.01,65.84,145.43,27976290.45
960,0,0,50,29.75,0.01,65.84,145.43,27976290.45
960,0,0,50,29.75,0.01,65.84,145.43,27976290.45
960,0,0,50,29.75,0.01,65.84,145.43,27976290.45
960,0,0,50,29.75,0.01,65.84,145.43,27976290.45
960,0,0,50,29.75,0.01,65.84,145.43,27976290.45
960,0,0,50,29.75,0.01,65.84,145.43,27976290.45
960,0,0,50,29.75,0.01,65.84,145.43,27976290.45
960,0,0,50,29.75,0.01,65.84,145.43,27976290.45
960,0,0,50,29.75,0.01,65.84,145.43,27976290.45
960,0,0,50,29.75,0.01,65.84,145.43,27976290.45
960,0,0,50,29.75,0.01,65.84,145.43,27976290.45
960,0,0,50,29.75,0.01,65.84,145.43,27976290.45
960,0,0,50,29.75,0.01,65.84,145.43,27976290.45
960,0,0,50,29.75,0.01,65.84,145.43,27976290.45
960,0,0,50,29.75,0.01,65.84,145.43,27976290.45
960,0,0,50,29.75,0.01,65.84,145.43,27976290.45
960,0,0,50,29.75,0.01,65.84,145.43,27976290.45
960,0,0,50,29.75,0.01,65.84,145.43,27976290.45
960,0,0,50,29.75,0.01,65.84,145.43,27976290.45
960,0,0,50,29.75,0.01,65.84,145.43,27976290.45
960,0,0,50,29.75,0.01,65.84,145.43,27976290.45
960,0,0,50,29.75,0.01,65.84,145.43,27976290.45
1024,0,0,8,40.18,0.01,59.01,179.76,30431212.96
1024,0,0,16,33.33,0.01,55.62,157.93,29753110.88
1024,0,0,24,31.84,0.01,57.26,152.26,29394881.19
1024,0,0,32,31.84,0.01,60.22,150.56,29218291.48
1024,0,0,39,31.84,0.01,61.38,144.8,28678088.09
1024,0,0,39,31.84,0.01,61.38,144.8,28678088.09
1024,0,0,39,31.84,0.01,61.38,144.8,28678088.09
1024,0,0,39,31.84,0.01,61.38,144.8,28678088.09
1024,0,0,39,31.84,0.01,61.38,144.8,28678088.09
1024,0,0,39,31.84,0.01,61.38,144.8,28678088.09
1024,0,0,39,31.84,0.01,61.38,144.8,28678088.09
1024,0,0,39,31.84,0.01,61.38,144.8,28678088.09
1024,0,0,39,31.84,0.01,61.38,144.8,28678088.09
1024,0,0,39,31.84,0.01,61.38,144.8,28678088.09
1024,0,0,39,31.84,0.01,61.38,144.8,28678088.09
1024,0,0,39,31.84,0.01,61.38,144.8,28678088.09
1024,0,0,39,31.84,0.01,61.38,144.8,28678088.09
1024,0,0,39,31.84,0.01,61.38,144.8,28678088.09
1024,0,0,39,31.84,0.01,61.38,144.8,28678088.09
1024,0,0,39,31.84,0.01,61.38,144.8,28678088.09
1024,0,0,39,31.84,0.01,61.38,144.8,28678088.09
1024,0,0,39,31.84,0.01,61.38,144.8,28678088.09
1024,0,0,39,31.84,0.01,61.38,144.8,28678088.09
1024,0,0,39,31.84,0.01,61.38,144.8,28678088.09
1024,0,0,39,31.84,0.01,61.38,144.8,28678088.09
1024,0,0,39,31.84,0.01,61.38,144.8,28678088.09
1024,0,0,39,31.84,0.01,61.38,144.8,28678088.09
1024,0,0,39,31.84,0.01,61.38,144.8,28678088.09
1024,0,0,39,31.84,0.01,61.38,144.8,28678088.09
1024,0,0,39,31.84,0.01,61.38,144.8,28678088.09
1024,0,0,39,31.84,0.01,61.38,144.8,28678088.09
1024,0,0,39,31.84,0.01,61.38,144.8,28678088.09
1024,0,0,39,31.84,0.01,61.38,144.8,28678088.09
1024,0,0,39,31.84,0.01,61.38,144.8,28678088.09
1024,0,0,39,31.84,0.01,61.38,144.8,28678088.09
1024,0,0,39,31.84,0.01,61.38,144.8,28678088.09
1024,0,0,39,31.84,0.01,61.38,144.8,28678088.09
1024,0,0,39,31.84,0.01,61.38,144.8,28678088.09
1024,0,0,39,31.84,0.01,61.38,144.8,28678088.09
1024,0,0,39,31.84,0.01,61.38,144.8,28678088.09
1024,0,0,39,31.84,0.01,61.38,144.8,28678088.09
1024,0,0,39,31.84,0.01,61.38,144.8,28678088.09
1024,0,0,39,31.84,0.01,61.38,144.8,28678088.09
1024,0,0,39,31.84,0.01,61.38,144.8,28678088.09
1024,0,0,39,31.84,0.01,61.38,144.8,28678088.09
1024,0,0,39,31.84,0.01,61.38,144.8,28678088.09
1024,0,0,39,31.84,0.01,61.38,144.8,28678088.09
1024,0,0,39,31.84,0.01,61.38,144.8,28678088.09
1024,0,0,39,31.84,0.01,61.38,144.8,28678088.09
1024,0,0,39,31.84,0.01,61.38,144.8,28678088.09
1024,0,0,39,31.84,0.01,61.38,144.8,28678088.09
1024,0,0,39,31.84,0.01,61.38,144.8,28678088.09
1024,0,0,39,31.84,0.01,61.38,144.8,28678088.09
1024,0,0,39,31.84,0.01,61.38,144.8,28678088.09
1024,0,0,39,31.84,0.01,61.38,144.8,28678088.09
1024,0,0,39,31.84,0.01,61.38,144.8,28678088.09
1152,0,0,8,33.9,0.01,59.85,163.38,31174437.4
1132,0,0,15,29.75,0.01,57.43,148.99,30721519.37
1152,0,0,24,31.84,0.01,61.58,148.69,30925131.64
1152,0,0,31,31.84,0.01,61.1,139.47,29879940.9
1152,0,0,33,31.84,0.01,63.96,138.46,29841113.49
1152,0,0,33,31.84,0.01,63.96,138.46,29841113.49
1152,0,0,33,31.84,0.01,63.96,138.46,29841113.49
1152,0,0,33,31.84,0.01,63.96,138.46,29841113.49
1152,0,0,33,31.84,0.01,63.96,138.46,29841113.49
1152,0,0,33,31.84,0.01,63.96,138.46,29841113.49
1152,0,0,33,31.84,0.01,63.96,138.46,29841113.49
1152,0,0,33,31.84,0.01,63.96,138.46,29841113.49
1152,0,0,33,31.84,0.01,63.96,138.46,29841113.49
1152,0,0,33,31.84,0.01,63.96,138.46,29841113.49
1152,0,0,33,31.84,0.01,63.96,138.46,29841113.49
1152,0,0,33,31.84,0.01,63.96,138.46,29841113.49
1152,0,0,33,31.84,0.01,63.96,138.46,29841113.49
1152,0,0,33,31.84,0.01,63.96,138.46,29841113.49
1152,0,0,33,31.84,0.01,63.96,138.46,29841113.49
1152,0,0,33,31.84,0.01,63.96,138.46,29841113.49
1152,0,0,33,31.84,0.01,63.96,138.46,29841113.49
1152,0,0,33,31.84,0.01,63.96,138.46,29841113.49
1152,0,0,33,31.84,0.01,63.96,138.46,29841113.49
1152,0,0,33,31.84,0.01,63.96,138.46,29841113.49
1152,0,0,33,31.84,0.01,63.96,138.46,29841113.49
1152,0,0,33,31.84,0.01,63.96,138.46,29841113.49
1152,0,0,33,31.84,0.01,63.96,138.46,29841113.49
1152,0,0,33,31.84,0.01,63.96,138.46,29841113.49
1152,0,0,33,31.84,0.01,63.96,138.46,29841113.49
1152,0,0,33,31.84,0.01,63.96,138.46,29841113.49
1152,0,0,33,31.84,0.01,63.96,138.46,29841113.49
1152,0,0,33,31.84,0.01,63.96,138.46,29841113.49
1152,0,0,33,31.84,0.01,63.96,138.46,29841113.49
1152,0,0,33,31.84,0.01,63.96,138.46,29841113.49
1152,0,0,33,31.84,0.01,63.96,138.46,29841113.49
1152,0,0,33,31.84,0.01,63.96,138.46,29841113.49
1152,0,0,33,31.84,0.01,63.96,138.46,29841113.49
1152,0,0,33,31.84,0.01,63.96,138.46,29841113.49
1152,0,0,33,31.84,0.01,63.96,138.46,29841113.49
1152,0,0,33,31.84,0.01,63.96,138.46,29841113.49
1152,0,0,33,31.84,0.01,63.96,138.46,29841113.49
1152,0,0,33,31.84,0.01,63.96,138.46,29841113.49
1152,0,0,33,31.84,0.01,63.96,138.46,29841113.49
1152,0,0,33,31.84,0.01,63.96,138.46,29841113.49
1152,0,0,33,31.84,0.01,63.96,138.46,29841113.49
1152,0,0,33,31.84,0.01,63.96,138.46,29841113.49
1152,0,0,33,31.84,0.01,63.96,138.46,29841113.49
1152,0,0,33,31.84,0.01,63.96,138.46,29841113.49
1152,0,0,33,31.84,0.01,63.96,138.46,29841113.49
1152,0,0,33,31.84,0.01,63.96,138.46,29841113.49
1152,0,0,33,31.84,0.01,63.96,138.46,29841113.49
1152,0,0,33,31.84,0.01,63.96,138.46,29841113.49
1152,0,0,33,31.84,0.01,63.96,138.46,29841113.49
1152,0,0,33,31.84,0.01,63.96,138.46,29841113.49
1152,0,0,33,31.84,0.01,63.96,138.46,29841113.49
1152,0,0,33,31.84,0.01,63.96,138.46,29841113.49
1280,0,0,8,33.9,0.01,62.0,153.34,32240363.95
1204,0,0,12,29.75,0.01,59.28,145.69,32045537.4
1172,0,0,24,33.33,0.01,59.16,140.44,30073952.1
1160,0,0,30,31.84,0.01,61.26,139.1,29901584.53
1160,0,0,30,31.84,0.01,61.26,139.1,29901584.53
1160,0,0,30,31.84,0.01,61.26,139.1,29901584.53
1160,0,0,30,31.84,0.01,61.26,139.1,29901584.53
1160,0,0,30,31.84,0.01,61.26,139.1,29901584.53
1160,0,0,30,31.84,0.01,61.26,139.1,29901584.53
1160,0,0,30,31.84,0.01,61.26,139.1,29901584.53
1160,0,0,30,31.84,0.01,61.26,139.1,29901584.53
1160,0,0,30,31.84,0.01,61.26,139.1,29901584.53
1160,0,0,30,31.84,0.01,61.26,139.1,29901584.53
1160,0,0,30,31.84,0.01,61.26,139.1,29901584.53
1160,0,0,30,31.84,0.01,61.26,139.1,29901584.53
1160,0,0,30,31.84,0.01,61.26,139.1,29901584.53
1160,0,0,30,31.84,0.01,61.26,139.1,29901584.53
1160,0,0,30,31.84,0.01,61.26,139.1,29901584.53
1160,0,0,30,31.84,0.01,61.26,139.1,29901584.53
1160,0,0,30,31.84,0.01,61.26,139.1,29901584.53
1160,0,0,30,31.84,0.01,61.26,139.1,29901584.53
1160,0,0,30,31.84,0.01,61.26,139.1,29901584.53
1160,0,0,30,31.84,0.01,61.26,139.1,29901584.53
1160,0,0,30,31.84,0.01,61.26,139.1,29901584.53
1160,0,0,30,31.84,0.01,61.26,139.1,29901584.53
1160,0,0,30,31.84,0.01,61.26,139.1,29901584.53
1160,0,0,30,31.84,0.01,61.26,139.1,29901584.53
1160,0,0,30,31.84,0.01,61.26,139.1,29901584.53
1160,0,0,30,31.84,0.01,61.26,139.1,29901584.53
1160,0,0,30,31.84,0.01,61.26,139.1,29901584.53
1160,0,0,30,31.84,0.01,61.26,139.1,29901584.53
1160,0,0,30,31.84,0.01,61.26,139.1,29901584.53
1160,0,0,30,31.84,0.01,61.26,139.1,29901584.53
1160,0,0,30,31.84,0.01,61.26,139.1,29901584.53
1160,0,0,30,31.84,0.01,61.26,139.1,29901584.53
1160,0,0,30,31.84,0.01,61.26,139.1,29901584.53
1160,0,0,30,31.84,0.01,61.26,139.1,29901584.53
1160,0,0,30,31.84,0.01,61.26,139.1,29901584.53
1160,0,0,30,31.84,0.01,61.26,139.1,29901584.53
1160,0,0,30,31.84,0.01,61.26,139.1,29901584.53
1160,0,0,30,31.84,0.01,61.26,139.1,29901584.53
1160,0,0,30,31.84,0.01,61.26,139.1,29901584.53
1160,0,0,30,31.84,0.01,61.26,139.1,29901584.53
1160,0,0,30,31.84,0.01,61.26,139.1,29901584.53
1160,0,0,30,31.84,0.01,61.26,139.1,29901584.53
1160,0,0,30,31.84,0.01,61.26,139.1,29901584.53
1160,0,0,30,31.84,0.01,61.26,139.1,29901584.53
1160,0,0,30,31.84,0.01,61.26,139.1,29901584.53
1160,0,0,30,31.84,0.01,61.26,139.1,29901584.53
1160,0,0,30,31.84,0.01,61.26,139.1,29901584.53
1160,0,0,30,31.84,0.01,61.26,139.1,29901584.53
1160,0,0,30,31.84,0.01,61.26,139.1,29901584.53
1160,0,0,30,31.84,0.01,61.26,139.1,29901584.53
1160,0,0,30,31.84,0.01,61.26,139.1,29901584.53
1160,0,0,30,31.84,0.01,61.26,139.1,29901584.53
1160,0,0,30,31.84,0.01,61.26,139.1,29901584.53
1408,0,0,8,31.63,0.01,64.91,146.73,34216658.16
1204,0,0,12,29.75,0.01,59.28,145.69,32045537.4
1172,0,0,24,33.33,0.01,59.16,140.44,30073952.1
1160,0,0,30,31.84,0.01,61.26,139.1,29901584.53
1160,0,0,30,31.84,0.01,61.26,139.1,29901584.53
1160,0,0,30,31.84,0.01,61.26,139.1,29901584.53
1160,0,0,30,31.84,0.01,61.26,139.1,29901584.53
1160,0,0,30,31.84,0.01,61.26,139.1,29901584.53
1160,0,0,30,31.84,0.01,61.26,139.1,29901584.53
1160,0,0,30,31.84,0.01,61.26,139.1,29901584.53
1160,0,0,30,31.84,0.01,61.26,139.1,29901584.53
1160,0,0,30,31.84,0.01,61.26,139.1,29901584.53
1160,0,0,30,31.84,0.01,61.26,139.1,29901584.53
1160,0,0,30,31.84,0.01,61.26,139.1,29901584.53
1160,0,0,30,31.84,0.01,61.26,139.1,29901584.53
1160,0,0,30,31.84,0.01,61.26,139.1,29901584.53
1160,0,0,30,31.84,0.01,61.26,139.1,29901584.53
1160,0,0,30,31.84,0.01,61.26,139.1,29901584.53
1160,0,0,30,31.84,0.01,61.26,139.1,29901584.53
1160,0,0,30,31.84,0.01,61.26,139.1,29901584.53
1160,0,0,30,31.84,0.01,61.26,139.1,29901584.53
1160,0,0,30,31.84,0.01,61.26,139.1,29901584.53
1160,0,0,30,31.84,0.01,61.26,139.1,29901584.53
1160,0,0,30,31.84,0.01,61.26,139.1,29901584.53
1160,0,0,30,31.84,0.01,61.26,139.1,29901584.53
1160,0,0,30,31.84,0.01,61.26,139.1,29901584.53
1160,0,0,30,31.84,0.01,61.26,139.1,29901584.53
1160,0,0,30,31.84,0.01,61.26,139.1,29901584.53
1160,0,0,30,31.84,0.01,61.26,139.1,29901584.53
1160,0,0,30,31.84,0.01,61.26,139.1,29901584.53
1160,0,0,30,31.84,0.01,61.26,139.1,29901584.53
1160,0,0,30,31.84,0.01,61.26,139.1,29901584.53
1160,0,0,30,31.84,0.01,61.26,139.1,29901584.53
1160,0,0,30,31.84,0.01,61.26,139.1,29901584.53
1160,0,0,30,31.84,0.01,61.26,139.1,29901584.53
1160,0,0,30,31.84,0.01,61.26,139.1,29901584.53
1160,0,0,30,31.84,0.01,61.26,139.1,29901584.53
1160,0,0,30,31.84,0.01,61.26,139.1,29901584.53
1160,0,0,30,31.84,0.01,61.26,139.1,29901584.53
1160,0,0,30,31.84,0.01,61.26,139.1,29901584.53
1160,0,0,30,31.84,0.01,61.26,139.1,29901584.53
1160,0,0,30,31.84,0.01,61.26,139.1,29901584.53
1160,0,0,30,31.84,0.01,61.26,139.1,29901584.53
1160,0,0,30,31.84,0.01,61.26,139.1,29901584.53
1160,0,0,30,31.84,0.01,61.26,139.1,29901584.53
1160,0,0,30,31.84,0.01,61.26,139.1,29901584.53
1160,0,0,30,31.84,0.01,61.26,139.1,29901584.53
1160,0,0,30,31.84,0.01,61.26,139.1,29901584.53
1160,0,0,30,31.84,0.01,61.26,139.1,29901584.53
1160,0,0,30,31.84,0.01,61.26,139.1,29901584.53
1160,0,0,30,31.84,0.01,61.26,139.1,29901584.53
1160,0,0,30,31.84,0.01,61.26,139.1,29901584.53
1160,0,0,30,31.84,0.01,61.26,139.1,29901584.53
1160,0,0,30,31.84,0.01,61.26,139.1,29901584.53
1160,0,0,30,31.84,0.01,61.26,139.1,29901584.53
1160,0,0,30,31.84,0.01,61.26,139.1,29901584.53
1444,0,0,8,31.8,0.01,64.1,141.09,34021818.89
1204,0,0,12,29.75,0.01,59.28,145.69,32045537.4
1172,0,0,24,33.33,0.01,59.16,140.44,30073952.1
1160,0,0,30,31.84,0.01,61.26,139.1,29901584.53
1160,0,0,30,31.84,0.01,61.26,139.1,29901584.53
1160,0,0,30,31.84,0.01,61.26,139.1,29901584.53
1160,0,0,30,31.84,0.01,61.26,139.1,29901584.53
1160,0,0,30,31.84,0.01,61.26,139.1,29901584.53
1160,0,0,30,31.84,0.01,61.26,139.1,29901584.53
1160,0,0,30,31.84,0.01,61.26,139.1,29901584.53
1160,0,0,30,31.84,0.01,61.26,139.1,29901584.53
1160,0,0,30,31.84,0.01,61.26,139.1,29901584.53
1160,0,0,30,31.84,0.01,61.26,139.1,29901584.53
1160,0,0,30,31.84,0.01,61.26,139.1,29901584.53
1160,0,0,30,31.84,0.01,61.26,139.1,29901584.53
1160,0,0,30,31.84,0.01,61.26,139.1,29901584.53
1160,0,0,30,31.84,0.01,61.26,139.1,29901584.53
1160,0,0,30,31.84,0.01,61.26,139.1,29901584.53
1160,0,0,30,31.84,0.01,61.26,139.1,29901584.53
1160,0,0,30,31.84,0.01,61.26,139.1,29901584.53
1160,0,0,30,31.84,0.01,61.26,139.1,29901584.53
1160,0,0,30,31.84,0.01,61.26,139.1,29901584.53
1160,0,0,30,31.84,0.01,61.26,139.1,29901584.53
1160,0,0,30,31.84,0.01,61.26,139.1,29901584.53
1160,0,0,30,31.84,0.01,61.26,139.1,29901584.53
1160,0,0,30,31.84,0.01,61.26,139.1,29901584.53
1160,0,0,30,31.84,0.01,61.26,139.1,29901584.53
1160,0,0,30,31.84,0.01,61.26,139.1,29901584.53
1160,0,0,30,31.84,0.01,61.26,139.1,29901584.53
1160,0,0,30,31.84,0.01,61.26,139.1,29901584.53
1160,0,0,30,31.84,0.01,61.26,139.1,29901584.53
1160,0,0,30,31.84,0.01,61.26,139.1,29901584.53
1160,0,0,30,31.84,0.01,61.26,139.1,29901584.53
1160,0,0,30,31.84,0.01,61.26,139.1,29901584.53
1160,0,0,30,31.84,0.01,61.26,139.1,29901584.53
1160,0,0,30,31.84,0.01,61.26,139.1,29901584.53
1160,0,0,30,31.84,0.01,61.26,139.1,29901584.53
1160,0,0,30,31.84,0.01,61.26,139.1,29901584.53
1160,0,0,30,31.84,0.01,61.26,139.1,29901584.53
1160,0,0,30,31.84,0.01,61.26,139.1,29901584.53
1160,0,0,30,31.84,0.01,61.26,139.1,29901584.53
1160,0,0,30,31.84,0.01,61.26,139.1,29901584.53
1160,0,0,30,31.84,0.01,61.26,139.1,29901584.53
1160,0,0,30,31.84,0.01,61.26,139.1,29901584.53
1160,0,0,30,31.84,0.01,61.26,139.1,29901584.53
1160,0,0,30,31.84,0.01,61.26,139.1,29901584.53
1160,0,0,30,31.84,0.01,61.26,139.1,29901584.53
1160,0,0,30,31.84,0.01,61.26,139.1,29901584.53
1160,0,0,30,31.84,0.01,61.26,139.1,29901584.53
1160,0,0,30,31.84,0.01,61.26,139.1,29901584.53
1160,0,0,30,31.84,0.01,61.26,139.1,29901584.53
1160,0,0,30,31.84,0.01,61.26,139.1,29901584.53
1160,0,0,30,31.84,0.01,61.26,139.1,29901584.53
1160,0,0,30,31.84,0.01,61.26,139.1,29901584.53
1160,0,0,30,31.84,0.01,61.26,139.1,29901584.53
1160,0,0,30,31.84,0.01,61.26,139.1,29901584.53
1444,0,0,8,31.8,0.01,64.1,141.09,34021818.89
1204,0,0,12,29.75,0.01,59.28,145.69,32045537.4
1172,0,0,24,33.33,0.01,59.16,140.44,30073952.1
1160,0,0,30,31.84,0.01,61.26,139.1,29901584.53
1160,0,0,30,31.84,0.01,61.26,139.1,29901584.53
1160,0,0,30,31.84,0.01,61.26,139.1,29901584.53
1160,0,0,30,31.84,0.01,61.26,139.1,29901584.53
1160,0,0,30,31.84,0.01,61.26,139.1,29901584.53
1160,0,0,30,31.84,0.01,61.26,139.1,29901584.53
1160,0,0,30,31.84,0.01,61.26,139.1,29901584.53
1160,0,0,30,31.84,0.01,61.26,139.1,29901584.53
1160,0,0,30,31.84,0.01,61.26,139.1,29901584.53
1160,0,0,30,31.84,0.01,61.26,139.1,29901584.53
1160,0,0,30,31.84,0.01,61.26,139.1,29901584.53
1160,0,0,30,31.84,0.01,61.26,139.1,29901584.53
1160,0,0,30,31.84,0.01,61.26,139.1,29901584.53
1160,0,0,30,31.84,0.01,61.26,139.1,29901584.53
1160,0,0,30,31.84,0.01,61.26,139.1,29901584.53
1160,0,0,30,31.84,0.01,61.26,139.1,29901584.53
1160,0,0,30,31.84,0.01,61.26,139.1,29901584.53
1160,0,0,30,31.84,0.01,61.26,139.1,29901584.53
1160,0,0,30,31.84,0.01,61.26,139.1,29901584.53
1160,0,0,30,31.84,0.01,61.26,139.1,29901584.53
1160,0,0,30,31.84,0.01,61.26,139.1,29901584.53
1160,0,0,30,31.84,0.01,61.26,139.1,29901584.53
1160,0,0,30,31.84,0.01,61.26,139.1,29901584.53
1160,0,0,30,31.84,0.01,61.26,139.1,29901584.53
1160,0,0,30,31.84,0.01,61.26,139.1,29901584.53
1160,0,0,30,31.84,0.01,61.26,139.1,29901584.53
1160,0,0,30,31.84,0.01,61.26,139.1,29901584.53
1160,0,0,30,31.84,0.01,61.26,139.1,29901584.53
1160,0,0,30,31.84,0.01,61.26,139.1,29901584.53
1160,0,0,30,31.84,0.01,61.26,139.1,29901584.53
1160,0,0,30,31.84,0.01,61.26,139.1,29901584.53
1160,0,0,30,31.84,0.01,61.26,139.1,29901584.53
1160,0,0,30,31.84,0.01,61.26,139.1,29901584.53
1160,0,0,30,31.84,0.01,61.26,139.1,29901584.53
1160,0,0,30,31.84,0.01,61.26,139.1,29901584.53
1160,0,0,30,31.84,0.01,61.26,139.1,29901584.53
1160,0,0,30,31.84,0.01,61.26,139.1,29901584.53
1160,0,0,30,31.84,0.01,61.26,139.1,29901584.53
1160,0,0,30,31.84,0.01,61.26,139.1,29901584.53
1160,0,0,30,31.84,0.01,61.26,139.1,29901584.53
1160,0,0,30,31.84,0.01,61.26,139.1,29901584.53
1160,0,0,30,31.84,0.01,61.26,139.1,29901584.53
1160,0,0,30,31.84,0.01,61.26,139.1,29901584.53
1160,0,0,30,31.84,0.01,61.26,139.1,29901584.53
1160,0,0,30,31.84,0.01,61.26,139.1,29901584.53
1160,0,0,30,31.84,0.01,61.26,139.1,29901584.53
1160,0,0,30,31.84,0.01,61.26,139.1,29901584.53
1160,0,0,30,31.84,0.01,61.26,139.1,29901584.53
1160,0,0,30,31.84,0.01,61.26,139.1,29901584.53
1160,0,0,30,31.84,0.01,61.26,139.1,29901584.53
1160,0,0,30,31.84,0.01,61.26,139.1,29901584.53
1160,0,0,30,31.84,0.01,61.26,139.1,29901584.53
1160,0,0,30,31.84,0.01,61.26,139.1,29901584.53
1444,0,0,8,31.8,0.01,64.1,141.09,34021818.89
1204,0,0,12,29.75,0.01,59.28,145.69,32045537.4
1172,0,0,24,33.33,0.01,59.16,140.44,30073952.1
1160,0,0,30,31.84,0.01,61.26,139.1,29901584.53
1160,0,0,30,31.84,0.01,61.26,139.1,29901584.53
1160,0,0,30,31.84,0.01,61.26,139.1,29901584.53
1160,0,0,30,31.84,0.01,61.26,139.1,29901584.53
1160,0,0,30,31.84,0.01,61.26,139.1,29901584.53
1160,0,0,30,31.84,0.01,61.26,139.1,29901584.53
1160,0,0,30,31.84,0.01,61.26,139.1,29901584.53
1160,0,0,30,31.84,0.01,61.26,139.1,29901584.53
1160,0,0,30,31.84,0.01,61.26,139.1,29901584.53
1160,0,0,30,31.84,0.01,61.26,139.1,29901584.53
1160,0,0,30,31.84,0.01,61.26,139.1,29901584.53
1160,0,0,30,31.84,0.01,61.26,139.1,29901584.53
1160,0,0,30,31.84,0.01,61.26,139.1,29901584.53
1160,0,0,30,31.84,0.01,61.26,139.1,29901584.53
1160,0,0,30,31.84,0.01,61.26,139.1,29901584.53
1160,0,0,30,31.84,0.01,61.26,139.1,29901584.53
1160,0,0,30,31.84,0.01,61.26,139.1,29901584.53
1160,0,0,30,31.84,0.01,61.26,139.1,29901584.53
1160,0,0,30,31.84,0.01,61.26,139.1,29901584.53
1160,0,0,30,31.84,0.01,61.26,139.1,29901584.53
1160,0,0,30,31.84,0.01,61.26,139.1,29901584.53
1160,0,0,30,31.84,0.01,61.26,139.1,29901584.53
1160,0,0,30,31.84,0.01,61.26,139.1,29901584.53
1160,0,0,30,31.84,0.01,61.26,139.1,29901584.53
1160,0,0,30,31.84,0.01,61.26,139.1,29901584.53
1160,0,0,30,31.84,0.01,61.26,139.1,29901584.53
1160,0,0,30,31.84,0.01,61.26,139.1,29901584.53
1160,0,0,30,31.84,0.01,61.26,139.1,29901584.53
1160,0,0,30,31.84,0.01,61.26,139.1,29901584.53
1160,0,0,30,31.84,0.01,61.26,139.1,29901584.53
1160,0,0,30,31.84,0.01,61.26,139.1,29901584.53
1160,0,0,30,31.84,0.01,61.26,139.1,29901584.53
1160,0,0,30,31.84,0.01,61.26,139.1,29901584.53
1160,0,0,30,31.84,0.01,61.26,139.1,29901584.53
1160,0,0,30,31.84,0.01,61.26,139.1,29901584.53
1160,0,0,30,31.84,0.01,61.26,139.1,29901584.53
1160,0,0,30,31.84,0.01,61.26,139.1,29901584.53
1160,0,0,30,31.84,0.01,61.26,139.1,29901584.53
1160,0,0,30,31.84,0.01,61.26,139.1,29901584.53
1160,0,0,30,31.84,0.01,61.26,139.1,29901584.53
1160,0,0,30,31.84,0.01,61.26,139.1,29901584.53
1160,0,0,30,31.84,0.01,61.26,139.1,29901584.53
1160,0,0,30,31.84,0.01,61.26,139.1,29901584.53
1160,0,0,30,31.84,0.01,61.26,139.1,29901584.53
1160,0,0,30,31.84,0.01,61.26,139.1,29901584.53
1160,0,0,30,31.84,0.01,61.26,139.1,29901584.53
1160,0,0,30,31.84,0.01,61.26,139.1,29901584.53
1160,0,0,30,31.84,0.01,61.26,139.1,29901584.53
1160,0,0,30,31.84,0.01,61.26,139.1,29901584.53
1160,0,0,30,31.84,0.01,61.26,139.1,29901584.53
1160,0,0,30,31.84,0.01,61.26,139.1,29901584.53
1160,0,0,30,31.84,0.01,61.26,139.1,29901584.53
1160,0,0,30,31.84,0.01,61.26,139.1,29901584.53
1444,0,0,8,31.8,0.01,64.1,141.09,34021818.89
1204,0,0,12,29.75,0.01,59.28,145.69,32045537.4
1172,0,0,24,33.33,0.01,59.16,140.44,30073952.1
1160,0,0,30,31.84,0.01,61.26,139.1,29901584.53
1160,0,0,30,31.84,0.01,61.26,139.1,29901584.53
1160,0,0,30,31.84,0.01,61.26,139.1,29901584.53
1160,0,0,30,31.84,0.01,61.26,139.1,29901584.53
1160,0,0,30,31.84,0.01,61.26,139.1,29901584.53
1160,0,0,30,31.84,0.01,61.26,139.1,29901584.53
1160,0,0,30,31.84,0.01,61.26,139.1,29901584.53
1160,0,0,30,31.84,0.01,61.26,139.1,29901584.53
1160,0,0,30,31.84,0.01,61.26,139.1,29901584.53
1160,0,0,30,31.84,0.01,61.26,139.1,29901584.53
1160,0,0,30,31.84,0.01,61.26,139.1,29901584.53
1160,0,0,30,31.84,0.01,61.26,139.1,29901584.53
1160,0,0,30,31.84,0.01,61.26,139.1,29901584.53
1160,0,0,30,31.84,0.01,61.26,139.1,29901584.53
1160,0,0,30,31.84,0.01,61.26,139.1,29901584.53
1160,0,0,30,31.84,0.01,61.26,139.1,29901584.53
1160,0,0,30,31.84,0.01,61.26,139.1,29901584.53
1160,0,0,30,31.84,0.01,61.26,139.1,29901584.53
1160,0,0,30,31.84,0.01,61.26,139.1,29901584.53
1160,0,0,30,31.84,0.01,61.26,139.1,29901584.53
1160,0,0,30,31.84,0.01,61.26,139.1,29901584.53
1160,0,0,30,31.84,0.01,61.26,139.1,29901584.53
1160,0,0,30,31.84,0.01,61.26,139.1,29901584.53
1160,0,0,30,31.84,0.01,61.26,139.1,29901584.53
1160,0,0,30,31.84,0.01,61.26,139.1,29901584.53
1160,0,0,30,31.84,0.01,61.26,139.1,29901584.53
1160,0,0,30,31.84,0.01,61.26,139.1,29901584.53
1160,0,0,30,31.84,0.01,61.26,139.1,29901584.53
1160,0,0,30,31.84,0.01,61.26,139.1,29901584.53
1160,0,0,30,31.84,0.01,61.26,139.1,29901584.53
1160,0,0,30,31.84,0.01,61.26,139.1,29901584.53
1160,0,0,30,31.84,0.01,61.26,139.1,29901584.53
1160,0,0,30,31.84,0.01,61.26,139.1,29901584.53
1160,0,0,30,31.84,0.01,61.26,139.1,29901584.53
1160,0,0,30,31.84,0.01,61.26,139.1,29901584.53
1160,0,0,30,31.84,0.01,61.26,139.1,29901584.53
1160,0,0,30,31.84,0.01,61.26,139.1,29901584.53
1160,0,0,30,31.84,0.01,61.26,139.1,29901584.53
1160,0,0,30,31.84,0.01,61.26,139.1,29901584.53
1160,0,0,30,31.84,0.01,61.26,139.1,29901584.53
1160,0,0,30,31.84,0.01,61.26,139.1,29901584.53
1160,0,0,30,31.84,0.01,61.26,139.1,29901584.53
1160,0,0,30,31.84,0.01,61.26,139.1,29901584.53
1160,0,0,30,31.84,0.01,61.26,139.1,29901584.53
1160,0,0,30,31.84,0.01,61.26,139.1,29901584.53
1160,0,0,30,31.84,0.01,61.26,139.1,29901584.53
1160,0,0,30,31.84,0.01,61.26,139.1,29901584.53
1160,0,0,30,31.84,0.01,61.26,139.1,29901584.53
1160,0,0,30,31.84,0.01,61.26,139.1,29901584.53
1160,0,0,30,31.84,0.01,61.26,139.1,29901584.53
1160,0,0,30,31.84,0.01,61.26,139.1,29901584.53
1160,0,0,30,31.84,0.01,61.26,139.1,29901584.53
1160,0,0,30,31.84,0.01,61.26,139.1,29901584.53
1444,0,0,8,31.8,0.01,64.1,141.09,34021818.89
1204,0,0,12,29.75,0.01,59.28,145.69,32045537.4
1172,0,0,24,33.33,0.01,59.16,140.44,30073952.1
1160,0,0,30,31.84,0.01,61.26,139.1,29901584.53
1160,0,0,30,31.84,0.01,61.26,139.1,29901584.53
1160,0,0,30,31.84,0.01,61.26,139.1,29901584.53
1160,0,0,30,31.84,0.01,61.26,139.1,29901584.53
1160,0,0,30,31.84,0.01,61.26,139.1,29901584.53
1160,0,0,30,31.84,0.01,61.26,139.1,29901584.53
1160,0,0,30,31.84,0.01,61.26,139.1,29901584.53
1160,0,0,30,31.84,0.01,61.26,139.1,29901584.53
1160,0,0,30,31.84,0.01,61.26,139.1,29901584.53
1160,0,0,30,31.84,0.01,61.26,139.1,29901584.53
1160,0,0,30,31.84,0.01,61.26,139.1,29901584.53
1160,0,0,30,31.84,0.01,61.26,139.1,29901584.53
1160,0,0,30,31.84,0.01,61.26,139.1,29901584.53
1160,0,0,30,31.84,0.01,61.26,139.1,29901584.53
1160,0,0,30,31.84,0.01,61.26,139.1,29901584.53
1160,0,0,30,31.84,0.01,61.26,139.1,29901584.53
1160,0,0,30,31.84,0.01,61.26,139.1,29901584.53
1160,0,0,30,31.84,0.01,61.26,139.1,29901584.53
1160,0,0,30,31.84,0.01,61.26,139.1,29901584.53
1160,0,0,30,31.84,0.01,61.26,139.1,29901584.53
1160,0,0,30,31.84,0.01,61.26,139.1,29901584.53
1160,0,0,30,31.84,0.01,61.26,139.1,29901584.53
1160,0,0,30,31.84,0.01,61.26,139.1,29901584.53
1160,0,0,30,31.84,0.01,61.26,139.1,29901584.53
1160,0,0,30,31.84,0.01,61.26,139.1,29901584.53
1160,0,0,30,31.84,0.01,61.26,139.1,29901584.53
1160,0,0,30,31.84,0.01,61.26,139.1,29901584.53
1160,0,0,30,31.84,0.01,61.26,139.1,29901584.53
1160,0,0,30,31.84,0.01,61.26,139.1,29901584.53
1160,0,0,30,31.84,0.01,61.26,139.1,29901584.53
1160,0,0,30,31.84,0.01,61.26,139.1,29901584.53
1160,0,0,30,31.84,0.01,61.26,139.1,29901584.53
1160,0,0,30,31.84,0.01,61.26,139.1,29901584.53
1160,0,0,30,31.84,0.01,61.26,139.1,29901584.53
1160,0,0,30,31.84,0.01,61.26,139.1,29901584.53
1160,0,0,30,31.84,0.01,61.26,139.1,29901584.53
1160,0,0,30,31.84,0.01,61.26,139.1,29901584.53
1160,0,0,30,31.84,0.01,61.26,139.1,29901584.53
1160,0,0,30,31.84,0.01,61.26,139.1,29901584.53
1160,0,0,30,31.84,0.01,61.26,139.1,29901584.53
1160,0,0,30,31.84,0.01,61.26,139.1,29901584.53
1160,0,0,30,31.84,0.01,61.26,139.1,29901584.53
1160,0,0,30,31.84,0.01,61.26,139.1,29901584.53
1160,0,0,30,31.84,0.01,61.26,139.1,29901584.53
1160,0,0,30,31.84,0.01,61.26,139.1,29901584.53
1160,0,0,30,31.84,0.01,61.26,139.1,29901584.53
1160,0,0,30,31.84,0.01,61.26,139.1,29901584.53
1160,0,0,30,31.84,0.01,61.26,139.1,29901584.53
1160,0,0,30,31.84,0.01,61.26,139.1,29901584.53
1160,0,0,30,31.84,0.01,61.26,139.1,29901584.53
1160,0,0,30,31.84,0.01,61.26,139.1,29901584.53
1160,0,0,30,31.84,0.01,61.26,139.1,29901584.53
1160,0,0,30,31.84,0.01,61.26,139.1,29901584.53
1444,0,0,8,31.8,0.01,64.1,141.09,34021818.89
1204,0,0,12,29.75,0.01,59.28,145.69,32045537.4
1172,0,0,24,33.33,0.01,59.16,140.44,30073952.1
1160,0,0,30,31.84,0.01,61.26,139.1,29901584.53
1160,0,0,30,31.84,0.01,61.26,139.1,29901584.53
1160,0,0,30,31.84,0.01,61.26,139.1,29901584.53
1160,0,0,30,31.84,0.01,61.26,139.1,29901584.53
1160,0,0,30,31.84,0.01,61.26,139.1,29901584.53
1160,0,0,30,31.84,0.01,61.26,139.1,29901584.53
1160,0,0,30,31.84,0.01,61.26,139.1,29901584.53
1160,0,0,30,31.84,0.01,61.26,139.1,29901584.53
1160,0,0,30,31.84,0.01,61.26,139.1,29901584.53
1160,0,0,30,31.84,0.01,61.26,139.1,29901584.53
1160,0,0,30,31.84,0.01,61.26,139.1,29901584.53
1160,0,0,30,31.84,0.01,61.26,139.1,29901584.53
1160,0,0,30,31.84,0.01,61.26,139.1,29901584.53
1160,0,0,30,31.84,0.01,61.26,139.1,29901584.53
1160,0,0,30,31.84,0.01,61.26,139.1,29901584.53
1160,0,0,30,31.84,0.01,61.26,139.1,29901584.53
1160,0,0,30,31.84,0.01,61.26,139.1,29901584.53
1160,0,0,30,31.84,0.01,61.26,139.1,29901584.53
1160,0,0,30,31.84,0.01,61.26,139.1,29901584.53
1160,0,0,30,31.84,0.01,61.26,139.1,29901584.53
1160,0,0,30,31.84,0.01,61.26,139.1,29901584.53
1160,0,0,30,31.84,0.01,61.26,139.1,29901584.53
1160,0,0,30,31.84,0.01,61.26,139.1,29901584.53
1160,0,0,30,31.84,0.01,61.26,139.1,29901584.53
1160,0,0,30,31.84,0.01,61.26,139.1,29901584.53
1160,0,0,30,31.84,0.01,61.26,139.1,29901584.53
1160,0,0,30,31.84,0.01,61.26,139.1,29901584.53
1160,0,0,30,31.84,0.01,61.26,139.1,29901584.53
1160,0,0,30,31.84,0.01,61.26,139.1,29901584.53
1160,0,0,30,31.84,0.01,61.26,139.1,29901584.53
1160,0,0,30,31.84,0.01,61.26,139.1,29901584.53
1160,0,0,30,31.84,0.01,61.26,139.1,29901584.53
1160,0,0,30,31.84,0.01,61.26,139.1,29901584.53
1160,0,0,30,31.84,0.01,61.26,139.1,29901584.53
1160,0,0,30,31.84,0.01,61.26,139.1,29901584.53
1160,0,0,30,31.84,0.01,61.26,139.1,29901584.53
1160,0,0,30,31.84,0.01,61.26,139.1,29901584.53
1160,0,0,30,31.84,0.01,61.26,139.1,29901584.53
1160,0,0,30,31.84,0.01,61.26,139.1,29901584.53
1160,0,0,30,31.84,0.01,61.26,139.1,29901584.53
1160,0,0,30,31.84,0.01,61.26,139.1,29901584.53
1160,0,0,30,31.84,0.01,61.26,139.1,29901584.53
1160,0,0,30,31.84,0.01,61.26,139.1,29901584.53
1160,0,0,30,31.84,0.01,61.26,139.1,29901584.53
1160,0,0,30,31.84,0.01,61.26,139.1,29901584.53
1160,0,0,30,31.84,0.01,61.26,139.1,29901584.53
1160,0,0,30,31.84,0.01,61.26,139.1,29901584.53
1160,0,0,30,31.84,0.01,61.26,139.1,29901584.53
1160,0,0,30,31.84,0.01,61.26,139.1,29901584.53
1160,0,0,30,31.84,0.01,61.26,139.1,29901584.53
1160,0,0,30,31.84,0.01,61.26,139.1,29901584.53
1160,0,0,30,31.84,0.01,61.26,139.1,29901584.53
1160,0,0,30,31.84,0.01,61.26,139.1,29901584.53
1444,0,0,8,31.8,0.01,64.1,141.09,34021818.89
1204,0,0,12,29.75,0.01,59.28,145.69,32045537.4
1172,0,0,24,33.33,0.01,59.16,140.44,30073952.1
1160,0,0,30,31.84,0.01,61.26,139.1,29901584.53
1160,0,0,30,31.84,0.01,61.26,139.1,29901584.53
1160,0,0,30,31.84,0.01,61.26,139.1,29901584.53
1160,0,0,30,31.84,0.01,61.26,139.1,29901584.53
1160,0,0,30,31.84,0.01,61.26,139.1,29901584.53
1160,0,0,30,31.84,0.01,61.26,139.1,29901584.53
1160,0,0,30,31.84,0.01,61.26,139.1,29901584.53
1160,0,0,30,31.84,0.01,61.26,139.1,29901584.53
1160,0,0,30,31.84,0.01,61.26,139.1,29901584.53
1160,0,0,30,31.84,0.01,61.26,139.1,29901584.53
1160,0,0,30,31.84,0.01,61.26,139.1,29901584.53
1160,0,0,30,31.84,0.01,61.26,139.1,29901584.53
1160,0,0,30,31.84,0.01,61.26,139.1,29901584.53
1160,0,0,30,31.84,0.01,61.26,139.1,29901584.53
1160,0,0,30,31.84,0.01,61.26,139.1,29901584.53
1160,0,0,30,31.84,0.01,61.26,139.1,29901584.53
1160,0,0,30,31.84,0.01,61.26,139.1,29901584.53
1160,0,0,30,31.84,0.01,61.26,139.1,29901584.53
1160,0,0,30,31.84,0.01,61.26,139.1,29901584.53
1160,0,0,30,31.84,0.01,61.26,139.1,29901584.53
1160,0,0,30,31.84,0.01,61.26,139.1,29901584.53
1160,0,0,30,31.84,0.01,61.26,139.1,29901584.53
1160,0,0,30,31.84,0.01,61.26,139.1,29901584.53
1160,0,0,30,31.84,0.01,61.26,139.1,29901584.53
1160,0,0,30,31.84,0.01,61.26,139.1,29901584.53
1160,0,0,30,31.84,0.01,61.26,139.1,29901584.53
1160,0,0,30,31.84,0.01,61.26,139.1,29901584.53
1160,0,0,30,31.84,0.01,61.26,139.1,29901584.53
1160,0,0,30,31.84,0.01,61.26,139.1,29901584.53
1160,0,0,30,31.84,0.01,61.26,139.1,29901584.53
1160,0,0,30,31.84,0.01,61.26,139.1,29901584.53
1160,0,0,30,31.84,0.01,61.26,139.1,29901584.53
1160,0,0,30,31.84,0.01,61.26,139.1,29901584.53
1160,0,0,30,31.84,0.01,61.26,139.1,29901584.53
1160,0,0,30,31.84,0.01,61.26,139.1,29901584.53
1160,0,0,30,31.84,0.01,61.26,139.1,29901584.53
1160,0,0,30,31.84,0.01,61.26,139.1,29901584.53
1160,0,0,30,31.84,0.01,61.26,139.1,29901584.53
1160,0,0,30,31.84,0.01,61.26,139.1,29901584.53
1160,0,0,30,31.84,0.01,61.26,139.1,29901584.53
1160,0,0,30,31.84,0.01,61.26,139.1,29901584.53
1160,0,0,30,31.84,0.01,61.26,139.1,29901584.53
1160,0,0,30,31.84,0.01,61.26,139.1,29901584.53
1160,0,0,30,31.84,0.01,61.26,139.1,29901584.53
1160,0,0,30,31.84,0.01,61.26,139.1,29901584.53
1160,0,0,30,31.84,0.01,61.26,139.1,29901584.53
1160,0,0,30,31.84,0.01,61.26,139.1,29901584.53
1160,0,0,30,31.84,0.01,61.26,139.1,29901584.53
1160,0,0,30,31.84,0.01,61.26,139.1,29901584.53
1160,0,0,30,31.84,0.01,61.26,139.1,29901584.53
1160,0,0,30,31.84,0.01,61.26,139.1,29901584.53
1160,0,0,30,31.84,0.01,61.26,139.1,29901584.53
1160,0,0,30,31.84,0.01,61.26,139.1,29901584.53
1444,0,0,8,31.8,0.01,64.1,141.09,34021818.89
1204,0,0,12,29.75,0.01,59.28,145.69,32045537.4
1172,0,0,24,33.33,0.01,59.16,140.44,30073952.1
1160,0,0,30,31.84,0.01,61.26,139.1,29901584.53
1160,0,0,30,31.84,0.01,61.26,139.1,29901584.53
1160,0,0,30,31.84,0.01,61.26,139.1,29901584.53
1160,0,0,30,31.84,0.01,61.26,139.1,29901584.53
1160,0,0,30,31.84,0.01,61.26,139.1,29901584.53
1160,0,0,30,31.84,0.01,61.26,139.1,29901584.53
1160,0,0,30,31.84,0.01,61.26,139.1,29901584.53
1160,0,0,30,31.84,0.01,61.26,139.1,29901584.53
1160,0,0,30,31.84,0.01,61.26,139.1,29901584.53
1160,0,0,30,31.84,0.01,61.26,139.1,29901584.53
1160,0,0,30,31.84,0.01,61.26,139.1,29901584.53
1160,0,0,30,31.84,0.01,61.26,139.1,29901584.53
1160,0,0,30,31.84,0.01,61.26,139.1,29901584.53
1160,0,0,30,31.84,0.01,61.26,139.1,29901584.53
1160,0,0,30,31.84,0.01,61.26,139.1,29901584.53
1160,0,0,30,31.84,0.01,61.26,139.1,29901584.53
1160,0,0,30,31.84,0.01,61.26,139.1,29901584.53
1160,0,0,30,31.84,0.01,61.26,139.1,29901584.53
1160,0,0,30,31.84,0.01,61.26,139.1,29901584.53
1160,0,0,30,31.84,0.01,61.26,139.1,29901584.53
1160,0,0,30,31.84,0.01,61.26,139.1,29901584.53
1160,0,0,30,31.84,0.01,61.26,139.1,29901584.53
1160,0,0,30,31.84,0.01,61.26,139.1,29901584.53
1160,0,0,30,31.84,0.01,61.26,139.1,29901584.53
1160,0,0,30,31.84,0.01,61.26,139.1,29901584.53
1160,0,0,30,31.84,0.01,61.26,139.1,29901584.53
1160,0,0,30,31.84,0.01,61.26,139.1,29901584.53
1160,0,0,30,31.84,0.01,61.26,139.1,29901584.53
1160,0,0,30,31.84,0.01,61.26,139.1,29901584.53
1160,0,0,30,31.84,0.01,61.26,139.1,29901584.53
1160,0,0,30,31.84,0.01,61.26,139.1,29901584.53
1160,0,0,30,31.84,0.01,61.26,139.1,29901584.53
1160,0,0,30,31.84,0.01,61.26,139.1,29901584.53
1160,0,0,30,31.84,0.01,61.26,139.1,29901584.53
1160,0,0,30,31.84,0.01,61.26,139.1,29901584.53
1160,0,0,30,31.84,0.01,61.26,139.1,29901584.53
1160,0,0,30,31.84,0.01,61.26,139.1,29901584.53
1160,0,0,30,31.84,0.01,61.26,139.1,29901584.53
1160,0,0,30,31.84,0.01,61.26,139.1,29901584.53
1160,0,0,30,31.84,0.01,61.26,139.1,29901584.53
1160,0,0,30,31.84,0.01,61.26,139.1,29901584.53
1160,0,0,30,31.84,0.01,61.26,139.1,29901584.53
1160,0,0,30,31.84,0.01,61.26,139.1,29901584.53
1160,0,0,30,31.84,0.01,61.26,139.1,29901584.53
1160,0,0,30,31.84,0.01,61.26,139.1,29901584.53
1160,0,0,30,31.84,0.01,61.26,139.1,29901584.53
1160,0,0,30,31.84,0.01,61.26,139.1,29901584.53
1160,0,0,30,31.84,0.01,61.26,139.1,29901584.53
1160,0,0,30,31.84,0.01,61.26,139.1,29901584.53
1160,0,0,30,31.84,0.01,61.26,139.1,29901584.53
1160,0,0,30,31.84,0.01,61.26,139.1,29901584.53
1160,0,0,30,31.84,0.01,61.26,139.1,29901584.53
1160,0,0,30,31.84,0.01,61.26,139.1,29901584.53
1444,0,0,8,31.8,0.01,64.1,141.09,34021818.89
1204,0,0,12,29.75,0.01,59.28,145.69,32045537.4
1172,0,0,24,33.33,0.01,59.16,140.44,30073952.1
1160,0,0,30,31.84,0.01,61.26,139.1,29901584.53
1160,0,0,30,31.84,0.01,61.26,139.1,29901584.53
1160,0,0,30,31.84,0.01,61.26,139.1,29901584.53
1160,0,0,30,31.84,0.01,61.26,139.1,29901584.53
1160,0,0,30,31.84,0.01,61.26,139.1,29901584.53
1160,0,0,30,31.84,0.01,61.26,139.1,29901584.53
1160,0,0,30,31.84,0.01,61.26,139.1,29901584.53
1160,0,0,30,31.84,0.01,61.26,139.1,29901584.53
1160,0,0,30,31.84,0.01,61.26,139.1,29901584.53
1160,0,0,30,31.84,0.01,61.26,139.1,29901584.53
1160,0,0,30,31.84,0.01,61.26,139.1,29901584.53
1160,0,0,30,31.84,0.01,61.26,139.1,29901584.53
1160,0,0,30,31.84,0.01,61.26,139.1,29901584.53
1160,0,0,30,31.84,0.01,61.26,139.1,29901584.53
1160,0,0,30,31.84,0.01,61.26,139.1,29901584.53
1160,0,0,30,31.84,0.01,61.26,139.1,29901584.53
1160,0,0,30,31.84,0.01,61.26,139.1,29901584.53
1160,0,0,30,31.84,0.01,61.26,139.1,29901584.53
1160,0,0,30,31.84,0.01,61.26,139.1,29901584.53
1160,0,0,30,31.84,0.01,61.26,139.1,29901584.53
1160,0,0,30,31.84,0.01,61.26,139.1,29901584.53
1160,0,0,30,31.84,0.01,61.26,139.1,29901584.53
1160,0,0,30,31.84,0.01,61.26,139.1,29901584.53
1160,0,0,30,31.84,0.01,61.26,139.1,29901584.53
1160,0,0,30,31.84,0.01,61.26,139.1,29901584.53
1160,0,0,30,31.84,0.01,61.26,139.1,29901584.53
1160,0,0,30,31.84,0.01,61.26,139.1,29901584.53
1160,0,0,30,31.84,0.01,61.26,139.1,29901584.53
1160,0,0,30,31.84,0.01,61.26,139.1,29901584.53
1160,0,0,30,31.84,0.01,61.26,139.1,29901584.53
1160,0,0,30,31.84,0.01,61.26,139.1,29901584.53
1160,0,0,30,31.84,0.01,61.26,139.1,29901584.53
1160,0,0,30,31.84,0.01,61.26,139.1,29901584.53
1160,0,0,30,31.84,0.01,61.26,139.1,29901584.53
1160,0,0,30,31.84,0.01,61.26,139.1,29901584.53
1160,0,0,30,31.84,0.01,61.26,139.1,29901584.53
1160,0,0,30,31.84,0.01,61.26,139.1,29901584.53
1160,0,0,30,31.84,0.01,61.26,139.1,29901584.53
1160,0,0,30,31.84,0.01,61.26,139.1,29901584.53
1160,0,0,30,31.84,0.01,61.26,139.1,29901584.53
1160,0,0,30,31.84,0.01,61.26,139.1,29901584.53
1160,0,0,30,31.84,0.01,61.26,139.1,29901584.53
1160,0,0,30,31.84,0.01,61.26,139.1,29901584.53
1160,0,0,30,31.84,0.01,61.26,139.1,29901584.53
1160,0,0,30,31.84,0.01,61.26,139.1,29901584.53
1160,0,0,30,31.84,0.01,61.26,139.1,29901584.53
1160,0,0,30,31.84,0.01,61.26,139.1,29901584.53
1160,0,0,30,31.84,0.01,61.26,139.1,29901584.53
1160,0,0,30,31.84,0.01,61.26,139.1,29901584.53
1160,0,0,30,31.84,0.01,61.26,139.1,29901584.53
1160,0,0,30,31.84,0.01,61.26,139.1,29901584.53
1160,0,0,30,31.84,0.01,61.26,139.1,29901584.53
1160,0,0,30,31.84,0.01,61.26,139.1,29901584.53
1444,0,0,8,31.8,0.01,64.1,141.09,34021818.89
1204,0,0,12,29.75,0.01,59.28,145.69,32045537.4
1172,0,0,24,33.33,0.01,59.16,140.44,30073952.1
1160,0,0,30,31.84,0.01,61.26,139.1,29901584.53
1160,0,0,30,31.84,0.01,61.26,139.1,29901584.53
1160,0,0,30,31.84,0.01,61.26,139.1,29901584.53
1160,0,0,30,31.84,0.01,61.26,139.1,29901584.53
1160,0,0,30,31.84,0.01,61.26,139.1,29901584.53
1160,0,0,30,31.84,0.01,61.26,139.1,29901584.53
1160,0,0,30,31.84,0.01,61.26,139.1,29901584.53
1160,0,0,30,31.84,0.01,61.26,139.1,29901584.53
1160,0,0,30,31.84,0.01,61.26,139.1,29901584.53
1160,0,0,30,31.84,0.01,61.26,139.1,29901584.53
1160,0,0,30,31.84,0.01,61.26,139.1,29901584.53
1160,0,0,30,31.84,0.01,61.26,139.1,29901584.53
1160,0,0,30,31.84,0.01,61.26,139.1,29901584.53
1160,0,0,30,31.84,0.01,61.26,139.1,29901584.53
1160,0,0,30,31.84,0.01,61.26,139.1,29901584.53
1160,0,0,30,31.84,0.01,61.26,139.1,29901584.53
1160,0,0,30,31.84,0.01,61.26,139.1,29901584.53
1160,0,0,30,31.84,0.01,61.26,139.1,29901584.53
1160,0,0,30,31.84,0.01,61.26,139.1,29901584.53
1160,0,0,30,31.84,0.01,61.26,139.1,29901584.53
1160,0,0,30,31.84,0.01,61.26,139.1,29901584.53
1160,0,0,30,31.84,0.01,61.26,139.1,29901584.53
1160,0,0,30,31.84,0.01,61.26,139.1,29901584.53
1160,0,0,30,31.84,0.01,61.26,139.1,29901584.53
1160,0,0,30,31.84,0.01,61.26,139.1,29901584.53
1160,0,0,30,31.84,0.01,61.26,139.1,29901584.53
1160,0,0,30,31.84,0.01,61.26,139.1,29901584.53
1160,0,0,30,31.84,0.01,61.26,139.1,29901584.53
1160,0,0,30,31.84,0.01,61.26,139.1,29901584.53
1160,0,0,30,31.84,0.01,61.26,139.1,29901584.53
1160,0,0,30,31.84,0.01,61.26,139.1,29901584.53
1160,0,0,30,31.84,0.01,61.26,139.1,29901584.53
1160,0,0,30,31.84,0.01,61.26,139.1,29901584.53
1160,0,0,30,31.84,0.01,61.26,139.1,29901584.53
1160,0,0,30,31.84,0.01,61.26,139.1,29901584.53
1160,0,0,30,31.84,0.01,61.26,139.1,29901584.53
1160,0,0,30,31.84,0.01,61.26,139.1,29901584.53
1160,0,0,30,31.84,0.01,61.26,139.1,29901584.53
1160,0,0,30,31.84,0.01,61.26,139.1,29901584.53
1160,0,0,30,31.84,0.01,61.26,139.1,29901584.53
1160,0,0,30,31.84,0.01,61.26,139.1,29901584.53
1160,0,0,30,31.84,0.01,61.26,139.1,29901584.53
1160,0,0,30,31.84,0.01,61.26,139.1,29901584.53
1160,0,0,30,31.84,0.01,61.26,139.1,29901584.53
1160,0,0,30,31.84,0.01,61.26,139.1,29901584.53
1160,0,0,30,31.84,0.01,61.26,139.1,29901584.53
1160,0,0,30,31.84,0.01,61.26,139.1,29901584.53
1160,0,0,30,31.84,0.01,61.26,139.1,29901584.53
1160,0,0,30,31.84,0.01,61.26,139.1,29901584.53
1160,0,0,30,31.84,0.01,61.26,139.1,29901584.53
1160,0,0,30,31.84,0.01,61.26,139.1,29901584.53
1160,0,0,30,31.84,0.01,61.26,139.1,29901584.53
1160,0,0,30,31.84,0.01,61.26,139.1,29901584.53
0,8,8,0,3117.89,0.27,68.16,3717.89,10103656.69
0,8,16,0,2015.91,0.19,72.49,2615.91,10702879.88
0,8,24,0,741.77,0.09,49.76,1341.77,9188160.69
0,8,32,0,444.17,0.07,48.52,1044.17,9185403.99
0,8,40,0,246.54,0.06,47.27,846.54,9300892.79
0,8,48,0,117.16,0.05,46.77,717.16,9273354.42
0,8,56,0,45.39,0.04,46.66,625.46,9270634.97
0,8,64,0,45.39,0.04,46.84,557.76,9286377.03
0,8,72,0,45.39,0.03,47.01,503.55,9300994.29
0,8,80,0,45.39,0.03,46.84,455.98,9292147.44
0,8,88,0,45.39,0.03,46.62,415.88,9279257.95
0,8,96,0,45.39,0.03,47.28,389.2,9325582.61
0,8,104,0,45.39,0.02,46.5,355.35,9274197.53
0,8,112,0,45.39,0.02,51.11,364.44,9607020.32
0,8,128,0,45.39,0.02,47.13,296.41,9319971.58
0,8,144,0,45.39,0.02,47.23,265.72,9328646.32
0,8,160,0,45.39,0.01,47.89,243.68,9374262.57
0,8,176,0,45.39,0.02,57.69,268.0,10064347.57
0,8,192,0,45.39,0.01,47.84,204.44,9373408.85
0,8,208,0,45.39,0.01,48.46,191.72,9416365.22
0,8,224,0,45.39,0.01,49.08,180.74,9458829.47
0,8,240,0,45.39,0.01,49.04,168.92,9456681.84
0,8,256,0,45.39,0.01,49.31,159.56,9475886.41
0,8,288,0,45.39,0.01,49.95,144.14,9520549.55
0,8,304,0,45.39,0.01,50.29,137.65,9543636.64
0,8,319,0,45.39,0.01,50.7,132.02,9561951.77
0,8,323,0,45.39,0.01,51.19,130.11,9553749.09
0,8,323,0,45.39,0.01,51.19,130.11,9553749.09
0,8,323,0,45.39,0.01,51.19,130.11,9553749.09
0,8,323,0,45.39,0.01,51.19,130.11,9553749.09
0,8,323,0,45.39,0.01,51.19,130.11,9553749.09
0,8,323,0,45.39,0.01,51.19,130.11,9553749.09
0,8,323,0,45.39,0.01,51.19,130.11,9553749.09
0,8,323,0,45.39,0.01,51.19,130.11,9553749.09
0,8,323,0,45.39,0.01,51.19,130.11,9553749.09
0,8,323,0,45.39,0.01,51.19,130.11,9553749.09
0,8,323,0,45.39,0.01,51.19,130.11,9553749.09
0,8,323,0,45.39,0.01,51.19,130.11,9553749.09
0,8,323,0,45.39,0.01,51.19,130.11,9553749.09
0,8,323,0,45.39,0.01,51.19,130.11,9553749.09
0,8,323,0,45.39,0.01,51.19,130.11,9553749.09
0,8,323,0,45.39,0.01,51.19,130.11,9553749.09
0,8,323,0,45.39,0.01,51.19,130.11,9553749.09
0,8,323,0,45.39,0.01,51.19,130.11,9553749.09
0,8,323,0,45.39,0.01,51.19,130.11,9553749.09
0,8,323,0,45.39,0.01,51.19,130.11,9553749.09
0,8,323,0,45.39,0.01,51.19,130.11,9553749.09
0,8,323,0,45.39,0.01,51.19,130.11,9553749.09
0,8,323,0,45.39,0.01,51.19,130.11,9553749.09
0,8,323,0,45.39,0.01,51.19,130.11,9553749.09
0,8,323,0,45.39,0.01,51.19,130.11,9553749.09
0,8,323,0,45.39,0.01,51.19,130.11,9553749.09
0,8,323,0,45.39,0.01,51.19,130.11,9553749.09
0,8,323,0,45.39,0.01,51.19,130.11,9553749.09
0,8,323,0,45.39,0.01,51.19,130.11,9553749.09
0,8,323,0,45.39,0.01,51.19,130.11,9553749.09
0,16,8,0,2019.67,0.19,71.49,2619.67,10163432.86
0,16,16,0,746.75,0.09,49.38,1346.75,8878540.99
0,16,24,0,479.36,0.08,49.7,1079.36,9247779.63
0,16,32,0,292.64,0.06,49.47,892.64,9161515.81
0,16,40,0,173.08,0.05,50.1,773.08,9488433.17
0,16,48,0,54.5,0.04,48.55,654.5,9386021.04
0,16,56,0,43.75,0.04,51.39,615.02,9774374.64
0,16,64,0,43.75,0.04,50.14,539.56,9747318.21
0,16,72,0,43.75,0.03,50.88,497.27,9757053.78
0,16,80,0,43.75,0.03,50.15,449.0,9750548.98
0,16,88,0,43.75,0.03,49.55,409.25,9707230.74
0,16,96,0,43.75,0.03,51.27,393.03,9830972.07
0,16,104,0,43.75,0.02,48.92,349.91,9666900.36
0,16,112,0,43.75,0.02,49.63,332.64,9720500.89
0,16,128,0,43.75,0.02,49.87,296.95,9737190.39
0,16,144,0,43.75,0.02,48.85,261.65,9666833.58
0,16,160,0,43.75,0.01,49.78,242.28,9732136.37
0,16,176,0,43.75,0.02,59.34,264.63,10404597.11
0,16,192,0,43.75,0.01,49.29,202.86,9698597.73
0,16,208,0,43.75,0.01,49.38,188.67,9706200.23
0,16,224,0,43.75,0.01,49.87,177.81,9740087.09
0,16,240,0,43.75,0.01,49.65,165.93,9725488.75
0,16,256,0,43.75,0.01,49.84,156.74,9738592.23
0,16,288,0,43.75,0.01,50.28,141.43,9768758.75
0,16,304,0,43.75,0.01,50.52,134.99,9785591.68
0,16,318,0,43.75,0.01,51.17,130.2,9809199.69
0,16,318,0,43.75,0.01,51.17,130.2,9809199.69
0,16,318,0,43.75,0.01,51.17,130.2,9809199.69
0,16,318,0,43.75,0.01,51.17,130.2,9809199.69
0,16,318,0,43.75,0.01,51.17,130.2,9809199.69
0,16,318,0,43.75,0.01,51.17,130.2,9809199.69
0,16,318,0,43.75,0.01,51.17,130.2,9809199.69
0,16,318,0,43.75,0.01,51.17,130.2,9809199.69
0,16,318,0,43.75,0.01,51.17,130.2,9809199.69
0,16,318,0,43.75,0.01,51.17,130.2,9809199.69
0,16,318,0,43.75,0.01,51.17,130.2,9809199.69
0,16,318,0,43.75,0.01,51.17,130.2,9809199.69
0,16,318,0,43.75,0.01,51.17,130.2,9809199.69
0,16,318,0,43.75,0.01,51.17,130.2,9809199.69
0,16,318,0,43.75,0.01,51.17,130.2,9809199.69
0,16,318,0,43.75,0.01,51.17,130.2,9809199.69
0,16,318,0,43.75,0.01,51.17,130.2,9809199.69
0,16,318,0,43.75,0.01,51.17,130.2,9809199.69
0,16,318,0,43.75,0.01,51.17,130.2,9809199.69
0,16,318,0,43.75,0.01,51.17,130.2,9809199.69
0,16,318,0,43.75,0.01,51.17,130.2,9809199.69
0,16,318,0,43.75,0.01,51.17,130.2,9809199.69
0,16,318,0,43.75,0.01,51.17,130.2,9809199.69
0,16,318,0,43.75,0.01,51.17,130.2,9809199.69
0,16,318,0,43.75,0.01,51.17,130.2,9809199.69
0,16,318,0,43.75,0.01,51.17,130.2,9809199.69
0,16,318,0,43.75,0.01,51.17,130.2,9809199.69
0,16,318,0,43.75,0.01,51.17,130.2,9809199.69
0,16,318,0,43.75,0.01,51.17,130.2,9809199.69
0,16,318,0,43.75,0.01,51.17,130.2,9809199.69
0,16,318,0,43.75,0.01,51.17,130.2,9809199.69
0,24,8,0,781.59,0.1,50.07,1381.59,8631992.55
0,24,16,0,559.34,0.08,52.89,1159.34,9202712.65
0,24,24,0,319.67,0.06,50.58,919.67,9220690.0
0,24,32,0,235.46,0.06,53.78,835.46,9679606.32
0,24,40,0,171.55,0.05,56.91,771.55,10197377.65
0,24,48,0,41.92,0.04,51.27,616.7,9747741.74
0,24,56,0,42.95,0.04,52.88,571.62,9837571.66
0,24,64,0,42.95,0.03,53.1,521.16,9945963.73
0,24,72,0,42.95,0.03,52.41,471.04,9825036.46
0,24,80,0,42.95,0.03,57.04,472.81,10217374.48
0,24,88,0,42.95,0.03,52.59,404.49,9852205.6
0,24,96,0,42.95,0.02,53.74,385.49,10007283.18
0,24,104,0,42.95,0.02,51.6,346.81,9798933.91
0,24,112,0,42.95,0.02,51.8,327.54,9874240.14
0,24,128,0,42.95,0.02,51.58,291.54,9854787.58
0,24,144,0,42.95,0.02,50.82,259.74,9770582.79
0,24,160,0,42.95,0.02,59.93,279.51,10435740.64
0,24,176,0,42.95,0.01,51.91,222.63,9891749.69
0,24,192,0,42.95,0.01,51.08,202.74,9823740.99
0,24,208,0,42.95,0.01,54.1,199.87,10048473.15
0,24,224,0,42.95,0.01,56.87,196.47,10234651.14
0,24,240,0,42.95,0.01,53.38,173.19,9998236.38
0,24,256,0,42.95,0.01,51.06,156.17,9823235.13
0,24,288,0,42.95,0.01,52.66,144.48,9932117.8
0,24,304,0,42.95,0.01,51.12,133.4,9827360.4
0,21,319,0,42.95,0.01,51.86,129.02,9839260.19
0,21,319,0,42.95,0.01,51.86,129.02,9839260.19
0,21,319,0,42.95,0.01,51.86,129.02,9839260.19
0,21,319,0,42.95,0.01,51.86,129.02,9839260.19
0,21,319,0,42.95,0.01,51.86,129.02,9839260.19
0,21,319,0,42.95,0.01,51.86,129.02,9839260.19
0,21,319,0,42.95,0.01,51.86,129.02,9839260.19
0,21,319,0,42.95,0.01,51.86,129.02,9839260.19
0,21,319,0,42.95,0.01,51.86,129.02,9839260.19
0,21,319,0,42.95,0.01,51.86,129.02,9839260.19
0,21,319,0,42.95,0.01,51.86,129.02,9839260.19
0,21,319,0,42.95,0.01,51.86,129.02,9839260.19
0,21,319,0,42.95,0.01,51.86,129.02,9839260.19
0,21,319,0,42.95,0.01,51.86,129.02,9839260.19
0,21,319,0,42.95,0.01,51.86,129.02,9839260.19
0,21,319,0,42.95,0.01,51.86,129.02,9839260.19
0,21,319,0,42.95,0.01,51.86,129.02,9839260.19
0,21,319,0,42.95,0.01,51.86,129.02,9839260.19
0,21,319,0,42.95,0.01,51.86,129.02,9839260.19
0,21,319,0,42.95,0.01,51.86,129.02,9839260.19
0,21,319,0,42.95,0.01,51.86,129.02,9839260.19
0,21,319,0,42.95,0.01,51.86,129.02,9839260.19
0,21,319,0,42.95,0.01,51.86,129.02,9839260.19
0,21,319,0,42.95,0.01,51.86,129.02,9839260.19
0,21,319,0,42.95,0.01,51.86,129.02,9839260.19
0,21,319,0,42.95,0.01,51.86,129.02,9839260.19
0,21,319,0,42.95,0.01,51.86,129.02,9839260.19
0,21,319,0,42.95,0.01,51.86,129.02,9839260.19
0,21,319,0,42.95,0.01,51.86,129.02,9839260.19
0,21,319,0,42.95,0.01,51.86,129.02,9839260.19
0,21,319,0,42.95,0.01,51.86,129.02,9839260.19
0,32,8,0,575.9,0.08,53.15,1175.9,8927103.65
0,32,16,0,338.43,0.07,51.22,938.43,9021437.14
0,32,24,0,198.71,0.06,51.08,798.71,9245699.45
0,32,32,0,186.61,0.05,57.69,786.61,9920316.4
0,32,40,0,68.96,0.05,55.33,668.96,9983921.15
0,32,48,0,41.12,0.04,54.83,595.37,10059206.69
0,32,56,0,42.95,0.04,53.95,531.73,9901271.76
0,32,64,0,42.52,0.03,57.72,520.74,10276042.17
0,32,72,0,42.52,0.03,58.14,483.63,10312397.28
0,32,80,0,42.52,0.03,56.61,436.83,10214412.86
0,32,88,0,42.52,0.03,56.54,406.8,10167075.05
0,32,96,0,42.52,0.02,57.13,385.07,10249443.82
0,32,104,0,42.52,0.02,54.1,342.97,10034675.08
0,32,112,0,42.52,0.02,54.56,326.52,10070955.03
0,32,128,0,42.52,0.02,54.27,291.96,10049053.85
0,32,144,0,42.52,0.02,53.8,262.94,9991107.76
0,32,160,0,42.52,0.01,52.75,236.17,9942218.08
0,32,176,0,42.52,0.01,53.81,222.22,10028523.68
0,32,192,0,42.52,0.01,52.87,202.65,9952892.75
0,32,208,0,42.52,0.01,52.43,187.5,9923046.68
0,32,224,0,42.52,0.01,52.07,174.51,9914891.46
0,32,240,0,42.52,0.01,54.2,170.9,10059201.6
0,32,256,0,42.52,0.01,52.77,157.09,9945786.6
0,32,288,0,42.52,0.01,53.33,142.82,9985201.8
0,32,304,0,42.52,0.01,52.71,134.4,9939208.7
0,29,318,0,42.52,0.01,52.92,128.78,9904660.95
0,29,318,0,42.52,0.01,52.92,128.78,9904660.95
0,29,318,0,42.52,0.01,52.92,128.78,9904660.95
0,29,318,0,42.52,0.01,52.92,128.78,9904660.95
0,29,318,0,42.52,0.01,52.92,128.78,9904660.95
0,29,318,0,42.52,0.01,52.92,128.78,9904660.95
0,29,318,0,42.52,0.01,52.92,128.78,9904660.95
0,29,318,0,42.52,0.01,52.92,128.78,9904660.95
0,29,318,0,42.52,0.01,52.92,128.78,9904660.95
0,29,318,0,42.52,0.01,52.92,128.78,9904660.95
0,29,318,0,42.52,0.01,52.92,128.78,9904660.95
0,29,318,0,42.52,0.01,52.92,128.78,9904660.95
0,29,318,0,42.52,0.01,52.92,128.78,9904660.95
0,29,318,0,42.52,0.01,52.92,128.78,9904660.95
0,29,318,0,42.52,0.01,52.92,128.78,9904660.95
0,29,318,0,42.52,0.01,52.92,128.78,9904660.95
0,29,318,0,42.52,0.01,52.92,128.78,9904660.95
0,29,318,0,42.52,0.01,52.92,128.78,9904660.95
0,29,318,0,42.52,0.01,52.92,128.78,9904660.95
0,29,318,0,42.52,0.01,52.92,128.78,9904660.95
0,29,318,0,42.52,0.01,52.92,128.78,9904660.95
0,29,318,0,42.52,0.01,52.92,128.78,9904660.95
0,29,318,0,42.52,0.01,52.92,128.78,9904660.95
0,29,318,0,42.52,0.01,52.92,128.78,9904660.95
0,29,318,0,42.52,0.01,52.92,128.78,9904660.95
0,29,318,0,42.52,0.01,52.92,128.78,9904660.95
0,29,318,0,42.52,0.01,52.92,128.78,9904660.95
0,29,318,0,42.52,0.01,52.92,128.78,9904660.95
0,29,318,0,42.52,0.01,52.92,128.78,9904660.95
0,29,318,0,42.52,0.01,52.92,128.78,9904660.95
0,29,318,0,42.52,0.01,52.92,128.78,9904660.95
0,40,8,0,318.75,0.06,49.76,918.75,8699364.8
0,40,16,0,189.63,0.05,50.17,789.63,9054376.53
0,40,24,0,197.18,0.06,58.12,797.18,9971047.42
0,40,32,0,59.83,0.04,54.3,659.83,9645762.98
0,40,40,0,42.95,0.04,55.19,602.02,9960668.6
0,40,48,0,41.12,0.04,53.79,532.39,9884934.47
0,40,56,0,42.52,0.04,58.67,531.31,10238117.0
0,40,64,0,42.52,0.03,56.58,472.29,10114399.31
0,40,72,0,42.52,0.03,57.81,447.52,10201680.01
0,40,80,0,42.52,0.03,56.06,404.64,10095090.42
0,40,88,0,42.52,0.02,56.05,378.88,10075600.32
0,40,96,0,42.52,0.02,54.82,348.47,10028434.66
0,40,104,0,42.52,0.02,54.61,327.62,10072574.94
0,40,112,0,42.52,0.02,54.41,309.04,10010235.02
0,40,128,0,39.54,0.02,55.09,282.76,10308519.1
0,40,144,0,42.52,0.02,54.41,254.77,9989151.82
0,40,160,0,42.52,0.01,52.54,226.16,9902666.7
0,40,176,0,39.54,0.01,54.35,216.44,10210487.26
0,40,192,0,39.54,0.01,53.28,197.45,10181826.57
0,40,208,0,42.52,0.01,54.31,188.2,10035726.34
0,40,224,0,42.52,0.01,53.01,172.49,9957410.14
0,40,240,0,42.52,0.01,55.17,169.17,10112072.05
0,40,256,0,42.52,0.01,53.76,155.88,10007056.94
0,40,288,0,42.52,0.01,53.28,139.35,9977720.55
0,39,304,0,42.52,0.01,55.17,137.54,10095575.86
0,29,318,0,42.52,0.01,52.92,128.78,9904660.95
0,29,318,0,42.52,0.01,52.92,128.78,9904660.95
0,29,318,0,42.52,0.01,52.92,128.78,9904660.95
0,29,318,0,42.52,0.01,52.92,128.78,9904660.95
0,29,318,0,42.52,0.01,52.92,128.78,9904660.95
0,29,318,0,42.52,0.01,52.92,128.78,9904660.95
0,29,318,0,42.52,0.01,52.92,128.78,9904660.95
0,29,318,0,42.52,0.01,52.92,128.78,9904660.95
0,29,318,0,42.52,0.01,52.92,128.78,9904660.95
0,29,318,0,42.52,0.01,52.92,128.78,9904660.95
0,29,318,0,42.52,0.01,52.92,128.78,9904660.95
0,29,318,0,42.52,0.01,52.92,128.78,9904660.95
0,29,318,0,42.52,0.01,52.92,128.78,9904660.95
0,29,318,0,42.52,0.01,52.92,128.78,9904660.95
0,29,318,0,42.52,0.01,52.92,128.78,9904660.95
0,29,318,0,42.52,0.01,52.92,128.78,9904660.95
0,29,318,0,42.52,0.01,52.92,128.78,9904660.95
0,29,318,0,42.52,0.01,52.92,128.78,9904660.95
0,29,318,0,42.52,0.01,52.92,128.78,9904660.95
0,29,318,0,42.52,0.01,52.92,128.78,9904660.95
0,29,318,0,42.52,0.01,52.92,128.78,9904660.95
0,29,318,0,42.52,0.01,52.92,128.78,9904660.95
0,29,318,0,42.52,0.01,52.92,128.78,9904660.95
0,29,318,0,42.52,0.01,52.92,128.78,9904660.95
0,29,318,0,42.52,0.01,52.92,128.78,9904660.95
0,29,318,0,42.52,0.01,52.92,128.78,9904660.95
0,29,318,0,42.52,0.01,52.92,128.78,9904660.95
0,29,318,0,42.52,0.01,52.92,128.78,9904660.95
0,29,318,0,42.52,0.01,52.92,128.78,9904660.95
0,29,318,0,42.52,0.01,52.92,128.78,9904660.95
0,29,318,0,42.52,0.01,52.92,128.78,9904660.95
0,48,8,0,186.4,0.05,49.63,786.4,8796670.89
0,48,16,0,96.05,0.05,50.46,696.05,9034482.14
0,48,24,0,65.24,0.05,54.46,665.24,9631181.49
0,48,32,0,42.95,0.04,55.99,613.67,9756500.93
0,48,40,0,42.52,0.04,60.53,601.6,10342768.79
0,48,48,0,40.69,0.04,58.52,531.96,10222195.97
0,48,56,0,42.52,0.03,56.48,473.12,9989645.2
0,48,64,0,42.52,0.03,57.96,450.15,10205852.27
0,48,72,0,42.52,0.03,56.72,410.58,10067641.28
0,48,80,0,42.52,0.03,56.92,385.87,10129718.95
0,48,88,0,42.52,0.02,54.73,348.84,9934609.39
0,48,96,0,42.52,0.02,54.64,328.6,9948244.77
0,48,104,0,42.52,0.02,54.42,309.83,10007407.68
0,48,112,0,42.52,0.02,53.39,288.58,9874016.96
0,48,128,0,42.52,0.02,53.77,263.86,9933679.15
0,48,144,0,42.52,0.01,53.41,240.03,9900431.92
0,48,160,0,42.52,0.01,53.75,222.78,9967492.3
0,48,176,0,39.54,0.01,54.53,209.7,10280645.05
0,48,192,0,39.19,0.01,54.31,194.81,10256319.52
0,48,208,0,39.54,0.01,53.88,181.08,10207877.98
0,48,224,0,39.54,0.01,53.4,168.82,10161018.54
0,48,240,0,30.68,0.01,54.57,162.85,10392727.72
0,48,256,0,39.54,0.01,53.87,152.26,10179200.44
0,48,288,0,39.54,0.01,59.77,152.74,10547123.88
0,45,304,0,39.54,0.01,55.82,136.11,10265044.92
0,29,318,0,42.52,0.01,52.92,128.78,9904660.95
0,29,318,0,42.52,0.01,52.92,128.78,9904660.95
0,29,318,0,42.52,0.01,52.92,128.78,9904660.95
0,29,318,0,42.52,0.01,52.92,128.78,9904660.95
0,29,318,0,42.52,0.01,52.92,128.78,9904660.95
0,29,318,0,42.52,0.01,52.92,128.78,9904660.95
0,29,318,0,42.52,0.01,52.92,128.78,9904660.95
0,29,318,0,42.52,0.01,52.92,128.78,9904660.95
0,29,318,0,42.52,0.01,52.92,128.78,9904660.95
0,29,318,0,42.52,0.01,52.92,128.78,9904660.95
0,29,318,0,42.52,0.01,52.92,128.78,9904660.95
0,29,318,0,42.52,0.01,52.92,128.78,9904660.95
0,29,318,0,42.52,0.01,52.92,128.78,9904660.95
0,29,318,0,42.52,0.01,52.92,128.78,9904660.95
0,29,318,0,42.52,0.01,52.92,128.78,9904660.95
0,29,318,0,42.52,0.01,52.92,128.78,9904660.95
0,29,318,0,42.52,0.01,52.92,128.78,9904660.95
0,29,318,0,42.52,0.01,52.92,128.78,9904660.95
0,29,318,0,42.52,0.01,52.92,128.78,9904660.95
0,29,318,0,42.52,0.01,52.92,128.78,9904660.95
0,29,318,0,42.52,0.01,52.92,128.78,9904660.95
0,29,318,0,42.52,0.01,52.92,128.78,9904660.95
0,29,318,0,42.52,0.01,52.92,128.78,9904660.95
0,29,318,0,42.52,0.01,52.92,128.78,9904660.95
0,29,318,0,42.52,0.01,52.92,128.78,9904660.95
0,29,318,0,42.52,0.01,52.92,128.78,9904660.95
0,29,318,0,42.52,0.01,52.92,128.78,9904660.95
0,29,318,0,42.52,0.01,52.92,128.78,9904660.95
0,29,318,0,42.52,0.01,52.92,128.78,9904660.95
0,29,318,0,42.52,0.01,52.92,128.78,9904660.95
0,29,318,0,42.52,0.01,52.92,128.78,9904660.95
0,56,8,0,152.18,0.05,54.21,752.18,9347847.2
0,56,16,0,94.52,0.05,56.57,694.52,9693150.84
0,56,24,0,41.12,0.04,55.99,616.48,9744167.25
0,56,32,0,42.52,0.04,61.45,613.24,10146054.88
0,56,40,0,42.52,0.04,58.78,536.42,10151731.84
0,56,48,0,40.69,0.03,56.49,474.85,9983001.33
0,56,56,0,42.52,0.03,57.59,448.73,10063495.01
0,56,64,0,42.52,0.03,55.24,401.13,9935443.55
0,56,72,0,42.52,0.03,56.83,386.36,10026403.17
0,56,80,0,42.52,0.02,54.67,349.39,9922514.91
0,56,88,0,42.52,0.02,53.95,325.33,9841239.39
0,56,96,0,42.52,0.02,54.3,309.92,9921024.48
0,56,104,0,42.52,0.02,53.28,288.63,9865090.08
0,56,112,0,42.52,0.02,53.56,276.13,9867060.08
0,56,128,0,42.52,0.02,53.29,250.5,9846312.35
0,56,144,0,42.52,0.01,52.41,226.41,9785999.36
0,56,160,0,42.52,0.01,53.21,212.63,9916425.03
0,56,176,0,39.54,0.01,55.14,204.97,10378512.9
0,56,192,0,39.19,0.01,54.26,188.57,10352849.34
0,56,208,0,30.68,0.01,54.73,178.55,10437774.2
0,56,224,0,39.54,0.01,55.55,170.78,10294873.15
0,56,240,0,30.68,0.01,54.73,159.1,10536322.27
0,56,256,0,39.54,0.01,54.8,151.06,10219298.89
0,56,288,0,39.54,0.01,54.21,135.42,10257939.39
0,53,304,0,27.54,0.01,54.85,130.9,10391471.78
0,29,318,0,42.52,0.01,52.92,128.78,9904660.95
0,29,318,0,42.52,0.01,52.92,128.78,9904660.95
0,29,318,0,42.52,0.01,52.92,128.78,9904660.95
0,29,318,0,42.52,0.01,52.92,128.78,9904660.95
0,29,318,0,42.52,0.01,52.92,128.78,9904660.95
0,29,318,0,42.52,0.01,52.92,128.78,9904660.95
0,29,318,0,42.52,0.01,52.92,128.78,9904660.95
0,29,318,0,42.52,0.01,52.92,128.78,9904660.95
0,29,318,0,42.52,0.01,52.92,128.78,9904660.95
0,29,318,0,42.52,0.01,52.92,128.78,9904660.95
0,29,318,0,42.52,0.01,52.92,128.78,9904660.95
0,29,318,0,42.52,0.01,52.92,128.78,9904660.95
0,29,318,0,42.52,0.01,52.92,128.78,9904660.95
0,29,318,0,42.52,0.01,52.92,128.78,9904660.95
0,29,318,0,42.52,0.01,52.92,128.78,9904660.95
0,29,318,0,42.52,0.01,52.92,128.78,9904660.95
0,29,318,0,42.52,0.01,52.92,128.78,9904660.95
0,29,318,0,42.52,0.01,52.92,128.78,9904660.95
0,29,318,0,42.52,0.01,52.92,128.78,9904660.95
0,29,318,0,42.52,0.01,52.92,128.78,9904660.95
0,29,318,0,42.52,0.01,52.92,128.78,9904660.95
0,29,318,0,42.52,0.01,52.92,128.78,9904660.95
0,29,318,0,42.52,0.01,52.92,128.78,9904660.95
0,29,318,0,42.52,0.01,52.92,128.78,9904660.95
0,29,318,0,42.52,0.01,52.92,128.78,9904660.95
0,29,318,0,42.52,0.01,52.92,128.78,9904660.95
0,29,318,0,42.52,0.01,52.92,128.78,9904660.95
0,29,318,0,42.52,0.01,52.92,128.78,9904660.95
0,29,318,0,42.52,0.01,52.92,128.78,9904660.95
0,29,318,0,42.52,0.01,52.92,128.78,9904660.95
0,29,318,0,42.52,0.01,52.92,128.78,9904660.95
0,64,8,0,89.13,0.05,55.83,689.13,9467615.64
0,64,16,0,41.12,0.04,53.72,594.24,9466248.02
0,64,24,0,40.69,0.04,61.47,616.06,10135521.61
0,64,32,0,42.52,0.04,58.03,531.62,9824402.22
0,64,40,0,42.52,0.03,58.52,493.72,10103285.86
0,64,48,0,40.69,0.03,57.61,450.35,10060393.71
0,64,56,0,42.52,0.03,55.34,403.09,9840189.05
0,64,64,0,42.52,0.03,56.77,387.05,10017539.55
0,64,72,0,42.52,0.02,54.79,351.09,9842596.09
0,64,80,0,42.52,0.02,53.91,325.88,9829494.35
0,64,88,0,42.52,0.02,54.3,310.66,9845083.19
0,64,96,0,42.52,0.02,53.56,290.8,9810337.85
0,64,104,0,42.52,0.02,54.4,281.04,9942246.68
0,64,112,0,42.52,0.02,53.68,264.52,9836366.94
0,64,128,0,42.52,0.01,53.31,240.47,9832760.52
0,64,144,0,42.52,0.01,52.82,219.67,9799031.05
0,64,160,0,42.52,0.01,53.17,205.11,9866037.65
0,64,176,0,39.54,0.01,54.86,197.36,10458474.73
0,64,192,0,39.54,0.01,58.64,197.62,10632947.9
0,64,208,0,39.54,0.01,55.63,176.36,10426169.09
0,64,224,0,39.54,0.01,53.89,161.24,10322486.01
0,64,240,0,30.68,0.01,55.41,156.98,10582941.62
0,64,256,0,39.54,0.01,54.25,145.93,10318759.54
0,62,288,0,30.68,0.01,55.94,136.69,10532006.79
0,53,304,0,27.54,0.01,54.85,130.9,10391471.78
0,29,318,0,42.52,0.01,52.92,128.78,9904660.95
0,29,318,0,42.52,0.01,52.92,128.78,9904660.95
0,29,318,0,42.52,0.01,52.92,128.78,9904660.95
0,29,318,0,42.52,0.01,52.92,128.78,9904660.95
0,29,318,0,42.52,0.01,52.92,128.78,9904660.95
0,29,318,0,42.52,0.01,52.92,128.78,9904660.95
0,29,318,0,42.52,0.01,52.92,128.78,9904660.95
0,29,318,0,42.52,0.01,52.92,128.78,9904660.95
0,29,318,0,42.52,0.01,52.92,128.78,9904660.95
0,29,318,0,42.52,0.01,52.92,128.78,9904660.95
0,29,318,0,42.52,0.01,52.92,128.78,9904660.95
0,29,318,0,42.52,0.01,52.92,128.78,9904660.95
0,29,318,0,42.52,0.01,52.92,128.78,9904660.95
0,29,318,0,42.52,0.01,52.92,128.78,9904660.95
0,29,318,0,42.52,0.01,52.92,128.78,9904660.95
0,29,318,0,42.52,0.01,52.92,128.78,9904660.95
0,29,318,0,42.52,0.01,52.92,128.78,9904660.95
0,29,318,0,42.52,0.01,52.92,128.78,9904660.95
0,29,318,0,42.52,0.01,52.92,128.78,9904660.95
0,29,318,0,42.52,0.01,52.92,128.78,9904660.95
0,29,318,0,42.52,0.01,52.92,128.78,9904660.95
0,29,318,0,42.52,0.01,52.92,128.78,9904660.95
0,29,318,0,42.52,0.01,52.92,128.78,9904660.95
0,29,318,0,42.52,0.01,52.92,128.78,9904660.95
0,29,318,0,42.52,0.01,52.92,128.78,9904660.95
0,29,318,0,42.52,0.01,52.92,128.78,9904660.95
0,29,318,0,42.52,0.01,52.92,128.78,9904660.95
0,29,318,0,42.52,0.01,52.92,128.78,9904660.95
0,29,318,0,42.52,0.01,52.92,128.78,9904660.95
0,29,318,0,42.52,0.01,52.92,128.78,9904660.95
0,29,318,0,42.52,0.01,52.92,128.78,9904660.95
0,72,8,0,41.12,0.04,54.54,606.19,9364033.16
0,72,16,0,41.12,0.04,54.94,553.0,9552963.76
0,72,24,0,40.69,0.04,57.98,533.24,9804799.65
0,72,32,0,42.52,0.04,64.72,547.98,10293833.94
0,72,40,0,42.52,0.03,57.28,449.31,9966383.61
0,72,48,0,40.69,0.03,55.28,403.93,9830215.42
0,72,56,0,42.52,0.03,56.63,387.24,9911012.43
0,72,64,0,42.52,0.02,54.73,351.67,9834242.46
0,72,72,0,42.52,0.02,54.04,327.53,9755661.11
0,72,80,0,42.52,0.02,54.32,311.52,9838209.37
0,72,88,0,42.52,0.02,53.17,289.34,9715834.85
0,72,96,0,42.52,0.02,53.42,276.59,9787087.77
0,72,104,0,42.52,0.02,53.66,264.98,9834499.17
0,72,112,0,42.52,0.01,52.31,246.88,9701362.51
0,72,128,0,42.52,0.01,53.09,230.19,9788632.33
0,72,144,0,42.52,0.01,52.8,211.7,9768469.36
0,72,160,0,42.52,0.01,52.41,195.44,9792046.42
0,72,176,0,39.54,0.01,57.43,200.17,10620866.09
0,72,192,0,39.54,0.01,55.75,182.39,10547394.76
0,72,208,0,39.54,0.01,55.4,170.76,10383271.62
0,72,224,0,39.54,0.01,54.63,159.19,10372198.59
0,72,240,0,30.68,0.01,56.11,155.03,10762141.99
0,72,256,0,39.54,0.01,54.97,144.4,10340036.66
0,70,288,0,39.54,0.01,55.21,132.02,10406993.19
0,53,304,0,27.54,0.01,54.85,130.9,10391471.78
0,29,318,0,42.52,0.01,52.92,128.78,9904660.95
0,29,318,0,42.52,0.01,52.92,128.78,9904660.95
0,29,318,0,42.52,0.01,52.92,128.78,9904660.95
0,29,318,0,42.52,0.01,52.92,128.78,9904660.95
0,29,318,0,42.52,0.01,52.92,128.78,9904660.95
0,29,318,0,42.52,0.01,52.92,128.78,9904660.95
0,29,318,0,42.52,0.01,52.92,128.78,9904660.95
0,29,318,0,42.52,0.01,52.92,128.78,9904660.95
0,29,318,0,42.52,0.01,52.92,128.78,9904660.95
0,29,318,0,42.52,0.01,52.92,128.78,9904660.95
0,29,318,0,42.52,0.01,52.92,128.78,9904660.95
0,29,318,0,42.52,0.01,52.92,128.78,9904660.95
0,29,318,0,42.52,0.01,52.92,128.78,9904660.95
0,29,318,0,42.52,0.01,52.92,128.78,9904660.95
0,29,318,0,42.52,0.01,52.92,128.78,9904660.95
0,29,318,0,42.52,0.01,52.92,128.78,9904660.95
0,29,318,0,42.52,0.01,52.92,128.78,9904660.95
0,29,318,0,42.52,0.01,52.92,128.78,9904660.95
0,29,318,0,42.52,0.01,52.92,128.78,9904660.95
0,29,318,0,42.52,0.01,52.92,128.78,9904660.95
0,29,318,0,42.52,0.01,52.92,128.78,9904660.95
0,29,318,0,42.52,0.01,52.92,128.78,9904660.95
0,29,318,0,42.52,0.01,52.92,128.78,9904660.95
0,29,318,0,42.52,0.01,52.92,128.78,9904660.95
0,29,318,0,42.52,0.01,52.92,128.78,9904660.95
0,29,318,0,42.52,0.01,52.92,128.78,9904660.95
0,29,318,0,42.52,0.01,52.92,128.78,9904660.95
0,29,318,0,42.52,0.01,52.92,128.78,9904660.95
0,29,318,0,42.52,0.01,52.92,128.78,9904660.95
0,29,318,0,42.52,0.01,52.92,128.78,9904660.95
0,29,318,0,42.52,0.01,52.92,128.78,9904660.95
0,80,8,0,41.12,0.04,55.67,562.73,9447002.23
0,80,16,0,40.69,0.04,59.85,552.57,9903418.15
0,80,24,0,40.69,0.03,59.45,505.17,9912144.88
0,80,32,0,42.52,0.03,57.87,455.4,9797582.04
0,80,40,0,42.52,0.03,57.35,420.32,9949738.21
0,80,48,0,40.69,0.03,56.56,387.9,9901498.91
0,80,56,0,42.52,0.02,54.88,353.64,9752298.03
0,80,64,0,42.52,0.02,53.99,328.08,9747453.35
0,80,72,0,42.52,0.02,54.54,313.53,9770003.91
0,80,80,0,42.52,0.02,53.13,289.78,9705188.93
0,80,88,0,42.52,0.02,54.26,281.55,9791042.1
0,80,96,0,42.52,0.02,53.36,264.06,9748522.73
0,80,104,0,42.52,0.02,53.61,253.53,9817811.84
0,80,112,0,42.52,0.01,53.3,241.34,9769370.09
0,80,128,0,42.52,0.01,52.48,219.02,9705440.6
0,80,144,0,42.52,0.01,52.31,202.49,9698959.46
0,80,160,0,42.52,0.01,52.96,191.13,9814426.13
0,80,176,0,39.54,0.01,58.69,198.35,10751096.15
0,80,192,0,39.54,0.01,55.95,177.84,10603066.98
0,80,208,0,30.68,0.01,56.56,169.66,10858237.97
0,80,224,0,39.54,0.01,55.08,156.41,10352402.52
0,80,240,0,30.68,0.01,57.81,155.87,10856725.42
0,80,256,0,39.54,0.01,55.0,141.17,10441404.3
0,70,288,0,39.54,0.01,55.21,132.02,10406993.19
0,53,304,0,27.54,0.01,54.85,130.9,10391471.78
0,29,318,0,42.52,0.01,52.92,128.78,9904660.95
0,29,318,0,42.52,0.01,52.92,128.78,9904660.95
0,29,318,0,42.52,0.01,52.92,128.78,9904660.95
0,29,318,0,42.52,0.01,52.92,128.78,9904660.95
0,29,318,0,42.52,0.01,52.92,128.78,9904660.95
0,29,318,0,42.52,0.01,52.92,128.78,9904660.95
0,29,318,0,42.52,0.01,52.92,128.78,9904660.95
0,29,318,0,42.52,0.01,52.92,128.78,9904660.95
0,29,318,0,42.52,0.01,52.92,128.78,9904660.95
0,29,318,0,42.52,0.01,52.92,128.78,9904660.95
0,29,318,0,42.52,0.01,52.92,128.78,9904660.95
0,29,318,0,42.52,0.01,52.92,128.78,9904660.95
0,29,318,0,42.52,0.01,52.92,128.78,9904660.95
0,29,318,0,42.52,0.01,52.92,128.78,9904660.95
0,29,318,0,42.52,0.01,52.92,128.78,9904660.95
0,29,318,0,42.52,0.01,52.92,128.78,9904660.95
0,29,318,0,42.52,0.01,52.92,128.78,9904660.95
0,29,318,0,42.52,0.01,52.92,128.78,9904660.95
0,29,318,0,42.52,0.01,52.92,128.78,9904660.95
0,29,318,0,42.52,0.01,52.92,128.78,9904660.95
0,29,318,0,42.52,0.01,52.92,128.78,9904660.95
0,29,318,0,42.52,0.01,52.92,128.78,9904660.95
0,29,318,0,42.52,0.01,52.92,128.78,9904660.95
0,29,318,0,42.52,0.01,52.92,128.78,9904660.95
0,29,318,0,42.52,0.01,52.92,128.78,9904660.95
0,29,318,0,42.52,0.01,52.92,128.78,9904660.95
0,29,318,0,42.52,0.01,52.92,128.78,9904660.95
0,29,318,0,42.52,0.01,52.92,128.78,9904660.95
0,29,318,0,42.52,0.01,52.92,128.78,9904660.95
0,29,318,0,42.52,0.01,52.92,128.78,9904660.95
0,29,318,0,42.52,0.01,52.92,128.78,9904660.95
0,88,8,0,40.69,0.04,60.67,562.3,9803681.82
0,88,16,0,42.73,0.04,61.82,527.2,10030248.02
0,88,24,0,40.69,0.03,57.8,456.43,9784826.77
0,88,32,0,42.52,0.03,56.86,418.0,9677063.15
0,88,40,0,42.52,0.02,55.54,381.97,9767304.87
0,88,48,0,40.69,0.02,54.82,354.21,9743718.11
0,88,56,0,42.52,0.02,54.24,330.4,9681031.2
0,88,64,0,42.52,0.02,54.49,313.98,9762536.97
0,88,72,0,42.52,0.02,53.23,291.03,9638671.9
0,88,80,0,42.52,0.02,55.96,291.04,9885662.31
0,88,88,0,42.52,0.02,53.29,264.24,9681186.49
0,88,96,0,42.52,0.02,53.66,254.25,9756348.46
0,88,104,0,42.52,0.01,53.22,241.46,9762032.16
0,88,112,0,42.52,0.01,52.81,229.79,9692787.9
0,88,128,0,42.52,0.01,52.78,212.35,9717204.58
0,88,144,0,42.52,0.01,54.02,202.08,9806482.91
0,88,160,0,42.52,0.01,52.82,184.66,9781563.95
0,88,176,0,39.54,0.01,56.4,185.01,10704919.46
0,88,192,0,39.54,0.01,55.82,172.51,10566950.65
0,88,208,0,30.68,0.01,57.06,166.69,11023419.12
0,88,224,0,39.54,0.01,55.2,152.86,10524589.57
0,88,240,0,30.68,0.01,56.76,149.44,11038267.31
0,88,256,0,39.54,0.01,56.24,141.09,10568405.34
0,82,288,0,30.68,0.01,56.4,129.32,10664948.32
0,53,304,0,27.54,0.01,54.85,130.9,10391471.78
0,29,318,0,42.52,0.01,52.92,128.78,9904660.95
0,29,318,0,42.52,0.01,52.92,128.78,9904660.95
0,29,318,0,42.52,0.01,52.92,128.78,9904660.95
0,29,318,0,42.52,0.01,52.92,128.78,9904660.95
0,29,318,0,42.52,0.01,52.92,128.78,9904660.95
0,29,318,0,42.52,0.01,52.92,128.78,9904660.95
0,29,318,0,42.52,0.01,52.92,128.78,9904660.95
0,29,318,0,42.52,0.01,52.92,128.78,9904660.95
0,29,318,0,42.52,0.01,52.92,128.78,9904660.95
0,29,318,0,42.52,0.01,52.92,128.78,9904660.95
0,29,318,0,42.52,0.01,52.92,128.78,9904660.95
0,29,318,0,42.52,0.01,52.92,128.78,9904660.95
0,29,318,0,42.52,0.01,52.92,128.78,9904660.95
0,29,318,0,42.52,0.01,52.92,128.78,9904660.95
0,29,318,0,42.52,0.01,52.92,128.78,9904660.95
0,29,318,0,42.52,0.01,52.92,128.78,9904660.95
0,29,318,0,42.52,0.01,52.92,128.78,9904660.95
0,29,318,0,42.52,0.01,52.92,128.78,9904660.95
0,29,318,0,42.52,0.01,52.92,128.78,9904660.95
0,29,318,0,42.52,0.01,52.92,128.78,9904660.95
0,29,318,0,42.52,0.01,52.92,128.78,9904660.95
0,29,318,0,42.52,0.01,52.92,128.78,9904660.95
0,29,318,0,42.52,0.01,52.92,128.78,9904660.95
0,29,318,0,42.52,0.01,52.92,128.78,9904660.95
0,29,318,0,42.52,0.01,52.92,128.78,9904660.95
0,29,318,0,42.52,0.01,52.92,128.78,9904660.95
0,29,318,0,42.52,0.01,52.92,128.78,9904660.95
0,29,318,0,42.52,0.01,52.92,128.78,9904660.95
0,29,318,0,42.52,0.01,52.92,128.78,9904660.95
0,29,318,0,42.52,0.01,52.92,128.78,9904660.95
0,29,318,0,42.52,0.01,52.92,128.78,9904660.95
0,96,8,0,42.73,0.03,58.13,497.52,9614070.12
0,96,16,0,37.7,0.03,60.58,479.93,10499970.65
0,96,24,0,40.69,0.03,56.8,418.9,9664610.14
0,96,32,0,42.52,0.03,56.81,391.82,9695179.39
0,96,40,0,42.52,0.02,58.35,377.99,9972109.7
0,96,48,0,40.69,0.02,54.19,330.95,9672578.33
0,96,56,0,42.52,0.02,54.61,315.45,9692549.66
0,96,64,0,42.52,0.02,53.19,291.47,9631300.62
0,96,72,0,42.52,0.02,55.86,291.14,9804815.94
0,96,80,0,42.52,0.02,53.26,264.63,9671597.47
0,96,88,0,42.52,0.02,53.65,254.7,9692123.41
0,96,96,0,42.52,0.01,53.59,243.57,9722368.42
0,96,104,0,42.52,0.01,53.08,231.41,9724793.02
0,96,112,0,42.52,0.01,52.91,221.59,9690670.04
0,96,128,0,42.52,0.01,52.65,204.44,9682931.22
0,96,144,0,42.52,0.01,52.72,190.81,9692388.12
0,96,160,0,42.52,0.01,52.95,179.49,9767919.0
0,96,176,0,39.54,0.01,55.63,177.3,10583019.56
0,96,192,0,39.54,0.01,55.97,168.33,10719189.63
0,96,208,0,30.68,0.01,59.53,169.45,11179623.87
0,96,224,0,39.54,0.01,57.56,155.55,10665768.63
0,96,240,0,30.68,0.01,57.63,148.22,11095493.68
0,96,256,0,39.54,0.01,55.71,136.68,10589610.9
0,82,288,0,30.68,0.01,56.4,129.32,10664948.32
0,53,304,0,27.54,0.01,54.85,130.9,10391471.78
0,29,318,0,42.52,0.01,52.92,128.78,9904660.95
0,29,318,0,42.52,0.01,52.92,128.78,9904660.95
0,29,318,0,42.52,0.01,52.92,128.78,9904660.95
0,29,318,0,42.52,0.01,52.92,128.78,9904660.95
0,29,318,0,42.52,0.01,52.92,128.78,9904660.95
0,29,318,0,42.52,0.01,52.92,128.78,9904660.95
0,29,318,0,42.52,0.01,52.92,128.78,9904660.95
0,29,318,0,42.52,0.01,52.92,128.78,9904660.95
0,29,318,0,42.52,0.01,52.92,128.78,9904660.95
0,29,318,0,42.52,0.01,52.92,128.78,9904660.95
0,29,318,0,42.52,0.01,52.92,128.78,9904660.95
0,29,318,0,42.52,0.01,52.92,128.78,9904660.95
0,29,318,0,42.52,0.01,52.92,128.78,9904660.95
0,29,318,0,42.52,0.01,52.92,128.78,9904660.95
0,29,318,0,42.52,0.01,52.92,128.78,9904660.95
0,29,318,0,42.52,0.01,52.92,128.78,9904660.95
0,29,318,0,42.52,0.01,52.92,128.78,9904660.95
0,29,318,0,42.52,0.01,52.92,128.78,9904660.95
0,29,318,0,42.52,0.01,52.92,128.78,9904660.95
0,29,318,0,42.52,0.01,52.92,128.78,9904660.95
0,29,318,0,42.52,0.01,52.92,128.78,9904660.95
0,29,318,0,42.52,0.01,52.92,128.78,9904660.95
0,29,318,0,42.52,0.01,52.92,128.78,9904660.95
0,29,318,0,42.52,0.01,52.92,128.78,9904660.95
0,29,318,0,42.52,0.01,52.92,128.78,9904660.95
0,29,318,0,42.52,0.01,52.92,128.78,9904660.95
0,29,318,0,42.52,0.01,52.92,128.78,9904660.95
0,29,318,0,42.52,0.01,52.92,128.78,9904660.95
0,29,318,0,42.52,0.01,52.92,128.78,9904660.95
0,29,318,0,42.52,0.01,52.92,128.78,9904660.95
0,29,318,0,42.52,0.01,52.92,128.78,9904660.95
0,104,8,0,39.75,0.03,60.1,477.74,10290869.03
0,104,16,0,37.7,0.03,61.49,454.85,10498516.76
0,104,24,0,40.69,0.03,56.74,392.53,9684097.38
0,104,32,0,42.52,0.02,56.02,363.94,9624261.46
0,104,40,0,42.52,0.02,55.05,337.06,9688139.92
0,104,48,0,40.69,0.02,54.56,315.92,9685042.8
0,104,56,0,42.52,0.02,53.34,292.99,9568194.48
0,104,64,0,42.52,0.02,54.25,283.36,9705505.66
0,104,72,0,42.52,0.02,53.34,265.62,9608283.94
0,104,80,0,42.52,0.02,53.6,255.01,9683040.31
0,104,88,0,42.52,0.01,53.42,243.29,9652282.02
0,104,96,0,42.52,0.01,52.54,229.47,9618218.6
0,104,104,0,42.52,0.01,53.64,225.08,9750307.16
0,104,112,0,42.52,0.01,52.81,213.2,9660678.09
0,104,128,0,42.52,0.01,52.21,195.93,9621098.99
0,104,144,0,42.52,0.01,52.52,184.15,9661126.99
0,104,160,0,42.52,0.01,52.67,173.26,9729351.86
0,104,176,0,39.54,0.01,55.89,173.17,10573174.2
0,104,192,0,39.54,0.01,58.21,170.46,10889085.5
0,104,208,0,30.68,0.01,58.23,161.64,11235503.21
0,104,224,0,39.54,0.01,56.02,147.81,10652162.35
0,104,240,0,30.68,0.01,58.46,146.98,11127834.41
0,104,256,0,37.7,0.01,56.39,135.39,10634429.36
0,82,288,0,30.68,0.01,56.4,129.32,10664948.32
0,53,304,0,27.54,0.01,54.85,130.9,10391471.78
0,29,318,0,42.52,0.01,52.92,128.78,9904660.95
0,29,318,0,42.52,0.01,52.92,128.78,9904660.95
0,29,318,0,42.52,0.01,52.92,128.78,9904660.95
0,29,318,0,42.52,0.01,52.92,128.78,9904660.95
0,29,318,0,42.52,0.01,52.92,128.78,9904660.95
0,29,318,0,42.52,0.01,52.92,128.78,9904660.95
0,29,318,0,42.52,0.01,52.92,128.78,9904660.95
0,29,318,0,42.52,0.01,52.92,128.78,9904660.95
0,29,318,0,42.52,0.01,52.92,128.78,9904660.95
0,29,318,0,42.52,0.01,52.92,128.78,9904660.95
0,29,318,0,42.52,0.01,52.92,128.78,9904660.95
0,29,318,0,42.52,0.01,52.92,128.78,9904660.95
0,29,318,0,42.52,0.01,52.92,128.78,9904660.95
0,29,318,0,42.52,0.01,52.92,128.78,9904660.95
0,29,318,0,42.52,0.01,52.92,128.78,9904660.95
0,29,318,0,42.52,0.01,52.92,128.78,9904660.95
0,29,318,0,42.52,0.01,52.92,128.78,9904660.95
0,29,318,0,42.52,0.01,52.92,128.78,9904660.95
0,29,318,0,42.52,0.01,52.92,128.78,9904660.95
0,29,318,0,42.52,0.01,52.92,128.78,9904660.95
0,29,318,0,42.52,0.01,52.92,128.78,9904660.95
0,29,318,0,42.52,0.01,52.92,128.78,9904660.95
0,29,318,0,42.52,0.01,52.92,128.78,9904660.95
0,29,318,0,42.52,0.01,52.92,128.78,9904660.95
0,29,318,0,42.52,0.01,52.92,128.78,9904660.95
0,29,318,0,42.52,0.01,52.92,128.78,9904660.95
0,29,318,0,42.52,0.01,52.92,128.78,9904660.95
0,29,318,0,42.52,0.01,52.92,128.78,9904660.95
0,29,318,0,42.52,0.01,52.92,128.78,9904660.95
0,29,318,0,42.52,0.01,52.92,128.78,9904660.95
0,29,318,0,42.52,0.01,52.92,128.78,9904660.95
0,112,8,0,37.7,0.03,61.01,452.73,10357197.98
0,112,16,0,37.7,0.03,63.33,439.4,10641616.68
0,112,24,0,40.69,0.02,55.98,364.64,9614146.74
0,112,32,0,42.52,0.02,56.18,344.9,9599892.41
0,112,40,0,42.52,0.02,54.55,316.64,9631302.47
0,112,48,0,40.69,0.02,53.3,293.44,9560781.35
0,112,56,0,42.52,0.02,54.44,284.98,9644901.39
0,112,64,0,42.52,0.02,53.3,265.96,9602309.92
0,112,72,0,42.52,0.02,53.15,253.39,9578031.88
0,112,80,0,42.52,0.01,53.38,243.55,9643444.82
0,112,88,0,42.52,0.01,52.78,230.95,9580929.89
0,112,96,0,42.52,0.01,52.97,222.64,9639115.14
0,112,104,0,42.52,0.01,52.76,213.37,9656063.11
0,112,112,0,42.52,0.01,52.26,203.61,9595530.26
0,112,128,0,42.52,0.01,52.57,190.86,9636696.17
0,112,144,0,42.52,0.01,52.91,179.86,9677467.42
0,112,160,0,42.52,0.01,52.66,168.27,9709610.73
0,112,176,0,39.54,0.01,56.73,171.03,10646729.95
0,112,192,0,39.54,0.01,56.79,162.06,10846214.15
0,112,208,0,27.54,0.01,59.25,160.49,11406974.58
0,112,224,0,39.54,0.01,56.25,144.98,10696418.68
0,112,240,0,27.54,0.01,59.24,145.65,11267707.37
0,112,256,0,37.7,0.01,56.48,132.75,10670351.37
0,82,288,0,30.68,0.01,56.4,129.32,10664948.32
0,53,304,0,27.54,0.01,54.85,130.9,10391471.78
0,29,318,0,42.52,0.01,52.92,128.78,9904660.95
0,29,318,0,42.52,0.01,52.92,128.78,9904660.95
0,29,318,0,42.52,0.01,52.92,128.78,9904660.95
0,29,318,0,42.52,0.01,52.92,128.78,9904660.95
0,29,318,0,42.52,0.01,52.92,128.78,9904660.95
0,29,318,0,42.52,0.01,52.92,128.78,9904660.95
0,29,318,0,42.52,0.01,52.92,128.78,9904660.95
0,29,318,0,42.52,0.01,52.92,128.78,9904660.95
0,29,318,0,42.52,0.01,52.92,128.78,9904660.95
0,29,318,0,42.52,0.01,52.92,128.78,9904660.95
0,29,318,0,42.52,0.01,52.92,128.78,9904660.95
0,29,318,0,42.52,0.01,52.92,128.78,9904660.95
0,29,318,0,42.52,0.01,52.92,128.78,9904660.95
0,29,318,0,42.52,0.01,52.92,128.78,9904660.95
0,29,318,0,42.52,0.01,52.92,128.78,9904660.95
0,29,318,0,42.52,0.01,52.92,128.78,9904660.95
0,29,318,0,42.52,0.01,52.92,128.78,9904660.95
0,29,318,0,42.52,0.01,52.92,128.78,9904660.95
0,29,318,0,42.52,0.01,52.92,128.78,9904660.95
0,29,318,0,42.52,0.01,52.92,128.78,9904660.95
0,29,318,0,42.52,0.01,52.92,128.78,9904660.95
0,29,318,0,42.52,0.01,52.92,128.78,9904660.95
0,29,318,0,42.52,0.01,52.92,128.78,9904660.95
0,29,318,0,42.52,0.01,52.92,128.78,9904660.95
0,29,318,0,42.52,0.01,52.92,128.78,9904660.95
0,29,318,0,42.52,0.01,52.92,128.78,9904660.95
0,29,318,0,42.52,0.01,52.92,128.78,9904660.95
0,29,318,0,42.52,0.01,52.92,128.78,9904660.95
0,29,318,0,42.52,0.01,52.92,128.78,9904660.95
0,29,318,0,42.52,0.01,52.92,128.78,9904660.95
0,29,318,0,42.52,0.01,52.92,128.78,9904660.95
0,128,8,0,37.7,0.03,59.2,387.77,10169580.38
0,128,16,0,28.85,0.03,63.95,394.67,11816748.73
0,128,24,0,40.69,0.02,55.2,322.04,9534028.16
0,128,32,0,39.54,0.02,56.4,311.97,9965381.51
0,128,40,0,42.52,0.02,53.66,282.14,9527804.54
0,128,48,0,40.69,0.02,53.41,267.64,9536928.08
0,128,56,0,42.52,0.02,53.26,254.92,9517365.0
0,128,64,0,42.52,0.01,53.55,245.29,9592747.01
0,128,72,0,42.52,0.01,53.32,234.19,9562084.52
0,128,80,0,42.52,0.02,65.06,274.42,10416128.43
0,128,88,0,42.52,0.01,52.93,214.76,9562022.99
0,128,96,0,42.52,0.01,52.81,206.44,9590280.22
0,128,104,0,42.52,0.01,53.06,200.09,9648879.08
0,128,112,0,42.52,0.01,52.5,191.2,9582680.01
0,128,128,0,42.52,0.01,52.88,180.27,9634768.92
0,128,144,0,42.52,0.01,52.56,168.41,9611762.3
0,128,160,0,42.52,0.01,63.19,191.01,10404606.08
0,128,176,0,39.54,0.01,57.37,164.1,10985133.1
0,128,192,0,39.54,0.01,69.64,189.05,11687115.02
0,128,208,0,28.85,0.01,59.74,154.33,11568989.89
0,128,224,0,39.54,0.01,57.0,140.45,10847587.63
0,128,240,0,30.68,0.01,59.72,140.63,11566337.15
0,120,256,0,37.7,0.01,56.52,130.11,10730421.93
0,82,288,0,30.68,0.01,56.4,129.32,10664948.32
0,53,304,0,27.54,0.01,54.85,130.9,10391471.78
0,29,318,0,42.52,0.01,52.92,128.78,9904660.95
0,29,318,0,42.52,0.01,52.92,128.78,9904660.95
0,29,318,0,42.52,0.01,52.92,128.78,9904660.95
0,29,318,0,42.52,0.01,52.92,128.78,9904660.95
0,29,318,0,42.52,0.01,52.92,128.78,9904660.95
0,29,318,0,42.52,0.01,52.92,128.78,9904660.95
0,29,318,0,42.52,0.01,52.92,128.78,9904660.95
0,29,318,0,42.52,0.01,52.92,128.78,9904660.95
0,29,318,0,42.52,0.01,52.92,128.78,9904660.95
0,29,318,0,42.52,0.01,52.92,128.78,9904660.95
0,29,318,0,42.52,0.01,52.92,128.78,9904660.95
0,29,318,0,42.52,0.01,52.92,128.78,9904660.95
0,29,318,0,42.52,0.01,52.92,128.78,9904660.95
0,29,318,0,42.52,0.01,52.92,128.78,9904660.95
0,29,318,0,42.52,0.01,52.92,128.78,9904660.95
0,29,318,0,42.52,0.01,52.92,128.78,9904660.95
0,29,318,0,42.52,0.01,52.92,128.78,9904660.95
0,29,318,0,42.52,0.01,52.92,128.78,9904660.95
0,29,318,0,42.52,0.01,52.92,128.78,9904660.95
0,29,318,0,42.52,0.01,52.92,128.78,9904660.95
0,29,318,0,42.52,0.01,52.92,128.78,9904660.95
0,29,318,0,42.52,0.01,52.92,128.78,9904660.95
0,29,318,0,42.52,0.01,52.92,128.78,9904660.95
0,29,318,0,42.52,0.01,52.92,128.78,9904660.95
0,29,318,0,42.52,0.01,52.92,128.78,9904660.95
0,29,318,0,42.52,0.01,52.92,128.78,9904660.95
0,29,318,0,42.52,0.01,52.92,128.78,9904660.95
0,29,318,0,42.52,0.01,52.92,128.78,9904660.95
0,29,318,0,42.52,0.01,52.92,128.78,9904660.95
0,29,318,0,42.52,0.01,52.92,128.78,9904660.95
0,29,318,0,42.52,0.01,52.92,128.78,9904660.95
0,144,8,0,37.7,0.02,57.05,334.46,9911961.03
0,144,16,0,28.5,0.03,68.1,378.44,12134671.15
0,144,24,0,37.7,0.02,56.17,296.69,9923102.85
0,144,32,0,39.54,0.02,57.27,288.23,10006963.59
0,144,40,0,42.52,0.02,53.88,258.95,9521921.27
0,144,48,0,40.69,0.01,53.53,246.13,9523403.35
0,144,56,0,42.52,0.01,52.69,232.26,9445148.55
0,144,64,0,42.52,0.01,53.59,226.84,9568650.17
0,144,72,0,42.52,0.01,52.88,215.3,9498632.72
0,144,80,0,42.52,0.01,52.79,207.04,9529318.16
0,144,88,0,42.52,0.01,53.21,201.28,9559385.87
0,144,96,0,42.52,0.01,52.62,192.22,9544214.78
0,144,104,0,42.52,0.01,52.93,186.96,9602927.72
0,144,112,0,42.52,0.01,52.8,180.5,9580698.46
0,144,128,0,42.52,0.01,52.48,168.61,9569978.06
0,144,144,0,42.52,0.01,52.51,159.13,9580409.08
0,144,160,0,42.52,0.01,52.72,151.15,9649067.96
0,144,176,0,39.54,0.01,57.92,157.61,11122923.52
0,144,192,0,39.54,0.01,56.89,147.28,10690704.73
0,144,208,0,28.85,0.01,60.7,149.88,11686631.05
0,144,224,0,39.54,0.01,57.49,135.67,10966738.38
0,144,240,0,28.85,0.01,61.03,137.92,11621246.18
0,120,256,0,37.7,0.01,56.52,130.11,10730421.93
0,82,288,0,30.68,0.01,56.4,129.32,10664948.32
0,53,304,0,27.54,0.01,54.85,130.9,10391471.78
0,29,318,0,42.52,0.01,52.92,128.78,9904660.95
0,29,318,0,42.52,0.01,52.92,128.78,9904660.95
0,29,318,0,42.52,0.01,52.92,128.78,9904660.95
0,29,318,0,42.52,0.01,52.92,128.78,9904660.95
0,29,318,0,42.52,0.01,52.92,128.78,9904660.95
0,29,318,0,42.52,0.01,52.92,128.78,9904660.95
0,29,318,0,42.52,0.01,52.92,128.78,9904660.95
0,29,318,0,42.52,0.01,52.92,128.78,9904660.95
0,29,318,0,42.52,0.01,52.92,128.78,9904660.95
0,29,318,0,42.52,0.01,52.92,128.78,9904660.95
0,29,318,0,42.52,0.01,52.92,128.78,9904660.95
0,29,318,0,42.52,0.01,52.92,128.78,9904660.95
0,29,318,0,42.52,0.01,52.92,128.78,9904660.95
0,29,318,0,42.52,0.01,52.92,128.78,9904660.95
0,29,318,0,42.52,0.01,52.92,128.78,9904660.95
0,29,318,0,42.52,0.01,52.92,128.78,9904660.95
0,29,318,0,42.52,0.01,52.92,128.78,9904660.95
0,29,318,0,42.52,0.01,52.92,128.78,9904660.95
0,29,318,0,42.52,0.01,52.92,128.78,9904660.95
0,29,318,0,42.52,0.01,52.92,128.78,9904660.95
0,29,318,0,42.52,0.01,52.92,128.78,9904660.95
0,29,318,0,42.52,0.01,52.92,128.78,9904660.95
0,29,318,0,42.52,0.01,52.92,128.78,9904660.95
0,29,318,0,42.52,0.01,52.92,128.78,9904660.95
0,29,318,0,42.52,0.01,52.92,128.78,9904660.95
0,29,318,0,42.52,0.01,52.92,128.78,9904660.95
0,29,318,0,42.52,0.01,52.92,128.78,9904660.95
0,29,318,0,42.52,0.01,52.92,128.78,9904660.95
0,29,318,0,42.52,0.01,52.92,128.78,9904660.95
0,29,318,0,42.52,0.01,52.92,128.78,9904660.95
0,29,318,0,42.52,0.01,52.92,128.78,9904660.95
0,160,8,0,39.75,0.02,57.43,304.7,9899694.91
0,160,16,0,28.5,0.02,68.47,346.06,12034606.06
0,160,24,0,37.7,0.02,57.87,279.24,10372541.02
0,160,32,0,39.54,0.02,57.22,264.16,10265906.4
0,160,40,0,42.52,0.01,53.32,235.95,9455805.45
0,160,48,0,40.69,0.02,64.74,275.06,10278935.49
0,160,56,0,42.52,0.01,52.9,216.13,9441690.55
0,160,64,0,42.52,0.01,52.7,207.37,9469834.75
0,160,72,0,42.52,0.01,53.3,202.28,9510482.87
0,160,80,0,42.52,0.01,52.62,192.83,9489993.08
0,160,88,0,42.52,0.01,52.94,187.57,9512971.7
0,160,96,0,42.52,0.01,52.88,181.31,9538972.49
0,160,104,0,42.52,0.01,52.75,175.24,9562579.96
0,160,112,0,42.52,0.01,52.74,169.9,9548786.55
0,160,128,0,42.52,0.01,52.83,160.51,9571390.27
0,160,144,0,42.52,0.01,52.83,151.84,9583995.86
0,160,160,0,42.52,0.01,52.84,144.11,9630171.51
0,160,176,0,39.54,0.01,58.56,151.94,11223729.3
0,160,192,0,39.54,0.01,56.97,140.95,10653165.37
0,160,208,0,28.85,0.01,61.88,146.31,12042439.96
0,160,224,0,39.54,0.01,57.98,131.27,11043745.2
0,160,240,0,28.85,0.01,61.77,134.14,11903041.04
0,120,256,0,37.7,0.01,56.52,130.11,10730421.93
0,82,288,0,30.68,0.01,56.4,129.32,10664948.32
0,53,304,0,27.54,0.01,54.85,130.9,10391471.78
0,29,318,0,42.52,0.01,52.92,128.78,9904660.95
0,29,318,0,42.52,0.01,52.92,128.78,9904660.95
0,29,318,0,42.52,0.01,52.92,128.78,9904660.95
0,29,318,0,42.52,0.01,52.92,128.78,9904660.95
0,29,318,0,42.52,0.01,52.92,128.78,9904660.95
0,29,318,0,42.52,0.01,52.92,128.78,9904660.95
0,29,318,0,42.52,0.01,52.92,128.78,9904660.95
0,29,318,0,42.52,0.01,52.92,128.78,9904660.95
0,29,318,0,42.52,0.01,52.92,128.78,9904660.95
0,29,318,0,42.52,0.01,52.92,128.78,9904660.95
0,29,318,0,42.52,0.01,52.92,128.78,9904660.95
0,29,318,0,42.52,0.01,52.92,128.78,9904660.95
0,29,318,0,42.52,0.01,52.92,128.78,9904660.95
0,29,318,0,42.52,0.01,52.92,128.78,9904660.95
0,29,318,0,42.52,0.01,52.92,128.78,9904660.95
0,29,318,0,42.52,0.01,52.92,128.78,9904660.95
0,29,318,0,42.52,0.01,52.92,128.78,9904660.95
0,29,318,0,42.52,0.01,52.92,128.78,9904660.95
0,29,318,0,42.52,0.01,52.92,128.78,9904660.95
0,29,318,0,42.52,0.01,52.92,128.78,9904660.95
0,29,318,0,42.52,0.01,52.92,128.78,9904660.95
0,29,318,0,42.52,0.01,52.92,128.78,9904660.95
0,29,318,0,42.52,0.01,52.92,128.78,9904660.95
0,29,318,0,42.52,0.01,52.92,128.78,9904660.95
0,29,318,0,42.52,0.01,52.92,128.78,9904660.95
0,29,318,0,42.52,0.01,52.92,128.78,9904660.95
0,29,318,0,42.52,0.01,52.92,128.78,9904660.95
0,29,318,0,42.52,0.01,52.92,128.78,9904660.95
0,29,318,0,42.52,0.01,52.92,128.78,9904660.95
0,29,318,0,42.52,0.01,52.92,128.78,9904660.95
0,29,318,0,42.52,0.01,52.92,128.78,9904660.95
0,176,8,0,30.89,0.02,59.94,290.42,10979798.01
0,176,16,0,28.5,0.02,72.4,335.54,12139869.38
0,176,24,0,37.7,0.02,57.67,256.12,10272880.56
0,176,32,0,39.54,0.02,65.17,277.86,10802992.84
0,176,40,0,42.52,0.01,52.94,217.04,9406384.86
0,176,48,0,40.69,0.01,52.62,207.75,9405944.98
0,176,56,0,42.52,0.01,53.41,203.35,9455441.49
0,176,64,0,42.52,0.01,52.61,193.4,9441201.44
0,176,72,0,42.52,0.01,53.13,188.78,9475034.04
0,176,80,0,42.52,0.01,52.94,182.05,9494019.31
0,176,88,0,42.52,0.01,52.51,174.92,9454269.88
0,176,96,0,42.52,0.01,52.79,170.54,9510343.8
0,176,104,0,42.52,0.01,52.83,165.66,9540974.29
0,176,112,0,42.52,0.01,52.51,159.95,9505708.76
0,176,128,0,42.52,0.01,52.85,152.27,9549008.55
0,176,144,0,42.52,0.01,52.57,143.7,9538815.27
0,176,160,0,42.52,0.01,71.15,185.01,10909011.68
0,176,176,0,39.54,0.01,59.29,146.99,11251574.59
0,176,192,0,39.54,0.01,57.45,136.11,10776374.96
0,176,208,0,28.85,0.01,62.25,141.2,11946366.85
0,176,224,0,39.54,0.01,63.53,138.22,11414270.59
0,176,240,0,28.85,0.01,71.38,149.23,12645805.48
0,120,256,0,37.7,0.01,56.52,130.11,10730421.93
0,82,288,0,30.68,0.01,56.4,129.32,10664948.32
0,53,304,0,27.54,0.01,54.85,130.9,10391471.78
0,29,318,0,42.52,0.01,52.92,128.78,9904660.95
0,29,318,0,42.52,0.01,52.92,128.78,9904660.95
0,29,318,0,42.52,0.01,52.92,128.78,9904660.95
0,29,318,0,42.52,0.01,52.92,128.78,9904660.95
0,29,318,0,42.52,0.01,52.92,128.78,9904660.95
0,29,318,0,42.52,0.01,52.92,128.78,9904660.95
0,29,318,0,42.52,0.01,52.92,128.78,9904660.95
0,29,318,0,42.52,0.01,52.92,128.78,9904660.95
0,29,318,0,42.52,0.01,52.92,128.78,9904660.95
0,29,318,0,42.52,0.01,52.92,128.78,9904660.95
0,29,318,0,42.52,0.01,52.92,128.78,9904660.95
0,29,318,0,42.52,0.01,52.92,128.78,9904660.95
0,29,318,0,42.52,0.01,52.92,128.78,9904660.95
0,29,318,0,42.52,0.01,52.92,128.78,9904660.95
0,29,318,0,42.52,0.01,52.92,128.78,9904660.95
0,29,318,0,42.52,0.01,52.92,128.78,9904660.95
0,29,318,0,42.52,0.01,52.92,128.78,9904660.95
0,29,318,0,42.52,0.01,52.92,128.78,9904660.95
0,29,318,0,42.52,0.01,52.92,128.78,9904660.95
0,29,318,0,42.52,0.01,52.92,128.78,9904660.95
0,29,318,0,42.52,0.01,52.92,128.78,9904660.95
0,29,318,0,42.52,0.01,52.92,128.78,9904660.95
0,29,318,0,42.52,0.01,52.92,128.78,9904660.95
0,29,318,0,42.52,0.01,52.92,128.78,9904660.95
0,29,318,0,42.52,0.01,52.92,128.78,9904660.95
0,29,318,0,42.52,0.01,52.92,128.78,9904660.95
0,29,318,0,42.52,0.01,52.92,128.78,9904660.95
0,29,318,0,42.52,0.01,52.92,128.78,9904660.95
0,29,318,0,42.52,0.01,52.92,128.78,9904660.95
0,29,318,0,42.52,0.01,52.92,128.78,9904660.95
0,29,318,0,42.52,0.01,52.92,128.78,9904660.95
0,192,8,0,28.85,0.02,62.11,276.89,11124248.72
0,192,16,0,28.5,0.02,63.56,271.98,11348519.09
0,192,24,0,37.7,0.01,56.89,234.07,10148622.58
0,192,32,0,39.54,0.01,56.37,223.3,10090709.77
0,192,40,0,42.52,0.01,52.82,201.74,9380048.93
0,192,48,0,40.69,0.01,52.68,194.25,9392332.34
0,192,56,0,42.52,0.01,52.94,188.68,9409394.72
0,192,64,0,42.52,0.01,53.17,183.38,9466963.61
0,192,72,0,42.52,0.01,52.8,176.4,9429376.58
0,192,80,0,42.52,0.01,52.89,171.32,9472609.88
0,192,88,0,42.52,0.01,52.95,166.45,9471550.09
0,192,96,0,42.52,0.01,52.45,160.18,9459071.61
0,192,104,0,42.52,0.01,64.11,190.32,10307974.54
0,192,112,0,42.52,0.01,52.85,152.64,9510032.59
0,192,128,0,42.52,0.01,52.86,144.84,9531627.43
0,192,144,0,42.52,0.01,52.64,137.17,9524601.42
0,181,160,0,42.52,0.01,53.21,135.21,9592178.48
0,192,176,0,39.54,0.01,59.84,142.06,11412142.47
0,189,192,0,39.54,0.01,58.23,132.35,10861037.46
0,192,208,0,28.85,0.01,63.42,138.24,12412028.14
0,185,224,0,39.54,0.01,59.77,125.18,11198948.48
0,192,240,0,28.85,0.01,63.09,127.13,12226909.83
0,120,256,0,37.7,0.01,56.52,130.11,10730421.93
0,82,288,0,30.68,0.01,56.4,129.32,10664948.32
0,53,304,0,27.54,0.01,54.85,130.9,10391471.78
0,29,318,0,42.52,0.01,52.92,128.78,9904660.95
0,29,318,0,42.52,0.01,52.92,128.78,9904660.95
0,29,318,0,42.52,0.01,52.92,128.78,9904660.95
0,29,318,0,42.52,0.01,52.92,128.78,9904660.95
0,29,318,0,42.52,0.01,52.92,128.78,9904660.95
0,29,318,0,42.52,0.01,52.92,128.78,9904660.95
0,29,318,0,42.52,0.01,52.92,128.78,9904660.95
0,29,318,0,42.52,0.01,52.92,128.78,9904660.95
0,29,318,0,42.52,0.01,52.92,128.78,9904660.95
0,29,318,0,42.52,0.01,52.92,128.78,9904660.95
0,29,318,0,42.52,0.01,52.92,128.78,9904660.95
0,29,318,0,42.52,0.01,52.92,128.78,9904660.95
0,29,318,0,42.52,0.01,52.92,128.78,9904660.95
0,29,318,0,42.52,0.01,52.92,128.78,9904660.95
0,29,318,0,42.52,0.01,52.92,128.78,9904660.95
0,29,318,0,42.52,0.01,52.92,128.78,9904660.95
0,29,318,0,42.52,0.01,52.92,128.78,9904660.95
0,29,318,0,42.52,0.01,52.92,128.78,9904660.95
0,29,318,0,42.52,0.01,52.92,128.78,9904660.95
0,29,318,0,42.52,0.01,52.92,128.78,9904660.95
0,29,318,0,42.52,0.01,52.92,128.78,9904660.95
0,29,318,0,42.52,0.01,52.92,128.78,9904660.95
0,29,318,0,42.52,0.01,52.92,128.78,9904660.95
0,29,318,0,42.52,0.01,52.92,128.78,9904660.95
0,29,318,0,42.52,0.01,52.92,128.78,9904660.95
0,29,318,0,42.52,0.01,52.92,128.78,9904660.95
0,29,318,0,42.52,0.01,52.92,128.78,9904660.95
0,29,318,0,42.52,0.01,52.92,128.78,9904660.95
0,29,318,0,42.52,0.01,52.92,128.78,9904660.95
0,29,318,0,42.52,0.01,52.92,128.78,9904660.95
0,29,318,0,42.52,0.01,52.92,128.78,9904660.95
0,208,8,0,28.85,0.02,62.2,256.79,11301103.18
0,208,16,0,25.36,0.02,72.18,286.88,14025821.48
0,208,24,0,37.7,0.02,70.72,270.97,11129149.33
0,208,32,0,39.54,0.01,55.99,207.11,9973139.45
0,208,40,0,42.52,0.01,55.91,199.89,9580782.92
0,208,48,0,40.69,0.01,57.28,198.12,9699023.16
0,208,56,0,39.54,0.01,54.1,181.24,9682207.41
0,208,64,0,42.52,0.01,52.67,171.08,9409180.75
0,208,72,0,42.52,0.01,52.96,166.92,9426876.3
0,208,80,0,42.52,0.01,52.51,160.76,9423081.91
0,208,88,0,42.52,0.01,52.84,157.25,9445665.93
0,208,96,0,42.52,0.01,52.83,152.95,9470997.79
0,208,104,0,42.52,0.01,52.84,148.94,9499365.15
0,208,112,0,42.52,0.01,52.76,144.89,9475930.31
0,208,128,0,42.52,0.01,52.97,138.35,9520744.0
0,203,144,0,42.52,0.01,53.39,132.94,9512121.83
0,181,160,0,42.52,0.01,53.21,135.21,9592178.48
0,208,176,0,39.54,0.01,60.2,137.07,11506861.47
0,189,192,0,39.54,0.01,58.23,132.35,10861037.46
0,208,208,0,28.85,0.01,64.6,135.52,12590273.54
0,185,224,0,39.54,0.01,59.77,125.18,11198948.48
0,208,240,0,28.85,0.01,64.18,124.83,12398829.78
0,120,256,0,37.7,0.01,56.52,130.11,10730421.93
0,82,288,0,30.68,0.01,56.4,129.32,10664948.32
0,53,304,0,27.54,0.01,54.85,130.9,10391471.78
0,29,318,0,42.52,0.01,52.92,128.78,9904660.95
0,29,318,0,42.52,0.01,52.92,128.78,9904660.95
0,29,318,0,42.52,0.01,52.92,128.78,9904660.95
0,29,318,0,42.52,0.01,52.92,128.78,9904660.95
0,29,318,0,42.52,0.01,52.92,128.78,9904660.95
0,29,318,0,42.52,0.01,52.92,128.78,9904660.95
0,29,318,0,42.52,0.01,52.92,128.78,9904660.95
0,29,318,0,42.52,0.01,52.92,128.78,9904660.95
0,29,318,0,42.52,0.01,52.92,128.78,9904660.95
0,29,318,0,42.52,0.01,52.92,128.78,9904660.95
0,29,318,0,42.52,0.01,52.92,128.78,9904660.95
0,29,318,0,42.52,0.01,52.92,128.78,9904660.95
0,29,318,0,42.52,0.01,52.92,128.78,9904660.95
0,29,318,0,42.52,0.01,52.92,128.78,9904660.95
0,29,318,0,42.52,0.01,52.92,128.78,9904660.95
0,29,318,0,42.52,0.01,52.92,128.78,9904660.95
0,29,318,0,42.52,0.01,52.92,128.78,9904660.95
0,29,318,0,42.52,0.01,52.92,128.78,9904660.95
0,29,318,0,42.52,0.01,52.92,128.78,9904660.95
0,29,318,0,42.52,0.01,52.92,128.78,9904660.95
0,29,318,0,42.52,0.01,52.92,128.78,9904660.95
0,29,318,0,42.52,0.01,52.92,128.78,9904660.95
0,29,318,0,42.52,0.01,52.92,128.78,9904660.95
0,29,318,0,42.52,0.01,52.92,128.78,9904660.95
0,29,318,0,42.52,0.01,52.92,128.78,9904660.95
0,29,318,0,42.52,0.01,52.92,128.78,9904660.95
0,29,318,0,42.52,0.01,52.92,128.78,9904660.95
0,29,318,0,42.52,0.01,52.92,128.78,9904660.95
0,29,318,0,42.52,0.01,52.92,128.78,9904660.95
0,29,318,0,42.52,0.01,52.92,128.78,9904660.95
0,29,318,0,42.52,0.01,52.92,128.78,9904660.95
0,224,8,0,28.85,0.02,62.51,240.29,11535743.52
0,224,16,0,25.36,0.02,73.35,272.14,13999918.63
0,224,24,0,37.7,0.01,56.82,203.72,10048914.25
0,224,32,0,39.54,0.01,55.81,193.62,9935688.27
0,224,40,0,42.52,0.01,52.77,177.28,9349949.36
0,224,48,0,37.7,0.01,54.82,178.55,9856714.09
0,224,56,0,39.54,0.01,55.07,174.06,9928635.31
0,224,64,0,42.52,0.01,52.47,161.07,9376920.0
0,224,72,0,42.52,0.01,52.62,157.01,9385302.55
0,224,80,0,42.52,0.01,52.81,153.27,9430025.47
0,224,88,0,42.52,0.01,52.64,148.73,9413082.42
0,224,96,0,42.52,0.01,52.61,144.81,9437824.0
0,224,104,0,42.52,0.01,69.55,186.64,10675806.94
0,224,112,0,42.52,0.01,52.74,138.04,9465740.12
0,216,128,0,42.52,0.01,52.72,134.55,9489765.2
0,203,144,0,42.52,0.01,53.39,132.94,9512121.83
0,181,160,0,42.52,0.01,53.21,135.21,9592178.48
0,224,176,0,39.54,0.01,60.78,132.99,11590566.86
0,189,192,0,39.54,0.01,58.23,132.35,10861037.46
0,224,208,0,28.85,0.01,65.07,131.57,12757850.91
0,185,224,0,39.54,0.01,59.77,125.18,11198948.48
0,224,240,0,28.85,0.01,64.71,121.61,12568631.95
0,120,256,0,37.7,0.01,56.52,130.11,10730421.93
0,82,288,0,30.68,0.01,56.4,129.32,10664948.32
0,53,304,0,27.54,0.01,54.85,130.9,10391471.78
0,29,318,0,42.52,0.01,52.92,128.78,9904660.95
0,29,318,0,42.52,0.01,52.92,128.78,9904660.95
0,29,318,0,42.52,0.01,52.92,128.78,9904660.95
0,29,318,0,42.52,0.01,52.92,128.78,9904660.95
0,29,318,0,42.52,0.01,52.92,128.78,9904660.95
0,29,318,0,42.52,0.01,52.92,128.78,9904660.95
0,29,318,0,42.52,0.01,52.92,128.78,9904660.95
0,29,318,0,42.52,0.01,52.92,128.78,9904660.95
0,29,318,0,42.52,0.01,52.92,128.78,9904660.95
0,29,318,0,42.52,0.01,52.92,128.78,9904660.95
0,29,318,0,42.52,0.01,52.92,128.78,9904660.95
0,29,318,0,42.52,0.01,52.92,128.78,9904660.95
0,29,318,0,42.52,0.01,52.92,128.78,9904660.95
0,29,318,0,42.52,0.01,52.92,128.78,9904660.95
0,29,318,0,42.52,0.01,52.92,128.78,9904660.95
0,29,318,0,42.52,0.01,52.92,128.78,9904660.95
0,29,318,0,42.52,0.01,52.92,128.78,9904660.95
0,29,318,0,42.52,0.01,52.92,128.78,9904660.95
0,29,318,0,42.52,0.01,52.92,128.78,9904660.95
0,29,318,0,42.52,0.01,52.92,128.78,9904660.95
0,29,318,0,42.52,0.01,52.92,128.78,9904660.95
0,29,318,0,42.52,0.01,52.92,128.78,9904660.95
0,29,318,0,42.52,0.01,52.92,128.78,9904660.95
0,29,318,0,42.52,0.01,52.92,128.78,9904660.95
0,29,318,0,42.52,0.01,52.92,128.78,9904660.95
0,29,318,0,42.52,0.01,52.92,128.78,9904660.95
0,29,318,0,42.52,0.01,52.92,128.78,9904660.95
0,29,318,0,42.52,0.01,52.92,128.78,9904660.95
0,29,318,0,42.52,0.01,52.92,128.78,9904660.95
0,29,318,0,42.52,0.01,52.92,128.78,9904660.95
0,29,318,0,42.52,0.01,52.92,128.78,9904660.95
0,240,8,0,28.85,0.01,63.63,228.85,11542792.85
0,240,16,0,25.36,0.02,75.93,264.16,14008745.95
0,240,24,0,37.7,0.01,56.55,190.53,9992438.08
0,240,32,0,39.54,0.01,55.85,182.4,9920659.63
0,240,40,0,42.52,0.01,52.46,166.25,9314846.92
0,240,48,0,37.7,0.01,55.92,172.11,10012121.38
0,240,56,0,39.54,0.01,55.33,165.5,9919361.83
0,240,64,0,42.52,0.01,52.82,153.7,9392792.16
0,240,72,0,42.52,0.01,52.54,148.82,9365998.21
0,240,80,0,42.52,0.01,52.61,145.15,9398064.78
0,240,88,0,42.52,0.01,53.18,143.01,9441962.05
0,240,96,0,42.52,0.01,52.82,138.56,9438770.84
0,240,104,0,42.52,0.01,52.73,135.0,9454951.69
0,234,112,0,42.52,0.01,53.78,134.47,9466883.74
0,216,128,0,42.52,0.01,52.72,134.55,9489765.2
0,203,144,0,42.52,0.01,53.39,132.94,9512121.83
0,181,160,0,42.52,0.01,53.21,135.21,9592178.48
0,240,176,0,39.54,0.01,61.44,129.36,11678892.39
0,189,192,0,39.54,0.01,58.23,132.35,10861037.46
0,240,208,0,25.71,0.01,67.44,131.58,13182207.96
0,185,224,0,39.54,0.01,59.77,125.18,11198948.48
0,236,240,0,28.85,0.01,66.39,120.71,12636194.87
0,120,256,0,37.7,0.01,56.52,130.11,10730421.93
0,82,288,0,30.68,0.01,56.4,129.32,10664948.32
0,53,304,0,27.54,0.01,54.85,130.9,10391471.78
0,29,318,0,42.52,0.01,52.92,128.78,9904660.95
0,29,318,0,42.52,0.01,52.92,128.78,9904660.95
0,29,318,0,42.52,0.01,52.92,128.78,9904660.95
0,29,318,0,42.52,0.01,52.92,128.78,9904660.95
0,29,318,0,42.52,0.01,52.92,128.78,9904660.95
0,29,318,0,42.52,0.01,52.92,128.78,9904660.95
0,29,318,0,42.52,0.01,52.92,128.78,9904660.95
0,29,318,0,42.52,0.01,52.92,128.78,9904660.95
0,29,318,0,42.52,0.01,52.92,128.78,9904660.95
0,29,318,0,42.52,0.01,52.92,128.78,9904660.95
0,29,318,0,42.52,0.01,52.92,128.78,9904660.95
0,29,318,0,42.52,0.01,52.92,128.78,9904660.95
0,29,318,0,42.52,0.01,52.92,128.78,9904660.95
0,29,318,0,42.52,0.01,52.92,128.78,9904660.95
0,29,318,0,42.52,0.01,52.92,128.78,9904660.95
0,29,318,0,42.52,0.01,52.92,128.78,9904660.95
0,29,318,0,42.52,0.01,52.92,128.78,9904660.95
0,29,318,0,42.52,0.01,52.92,128.78,9904660.95
0,29,318,0,42.52,0.01,52.92,128.78,9904660.95
0,29,318,0,42.52,0.01,52.92,128.78,9904660.95
0,29,318,0,42.52,0.01,52.92,128.78,9904660.95
0,29,318,0,42.52,0.01,52.92,128.78,9904660.95
0,29,318,0,42.52,0.01,52.92,128.78,9904660.95
0,29,318,0,42.52,0.01,52.92,128.78,9904660.95
0,29,318,0,42.52,0.01,52.92,128.78,9904660.95
0,29,318,0,42.52,0.01,52.92,128.78,9904660.95
0,29,318,0,42.52,0.01,52.92,128.78,9904660.95
0,29,318,0,42.52,0.01,52.92,128.78,9904660.95
0,29,318,0,42.52,0.01,52.92,128.78,9904660.95
0,29,318,0,42.52,0.01,52.92,128.78,9904660.95
0,29,318,0,42.52,0.01,52.92,128.78,9904660.95
0,256,8,0,28.85,0.01,61.98,209.41,11492206.21
0,256,16,0,25.36,0.02,78.62,257.47,14031167.79
0,256,24,0,37.7,0.01,61.31,194.8,10325867.53
0,256,32,0,30.68,0.01,58.9,181.76,10692651.11
0,256,40,0,42.52,0.01,53.34,159.96,9365921.97
0,256,48,0,37.7,0.01,54.81,159.86,9852806.19
0,256,56,0,39.54,0.01,55.66,158.02,9933308.74
0,256,64,0,42.52,0.01,52.74,145.85,9373547.16
0,256,72,0,42.52,0.01,52.93,142.67,9384186.27
0,256,80,0,42.52,0.01,52.94,139.19,9412683.81
0,254,88,0,42.52,0.01,53.19,136.48,9407711.33
0,251,96,0,42.52,0.01,53.65,134.42,9435116.43
0,242,104,0,42.52,0.01,53.75,134.54,9463710.94
0,234,112,0,42.52,0.01,53.78,134.47,9466883.74
0,216,128,0,42.52,0.01,52.72,134.55,9489765.2
0,203,144,0,42.52,0.01,53.39,132.94,9512121.83
0,181,160,0,42.52,0.01,53.21,135.21,9592178.48
0,256,176,0,39.54,0.01,67.57,137.08,12124059.51
0,189,192,0,39.54,0.01,58.23,132.35,10861037.46
0,256,208,0,28.85,0.01,66.96,126.24,13048849.09
0,185,224,0,39.54,0.01,59.77,125.18,11198948.48
0,242,240,0,28.85,0.01,66.45,118.89,12700306.99
0,120,256,0,37.7,0.01,56.52,130.11,10730421.93
0,82,288,0,30.68,0.01,56.4,129.32,10664948.32
0,53,304,0,27.54,0.01,54.85,130.9,10391471.78
0,29,318,0,42.52,0.01,52.92,128.78,9904660.95
0,29,318,0,42.52,0.01,52.92,128.78,9904660.95
0,29,318,0,42.52,0.01,52.92,128.78,9904660.95
0,29,318,0,42.52,0.01,52.92,128.78,9904660.95
0,29,318,0,42.52,0.01,52.92,128.78,9904660.95
0,29,318,0,42.52,0.01,52.92,128.78,9904660.95
0,29,318,0,42.52,0.01,52.92,128.78,9904660.95
0,29,318,0,42.52,0.01,52.92,128.78,9904660.95
0,29,318,0,42.52,0.01,52.92,128.78,9904660.95
0,29,318,0,42.52,0.01,52.92,128.78,9904660.95
0,29,318,0,42.52,0.01,52.92,128.78,9904660.95
0,29,318,0,42.52,0.01,52.92,128.78,9904660.95
0,29,318,0,42.52,0.01,52.92,128.78,9904660.95
0,29,318,0,42.52,0.01,52.92,128.78,9904660.95
0,29,318,0,42.52,0.01,52.92,128.78,9904660.95
0,29,318,0,42.52,0.01,52.92,128.78,9904660.95
0,29,318,0,42.52,0.01,52.92,128.78,9904660.95
0,29,318,0,42.52,0.01,52.92,128.78,9904660.95
0,29,318,0,42.52,0.01,52.92,128.78,9904660.95
0,29,318,0,42.52,0.01,52.92,128.78,9904660.95
0,29,318,0,42.52,0.01,52.92,128.78,9904660.95
0,29,318,0,42.52,0.01,52.92,128.78,9904660.95
0,29,318,0,42.52,0.01,52.92,128.78,9904660.95
0,29,318,0,42.52,0.01,52.92,128.78,9904660.95
0,29,318,0,42.52,0.01,52.92,128.78,9904660.95
0,29,318,0,42.52,0.01,52.92,128.78,9904660.95
0,29,318,0,42.52,0.01,52.92,128.78,9904660.95
0,29,318,0,42.52,0.01,52.92,128.78,9904660.95
0,29,318,0,42.52,0.01,52.92,128.78,9904660.95
0,29,318,0,42.52,0.01,52.92,128.78,9904660.95
0,29,318,0,42.52,0.01,52.92,128.78,9904660.95
0,288,8,0,25.71,0.01,67.54,203.56,12507120.97
0,288,16,0,25.36,0.02,84.88,248.79,14211594.03
0,288,24,0,28.85,0.01,58.49,166.85,10574337.35
0,288,32,0,27.54,0.01,61.13,169.85,11437759.12
0,288,40,0,39.54,0.01,55.41,150.04,9674253.84
0,288,48,0,37.7,0.01,55.66,146.99,10031190.23
0,288,56,0,39.54,0.01,56.29,145.06,10221883.21
0,279,64,0,42.52,0.01,53.17,136.87,9379603.39
0,270,72,0,42.52,0.01,53.27,136.98,9377933.0
0,267,80,0,42.52,0.01,53.61,134.61,9397631.36
0,258,88,0,42.52,0.01,53.71,134.72,9397762.53
0,251,96,0,42.52,0.01,53.65,134.42,9435116.43
0,242,104,0,42.52,0.01,53.75,134.54,9463710.94
0,234,112,0,42.52,0.01,53.78,134.47,9466883.74
0,216,128,0,42.52,0.01,52.72,134.55,9489765.2
0,203,144,0,42.52,0.01,53.39,132.94,9512121.83
0,181,160,0,42.52,0.01,53.21,135.21,9592178.48
0,265,176,0,39.54,0.01,62.92,123.18,11800838.34
0,189,192,0,39.54,0.01,58.23,132.35,10861037.46
0,282,208,0,28.85,0.01,68.45,120.88,13098719.15
0,185,224,0,39.54,0.01,59.77,125.18,11198948.48
0,258,240,0,28.85,0.01,67.39,116.83,12927012.49
0,120,256,0,37.7,0.01,56.52,130.11,10730421.93
0,82,288,0,30.68,0.01,56.4,129.32,10664948.32
0,53,304,0,27.54,0.01,54.85,130.9,10391471.78
0,29,318,0,42.52,0.01,52.92,128.78,9904660.95
0,29,318,0,42.52,0.01,52.92,128.78,9904660.95
0,29,318,0,42.52,0.01,52.92,128.78,9904660.95
0,29,318,0,42.52,0.01,52.92,128.78,9904660.95
0,29,318,0,42.52,0.01,52.92,128.78,9904660.95
0,29,318,0,42.52,0.01,52.92,128.78,9904660.95
0,29,318,0,42.52,0.01,52.92,128.78,9904660.95
0,29,318,0,42.52,0.01,52.92,128.78,9904660.95
0,29,318,0,42.52,0.01,52.92,128.78,9904660.95
0,29,318,0,42.52,0.01,52.92,128.78,9904660.95
0,29,318,0,42.52,0.01,52.92,128.78,9904660.95
0,29,318,0,42.52,0.01,52.92,128.78,9904660.95
0,29,318,0,42.52,0.01,52.92,128.78,9904660.95
0,29,318,0,42.52,0.01,52.92,128.78,9904660.95
0,29,318,0,42.52,0.01,52.92,128.78,9904660.95
0,29,318,0,42.52,0.01,52.92,128.78,9904660.95
0,29,318,0,42.52,0.01,52.92,128.78,9904660.95
0,29,318,0,42.52,0.01,52.92,128.78,9904660.95
0,29,318,0,42.52,0.01,52.92,128.78,9904660.95
0,29,318,0,42.52,0.01,52.92,128.78,9904660.95
0,29,318,0,42.52,0.01,52.92,128.78,9904660.95
0,29,318,0,42.52,0.01,52.92,128.78,9904660.95
0,29,318,0,42.52,0.01,52.92,128.78,9904660.95
0,29,318,0,42.52,0.01,52.92,128.78,9904660.95
0,29,318,0,42.52,0.01,52.92,128.78,9904660.95
0,29,318,0,42.52,0.01,52.92,128.78,9904660.95
0,29,318,0,42.52,0.01,52.92,128.78,9904660.95
0,29,318,0,42.52,0.01,52.92,128.78,9904660.95
0,29,318,0,42.52,0.01,52.92,128.78,9904660.95
0,29,318,0,42.52,0.01,52.92,128.78,9904660.95
0,29,318,0,42.52,0.01,52.92,128.78,9904660.95
0,304,8,0,25.71,0.01,68.29,195.3,13294971.32
0,300,16,0,25.36,0.02,88.26,245.8,14258425.61
0,304,24,0,25.71,0.01,62.76,170.33,11982136.33
0,304,32,0,25.71,0.01,63.33,167.61,12025838.73
0,301,40,0,39.54,0.01,55.82,144.17,9814030.95
0,304,48,0,37.7,0.01,56.84,143.34,10257131.8
0,304,56,0,39.54,0.01,75.07,184.93,11548844.12
0,279,64,0,42.52,0.01,53.17,136.87,9379603.39
0,270,72,0,42.52,0.01,53.27,136.98,9377933.0
0,267,80,0,42.52,0.01,53.61,134.61,9397631.36
0,258,88,0,42.52,0.01,53.71,134.72,9397762.53
0,251,96,0,42.52,0.01,53.65,134.42,9435116.43
0,242,104,0,42.52,0.01,53.75,134.54,9463710.94
0,234,112,0,42.52,0.01,53.78,134.47,9466883.74
0,216,128,0,42.52,0.01,52.72,134.55,9489765.2
0,203,144,0,42.52,0.01,53.39,132.94,9512121.83
0,181,160,0,42.52,0.01,53.21,135.21,9592178.48
0,265,176,0,39.54,0.01,62.92,123.18,11800838.34
0,189,192,0,39.54,0.01,58.23,132.35,10861037.46
0,292,208,0,28.85,0.01,68.27,118.7,13168850.84
0,185,224,0,39.54,0.01,59.77,125.18,11198948.48
0,258,240,0,28.85,0.01,67.39,116.83,12927012.49
0,120,256,0,37.7,0.01,56.52,130.11,10730421.93
0,82,288,0,30.68,0.01,56.4,129.32,10664948.32
0,53,304,0,27.54,0.01,54.85,130.9,10391471.78
0,29,318,0,42.52,0.01,52.92,128.78,9904660.95
0,29,318,0,42.52,0.01,52.92,128.78,9904660.95
0,29,318,0,42.52,0.01,52.92,128.78,9904660.95
0,29,318,0,42.52,0.01,52.92,128.78,9904660.95
0,29,318,0,42.52,0.01,52.92,128.78,9904660.95
0,29,318,0,42.52,0.01,52.92,128.78,9904660.95
0,29,318,0,42.52,0.01,52.92,128.78,9904660.95
0,29,318,0,42.52,0.01,52.92,128.78,9904660.95
0,29,318,0,42.52,0.01,52.92,128.78,9904660.95
0,29,318,0,42.52,0.01,52.92,128.78,9904660.95
0,29,318,0,42.52,0.01,52.92,128.78,9904660.95
0,29,318,0,42.52,0.01,52.92,128.78,9904660.95
0,29,318,0,42.52,0.01,52.92,128.78,9904660.95
0,29,318,0,42.52,0.01,52.92,128.78,9904660.95
0,29,318,0,42.52,0.01,52.92,128.78,9904660.95
0,29,318,0,42.52,0.01,52.92,128.78,9904660.95
0,29,318,0,42.52,0.01,52.92,128.78,9904660.95
0,29,318,0,42.52,0.01,52.92,128.78,9904660.95
0,29,318,0,42.52,0.01,52.92,128.78,9904660.95
0,29,318,0,42.52,0.01,52.92,128.78,9904660.95
0,29,318,0,42.52,0.01,52.92,128.78,9904660.95
0,29,318,0,42.52,0.01,52.92,128.78,9904660.95
0,29,318,0,42.52,0.01,52.92,128.78,9904660.95
0,29,318,0,42.52,0.01,52.92,128.78,9904660.95
0,29,318,0,42.52,0.01,52.92,128.78,9904660.95
0,29,318,0,42.52,0.01,52.92,128.78,9904660.95
0,29,318,0,42.52,0.01,52.92,128.78,9904660.95
0,29,318,0,42.52,0.01,52.92,128.78,9904660.95
0,29,318,0,42.52,0.01,52.92,128.78,9904660.95
0,29,318,0,42.52,0.01,52.92,128.78,9904660.95
0,29,318,0,42.52,0.01,52.92,128.78,9904660.95
0,320,8,0,25.71,0.01,69.44,188.91,13377386.27
0,320,16,0,25.36,0.01,68.82,182.57,12555293.71
0,320,24,0,25.71,0.01,63.65,164.74,12005475.46
0,320,32,0,25.71,0.01,64.25,162.36,12051126.33
0,307,40,0,39.54,0.01,56.08,141.56,9899389.5
0,320,48,0,37.7,0.01,56.86,137.17,10239851.58
0,318,56,0,39.54,0.01,56.71,133.79,10161450.33
0,279,64,0,42.52,0.01,53.17,136.87,9379603.39
0,270,72,0,42.52,0.01,53.27,136.98,9377933.0
0,267,80,0,42.52,0.01,53.61,134.61,9397631.36
0,258,88,0,42.52,0.01,53.71,134.72,9397762.53
0,251,96,0,42.52,0.01,53.65,134.42,9435116.43
0,242,104,0,42.52,0.01,53.75,134.54,9463710.94
0,234,112,0,42.52,0.01,53.78,134.47,9466883.74
0,216,128,0,42.52,0.01,52.72,134.55,9489765.2
0,203,144,0,42.52,0.01,53.39,132.94,9512121.83
0,181,160,0,42.52,0.01,53.21,135.21,9592178.48
0,265,176,0,39.54,0.01,62.92,123.18,11800838.34
0,189,192,0,39.54,0.01,58.23,132.35,10861037.46
0,316,208,0,28.85,0.01,69.77,115.89,13571045.3
0,185,224,0,39.54,0.01,59.77,125.18,11198948.48
0,258,240,0,28.85,0.01,67.39,116.83,12927012.49
0,120,256,0,37.7,0.01,56.52,130.11,10730421.93
0,82,288,0,30.68,0.01,56.4,129.32,10664948.32
0,53,304,0,27.54,0.01,54.85,130.9,10391471.78
0,29,318,0,42.52,0.01,52.92,128.78,9904660.95
0,29,318,0,42.52,0.01,52.92,128.78,9904660.95
0,29,318,0,42.52,0.01,52.92,128.78,9904660.95
0,29,318,0,42.52,0.01,52.92,128.78,9904660.95
0,29,318,0,42.52,0.01,52.92,128.78,9904660.95
0,29,318,0,42.52,0.01,52.92,128.78,9904660.95
0,29,318,0,42.52,0.01,52.92,128.78,9904660.95
0,29,318,0,42.52,0.01,52.92,128.78,9904660.95
0,29,318,0,42.52,0.01,52.92,128.78,9904660.95
0,29,318,0,42.52,0.01,52.92,128.78,9904660.95
0,29,318,0,42.52,0.01,52.92,128.78,9904660.95
0,29,318,0,42.52,0.01,52.92,128.78,9904660.95
0,29,318,0,42.52,0.01,52.92,128.78,9904660.95
0,29,318,0,42.52,0.01,52.92,128.78,9904660.95
0,29,318,0,42.52,0.01,52.92,128.78,9904660.95
0,29,318,0,42.52,0.01,52.92,128.78,9904660.95
0,29,318,0,42.52,0.01,52.92,128.78,9904660.95
0,29,318,0,42.52,0.01,52.92,128.78,9904660.95
0,29,318,0,42.52,0.01,52.92,128.78,9904660.95
0,29,318,0,42.52,0.01,52.92,128.78,9904660.95
0,29,318,0,42.52,0.01,52.92,128.78,9904660.95
0,29,318,0,42.52,0.01,52.92,128.78,9904660.95
0,29,318,0,42.52,0.01,52.92,128.78,9904660.95
0,29,318,0,42.52,0.01,52.92,128.78,9904660.95
0,29,318,0,42.52,0.01,52.92,128.78,9904660.95
0,29,318,0,42.52,0.01,52.92,128.78,9904660.95
0,29,318,0,42.52,0.01,52.92,128.78,9904660.95
0,29,318,0,42.52,0.01,52.92,128.78,9904660.95
0,29,318,0,42.52,0.01,52.92,128.78,9904660.95
0,29,318,0,42.52,0.01,52.92,128.78,9904660.95
0,29,318,0,42.52,0.01,52.92,128.78,9904660.95
0,352,8,0,25.36,0.01,77.11,191.14,13746784.7
0,352,16,0,25.36,0.01,77.67,188.15,15313110.91
0,352,24,0,25.71,0.01,64.37,152.47,11908226.44
0,352,32,0,25.71,0.01,66.76,154.7,12646694.33
0,307,40,0,39.54,0.01,56.08,141.56,9899389.5
0,326,48,0,37.7,0.01,56.69,133.87,10158291.98
0,318,56,0,39.54,0.01,56.71,133.79,10161450.33
0,279,64,0,42.52,0.01,53.17,136.87,9379603.39
0,270,72,0,42.52,0.01,53.27,136.98,9377933.0
0,267,80,0,42.52,0.01,53.61,134.61,9397631.36
0,258,88,0,42.52,0.01,53.71,134.72,9397762.53
0,251,96,0,42.52,0.01,53.65,134.42,9435116.43
0,242,104,0,42.52,0.01,53.75,134.54,9463710.94
0,234,112,0,42.52,0.01,53.78,134.47,9466883.74
0,216,128,0,42.52,0.01,52.72,134.55,9489765.2
0,203,144,0,42.52,0.01,53.39,132.94,9512121.83
0,181,160,0,42.52,0.01,53.21,135.21,9592178.48
0,265,176,0,39.54,0.01,62.92,123.18,11800838.34
0,189,192,0,39.54,0.01,58.23,132.35,10861037.46
0,316,208,0,28.85,0.01,69.77,115.89,13571045.3
0,185,224,0,39.54,0.01,59.77,125.18,11198948.48
0,258,240,0,28.85,0.01,67.39,116.83,12927012.49
0,120,256,0,37.7,0.01,56.52,130.11,10730421.93
0,82,288,0,30.68,0.01,56.4,129.32,10664948.32
0,53,304,0,27.54,0.01,54.85,130.9,10391471.78
0,29,318,0,42.52,0.01,52.92,128.78,9904660.95
0,29,318,0,42.52,0.01,52.92,128.78,9904660.95
0,29,318,0,42.52,0.01,52.92,128.78,9904660.95
0,29,318,0,42.52,0.01,52.92,128.78,9904660.95
0,29,318,0,42.52,0.01,52.92,128.78,9904660.95
0,29,318,0,42.52,0.01,52.92,128.78,9904660.95
0,29,318,0,42.52,0.01,52.92,128.78,9904660.95
0,29,318,0,42.52,0.01,52.92,128.78,9904660.95
0,29,318,0,42.52,0.01,52.92,128.78,9904660.95
0,29,318,0,42.52,0.01,52.92,128.78,9904660.95
0,29,318,0,42.52,0.01,52.92,128.78,9904660.95
0,29,318,0,42.52,0.01,52.92,128.78,9904660.95
0,29,318,0,42.52,0.01,52.92,128.78,9904660.95
0,29,318,0,42.52,0.01,52.92,128.78,9904660.95
0,29,318,0,42.52,0.01,52.92,128.78,9904660.95
0,29,318,0,42.52,0.01,52.92,128.78,9904660.95
0,29,318,0,42.52,0.01,52.92,128.78,9904660.95
0,29,318,0,42.52,0.01,52.92,128.78,9904660.95
0,29,318,0,42.52,0.01,52.92,128.78,9904660.95
0,29,318,0,42.52,0.01,52.92,128.78,9904660.95
0,29,318,0,42.52,0.01,52.92,128.78,9904660.95
0,29,318,0,42.52,0.01,52.92,128.78,9904660.95
0,29,318,0,42.52,0.01,52.92,128.78,9904660.95
0,29,318,0,42.52,0.01,52.92,128.78,9904660.95
0,29,318,0,42.52,0.01,52.92,128.78,9904660.95
0,29,318,0,42.52,0.01,52.92,128.78,9904660.95
0,29,318,0,42.52,0.01,52.92,128.78,9904660.95
0,29,318,0,42.52,0.01,52.92,128.78,9904660.95
0,29,318,0,42.52,0.01,52.92,128.78,9904660.95
0,29,318,0,42.52,0.01,52.92,128.78,9904660.95
0,29,318,0,42.52,0.01,52.92,128.78,9904660.95
0,384,8,0,25.71,0.01,74.04,168.55,14686559.89
0,384,16,0,24.34,0.01,88.77,197.87,18147165.33
0,384,24,0,25.71,0.01,67.66,147.73,12603266.99
0,384,32,0,25.71,0.01,68.4,146.34,12616691.5
0,307,40,0,39.54,0.01,56.08,141.56,9899389.5
0,326,48,0,37.7,0.01,56.69,133.87,10158291.98
0,318,56,0,39.54,0.01,56.71,133.79,10161450.33
0,279,64,0,42.52,0.01,53.17,136.87,9379603.39
0,270,72,0,42.52,0.01,53.27,136.98,9377933.0
0,267,80,0,42.52,0.01,53.61,134.61,9397631.36
0,258,88,0,42.52,0.01,53.71,134.72,9397762.53
0,251,96,0,42.52,0.01,53.65,134.42,9435116.43
0,242,104,0,42.52,0.01,53.75,134.54,9463710.94
0,234,112,0,42.52,0.01,53.78,134.47,9466883.74
0,216,128,0,42.52,0.01,52.72,134.55,9489765.2
0,203,144,0,42.52,0.01,53.39,132.94,9512121.83
0,181,160,0,42.52,0.01,53.21,135.21,9592178.48
0,265,176,0,39.54,0.01,62.92,123.18,11800838.34
0,189,192,0,39.54,0.01,58.23,132.35,10861037.46
0,316,208,0,28.85,0.01,69.77,115.89,13571045.3
0,185,224,0,39.54,0.01,59.77,125.18,11198948.48
0,258,240,0,28.85,0.01,67.39,116.83,12927012.49
0,120,256,0,37.7,0.01,56.52,130.11,10730421.93
0,82,288,0,30.68,0.01,56.4,129.32,10664948.32
0,53,304,0,27.54,0.01,54.85,130.9,10391471.78
0,29,318,0,42.52,0.01,52.92,128.78,9904660.95
0,29,318,0,42.52,0.01,52.92,128.78,9904660.95
0,29,318,0,42.52,0.01,52.92,128.78,9904660.95
0,29,318,0,42.52,0.01,52.92,128.78,9904660.95
0,29,318,0,42.52,0.01,52.92,128.78,9904660.95
0,29,318,0,42.52,0.01,52.92,128.78,9904660.95
0,29,318,0,42.52,0.01,52.92,128.78,9904660.95
0,29,318,0,42.52,0.01,52.92,128.78,9904660.95
0,29,318,0,42.52,0.01,52.92,128.78,9904660.95
0,29,318,0,42.52,0.01,52.92,128.78,9904660.95
0,29,318,0,42.52,0.01,52.92,128.78,9904660.95
0,29,318,0,42.52,0.01,52.92,128.78,9904660.95
0,29,318,0,42.52,0.01,52.92,128.78,9904660.95
0,29,318,0,42.52,0.01,52.92,128.78,9904660.95
0,29,318,0,42.52,0.01,52.92,128.78,9904660.95
0,29,318,0,42.52,0.01,52.92,128.78,9904660.95
0,29,318,0,42.52,0.01,52.92,128.78,9904660.95
0,29,318,0,42.52,0.01,52.92,128.78,9904660.95
0,29,318,0,42.52,0.01,52.92,128.78,9904660.95
0,29,318,0,42.52,0.01,52.92,128.78,9904660.95
0,29,318,0,42.52,0.01,52.92,128.78,9904660.95
0,29,318,0,42.52,0.01,52.92,128.78,9904660.95
0,29,318,0,42.52,0.01,52.92,128.78,9904660.95
0,29,318,0,42.52,0.01,52.92,128.78,9904660.95
0,29,318,0,42.52,0.01,52.92,128.78,9904660.95
0,29,318,0,42.52,0.01,52.92,128.78,9904660.95
0,29,318,0,42.52,0.01,52.92,128.78,9904660.95
0,29,318,0,42.52,0.01,52.92,128.78,9904660.95
0,29,318,0,42.52,0.01,52.92,128.78,9904660.95
0,29,318,0,42.52,0.01,52.92,128.78,9904660.95
0,29,318,0,42.52,0.01,52.92,128.78,9904660.95
0,400,8,0,24.69,0.01,75.43,164.99,14786220.39
0,400,16,0,25.36,0.01,90.22,193.37,17996348.13
0,400,24,0,25.71,0.01,87.26,183.36,13976093.34
0,400,32,0,25.71,0.01,68.77,141.71,12704556.02
0,307,40,0,39.54,0.01,56.08,141.56,9899389.5
0,326,48,0,37.7,0.01,56.69,133.87,10158291.98
0,318,56,0,39.54,0.01,56.71,133.79,10161450.33
0,279,64,0,42.52,0.01,53.17,136.87,9379603.39
0,270,72,0,42.52,0.01,53.27,136.98,9377933.0
0,267,80,0,42.52,0.01,53.61,134.61,9397631.36
0,258,88,0,42.52,0.01,53.71,134.72,9397762.53
0,251,96,0,42.52,0.01,53.65,134.42,9435116.43
0,242,104,0,42.52,0.01,53.75,134.54,9463710.94
0,234,112,0,42.52,0.01,53.78,134.47,9466883.74
0,216,128,0,42.52,0.01,52.72,134.55,9489765.2
0,203,144,0,42.52,0.01,53.39,132.94,9512121.83
0,181,160,0,42.52,0.01,53.21,135.21,9592178.48
0,265,176,0,39.54,0.01,62.92,123.18,11800838.34
0,189,192,0,39.54,0.01,58.23,132.35,10861037.46
0,316,208,0,28.85,0.01,69.77,115.89,13571045.3
0,185,224,0,39.54,0.01,59.77,125.18,11198948.48
0,258,240,0,28.85,0.01,67.39,116.83,12927012.49
0,120,256,0,37.7,0.01,56.52,130.11,10730421.93
0,82,288,0,30.68,0.01,56.4,129.32,10664948.32
0,53,304,0,27.54,0.01,54.85,130.9,10391471.78
0,29,318,0,42.52,0.01,52.92,128.78,9904660.95
0,29,318,0,42.52,0.01,52.92,128.78,9904660.95
0,29,318,0,42.52,0.01,52.92,128.78,9904660.95
0,29,318,0,42.52,0.01,52.92,128.78,9904660.95
0,29,318,0,42.52,0.01,52.92,128.78,9904660.95
0,29,318,0,42.52,0.01,52.92,128.78,9904660.95
0,29,318,0,42.52,0.01,52.92,128.78,9904660.95
0,29,318,0,42.52,0.01,52.92,128.78,9904660.95
0,29,318,0,42.52,0.01,52.92,128.78,9904660.95
0,29,318,0,42.52,0.01,52.92,128.78,9904660.95
0,29,318,0,42.52,0.01,52.92,128.78,9904660.95
0,29,318,0,42.52,0.01,52.92,128.78,9904660.95
0,29,318,0,42.52,0.01,52.92,128.78,9904660.95
0,29,318,0,42.52,0.01,52.92,128.78,9904660.95
0,29,318,0,42.52,0.01,52.92,128.78,9904660.95
0,29,318,0,42.52,0.01,52.92,128.78,9904660.95
0,29,318,0,42.52,0.01,52.92,128.78,9904660.95
0,29,318,0,42.52,0.01,52.92,128.78,9904660.95
0,29,318,0,42.52,0.01,52.92,128.78,9904660.95
0,29,318,0,42.52,0.01,52.92,128.78,9904660.95
0,29,318,0,42.52,0.01,52.92,128.78,9904660.95
0,29,318,0,42.52,0.01,52.92,128.78,9904660.95
0,29,318,0,42.52,0.01,52.92,128.78,9904660.95
0,29,318,0,42.52,0.01,52.92,128.78,9904660.95
0,29,318,0,42.52,0.01,52.92,128.78,9904660.95
0,29,318,0,42.52,0.01,52.92,128.78,9904660.95
0,29,318,0,42.52,0.01,52.92,128.78,9904660.95
0,29,318,0,42.52,0.01,52.92,128.78,9904660.95
0,29,318,0,42.52,0.01,52.92,128.78,9904660.95
0,29,318,0,42.52,0.01,52.92,128.78,9904660.95
0,29,318,0,42.52,0.01,52.92,128.78,9904660.95
0,448,8,0,24.04,0.01,80.39,157.36,14899748.27
0,448,16,0,25.36,0.01,94.44,181.53,18091011.5
0,441,24,0,25.71,0.01,70.57,133.25,13025726.51
0,432,32,0,25.71,0.01,69.47,133.31,13023059.43
0,307,40,0,39.54,0.01,56.08,141.56,9899389.5
0,326,48,0,37.7,0.01,56.69,133.87,10158291.98
0,318,56,0,39.54,0.01,56.71,133.79,10161450.33
0,279,64,0,42.52,0.01,53.17,136.87,9379603.39
0,270,72,0,42.52,0.01,53.27,136.98,9377933.0
0,267,80,0,42.52,0.01,53.61,134.61,9397631.36
0,258,88,0,42.52,0.01,53.71,134.72,9397762.53
0,251,96,0,42.52,0.01,53.65,134.42,9435116.43
0,242,104,0,42.52,0.01,53.75,134.54,9463710.94
0,234,112,0,42.52,0.01,53.78,134.47,9466883.74
0,216,128,0,42.52,0.01,52.72,134.55,9489765.2
0,203,144,0,42.52,0.01,53.39,132.94,9512121.83
0,181,160,0,42.52,0.01,53.21,135.21,9592178.48
0,265,176,0,39.54,0.01,62.92,123.18,11800838.34
0,189,192,0,39.54,0.01,58.23,132.35,10861037.46
0,316,208,0,28.85,0.01,69.77,115.89,13571045.3
0,185,224,0,39.54,0.01,59.77,125.18,11198948.48
0,258,240,0,28.85,0.01,67.39,116.83,12927012.49
0,120,256,0,37.7,0.01,56.52,130.11,10730421.93
0,82,288,0,30.68,0.01,56.4,129.32,10664948.32
0,53,304,0,27.54,0.01,54.85,130.9,10391471.78
0,29,318,0,42.52,0.01,52.92,128.78,9904660.95
0,29,318,0,42.52,0.01,52.92,128.78,9904660.95
0,29,318,0,42.52,0.01,52.92,128.78,9904660.95
0,29,318,0,42.52,0.01,52.92,128.78,9904660.95
0,29,318,0,42.52,0.01,52.92,128.78,9904660.95
0,29,318,0,42.52,0.01,52.92,128.78,9904660.95
0,29,318,0,42.52,0.01,52.92,128.78,9904660.95
0,29,318,0,42.52,0.01,52.92,128.78,9904660.95
0,29,318,0,42.52,0.01,52.92,128.78,9904660.95
0,29,318,0,42.52,0.01,52.92,128.78,9904660.95
0,29,318,0,42.52,0.01,52.92,128.78,9904660.95
0,29,318,0,42.52,0.01,52.92,128.78,9904660.95
0,29,318,0,42.52,0.01,52.92,128.78,9904660.95
0,29,318,0,42.52,0.01,52.92,128.78,9904660.95
0,29,318,0,42.52,0.01,52.92,128.78,9904660.95
0,29,318,0,42.52,0.01,52.92,128.78,9904660.95
0,29,318,0,42.52,0.01,52.92,128.78,9904660.95
0,29,318,0,42.52,0.01,52.92,128.78,9904660.95
0,29,318,0,42.52,0.01,52.92,128.78,9904660.95
0,29,318,0,42.52,0.01,52.92,128.78,9904660.95
0,29,318,0,42.52,0.01,52.92,128.78,9904660.95
0,29,318,0,42.52,0.01,52.92,128.78,9904660.95
0,29,318,0,42.52,0.01,52.92,128.78,9904660.95
0,29,318,0,42.52,0.01,52.92,128.78,9904660.95
0,29,318,0,42.52,0.01,52.92,128.78,9904660.95
0,29,318,0,42.52,0.01,52.92,128.78,9904660.95
0,29,318,0,42.52,0.01,52.92,128.78,9904660.95
0,29,318,0,42.52,0.01,52.92,128.78,9904660.95
0,29,318,0,42.52,0.01,52.92,128.78,9904660.95
0,29,318,0,42.52,0.01,52.92,128.78,9904660.95
0,29,318,0,42.52,0.01,52.92,128.78,9904660.95
0,480,8,0,24.04,0.01,75.79,138.63,14251701.01
0,480,16,0,25.06,0.01,102.92,185.08,18438671.06
0,441,24,0,25.71,0.01,70.57,133.25,13025726.51
0,432,32,0,25.71,0.01,69.47,133.31,13023059.43
0,307,40,0,39.54,0.01,56.08,141.56,9899389.5
0,326,48,0,37.7,0.01,56.69,133.87,10158291.98
0,318,56,0,39.54,0.01,56.71,133.79,10161450.33
0,279,64,0,42.52,0.01,53.17,136.87,9379603.39
0,270,72,0,42.52,0.01,53.27,136.98,9377933.0
0,267,80,0,42.52,0.01,53.61,134.61,9397631.36
0,258,88,0,42.52,0.01,53.71,134.72,9397762.53
0,251,96,0,42.52,0.01,53.65,134.42,9435116.43
0,242,104,0,42.52,0.01,53.75,134.54,9463710.94
0,234,112,0,42.52,0.01,53.78,134.47,9466883.74
0,216,128,0,42.52,0.01,52.72,134.55,9489765.2
0,203,144,0,42.52,0.01,53.39,132.94,9512121.83
0,181,160,0,42.52,0.01,53.21,135.21,9592178.48
0,265,176,0,39.54,0.01,62.92,123.18,11800838.34
0,189,192,0,39.54,0.01,58.23,132.35,10861037.46
0,316,208,0,28.85,0.01,69.77,115.89,13571045.3
0,185,224,0,39.54,0.01,59.77,125.18,11198948.48
0,258,240,0,28.85,0.01,67.39,116.83,12927012.49
0,120,256,0,37.7,0.01,56.52,130.11,10730421.93
0,82,288,0,30.68,0.01,56.4,129.32,10664948.32
0,53,304,0,27.54,0.01,54.85,130.9,10391471.78
0,29,318,0,42.52,0.01,52.92,128.78,9904660.95
0,29,318,0,42.52,0.01,52.92,128.78,9904660.95
0,29,318,0,42.52,0.01,52.92,128.78,9904660.95
0,29,318,0,42.52,0.01,52.92,128.78,9904660.95
0,29,318,0,42.52,0.01,52.92,128.78,9904660.95
0,29,318,0,42.52,0.01,52.92,128.78,9904660.95
0,29,318,0,42.52,0.01,52.92,128.78,9904660.95
0,29,318,0,42.52,0.01,52.92,128.78,9904660.95
0,29,318,0,42.52,0.01,52.92,128.78,9904660.95
0,29,318,0,42.52,0.01,52.92,128.78,9904660.95
0,29,318,0,42.52,0.01,52.92,128.78,9904660.95
0,29,318,0,42.52,0.01,52.92,128.78,9904660.95
0,29,318,0,42.52,0.01,52.92,128.78,9904660.95
0,29,318,0,42.52,0.01,52.92,128.78,9904660.95
0,29,318,0,42.52,0.01,52.92,128.78,9904660.95
0,29,318,0,42.52,0.01,52.92,128.78,9904660.95
0,29,318,0,42.52,0.01,52.92,128.78,9904660.95
0,29,318,0,42.52,0.01,52.92,128.78,9904660.95
0,29,318,0,42.52,0.01,52.92,128.78,9904660.95
0,29,318,0,42.52,0.01,52.92,128.78,9904660.95
0,29,318,0,42.52,0.01,52.92,128.78,9904660.95
0,29,318,0,42.52,0.01,52.92,128.78,9904660.95
0,29,318,0,42.52,0.01,52.92,128.78,9904660.95
0,29,318,0,42.52,0.01,52.92,128.78,9904660.95
0,29,318,0,42.52,0.01,52.92,128.78,9904660.95
0,29,318,0,42.52,0.01,52.92,128.78,9904660.95
0,29,318,0,42.52,0.01,52.92,128.78,9904660.95
0,29,318,0,42.52,0.01,52.92,128.78,9904660.95
0,29,318,0,42.52,0.01,52.92,128.78,9904660.95
0,29,318,0,42.52,0.01,52.92,128.78,9904660.95
0,29,318,0,42.52,0.01,52.92,128.78,9904660.95
0,512,8,0,24.04,0.01,80.25,137.76,15453912.91
0,512,16,0,25.06,0.01,107.45,181.53,18504821.26
0,441,24,0,25.71,0.01,70.57,133.25,13025726.51
0,432,32,0,25.71,0.01,69.47,133.31,13023059.43
0,307,40,0,39.54,0.01,56.08,141.56,9899389.5
0,326,48,0,37.7,0.01,56.69,133.87,10158291.98
0,318,56,0,39.54,0.01,56.71,133.79,10161450.33
0,279,64,0,42.52,0.01,53.17,136.87,9379603.39
0,270,72,0,42.52,0.01,53.27,136.98,9377933.0
0,267,80,0,42.52,0.01,53.61,134.61,9397631.36
0,258,88,0,42.52,0.01,53.71,134.72,9397762.53
0,251,96,0,42.52,0.01,53.65,134.42,9435116.43
0,242,104,0,42.52,0.01,53.75,134.54,9463710.94
0,234,112,0,42.52,0.01,53.78,134.47,9466883.74
0,216,128,0,42.52,0.01,52.72,134.55,9489765.2
0,203,144,0,42.52,0.01,53.39,132.94,9512121.83
0,181,160,0,42.52,0.01,53.21,135.21,9592178.48
0,265,176,0,39.54,0.01,62.92,123.18,11800838.34
0,189,192,0,39.54,0.01,58.23,132.35,10861037.46
0,316,208,0,28.85,0.01,69.77,115.89,13571045.3
0,185,224,0,39.54,0.01,59.77,125.18,11198948.48
0,258,240,0,28.85,0.01,67.39,116.83,12927012.49
0,120,256,0,37.7,0.01,56.52,130.11,10730421.93
0,82,288,0,30.68,0.01,56.4,129.32,10664948.32
0,53,304,0,27.54,0.01,54.85,130.9,10391471.78
0,29,318,0,42.52,0.01,52.92,128.78,9904660.95
0,29,318,0,42.52,0.01,52.92,128.78,9904660.95
0,29,318,0,42.52,0.01,52.92,128.78,9904660.95
0,29,318,0,42.52,0.01,52.92,128.78,9904660.95
0,29,318,0,42.52,0.01,52.92,128.78,9904660.95
0,29,318,0,42.52,0.01,52.92,128.78,9904660.95
0,29,318,0,42.52,0.01,52.92,128.78,9904660.95
0,29,318,0,42.52,0.01,52.92,128.78,9904660.95
0,29,318,0,42.52,0.01,52.92,128.78,9904660.95
0,29,318,0,42.52,0.01,52.92,128.78,9904660.95
0,29,318,0,42.52,0.01,52.92,128.78,9904660.95
0,29,318,0,42.52,0.01,52.92,128.78,9904660.95
0,29,318,0,42.52,0.01,52.92,128.78,9904660.95
0,29,318,0,42.52,0.01,52.92,128.78,9904660.95
0,29,318,0,42.52,0.01,52.92,128.78,9904660.95
0,29,318,0,42.52,0.01,52.92,128.78,9904660.95
0,29,318,0,42.52,0.01,52.92,128.78,9904660.95
0,29,318,0,42.52,0.01,52.92,128.78,9904660.95
0,29,318,0,42.52,0.01,52.92,128.78,9904660.95
0,29,318,0,42.52,0.01,52.92,128.78,9904660.95
0,29,318,0,42.52,0.01,52.92,128.78,9904660.95
0,29,318,0,42.52,0.01,52.92,128.78,9904660.95
0,29,318,0,42.52,0.01,52.92,128.78,9904660.95
0,29,318,0,42.52,0.01,52.92,128.78,9904660.95
0,29,318,0,42.52,0.01,52.92,128.78,9904660.95
0,29,318,0,42.52,0.01,52.92,128.78,9904660.95
0,29,318,0,42.52,0.01,52.92,128.78,9904660.95
0,29,318,0,42.52,0.01,52.92,128.78,9904660.95
0,29,318,0,42.52,0.01,52.92,128.78,9904660.95
0,29,318,0,42.52,0.01,52.92,128.78,9904660.95
0,29,318,0,42.52,0.01,52.92,128.78,9904660.95
0,576,8,0,20.9,0.01,88.82,135.77,17237595.82
0,554,16,0,25.06,0.01,109.88,170.18,18263975.61
0,441,24,0,25.71,0.01,70.57,133.25,13025726.51
0,432,32,0,25.71,0.01,69.47,133.31,13023059.43
0,307,40,0,39.54,0.01,56.08,141.56,9899389.5
0,326,48,0,37.7,0.01,56.69,133.87,10158291.98
0,318,56,0,39.54,0.01,56.71,133.79,10161450.33
0,279,64,0,42.52,0.01,53.17,136.87,9379603.39
0,270,72,0,42.52,0.01,53.27,136.98,9377933.0
0,267,80,0,42.52,0.01,53.61,134.61,9397631.36
0,258,88,0,42.52,0.01,53.71,134.72,9397762.53
0,251,96,0,42.52,0.01,53.65,134.42,9435116.43
0,242,104,0,42.52,0.01,53.75,134.54,9463710.94
0,234,112,0,42.52,0.01,53.78,134.47,9466883.74
0,216,128,0,42.52,0.01,52.72,134.55,9489765.2
0,203,144,0,42.52,0.01,53.39,132.94,9512121.83
0,181,160,0,42.52,0.01,53.21,135.21,9592178.48
0,265,176,0,39.54,0.01,62.92,123.18,11800838.34
0,189,192,0,39.54,0.01,58.23,132.35,10861037.46
0,316,208,0,28.85,0.01,69.77,115.89,13571045.3
0,185,224,0,39.54,0.01,59.77,125.18,11198948.48
0,258,240,0,28.85,0.01,67.39,116.83,12927012.49
0,120,256,0,37.7,0.01,56.52,130.11,10730421.93
0,82,288,0,30.68,0.01,56.4,129.32,10664948.32
0,53,304,0,27.54,0.01,54.85,130.9,10391471.78
0,29,318,0,42.52,0.01,52.92,128.78,9904660.95
0,29,318,0,42.52,0.01,52.92,128.78,9904660.95
0,29,318,0,42.52,0.01,52.92,128.78,9904660.95
0,29,318,0,42.52,0.01,52.92,128.78,9904660.95
0,29,318,0,42.52,0.01,52.92,128.78,9904660.95
0,29,318,0,42.52,0.01,52.92,128.78,9904660.95
0,29,318,0,42.52,0.01,52.92,128.78,9904660.95
0,29,318,0,42.52,0.01,52.92,128.78,9904660.95
0,29,318,0,42.52,0.01,52.92,128.78,9904660.95
0,29,318,0,42.52,0.01,52.92,128.78,9904660.95
0,29,318,0,42.52,0.01,52.92,128.78,9904660.95
0,29,318,0,42.52,0.01,52.92,128.78,9904660.95
0,29,318,0,42.52,0.01,52.92,128.78,9904660.95
0,29,318,0,42.52,0.01,52.92,128.78,9904660.95
0,29,318,0,42.52,0.01,52.92,128.78,9904660.95
0,29,318,0,42.52,0.01,52.92,128.78,9904660.95
0,29,318,0,42.52,0.01,52.92,128.78,9904660.95
0,29,318,0,42.52,0.01,52.92,128.78,9904660.95
0,29,318,0,42.52,0.01,52.92,128.78,9904660.95
0,29,318,0,42.52,0.01,52.92,128.78,9904660.95
0,29,318,0,42.52,0.01,52.92,128.78,9904660.95
0,29,318,0,42.52,0.01,52.92,128.78,9904660.95
0,29,318,0,42.52,0.01,52.92,128.78,9904660.95
0,29,318,0,42.52,0.01,52.92,128.78,9904660.95
0,29,318,0,42.52,0.01,52.92,128.78,9904660.95
0,29,318,0,42.52,0.01,52.92,128.78,9904660.95
0,29,318,0,42.52,0.01,52.92,128.78,9904660.95
0,29,318,0,42.52,0.01,52.92,128.78,9904660.95
0,29,318,0,42.52,0.01,52.92,128.78,9904660.95
0,29,318,0,42.52,0.01,52.92,128.78,9904660.95
0,29,318,0,42.52,0.01,52.92,128.78,9904660.95
0,608,8,0,20.9,0.01,91.63,132.8,17218469.97
0,554,16,0,25.06,0.01,109.88,170.18,18263975.61
0,441,24,0,25.71,0.01,70.57,133.25,13025726.51
0,432,32,0,25.71,0.01,69.47,133.31,13023059.43
0,307,40,0,39.54,0.01,56.08,141.56,9899389.5
0,326,48,0,37.7,0.01,56.69,133.87,10158291.98
0,318,56,0,39.54,0.01,56.71,133.79,10161450.33
0,279,64,0,42.52,0.01,53.17,136.87,9379603.39
0,270,72,0,42.52,0.01,53.27,136.98,9377933.0
0,267,80,0,42.52,0.01,53.61,134.61,9397631.36
0,258,88,0,42.52,0.01,53.71,134.72,9397762.53
0,251,96,0,42.52,0.01,53.65,134.42,9435116.43
0,242,104,0,42.52,0.01,53.75,134.54,9463710.94
0,234,112,0,42.52,0.01,53.78,134.47,9466883.74
0,216,128,0,42.52,0.01,52.72,134.55,9489765.2
0,203,144,0,42.52,0.01,53.39,132.94,9512121.83
0,181,160,0,42.52,0.01,53.21,135.21,9592178.48
0,265,176,0,39.54,0.01,62.92,123.18,11800838.34
0,189,192,0,39.54,0.01,58.23,132.35,10861037.46
0,316,208,0,28.85,0.01,69.77,115.89,13571045.3
0,185,224,0,39.54,0.01,59.77,125.18,11198948.48
0,258,240,0,28.85,0.01,67.39,116.83,12927012.49
0,120,256,0,37.7,0.01,56.52,130.11,10730421.93
0,82,288,0,30.68,0.01,56.4,129.32,10664948.32
0,53,304,0,27.54,0.01,54.85,130.9,10391471.78
0,29,318,0,42.52,0.01,52.92,128.78,9904660.95
0,29,318,0,42.52,0.01,52.92,128.78,9904660.95
0,29,318,0,42.52,0.01,52.92,128.78,9904660.95
0,29,318,0,42.52,0.01,52.92,128.78,9904660.95
0,29,318,0,42.52,0.01,52.92,128.78,9904660.95
0,29,318,0,42.52,0.01,52.92,128.78,9904660.95
0,29,318,0,42.52,0.01,52.92,128.78,9904660.95
0,29,318,0,42.52,0.01,52.92,128.78,9904660.95
0,29,318,0,42.52,0.01,52.92,128.78,9904660.95
0,29,318,0,42.52,0.01,52.92,128.78,9904660.95
0,29,318,0,42.52,0.01,52.92,128.78,9904660.95
0,29,318,0,42.52,0.01,52.92,128.78,9904660.95
0,29,318,0,42.52,0.01,52.92,128.78,9904660.95
0,29,318,0,42.52,0.01,52.92,128.78,9904660.95
0,29,318,0,42.52,0.01,52.92,128.78,9904660.95
0,29,318,0,42.52,0.01,52.92,128.78,9904660.95
0,29,318,0,42.52,0.01,52.92,128.78,9904660.95
0,29,318,0,42.52,0.01,52.92,128.78,9904660.95
0,29,318,0,42.52,0.01,52.92,128.78,9904660.95
0,29,318,0,42.52,0.01,52.92,128.78,9904660.95
0,29,318,0,42.52,0.01,52.92,128.78,9904660.95
0,29,318,0,42.52,0.01,52.92,128.78,9904660.95
0,29,318,0,42.52,0.01,52.92,128.78,9904660.95
0,29,318,0,42.52,0.01,52.92,128.78,9904660.95
0,29,318,0,42.52,0.01,52.92,128.78,9904660.95
0,29,318,0,42.52,0.01,52.92,128.78,9904660.95
0,29,318,0,42.52,0.01,52.92,128.78,9904660.95
0,29,318,0,42.52,0.01,52.92,128.78,9904660.95
0,29,318,0,42.52,0.01,52.92,128.78,9904660.95
0,29,318,0,42.52,0.01,52.92,128.78,9904660.95
0,29,318,0,42.52,0.01,52.92,128.78,9904660.95
0,608,8,0,20.9,0.01,91.63,132.8,17218469.97
0,554,16,0,25.06,0.01,109.88,170.18,18263975.61
0,441,24,0,25.71,0.01,70.57,133.25,13025726.51
0,432,32,0,25.71,0.01,69.47,133.31,13023059.43
0,307,40,0,39.54,0.01,56.08,141.56,9899389.5
0,326,48,0,37.7,0.01,56.69,133.87,10158291.98
0,318,56,0,39.54,0.01,56.71,133.79,10161450.33
0,279,64,0,42.52,0.01,53.17,136.87,9379603.39
0,270,72,0,42.52,0.01,53.27,136.98,9377933.0
0,267,80,0,42.52,0.01,53.61,134.61,9397631.36
0,258,88,0,42.52,0.01,53.71,134.72,9397762.53
0,251,96,0,42.52,0.01,53.65,134.42,9435116.43
0,242,104,0,42.52,0.01,53.75,134.54,9463710.94
0,234,112,0,42.52,0.01,53.78,134.47,9466883.74
0,216,128,0,42.52,0.01,52.72,134.55,9489765.2
0,203,144,0,42.52,0.01,53.39,132.94,9512121.83
0,181,160,0,42.52,0.01,53.21,135.21,9592178.48
0,265,176,0,39.54,0.01,62.92,123.18,11800838.34
0,189,192,0,39.54,0.01,58.23,132.35,10861037.46
0,316,208,0,28.85,0.01,69.77,115.89,13571045.3
0,185,224,0,39.54,0.01,59.77,125.18,11198948.48
0,258,240,0,28.85,0.01,67.39,116.83,12927012.49
0,120,256,0,37.7,0.01,56.52,130.11,10730421.93
0,82,288,0,30.68,0.01,56.4,129.32,10664948.32
0,53,304,0,27.54,0.01,54.85,130.9,10391471.78
0,29,318,0,42.52,0.01,52.92,128.78,9904660.95
0,29,318,0,42.52,0.01,52.92,128.78,9904660.95
0,29,318,0,42.52,0.01,52.92,128.78,9904660.95
0,29,318,0,42.52,0.01,52.92,128.78,9904660.95
0,29,318,0,42.52,0.01,52.92,128.78,9904660.95
0,29,318,0,42.52,0.01,52.92,128.78,9904660.95
0,29,318,0,42.52,0.01,52.92,128.78,9904660.95
0,29,318,0,42.52,0.01,52.92,128.78,9904660.95
0,29,318,0,42.52,0.01,52.92,128.78,9904660.95
0,29,318,0,42.52,0.01,52.92,128.78,9904660.95
0,29,318,0,42.52,0.01,52.92,128.78,9904660.95
0,29,318,0,42.52,0.01,52.92,128.78,9904660.95
0,29,318,0,42.52,0.01,52.92,128.78,9904660.95
0,29,318,0,42.52,0.01,52.92,128.78,9904660.95
0,29,318,0,42.52,0.01,52.92,128.78,9904660.95
0,29,318,0,42.52,0.01,52.92,128.78,9904660.95
0,29,318,0,42.52,0.01,52.92,128.78,9904660.95
0,29,318,0,42.52,0.01,52.92,128.78,9904660.95
0,29,318,0,42.52,0.01,52.92,128.78,9904660.95
0,29,318,0,42.52,0.01,52.92,128.78,9904660.95
0,29,318,0,42.52,0.01,52.92,128.78,9904660.95
0,29,318,0,42.52,0.01,52.92,128.78,9904660.95
0,29,318,0,42.52,0.01,52.92,128.78,9904660.95
0,29,318,0,42.52,0.01,52.92,128.78,9904660.95
0,29,318,0,42.52,0.01,52.92,128.78,9904660.95
0,29,318,0,42.52,0.01,52.92,128.78,9904660.95
0,29,318,0,42.52,0.01,52.92,128.78,9904660.95
0,29,318,0,42.52,0.01,52.92,128.78,9904660.95
0,29,318,0,42.52,0.01,52.92,128.78,9904660.95
0,29,318,0,42.52,0.01,52.92,128.78,9904660.95
0,29,318,0,42.52,0.01,52.92,128.78,9904660.95
0,608,8,0,20.9,0.01,91.63,132.8,17218469.97
0,554,16,0,25.06,0.01,109.88,170.18,18263975.61
0,441,24,0,25.71,0.01,70.57,133.25,13025726.51
0,432,32,0,25.71,0.01,69.47,133.31,13023059.43
0,307,40,0,39.54,0.01,56.08,141.56,9899389.5
0,326,48,0,37.7,0.01,56.69,133.87,10158291.98
0,318,56,0,39.54,0.01,56.71,133.79,10161450.33
0,279,64,0,42.52,0.01,53.17,136.87,9379603.39
0,270,72,0,42.52,0.01,53.27,136.98,9377933.0
0,267,80,0,42.52,0.01,53.61,134.61,9397631.36
0,258,88,0,42.52,0.01,53.71,134.72,9397762.53
0,251,96,0,42.52,0.01,53.65,134.42,9435116.43
0,242,104,0,42.52,0.01,53.75,134.54,9463710.94
0,234,112,0,42.52,0.01,53.78,134.47,9466883.74
0,216,128,0,42.52,0.01,52.72,134.55,9489765.2
0,203,144,0,42.52,0.01,53.39,132.94,9512121.83
0,181,160,0,42.52,0.01,53.21,135.21,9592178.48
0,265,176,0,39.54,0.01,62.92,123.18,11800838.34
0,189,192,0,39.54,0.01,58.23,132.35,10861037.46
0,316,208,0,28.85,0.01,69.77,115.89,13571045.3
0,185,224,0,39.54,0.01,59.77,125.18,11198948.48
0,258,240,0,28.85,0.01,67.39,116.83,12927012.49
0,120,256,0,37.7,0.01,56.52,130.11,10730421.93
0,82,288,0,30.68,0.01,56.4,129.32,10664948.32
0,53,304,0,27.54,0.01,54.85,130.9,10391471.78
0,29,318,0,42.52,0.01,52.92,128.78,9904660.95
0,29,318,0,42.52,0.01,52.92,128.78,9904660.95
0,29,318,0,42.52,0.01,52.92,128.78,9904660.95
0,29,318,0,42.52,0.01,52.92,128.78,9904660.95
0,29,318,0,42.52,0.01,52.92,128.78,9904660.95
0,29,318,0,42.52,0.01,52.92,128.78,9904660.95
0,29,318,0,42.52,0.01,52.92,128.78,9904660.95
0,29,318,0,42.52,0.01,52.92,128.78,9904660.95
0,29,318,0,42.52,0.01,52.92,128.78,9904660.95
0,29,318,0,42.52,0.01,52.92,128.78,9904660.95
0,29,318,0,42.52,0.01,52.92,128.78,9904660.95
0,29,318,0,42.52,0.01,52.92,128.78,9904660.95
0,29,318,0,42.52,0.01,52.92,128.78,9904660.95
0,29,318,0,42.52,0.01,52.92,128.78,9904660.95
0,29,318,0,42.52,0.01,52.92,128.78,9904660.95
0,29,318,0,42.52,0.01,52.92,128.78,9904660.95
0,29,318,0,42.52,0.01,52.92,128.78,9904660.95
0,29,318,0,42.52,0.01,52.92,128.78,9904660.95
0,29,318,0,42.52,0.01,52.92,128.78,9904660.95
0,29,318,0,42.52,0.01,52.92,128.78,9904660.95
0,29,318,0,42.52,0.01,52.92,128.78,9904660.95
0,29,318,0,42.52,0.01,52.92,128.78,9904660.95
0,29,318,0,42.52,0.01,52.92,128.78,9904660.95
0,29,318,0,42.52,0.01,52.92,128.78,9904660.95
0,29,318,0,42.52,0.01,52.92,128.78,9904660.95
0,29,318,0,42.52,0.01,52.92,128.78,9904660.95
0,29,318,0,42.52,0.01,52.92,128.78,9904660.95
0,29,318,0,42.52,0.01,52.92,128.78,9904660.95
0,29,318,0,42.52,0.01,52.92,128.78,9904660.95
0,29,318,0,42.52,0.01,52.92,128.78,9904660.95
0,29,318,0,42.52,0.01,52.92,128.78,9904660.95
0,608,8,0,20.9,0.01,91.63,132.8,17218469.97
0,554,16,0,25.06,0.01,109.88,170.18,18263975.61
0,441,24,0,25.71,0.01,70.57,133.25,13025726.51
0,432,32,0,25.71,0.01,69.47,133.31,13023059.43
0,307,40,0,39.54,0.01,56.08,141.56,9899389.5
0,326,48,0,37.7,0.01,56.69,133.87,10158291.98
0,318,56,0,39.54,0.01,56.71,133.79,10161450.33
0,279,64,0,42.52,0.01,53.17,136.87,9379603.39
0,270,72,0,42.52,0.01,53.27,136.98,9377933.0
0,267,80,0,42.52,0.01,53.61,134.61,9397631.36
0,258,88,0,42.52,0.01,53.71,134.72,9397762.53
0,251,96,0,42.52,0.01,53.65,134.42,9435116.43
0,242,104,0,42.52,0.01,53.75,134.54,9463710.94
0,234,112,0,42.52,0.01,53.78,134.47,9466883.74
0,216,128,0,42.52,0.01,52.72,134.55,9489765.2
0,203,144,0,42.52,0.01,53.39,132.94,9512121.83
0,181,160,0,42.52,0.01,53.21,135.21,9592178.48
0,265,176,0,39.54,0.01,62.92,123.18,11800838.34
0,189,192,0,39.54,0.01,58.23,132.35,10861037.46
0,316,208,0,28.85,0.01,69.77,115.89,13571045.3
0,185,224,0,39.54,0.01,59.77,125.18,11198948.48
0,258,240,0,28.85,0.01,67.39,116.83,12927012.49
0,120,256,0,37.7,0.01,56.52,130.11,10730421.93
0,82,288,0,30.68,0.01,56.4,129.32,10664948.32
0,53,304,0,27.54,0.01,54.85,130.9,10391471.78
0,29,318,0,42.52,0.01,52.92,128.78,9904660.95
0,29,318,0,42.52,0.01,52.92,128.78,9904660.95
0,29,318,0,42.52,0.01,52.92,128.78,9904660.95
0,29,318,0,42.52,0.01,52.92,128.78,9904660.95
0,29,318,0,42.52,0.01,52.92,128.78,9904660.95
0,29,318,0,42.52,0.01,52.92,128.78,9904660.95
0,29,318,0,42.52,0.01,52.92,128.78,9904660.95
0,29,318,0,42.52,0.01,52.92,128.78,9904660.95
0,29,318,0,42.52,0.01,52.92,128.78,9904660.95
0,29,318,0,42.52,0.01,52.92,128.78,9904660.95
0,29,318,0,42.52,0.01,52.92,128.78,9904660.95
0,29,318,0,42.52,0.01,52.92,128.78,9904660.95
0,29,318,0,42.52,0.01,52.92,128.78,9904660.95
0,29,318,0,42.52,0.01,52.92,128.78,9904660.95
0,29,318,0,42.52,0.01,52.92,128.78,9904660.95
0,29,318,0,42.52,0.01,52.92,128.78,9904660.95
0,29,318,0,42.52,0.01,52.92,128.78,9904660.95
0,29,318,0,42.52,0.01,52.92,128.78,9904660.95
0,29,318,0,42.52,0.01,52.92,128.78,9904660.95
0,29,318,0,42.52,0.01,52.92,128.78,9904660.95
0,29,318,0,42.52,0.01,52.92,128.78,9904660.95
0,29,318,0,42.52,0.01,52.92,128.78,9904660.95
0,29,318,0,42.52,0.01,52.92,128.78,9904660.95
0,29,318,0,42.52,0.01,52.92,128.78,9904660.95
0,29,318,0,42.52,0.01,52.92,128.78,9904660.95
0,29,318,0,42.52,0.01,52.92,128.78,9904660.95
0,29,318,0,42.52,0.01,52.92,128.78,9904660.95
0,29,318,0,42.52,0.01,52.92,128.78,9904660.95
0,29,318,0,42.52,0.01,52.92,128.78,9904660.95
0,29,318,0,42.52,0.01,52.92,128.78,9904660.95
0,29,318,0,42.52,0.01,52.92,128.78,9904660.95
0,768,8,0,20.9,0.01,101.02,116.24,19845872.36
0,554,16,0,25.06,0.01,109.88,170.18,18263975.61
0,441,24,0,25.71,0.01,70.57,133.25,13025726.51
0,432,32,0,25.71,0.01,69.47,133.31,13023059.43
0,307,40,0,39.54,0.01,56.08,141.56,9899389.5
0,326,48,0,37.7,0.01,56.69,133.87,10158291.98
0,318,56,0,39.54,0.01,56.71,133.79,10161450.33
0,279,64,0,42.52,0.01,53.17,136.87,9379603.39
0,270,72,0,42.52,0.01,53.27,136.98,9377933.0
0,267,80,0,42.52,0.01,53.61,134.61,9397631.36
0,258,88,0,42.52,0.01,53.71,134.72,9397762.53
0,251,96,0,42.52,0.01,53.65,134.42,9435116.43
0,242,104,0,42.52,0.01,53.75,134.54,9463710.94
0,234,112,0,42.52,0.01,53.78,134.47,9466883.74
0,216,128,0,42.52,0.01,52.72,134.55,9489765.2
0,203,144,0,42.52,0.01,53.39,132.94,9512121.83
0,181,160,0,42.52,0.01,53.21,135.21,9592178.48
0,265,176,0,39.54,0.01,62.92,123.18,11800838.34
0,189,192,0,39.54,0.01,58.23,132.35,10861037.46
0,316,208,0,28.85,0.01,69.77,115.89,13571045.3
0,185,224,0,39.54,0.01,59.77,125.18,11198948.48
0,258,240,0,28.85,0.01,67.39,116.83,12927012.49
0,120,256,0,37.7,0.01,56.52,130.11,10730421.93
0,82,288,0,30.68,0.01,56.4,129.32,10664948.32
0,53,304,0,27.54,0.01,54.85,130.9,10391471.78
0,29,318,0,42.52,0.01,52.92,128.78,9904660.95
0,29,318,0,42.52,0.01,52.92,128.78,9904660.95
0,29,318,0,42.52,0.01,52.92,128.78,9904660.95
0,29,318,0,42.52,0.01,52.92,128.78,9904660.95
0,29,318,0,42.52,0.01,52.92,128.78,9904660.95
0,29,318,0,42.52,0.01,52.92,128.78,9904660.95
0,29,318,0,42.52,0.01,52.92,128.78,9904660.95
0,29,318,0,42.52,0.01,52.92,128.78,9904660.95
0,29,318,0,42.52,0.01,52.92,128.78,9904660.95
0,29,318,0,42.52,0.01,52.92,128.78,9904660.95
0,29,318,0,42.52,0.01,52.92,128.78,9904660.95
0,29,318,0,42.52,0.01,52.92,128.78,9904660.95
0,29,318,0,42.52,0.01,52.92,128.78,9904660.95
0,29,318,0,42.52,0.01,52.92,128.78,9904660.95
0,29,318,0,42.52,0.01,52.92,128.78,9904660.95
0,29,318,0,42.52,0.01,52.92,128.78,9904660.95
0,29,318,0,42.52,0.01,52.92,128.78,9904660.95
0,29,318,0,42.52,0.01,52.92,128.78,9904660.95
0,29,318,0,42.52,0.01,52.92,128.78,9904660.95
0,29,318,0,42.52,0.01,52.92,128.78,9904660.95
0,29,318,0,42.52,0.01,52.92,128.78,9904660.95
0,29,318,0,42.52,0.01,52.92,128.78,9904660.95
0,29,318,0,42.52,0.01,52.92,128.78,9904660.95
0,29,318,0,42.52,0.01,52.92,128.78,9904660.95
0,29,318,0,42.52,0.01,52.92,128.78,9904660.95
0,29,318,0,42.52,0.01,52.92,128.78,9904660.95
0,29,318,0,42.52,0.01,52.92,128.78,9904660.95
0,29,318,0,42.52,0.01,52.92,128.78,9904660.95
0,29,318,0,42.52,0.01,52.92,128.78,9904660.95
0,29,318,0,42.52,0.01,52.92,128.78,9904660.95
0,29,318,0,42.52,0.01,52.92,128.78,9904660.95
0,832,8,0,20.9,0.01,104.3,110.87,20077438.43
0,554,16,0,25.06,0.01,109.88,170.18,18263975.61
0,441,24,0,25.71,0.01,70.57,133.25,13025726.51
0,432,32,0,25.71,0.01,69.47,133.31,13023059.43
0,307,40,0,39.54,0.01,56.08,141.56,9899389.5
0,326,48,0,37.7,0.01,56.69,133.87,10158291.98
0,318,56,0,39.54,0.01,56.71,133.79,10161450.33
0,279,64,0,42.52,0.01,53.17,136.87,9379603.39
0,270,72,0,42.52,0.01,53.27,136.98,9377933.0
0,267,80,0,42.52,0.01,53.61,134.61,9397631.36
0,258,88,0,42.52,0.01,53.71,134.72,9397762.53
0,251,96,0,42.52,0.01,53.65,134.42,9435116.43
0,242,104,0,42.52,0.01,53.75,134.54,9463710.94
0,234,112,0,42.52,0.01,53.78,134.47,9466883.74
0,216,128,0,42.52,0.01,52.72,134.55,9489765.2
0,203,144,0,42.52,0.01,53.39,132.94,9512121.83
0,181,160,0,42.52,0.01,53.21,135.21,9592178.48
0,265,176,0,39.54,0.01,62.92,123.18,11800838.34
0,189,192,0,39.54,0.01,58.23,132.35,10861037.46
0,316,208,0,28.85,0.01,69.77,115.89,13571045.3
0,185,224,0,39.54,0.01,59.77,125.18,11198948.48
0,258,240,0,28.85,0.01,67.39,116.83,12927012.49
0,120,256,0,37.7,0.01,56.52,130.11,10730421.93
0,82,288,0,30.68,0.01,56.4,129.32,10664948.32
0,53,304,0,27.54,0.01,54.85,130.9,10391471.78
0,29,318,0,42.52,0.01,52.92,128.78,9904660.95
0,29,318,0,42.52,0.01,52.92,128.78,9904660.95
0,29,318,0,42.52,0.01,52.92,128.78,9904660.95
0,29,318,0,42.52,0.01,52.92,128.78,9904660.95
0,29,318,0,42.52,0.01,52.92,128.78,9904660.95
0,29,318,0,42.52,0.01,52.92,128.78,9904660.95
0,29,318,0,42.52,0.01,52.92,128.78,9904660.95
0,29,318,0,42.52,0.01,52.92,128.78,9904660.95
0,29,318,0,42.52,0.01,52.92,128.78,9904660.95
0,29,318,0,42.52,0.01,52.92,128.78,9904660.95
0,29,318,0,42.52,0.01,52.92,128.78,9904660.95
0,29,318,0,42.52,0.01,52.92,128.78,9904660.95
0,29,318,0,42.52,0.01,52.92,128.78,9904660.95
0,29,318,0,42.52,0.01,52.92,128.78,9904660.95
0,29,318,0,42.52,0.01,52.92,128.78,9904660.95
0,29,318,0,42.52,0.01,52.92,128.78,9904660.95
0,29,318,0,42.52,0.01,52.92,128.78,9904660.95
0,29,318,0,42.52,0.01,52.92,128.78,9904660.95
0,29,318,0,42.52,0.01,52.92,128.78,9904660.95
0,29,318,0,42.52,0.01,52.92,128.78,9904660.95
0,29,318,0,42.52,0.01,52.92,128.78,9904660.95
0,29,318,0,42.52,0.01,52.92,128.78,9904660.95
0,29,318,0,42.52,0.01,52.92,128.78,9904660.95
0,29,318,0,42.52,0.01,52.92,128.78,9904660.95
0,29,318,0,42.52,0.01,52.92,128.78,9904660.95
0,29,318,0,42.52,0.01,52.92,128.78,9904660.95
0,29,318,0,42.52,0.01,52.92,128.78,9904660.95
0,29,318,0,42.52,0.01,52.92,128.78,9904660.95
0,29,318,0,42.52,0.01,52.92,128.78,9904660.95
0,29,318,0,42.52,0.01,52.92,128.78,9904660.95
0,29,318,0,42.52,0.01,52.92,128.78,9904660.95
0,855,8,0,20.9,0.01,106.29,109.84,20150514.83
0,554,16,0,25.06,0.01,109.88,170.18,18263975.61
0,441,24,0,25.71,0.01,70.57,133.25,13025726.51
0,432,32,0,25.71,0.01,69.47,133.31,13023059.43
0,307,40,0,39.54,0.01,56.08,141.56,9899389.5
0,326,48,0,37.7,0.01,56.69,133.87,10158291.98
0,318,56,0,39.54,0.01,56.71,133.79,10161450.33
0,279,64,0,42.52,0.01,53.17,136.87,9379603.39
0,270,72,0,42.52,0.01,53.27,136.98,9377933.0
0,267,80,0,42.52,0.01,53.61,134.61,9397631.36
0,258,88,0,42.52,0.01,53.71,134.72,9397762.53
0,251,96,0,42.52,0.01,53.65,134.42,9435116.43
0,242,104,0,42.52,0.01,53.75,134.54,9463710.94
0,234,112,0,42.52,0.01,53.78,134.47,9466883.74
0,216,128,0,42.52,0.01,52.72,134.55,9489765.2
0,203,144,0,42.52,0.01,53.39,132.94,9512121.83
0,181,160,0,42.52,0.01,53.21,135.21,9592178.48
0,265,176,0,39.54,0.01,62.92,123.18,11800838.34
0,189,192,0,39.54,0.01,58.23,132.35,10861037.46
0,316,208,0,28.85,0.01,69.77,115.89,13571045.3
0,185,224,0,39.54,0.01,59.77,125.18,11198948.48
0,258,240,0,28.85,0.01,67.39,116.83,12927012.49
0,120,256,0,37.7,0.01,56.52,130.11,10730421.93
0,82,288,0,30.68,0.01,56.4,129.32,10664948.32
0,53,304,0,27.54,0.01,54.85,130.9,10391471.78
0,29,318,0,42.52,0.01,52.92,128.78,9904660.95
0,29,318,0,42.52,0.01,52.92,128.78,9904660.95
0,29,318,0,42.52,0.01,52.92,128.78,9904660.95
0,29,318,0,42.52,0.01,52.92,128.78,9904660.95
0,29,318,0,42.52,0.01,52.92,128.78,9904660.95
0,29,318,0,42.52,0.01,52.92,128.78,9904660.95
0,29,318,0,42.52,0.01,52.92,128.78,9904660.95
0,29,318,0,42.52,0.01,52.92,128.78,9904660.95
0,29,318,0,42.52,0.01,52.92,128.78,9904660.95
0,29,318,0,42.52,0.01,52.92,128.78,9904660.95
0,29,318,0,42.52,0.01,52.92,128.78,9904660.95
0,29,318,0,42.52,0.01,52.92,128.78,9904660.95
0,29,318,0,42.52,0.01,52.92,128.78,9904660.95
0,29,318,0,42.52,0.01,52.92,128.78,9904660.95
0,29,318,0,42.52,0.01,52.92,128.78,9904660.95
0,29,318,0,42.52,0.01,52.92,128.78,9904660.95
0,29,318,0,42.52,0.01,52.92,128.78,9904660.95
0,29,318,0,42.52,0.01,52.92,128.78,9904660.95
0,29,318,0,42.52,0.01,52.92,128.78,9904660.95
0,29,318,0,42.52,0.01,52.92,128.78,9904660.95
0,29,318,0,42.52,0.01,52.92,128.78,9904660.95
0,29,318,0,42.52,0.01,52.92,128.78,9904660.95
0,29,318,0,42.52,0.01,52.92,128.78,9904660.95
0,29,318,0,42.52,0.01,52.92,128.78,9904660.95
0,29,318,0,42.52,0.01,52.92,128.78,9904660.95
0,29,318,0,42.52,0.01,52.92,128.78,9904660.95
0,29,318,0,42.52,0.01,52.92,128.78,9904660.95
0,29,318,0,42.52,0.01,52.92,128.78,9904660.95
0,29,318,0,42.52,0.01,52.92,128.78,9904660.95
0,29,318,0,42.52,0.01,52.92,128.78,9904660.95
0,29,318,0,42.52,0.01,52.92,128.78,9904660.95
0,855,8,0,20.9,0.01,106.29,109.84,20150514.83
0,554,16,0,25.06,0.01,109.88,170.18,18263975.61
0,441,24,0,25.71,0.01,70.57,133.25,13025726.51
0,432,32,0,25.71,0.01,69.47,133.31,13023059.43
0,307,40,0,39.54,0.01,56.08,141.56,9899389.5
0,326,48,0,37.7,0.01,56.69,133.87,10158291.98
0,318,56,0,39.54,0.01,56.71,133.79,10161450.33
0,279,64,0,42.52,0.01,53.17,136.87,9379603.39
0,270,72,0,42.52,0.01,53.27,136.98,9377933.0
0,267,80,0,42.52,0.01,53.61,134.61,9397631.36
0,258,88,0,42.52,0.01,53.71,134.72,9397762.53
0,251,96,0,42.52,0.01,53.65,134.42,9435116.43
0,242,104,0,42.52,0.01,53.75,134.54,9463710.94
0,234,112,0,42.52,0.01,53.78,134.47,9466883.74
0,216,128,0,42.52,0.01,52.72,134.55,9489765.2
0,203,144,0,42.52,0.01,53.39,132.94,9512121.83
0,181,160,0,42.52,0.01,53.21,135.21,9592178.48
0,265,176,0,39.54,0.01,62.92,123.18,11800838.34
0,189,192,0,39.54,0.01,58.23,132.35,10861037.46
0,316,208,0,28.85,0.01,69.77,115.89,13571045.3
0,185,224,0,39.54,0.01,59.77,125.18,11198948.48
0,258,240,0,28.85,0.01,67.39,116.83,12927012.49
0,120,256,0,37.7,0.01,56.52,130.11,10730421.93
0,82,288,0,30.68,0.01,56.4,129.32,10664948.32
0,53,304,0,27.54,0.01,54.85,130.9,10391471.78
0,29,318,0,42.52,0.01,52.92,128.78,9904660.95
0,29,318,0,42.52,0.01,52.92,128.78,9904660.95
0,29,318,0,42.52,0.01,52.92,128.78,9904660.95
0,29,318,0,42.52,0.01,52.92,128.78,9904660.95
0,29,318,0,42.52,0.01,52.92,128.78,9904660.95
0,29,318,0,42.52,0.01,52.92,128.78,9904660.95
0,29,318,0,42.52,0.01,52.92,128.78,9904660.95
0,29,318,0,42.52,0.01,52.92,128.78,9904660.95
0,29,318,0,42.52,0.01,52.92,128.78,9904660.95
0,29,318,0,42.52,0.01,52.92,128.78,9904660.95
0,29,318,0,42.52,0.01,52.92,128.78,9904660.95
0,29,318,0,42.52,0.01,52.92,128.78,9904660.95
0,29,318,0,42.52,0.01,52.92,128.78,9904660.95
0,29,318,0,42.52,0.01,52.92,128.78,9904660.95
0,29,318,0,42.52,0.01,52.92,128.78,9904660.95
0,29,318,0,42.52,0.01,52.92,128.78,9904660.95
0,29,318,0,42.52,0.01,52.92,128.78,9904660.95
0,29,318,0,42.52,0.01,52.92,128.78,9904660.95
0,29,318,0,42.52,0.01,52.92,128.78,9904660.95
0,29,318,0,42.52,0.01,52.92,128.78,9904660.95
0,29,318,0,42.52,0.01,52.92,128.78,9904660.95
0,29,318,0,42.52,0.01,52.92,128.78,9904660.95
0,29,318,0,42.52,0.01,52.92,128.78,9904660.95
0,29,318,0,42.52,0.01,52.92,128.78,9904660.95
0,29,318,0,42.52,0.01,52.92,128.78,9904660.95
0,29,318,0,42.52,0.01,52.92,128.78,9904660.95
0,29,318,0,42.52,0.01,52.92,128.78,9904660.95
0,29,318,0,42.52,0.01,52.92,128.78,9904660.95
0,29,318,0,42.52,0.01,52.92,128.78,9904660.95
0,29,318,0,42.52,0.01,52.92,128.78,9904660.95
0,29,318,0,42.52,0.01,52.92,128.78,9904660.95
0,855,8,0,20.9,0.01,106.29,109.84,20150514.83
0,554,16,0,25.06,0.01,109.88,170.18,18263975.61
0,441,24,0,25.71,0.01,70.57,133.25,13025726.51
0,432,32,0,25.71,0.01,69.47,133.31,13023059.43
0,307,40,0,39.54,0.01,56.08,141.56,9899389.5
0,326,48,0,37.7,0.01,56.69,133.87,10158291.98
0,318,56,0,39.54,0.01,56.71,133.79,10161450.33
0,279,64,0,42.52,0.01,53.17,136.87,9379603.39
0,270,72,0,42.52,0.01,53.27,136.98,9377933.0
0,267,80,0,42.52,0.01,53.61,134.61,9397631.36
0,258,88,0,42.52,0.01,53.71,134.72,9397762.53
0,251,96,0,42.52,0.01,53.65,134.42,9435116.43
0,242,104,0,42.52,0.01,53.75,134.54,9463710.94
0,234,112,0,42.52,0.01,53.78,134.47,9466883.74
0,216,128,0,42.52,0.01,52.72,134.55,9489765.2
0,203,144,0,42.52,0.01,53.39,132.94,9512121.83
0,181,160,0,42.52,0.01,53.21,135.21,9592178.48
0,265,176,0,39.54,0.01,62.92,123.18,11800838.34
0,189,192,0,39.54,0.01,58.23,132.35,10861037.46
0,316,208,0,28.85,0.01,69.77,115.89,13571045.3
0,185,224,0,39.54,0.01,59.77,125.18,11198948.48
0,258,240,0,28.85,0.01,67.39,116.83,12927012.49
0,120,256,0,37.7,0.01,56.52,130.11,10730421.93
0,82,288,0,30.68,0.01,56.4,129.32,10664948.32
0,53,304,0,27.54,0.01,54.85,130.9,10391471.78
0,29,318,0,42.52,0.01,52.92,128.78,9904660.95
0,29,318,0,42.52,0.01,52.92,128.78,9904660.95
0,29,318,0,42.52,0.01,52.92,128.78,9904660.95
0,29,318,0,42.52,0.01,52.92,128.78,9904660.95
0,29,318,0,42.52,0.01,52.92,128.78,9904660.95
0,29,318,0,42.52,0.01,52.92,128.78,9904660.95
0,29,318,0,42.52,0.01,52.92,128.78,9904660.95
0,29,318,0,42.52,0.01,52.92,128.78,9904660.95
0,29,318,0,42.52,0.01,52.92,128.78,9904660.95
0,29,318,0,42.52,0.01,52.92,128.78,9904660.95
0,29,318,0,42.52,0.01,52.92,128.78,9904660.95
0,29,318,0,42.52,0.01,52.92,128.78,9904660.95
0,29,318,0,42.52,0.01,52.92,128.78,9904660.95
0,29,318,0,42.52,0.01,52.92,128.78,9904660.95
0,29,318,0,42.52,0.01,52.92,128.78,9904660.95
0,29,318,0,42.52,0.01,52.92,128.78,9904660.95
0,29,318,0,42.52,0.01,52.92,128.78,9904660.95
0,29,318,0,42.52,0.01,52.92,128.78,9904660.95
0,29,318,0,42.52,0.01,52.92,128.78,9904660.95
0,29,318,0,42.52,0.01,52.92,128.78,9904660.95
0,29,318,0,42.52,0.01,52.92,128.78,9904660.95
0,29,318,0,42.52,0.01,52.92,128.78,9904660.95
0,29,318,0,42.52,0.01,52.92,128.78,9904660.95
0,29,318,0,42.52,0.01,52.92,128.78,9904660.95
0,29,318,0,42.52,0.01,52.92,128.78,9904660.95
0,29,318,0,42.52,0.01,52.92,128.78,9904660.95
0,29,318,0,42.52,0.01,52.92,128.78,9904660.95
0,29,318,0,42.52,0.01,52.92,128.78,9904660.95
0,29,318,0,42.52,0.01,52.92,128.78,9904660.95
0,29,318,0,42.52,0.01,52.92,128.78,9904660.95
0,29,318,0,42.52,0.01,52.92,128.78,9904660.95
0,855,8,0,20.9,0.01,106.29,109.84,20150514.83
0,554,16,0,25.06,0.01,109.88,170.18,18263975.61
0,441,24,0,25.71,0.01,70.57,133.25,13025726.51
0,432,32,0,25.71,0.01,69.47,133.31,13023059.43
0,307,40,0,39.54,0.01,56.08,141.56,9899389.5
0,326,48,0,37.7,0.01,56.69,133.87,10158291.98
0,318,56,0,39.54,0.01,56.71,133.79,10161450.33
0,279,64,0,42.52,0.01,53.17,136.87,9379603.39
0,270,72,0,42.52,0.01,53.27,136.98,9377933.0
0,267,80,0,42.52,0.01,53.61,134.61,9397631.36
0,258,88,0,42.52,0.01,53.71,134.72,9397762.53
0,251,96,0,42.52,0.01,53.65,134.42,9435116.43
0,242,104,0,42.52,0.01,53.75,134.54,9463710.94
0,234,112,0,42.52,0.01,53.78,134.47,9466883.74
0,216,128,0,42.52,0.01,52.72,134.55,9489765.2
0,203,144,0,42.52,0.01,53.39,132.94,9512121.83
0,181,160,0,42.52,0.01,53.21,135.21,9592178.48
0,265,176,0,39.54,0.01,62.92,123.18,11800838.34
0,189,192,0,39.54,0.01,58.23,132.35,10861037.46
0,316,208,0,28.85,0.01,69.77,115.89,13571045.3
0,185,224,0,39.54,0.01,59.77,125.18,11198948.48
0,258,240,0,28.85,0.01,67.39,116.83,12927012.49
0,120,256,0,37.7,0.01,56.52,130.11,10730421.93
0,82,288,0,30.68,0.01,56.4,129.32,10664948.32
0,53,304,0,27.54,0.01,54.85,130.9,10391471.78
0,29,318,0,42.52,0.01,52.92,128.78,9904660.95
0,29,318,0,42.52,0.01,52.92,128.78,9904660.95
0,29,318,0,42.52,0.01,52.92,128.78,9904660.95
0,29,318,0,42.52,0.01,52.92,128.78,9904660.95
0,29,318,0,42.52,0.01,52.92,128.78,9904660.95
0,29,318,0,42.52,0.01,52.92,128.78,9904660.95
0,29,318,0,42.52,0.01,52.92,128.78,9904660.95
0,29,318,0,42.52,0.01,52.92,128.78,9904660.95
0,29,318,0,42.52,0.01,52.92,128.78,9904660.95
0,29,318,0,42.52,0.01,52.92,128.78,9904660.95
0,29,318,0,42.52,0.01,52.92,128.78,9904660.95
0,29,318,0,42.52,0.01,52.92,128.78,9904660.95
0,29,318,0,42.52,0.01,52.92,128.78,9904660.95
0,29,318,0,42.52,0.01,52.92,128.78,9904660.95
0,29,318,0,42.52,0.01,52.92,128.78,9904660.95
0,29,318,0,42.52,0.01,52.92,128.78,9904660.95
0,29,318,0,42.52,0.01,52.92,128.78,9904660.95
0,29,318,0,42.52,0.01,52.92,128.78,9904660.95
0,29,318,0,42.52,0.01,52.92,128.78,9904660.95
0,29,318,0,42.52,0.01,52.92,128.78,9904660.95
0,29,318,0,42.52,0.01,52.92,128.78,9904660.95
0,29,318,0,42.52,0.01,52.92,128.78,9904660.95
0,29,318,0,42.52,0.01,52.92,128.78,9904660.95
0,29,318,0,42.52,0.01,52.92,128.78,9904660.95
0,29,318,0,42.52,0.01,52.92,128.78,9904660.95
0,29,318,0,42.52,0.01,52.92,128.78,9904660.95
0,29,318,0,42.52,0.01,52.92,128.78,9904660.95
0,29,318,0,42.52,0.01,52.92,128.78,9904660.95
0,29,318,0,42.52,0.01,52.92,128.78,9904660.95
0,29,318,0,42.52,0.01,52.92,128.78,9904660.95
0,29,318,0,42.52,0.01,52.92,128.78,9904660.95
0,855,8,0,20.9,0.01,106.29,109.84,20150514.83
0,554,16,0,25.06,0.01,109.88,170.18,18263975.61
0,441,24,0,25.71,0.01,70.57,133.25,13025726.51
0,432,32,0,25.71,0.01,69.47,133.31,13023059.43
0,307,40,0,39.54,0.01,56.08,141.56,9899389.5
0,326,48,0,37.7,0.01,56.69,133.87,10158291.98
0,318,56,0,39.54,0.01,56.71,133.79,10161450.33
0,279,64,0,42.52,0.01,53.17,136.87,9379603.39
0,270,72,0,42.52,0.01,53.27,136.98,9377933.0
0,267,80,0,42.52,0.01,53.61,134.61,9397631.36
0,258,88,0,42.52,0.01,53.71,134.72,9397762.53
0,251,96,0,42.52,0.01,53.65,134.42,9435116.43
0,242,104,0,42.52,0.01,53.75,134.54,9463710.94
0,234,112,0,42.52,0.01,53.78,134.47,9466883.74
0,216,128,0,42.52,0.01,52.72,134.55,9489765.2
0,203,144,0,42.52,0.01,53.39,132.94,9512121.83
0,181,160,0,42.52,0.01,53.21,135.21,9592178.48
0,265,176,0,39.54,0.01,62.92,123.18,11800838.34
0,189,192,0,39.54,0.01,58.23,132.35,10861037.46
0,316,208,0,28.85,0.01,69.77,115.89,13571045.3
0,185,224,0,39.54,0.01,59.77,125.18,11198948.48
0,258,240,0,28.85,0.01,67.39,116.83,12927012.49
0,120,256,0,37.7,0.01,56.52,130.11,10730421.93
0,82,288,0,30.68,0.01,56.4,129.32,10664948.32
0,53,304,0,27.54,0.01,54.85,130.9,10391471.78
0,29,318,0,42.52,0.01,52.92,128.78,9904660.95
0,29,318,0,42.52,0.01,52.92,128.78,9904660.95
0,29,318,0,42.52,0.01,52.92,128.78,9904660.95
0,29,318,0,42.52,0.01,52.92,128.78,9904660.95
0,29,318,0,42.52,0.01,52.92,128.78,9904660.95
0,29,318,0,42.52,0.01,52.92,128.78,9904660.95
0,29,318,0,42.52,0.01,52.92,128.78,9904660.95
0,29,318,0,42.52,0.01,52.92,128.78,9904660.95
0,29,318,0,42.52,0.01,52.92,128.78,9904660.95
0,29,318,0,42.52,0.01,52.92,128.78,9904660.95
0,29,318,0,42.52,0.01,52.92,128.78,9904660.95
0,29,318,0,42.52,0.01,52.92,128.78,9904660.95
0,29,318,0,42.52,0.01,52.92,128.78,9904660.95
0,29,318,0,42.52,0.01,52.92,128.78,9904660.95
0,29,318,0,42.52,0.01,52.92,128.78,9904660.95
0,29,318,0,42.52,0.01,52.92,128.78,9904660.95
0,29,318,0,42.52,0.01,52.92,128.78,9904660.95
0,29,318,0,42.52,0.01,52.92,128.78,9904660.95
0,29,318,0,42.52,0.01,52.92,128.78,9904660.95
0,29,318,0,42.52,0.01,52.92,128.78,9904660.95
0,29,318,0,42.52,0.01,52.92,128.78,9904660.95
0,29,318,0,42.52,0.01,52.92,128.78,9904660.95
0,29,318,0,42.52,0.01,52.92,128.78,9904660.95
0,29,318,0,42.52,0.01,52.92,128.78,9904660.95
0,29,318,0,42.52,0.01,52.92,128.78,9904660.95
0,29,318,0,42.52,0.01,52.92,128.78,9904660.95
0,29,318,0,42.52,0.01,52.92,128.78,9904660.95
0,29,318,0,42.52,0.01,52.92,128.78,9904660.95
0,29,318,0,42.52,0.01,52.92,128.78,9904660.95
0,29,318,0,42.52,0.01,52.92,128.78,9904660.95
0,29,318,0,42.52,0.01,52.92,128.78,9904660.95
0,855,8,0,20.9,0.01,106.29,109.84,20150514.83
0,554,16,0,25.06,0.01,109.88,170.18,18263975.61
0,441,24,0,25.71,0.01,70.57,133.25,13025726.51
0,432,32,0,25.71,0.01,69.47,133.31,13023059.43
0,307,40,0,39.54,0.01,56.08,141.56,9899389.5
0,326,48,0,37.7,0.01,56.69,133.87,10158291.98
0,318,56,0,39.54,0.01,56.71,133.79,10161450.33
0,279,64,0,42.52,0.01,53.17,136.87,9379603.39
0,270,72,0,42.52,0.01,53.27,136.98,9377933.0
0,267,80,0,42.52,0.01,53.61,134.61,9397631.36
0,258,88,0,42.52,0.01,53.71,134.72,9397762.53
0,251,96,0,42.52,0.01,53.65,134.42,9435116.43
0,242,104,0,42.52,0.01,53.75,134.54,9463710.94
0,234,112,0,42.52,0.01,53.78,134.47,9466883.74
0,216,128,0,42.52,0.01,52.72,134.55,9489765.2
0,203,144,0,42.52,0.01,53.39,132.94,9512121.83
0,181,160,0,42.52,0.01,53.21,135.21,9592178.48
0,265,176,0,39.54,0.01,62.92,123.18,11800838.34
0,189,192,0,39.54,0.01,58.23,132.35,10861037.46
0,316,208,0,28.85,0.01,69.77,115.89,13571045.3
0,185,224,0,39.54,0.01,59.77,125.18,11198948.48
0,258,240,0,28.85,0.01,67.39,116.83,12927012.49
0,120,256,0,37.7,0.01,56.52,130.11,10730421.93
0,82,288,0,30.68,0.01,56.4,129.32,10664948.32
0,53,304,0,27.54,0.01,54.85,130.9,10391471.78
0,29,318,0,42.52,0.01,52.92,128.78,9904660.95
0,29,318,0,42.52,0.01,52.92,128.78,9904660.95
0,29,318,0,42.52,0.01,52.92,128.78,9904660.95
0,29,318,0,42.52,0.01,52.92,128.78,9904660.95
0,29,318,0,42.52,0.01,52.92,128.78,9904660.95
0,29,318,0,42.52,0.01,52.92,128.78,9904660.95
0,29,318,0,42.52,0.01,52.92,128.78,9904660.95
0,29,318,0,42.52,0.01,52.92,128.78,9904660.95
0,29,318,0,42.52,0.01,52.92,128.78,9904660.95
0,29,318,0,42.52,0.01,52.92,128.78,9904660.95
0,29,318,0,42.52,0.01,52.92,128.78,9904660.95
0,29,318,0,42.52,0.01,52.92,128.78,9904660.95
0,29,318,0,42.52,0.01,52.92,128.78,9904660.95
0,29,318,0,42.52,0.01,52.92,128.78,9904660.95
0,29,318,0,42.52,0.01,52.92,128.78,9904660.95
0,29,318,0,42.52,0.01,52.92,128.78,9904660.95
0,29,318,0,42.52,0.01,52.92,128.78,9904660.95
0,29,318,0,42.52,0.01,52.92,128.78,9904660.95
0,29,318,0,42.52,0.01,52.92,128.78,9904660.95
0,29,318,0,42.52,0.01,52.92,128.78,9904660.95
0,29,318,0,42.52,0.01,52.92,128.78,9904660.95
0,29,318,0,42.52,0.01,52.92,128.78,9904660.95
0,29,318,0,42.52,0.01,52.92,128.78,9904660.95
0,29,318,0,42.52,0.01,52.92,128.78,9904660.95
0,29,318,0,42.52,0.01,52.92,128.78,9904660.95
0,29,318,0,42.52,0.01,52.92,128.78,9904660.95
0,29,318,0,42.52,0.01,52.92,128.78,9904660.95
0,29,318,0,42.52,0.01,52.92,128.78,9904660.95
0,29,318,0,42.52,0.01,52.92,128.78,9904660.95
0,29,318,0,42.52,0.01,52.92,128.78,9904660.95
0,29,318,0,42.52,0.01,52.92,128.78,9904660.95
0,855,8,0,20.9,0.01,106.29,109.84,20150514.83
0,554,16,0,25.06,0.01,109.88,170.18,18263975.61
0,441,24,0,25.71,0.01,70.57,133.25,13025726.51
0,432,32,0,25.71,0.01,69.47,133.31,13023059.43
0,307,40,0,39.54,0.01,56.08,141.56,9899389.5
0,326,48,0,37.7,0.01,56.69,133.87,10158291.98
0,318,56,0,39.54,0.01,56.71,133.79,10161450.33
0,279,64,0,42.52,0.01,53.17,136.87,9379603.39
0,270,72,0,42.52,0.01,53.27,136.98,9377933.0
0,267,80,0,42.52,0.01,53.61,134.61,9397631.36
0,258,88,0,42.52,0.01,53.71,134.72,9397762.53
0,251,96,0,42.52,0.01,53.65,134.42,9435116.43
0,242,104,0,42.52,0.01,53.75,134.54,9463710.94
0,234,112,0,42.52,0.01,53.78,134.47,9466883.74
0,216,128,0,42.52,0.01,52.72,134.55,9489765.2
0,203,144,0,42.52,0.01,53.39,132.94,9512121.83
0,181,160,0,42.52,0.01,53.21,135.21,9592178.48
0,265,176,0,39.54,0.01,62.92,123.18,11800838.34
0,189,192,0,39.54,0.01,58.23,132.35,10861037.46
0,316,208,0,28.85,0.01,69.77,115.89,13571045.3
0,185,224,0,39.54,0.01,59.77,125.18,11198948.48
0,258,240,0,28.85,0.01,67.39,116.83,12927012.49
0,120,256,0,37.7,0.01,56.52,130.11,10730421.93
0,82,288,0,30.68,0.01,56.4,129.32,10664948.32
0,53,304,0,27.54,0.01,54.85,130.9,10391471.78
0,29,318,0,42.52,0.01,52.92,128.78,9904660.95
0,29,318,0,42.52,0.01,52.92,128.78,9904660.95
0,29,318,0,42.52,0.01,52.92,128.78,9904660.95
0,29,318,0,42.52,0.01,52.92,128.78,9904660.95
0,29,318,0,42.52,0.01,52.92,128.78,9904660.95
0,29,318,0,42.52,0.01,52.92,128.78,9904660.95
0,29,318,0,42.52,0.01,52.92,128.78,9904660.95
0,29,318,0,42.52,0.01,52.92,128.78,9904660.95
0,29,318,0,42.52,0.01,52.92,128.78,9904660.95
0,29,318,0,42.52,0.01,52.92,128.78,9904660.95
0,29,318,0,42.52,0.01,52.92,128.78,9904660.95
0,29,318,0,42.52,0.01,52.92,128.78,9904660.95
0,29,318,0,42.52,0.01,52.92,128.78,9904660.95
0,29,318,0,42.52,0.01,52.92,128.78,9904660.95
0,29,318,0,42.52,0.01,52.92,128.78,9904660.95
0,29,318,0,42.52,0.01,52.92,128.78,9904660.95
0,29,318,0,42.52,0.01,52.92,128.78,9904660.95
0,29,318,0,42.52,0.01,52.92,128.78,9904660.95
0,29,318,0,42.52,0.01,52.92,128.78,9904660.95
0,29,318,0,42.52,0.01,52.92,128.78,9904660.95
0,29,318,0,42.52,0.01,52.92,128.78,9904660.95
0,29,318,0,42.52,0.01,52.92,128.78,9904660.95
0,29,318,0,42.52,0.01,52.92,128.78,9904660.95
0,29,318,0,42.52,0.01,52.92,128.78,9904660.95
0,29,318,0,42.52,0.01,52.92,128.78,9904660.95
0,29,318,0,42.52,0.01,52.92,128.78,9904660.95
0,29,318,0,42.52,0.01,52.92,128.78,9904660.95
0,29,318,0,42.52,0.01,52.92,128.78,9904660.95
0,29,318,0,42.52,0.01,52.92,128.78,9904660.95
0,29,318,0,42.52,0.01,52.92,128.78,9904660.95
0,29,318,0,42.52,0.01,52.92,128.78,9904660.95
0,855,8,0,20.9,0.01,106.29,109.84,20150514.83
0,554,16,0,25.06,0.01,109.88,170.18,18263975.61
0,441,24,0,25.71,0.01,70.57,133.25,13025726.51
0,432,32,0,25.71,0.01,69.47,133.31,13023059.43
0,307,40,0,39.54,0.01,56.08,141.56,9899389.5
0,326,48,0,37.7,0.01,56.69,133.87,10158291.98
0,318,56,0,39.54,0.01,56.71,133.79,10161450.33
0,279,64,0,42.52,0.01,53.17,136.87,9379603.39
0,270,72,0,42.52,0.01,53.27,136.98,9377933.0
0,267,80,0,42.52,0.01,53.61,134.61,9397631.36
0,258,88,0,42.52,0.01,53.71,134.72,9397762.53
0,251,96,0,42.52,0.01,53.65,134.42,9435116.43
0,242,104,0,42.52,0.01,53.75,134.54,9463710.94
0,234,112,0,42.52,0.01,53.78,134.47,9466883.74
0,216,128,0,42.52,0.01,52.72,134.55,9489765.2
0,203,144,0,42.52,0.01,53.39,132.94,9512121.83
0,181,160,0,42.52,0.01,53.21,135.21,9592178.48
0,265,176,0,39.54,0.01,62.92,123.18,11800838.34
0,189,192,0,39.54,0.01,58.23,132.35,10861037.46
0,316,208,0,28.85,0.01,69.77,115.89,13571045.3
0,185,224,0,39.54,0.01,59.77,125.18,11198948.48
0,258,240,0,28.85,0.01,67.39,116.83,12927012.49
0,120,256,0,37.7,0.01,56.52,130.11,10730421.93
0,82,288,0,30.68,0.01,56.4,129.32,10664948.32
0,53,304,0,27.54,0.01,54.85,130.9,10391471.78
0,29,318,0,42.52,0.01,52.92,128.78,9904660.95
0,29,318,0,42.52,0.01,52.92,128.78,9904660.95
0,29,318,0,42.52,0.01,52.92,128.78,9904660.95
0,29,318,0,42.52,0.01,52.92,128.78,9904660.95
0,29,318,0,42.52,0.01,52.92,128.78,9904660.95
0,29,318,0,42.52,0.01,52.92,128.78,9904660.95
0,29,318,0,42.52,0.01,52.92,128.78,9904660.95
0,29,318,0,42.52,0.01,52.92,128.78,9904660.95
0,29,318,0,42.52,0.01,52.92,128.78,9904660.95
0,29,318,0,42.52,0.01,52.92,128.78,9904660.95
0,29,318,0,42.52,0.01,52.92,128.78,9904660.95
0,29,318,0,42.52,0.01,52.92,128.78,9904660.95
0,29,318,0,42.52,0.01,52.92,128.78,9904660.95
0,29,318,0,42.52,0.01,52.92,128.78,9904660.95
0,29,318,0,42.52,0.01,52.92,128.78,9904660.95
0,29,318,0,42.52,0.01,52.92,128.78,9904660.95
0,29,318,0,42.52,0.01,52.92,128.78,9904660.95
0,29,318,0,42.52,0.01,52.92,128.78,9904660.95
0,29,318,0,42.52,0.01,52.92,128.78,9904660.95
0,29,318,0,42.52,0.01,52.92,128.78,9904660.95
0,29,318,0,42.52,0.01,52.92,128.78,9904660.95
0,29,318,0,42.52,0.01,52.92,128.78,9904660.95
0,29,318,0,42.52,0.01,52.92,128.78,9904660.95
0,29,318,0,42.52,0.01,52.92,128.78,9904660.95
0,29,318,0,42.52,0.01,52.92,128.78,9904660.95
0,29,318,0,42.52,0.01,52.92,128.78,9904660.95
0,29,318,0,42.52,0.01,52.92,128.78,9904660.95
0,29,318,0,42.52,0.01,52.92,128.78,9904660.95
0,29,318,0,42.52,0.01,52.92,128.78,9904660.95
0,29,318,0,42.52,0.01,52.92,128.78,9904660.95
0,29,318,0,42.52,0.01,52.92,128.78,9904660.95
0,855,8,0,20.9,0.01,106.29,109.84,20150514.83
0,554,16,0,25.06,0.01,109.88,170.18,18263975.61
0,441,24,0,25.71,0.01,70.57,133.25,13025726.51
0,432,32,0,25.71,0.01,69.47,133.31,13023059.43
0,307,40,0,39.54,0.01,56.08,141.56,9899389.5
0,326,48,0,37.7,0.01,56.69,133.87,10158291.98
0,318,56,0,39.54,0.01,56.71,133.79,10161450.33
0,279,64,0,42.52,0.01,53.17,136.87,9379603.39
0,270,72,0,42.52,0.01,53.27,136.98,9377933.0
0,267,80,0,42.52,0.01,53.61,134.61,9397631.36
0,258,88,0,42.52,0.01,53.71,134.72,9397762.53
0,251,96,0,42.52,0.01,53.65,134.42,9435116.43
0,242,104,0,42.52,0.01,53.75,134.54,9463710.94
0,234,112,0,42.52,0.01,53.78,134.47,9466883.74
0,216,128,0,42.52,0.01,52.72,134.55,9489765.2
0,203,144,0,42.52,0.01,53.39,132.94,9512121.83
0,181,160,0,42.52,0.01,53.21,135.21,9592178.48
0,265,176,0,39.54,0.01,62.92,123.18,11800838.34
0,189,192,0,39.54,0.01,58.23,132.35,10861037.46
0,316,208,0,28.85,0.01,69.77,115.89,13571045.3
0,185,224,0,39.54,0.01,59.77,125.18,11198948.48
0,258,240,0,28.85,0.01,67.39,116.83,12927012.49
0,120,256,0,37.7,0.01,56.52,130.11,10730421.93
0,82,288,0,30.68,0.01,56.4,129.32,10664948.32
0,53,304,0,27.54,0.01,54.85,130.9,10391471.78
0,29,318,0,42.52,0.01,52.92,128.78,9904660.95
0,29,318,0,42.52,0.01,52.92,128.78,9904660.95
0,29,318,0,42.52,0.01,52.92,128.78,9904660.95
0,29,318,0,42.52,0.01,52.92,128.78,9904660.95
0,29,318,0,42.52,0.01,52.92,128.78,9904660.95
0,29,318,0,42.52,0.01,52.92,128.78,9904660.95
0,29,318,0,42.52,0.01,52.92,128.78,9904660.95
0,29,318,0,42.52,0.01,52.92,128.78,9904660.95
0,29,318,0,42.52,0.01,52.92,128.78,9904660.95
0,29,318,0,42.52,0.01,52.92,128.78,9904660.95
0,29,318,0,42.52,0.01,52.92,128.78,9904660.95
0,29,318,0,42.52,0.01,52.92,128.78,9904660.95
0,29,318,0,42.52,0.01,52.92,128.78,9904660.95
0,29,318,0,42.52,0.01,52.92,128.78,9904660.95
0,29,318,0,42.52,0.01,52.92,128.78,9904660.95
0,29,318,0,42.52,0.01,52.92,128.78,9904660.95
0,29,318,0,42.52,0.01,52.92,128.78,9904660.95
0,29,318,0,42.52,0.01,52.92,128.78,9904660.95
0,29,318,0,42.52,0.01,52.92,128.78,9904660.95
0,29,318,0,42.52,0.01,52.92,128.78,9904660.95
0,29,318,0,42.52,0.01,52.92,128.78,9904660.95
0,29,318,0,42.52,0.01,52.92,128.78,9904660.95
0,29,318,0,42.52,0.01,52.92,128.78,9904660.95
0,29,318,0,42.52,0.01,52.92,128.78,9904660.95
0,29,318,0,42.52,0.01,52.92,128.78,9904660.95
0,29,318,0,42.52,0.01,52.92,128.78,9904660.95
0,29,318,0,42.52,0.01,52.92,128.78,9904660.95
0,29,318,0,42.52,0.01,52.92,128.78,9904660.95
0,29,318,0,42.52,0.01,52.92,128.78,9904660.95
0,29,318,0,42.52,0.01,52.92,128.78,9904660.95
0,29,318,0,42.52,0.01,52.92,128.78,9904660.95
0,855,8,0,20.9,0.01,106.29,109.84,20150514.83
0,554,16,0,25.06,0.01,109.88,170.18,18263975.61
0,441,24,0,25.71,0.01,70.57,133.25,13025726.51
0,432,32,0,25.71,0.01,69.47,133.31,13023059.43
0,307,40,0,39.54,0.01,56.08,141.56,9899389.5
0,326,48,0,37.7,0.01,56.69,133.87,10158291.98
0,318,56,0,39.54,0.01,56.71,133.79,10161450.33
0,279,64,0,42.52,0.01,53.17,136.87,9379603.39
0,270,72,0,42.52,0.01,53.27,136.98,9377933.0
0,267,80,0,42.52,0.01,53.61,134.61,9397631.36
0,258,88,0,42.52,0.01,53.71,134.72,9397762.53
0,251,96,0,42.52,0.01,53.65,134.42,9435116.43
0,242,104,0,42.52,0.01,53.75,134.54,9463710.94
0,234,112,0,42.52,0.01,53.78,134.47,9466883.74
0,216,128,0,42.52,0.01,52.72,134.55,9489765.2
0,203,144,0,42.52,0.01,53.39,132.94,9512121.83
0,181,160,0,42.52,0.01,53.21,135.21,9592178.48
0,265,176,0,39.54,0.01,62.92,123.18,11800838.34
0,189,192,0,39.54,0.01,58.23,132.35,10861037.46
0,316,208,0,28.85,0.01,69.77,115.89,13571045.3
0,185,224,0,39.54,0.01,59.77,125.18,11198948.48
0,258,240,0,28.85,0.01,67.39,116.83,12927012.49
0,120,256,0,37.7,0.01,56.52,130.11,10730421.93
0,82,288,0,30.68,0.01,56.4,129.32,10664948.32
0,53,304,0,27.54,0.01,54.85,130.9,10391471.78
0,29,318,0,42.52,0.01,52.92,128.78,9904660.95
0,29,318,0,42.52,0.01,52.92,128.78,9904660.95
0,29,318,0,42.52,0.01,52.92,128.78,9904660.95
0,29,318,0,42.52,0.01,52.92,128.78,9904660.95
0,29,318,0,42.52,0.01,52.92,128.78,9904660.95
0,29,318,0,42.52,0.01,52.92,128.78,9904660.95
0,29,318,0,42.52,0.01,52.92,128.78,9904660.95
0,29,318,0,42.52,0.01,52.92,128.78,9904660.95
0,29,318,0,42.52,0.01,52.92,128.78,9904660.95
0,29,318,0,42.52,0.01,52.92,128.78,9904660.95
0,29,318,0,42.52,0.01,52.92,128.78,9904660.95
0,29,318,0,42.52,0.01,52.92,128.78,9904660.95
0,29,318,0,42.52,0.01,52.92,128.78,9904660.95
0,29,318,0,42.52,0.01,52.92,128.78,9904660.95
0,29,318,0,42.52,0.01,52.92,128.78,9904660.95
0,29,318,0,42.52,0.01,52.92,128.78,9904660.95
0,29,318,0,42.52,0.01,52.92,128.78,9904660.95
0,29,318,0,42.52,0.01,52.92,128.78,9904660.95
0,29,318,0,42.52,0.01,52.92,128.78,9904660.95
0,29,318,0,42.52,0.01,52.92,128.78,9904660.95
0,29,318,0,42.52,0.01,52.92,128.78,9904660.95
0,29,318,0,42.52,0.01,52.92,128.78,9904660.95
0,29,318,0,42.52,0.01,52.92,128.78,9904660.95
0,29,318,0,42.52,0.01,52.92,128.78,9904660.95
0,29,318,0,42.52,0.01,52.92,128.78,9904660.95
0,29,318,0,42.52,0.01,52.92,128.78,9904660.95
0,29,318,0,42.52,0.01,52.92,128.78,9904660.95
0,29,318,0,42.52,0.01,52.92,128.78,9904660.95
0,29,318,0,42.52,0.01,52.92,128.78,9904660.95
0,29,318,0,42.52,0.01,52.92,128.78,9904660.95
0,29,318,0,42.52,0.01,52.92,128.78,9904660.95
0,855,8,0,20.9,0.01,106.29,109.84,20150514.83
0,554,16,0,25.06,0.01,109.88,170.18,18263975.61
0,441,24,0,25.71,0.01,70.57,133.25,13025726.51
0,432,32,0,25.71,0.01,69.47,133.31,13023059.43
0,307,40,0,39.54,0.01,56.08,141.56,9899389.5
0,326,48,0,37.7,0.01,56.69,133.87,10158291.98
0,318,56,0,39.54,0.01,56.71,133.79,10161450.33
0,279,64,0,42.52,0.01,53.17,136.87,9379603.39
0,270,72,0,42.52,0.01,53.27,136.98,9377933.0
0,267,80,0,42.52,0.01,53.61,134.61,9397631.36
0,258,88,0,42.52,0.01,53.71,134.72,9397762.53
0,251,96,0,42.52,0.01,53.65,134.42,9435116.43
0,242,104,0,42.52,0.01,53.75,134.54,9463710.94
0,234,112,0,42.52,0.01,53.78,134.47,9466883.74
0,216,128,0,42.52,0.01,52.72,134.55,9489765.2
0,203,144,0,42.52,0.01,53.39,132.94,9512121.83
0,181,160,0,42.52,0.01,53.21,135.21,9592178.48
0,265,176,0,39.54,0.01,62.92,123.18,11800838.34
0,189,192,0,39.54,0.01,58.23,132.35,10861037.46
0,316,208,0,28.85,0.01,69.77,115.89,13571045.3
0,185,224,0,39.54,0.01,59.77,125.18,11198948.48
0,258,240,0,28.85,0.01,67.39,116.83,12927012.49
0,120,256,0,37.7,0.01,56.52,130.11,10730421.93
0,82,288,0,30.68,0.01,56.4,129.32,10664948.32
0,53,304,0,27.54,0.01,54.85,130.9,10391471.78
0,29,318,0,42.52,0.01,52.92,128.78,9904660.95
0,29,318,0,42.52,0.01,52.92,128.78,9904660.95
0,29,318,0,42.52,0.01,52.92,128.78,9904660.95
0,29,318,0,42.52,0.01,52.92,128.78,9904660.95
0,29,318,0,42.52,0.01,52.92,128.78,9904660.95
0,29,318,0,42.52,0.01,52.92,128.78,9904660.95
0,29,318,0,42.52,0.01,52.92,128.78,9904660.95
0,29,318,0,42.52,0.01,52.92,128.78,9904660.95
0,29,318,0,42.52,0.01,52.92,128.78,9904660.95
0,29,318,0,42.52,0.01,52.92,128.78,9904660.95
0,29,318,0,42.52,0.01,52.92,128.78,9904660.95
0,29,318,0,42.52,0.01,52.92,128.78,9904660.95
0,29,318,0,42.52,0.01,52.92,128.78,9904660.95
0,29,318,0,42.52,0.01,52.92,128.78,9904660.95
0,29,318,0,42.52,0.01,52.92,128.78,9904660.95
0,29,318,0,42.52,0.01,52.92,128.78,9904660.95
0,29,318,0,42.52,0.01,52.92,128.78,9904660.95
0,29,318,0,42.52,0.01,52.92,128.78,9904660.95
0,29,318,0,42.52,0.01,52.92,128.78,9904660.95
0,29,318,0,42.52,0.01,52.92,128.78,9904660.95
0,29,318,0,42.52,0.01,52.92,128.78,9904660.95
0,29,318,0,42.52,0.01,52.92,128.78,9904660.95
0,29,318,0,42.52,0.01,52.92,128.78,9904660.95
0,29,318,0,42.52,0.01,52.92,128.78,9904660.95
0,29,318,0,42.52,0.01,52.92,128.78,9904660.95
0,29,318,0,42.52,0.01,52.92,128.78,9904660.95
0,29,318,0,42.52,0.01,52.92,128.78,9904660.95
0,29,318,0,42.52,0.01,52.92,128.78,9904660.95
0,29,318,0,42.52,0.01,52.92,128.78,9904660.95
0,29,318,0,42.52,0.01,52.92,128.78,9904660.95
0,29,318,0,42.52,0.01,52.92,128.78,9904660.95
0,855,8,0,20.9,0.01,106.29,109.84,20150514.83
0,554,16,0,25.06,0.01,109.88,170.18,18263975.61
0,441,24,0,25.71,0.01,70.57,133.25,13025726.51
0,432,32,0,25.71,0.01,69.47,133.31,13023059.43
0,307,40,0,39.54,0.01,56.08,141.56,9899389.5
0,326,48,0,37.7,0.01,56.69,133.87,10158291.98
0,318,56,0,39.54,0.01,56.71,133.79,10161450.33
0,279,64,0,42.52,0.01,53.17,136.87,9379603.39
0,270,72,0,42.52,0.01,53.27,136.98,9377933.0
0,267,80,0,42.52,0.01,53.61,134.61,9397631.36
0,258,88,0,42.52,0.01,53.71,134.72,9397762.53
0,251,96,0,42.52,0.01,53.65,134.42,9435116.43
0,242,104,0,42.52,0.01,53.75,134.54,9463710.94
0,234,112,0,42.52,0.01,53.78,134.47,9466883.74
0,216,128,0,42.52,0.01,52.72,134.55,9489765.2
0,203,144,0,42.52,0.01,53.39,132.94,9512121.83
0,181,160,0,42.52,0.01,53.21,135.21,9592178.48
0,265,176,0,39.54,0.01,62.92,123.18,11800838.34
0,189,192,0,39.54,0.01,58.23,132.35,10861037.46
0,316,208,0,28.85,0.01,69.77,115.89,13571045.3
0,185,224,0,39.54,0.01,59.77,125.18,11198948.48
0,258,240,0,28.85,0.01,67.39,116.83,12927012.49
0,120,256,0,37.7,0.01,56.52,130.11,10730421.93
0,82,288,0,30.68,0.01,56.4,129.32,10664948.32
0,53,304,0,27.54,0.01,54.85,130.9,10391471.78
0,29,318,0,42.52,0.01,52.92,128.78,9904660.95
0,29,318,0,42.52,0.01,52.92,128.78,9904660.95
0,29,318,0,42.52,0.01,52.92,128.78,9904660.95
0,29,318,0,42.52,0.01,52.92,128.78,9904660.95
0,29,318,0,42.52,0.01,52.92,128.78,9904660.95
0,29,318,0,42.52,0.01,52.92,128.78,9904660.95
0,29,318,0,42.52,0.01,52.92,128.78,9904660.95
0,29,318,0,42.52,0.01,52.92,128.78,9904660.95
0,29,318,0,42.52,0.01,52.92,128.78,9904660.95
0,29,318,0,42.52,0.01,52.92,128.78,9904660.95
0,29,318,0,42.52,0.01,52.92,128.78,9904660.95
0,29,318,0,42.52,0.01,52.92,128.78,9904660.95
0,29,318,0,42.52,0.01,52.92,128.78,9904660.95
0,29,318,0,42.52,0.01,52.92,128.78,9904660.95
0,29,318,0,42.52,0.01,52.92,128.78,9904660.95
0,29,318,0,42.52,0.01,52.92,128.78,9904660.95
0,29,318,0,42.52,0.01,52.92,128.78,9904660.95
0,29,318,0,42.52,0.01,52.92,128.78,9904660.95
0,29,318,0,42.52,0.01,52.92,128.78,9904660.95
0,29,318,0,42.52,0.01,52.92,128.78,9904660.95
0,29,318,0,42.52,0.01,52.92,128.78,9904660.95
0,29,318,0,42.52,0.01,52.92,128.78,9904660.95
0,29,318,0,42.52,0.01,52.92,128.78,9904660.95
0,29,318,0,42.52,0.01,52.92,128.78,9904660.95
0,29,318,0,42.52,0.01,52.92,128.78,9904660.95
0,29,318,0,42.52,0.01,52.92,128.78,9904660.95
0,29,318,0,42.52,0.01,52.92,128.78,9904660.95
0,29,318,0,42.52,0.01,52.92,128.78,9904660.95
0,29,318,0,42.52,0.01,52.92,128.78,9904660.95
0,29,318,0,42.52,0.01,52.92,128.78,9904660.95
0,29,318,0,42.52,0.01,52.92,128.78,9904660.95
0,855,8,0,20.9,0.01,106.29,109.84,20150514.83
0,554,16,0,25.06,0.01,109.88,170.18,18263975.61
0,441,24,0,25.71,0.01,70.57,133.25,13025726.51
0,432,32,0,25.71,0.01,69.47,133.31,13023059.43
0,307,40,0,39.54,0.01,56.08,141.56,9899389.5
0,326,48,0,37.7,0.01,56.69,133.87,10158291.98
0,318,56,0,39.54,0.01,56.71,133.79,10161450.33
0,279,64,0,42.52,0.01,53.17,136.87,9379603.39
0,270,72,0,42.52,0.01,53.27,136.98,9377933.0
0,267,80,0,42.52,0.01,53.61,134.61,9397631.36
0,258,88,0,42.52,0.01,53.71,134.72,9397762.53
0,251,96,0,42.52,0.01,53.65,134.42,9435116.43
0,242,104,0,42.52,0.01,53.75,134.54,9463710.94
0,234,112,0,42.52,0.01,53.78,134.47,9466883.74
0,216,128,0,42.52,0.01,52.72,134.55,9489765.2
0,203,144,0,42.52,0.01,53.39,132.94,9512121.83
0,181,160,0,42.52,0.01,53.21,135.21,9592178.48
0,265,176,0,39.54,0.01,62.92,123.18,11800838.34
0,189,192,0,39.54,0.01,58.23,132.35,10861037.46
0,316,208,0,28.85,0.01,69.77,115.89,13571045.3
0,185,224,0,39.54,0.01,59.77,125.18,11198948.48
0,258,240,0,28.85,0.01,67.39,116.83,12927012.49
0,120,256,0,37.7,0.01,56.52,130.11,10730421.93
0,82,288,0,30.68,0.01,56.4,129.32,10664948.32
0,53,304,0,27.54,0.01,54.85,130.9,10391471.78
0,29,318,0,42.52,0.01,52.92,128.78,9904660.95
0,29,318,0,42.52,0.01,52.92,128.78,9904660.95
0,29,318,0,42.52,0.01,52.92,128.78,9904660.95
0,29,318,0,42.52,0.01,52.92,128.78,9904660.95
0,29,318,0,42.52,0.01,52.92,128.78,9904660.95
0,29,318,0,42.52,0.01,52.92,128.78,9904660.95
0,29,318,0,42.52,0.01,52.92,128.78,9904660.95
0,29,318,0,42.52,0.01,52.92,128.78,9904660.95
0,29,318,0,42.52,0.01,52.92,128.78,9904660.95
0,29,318,0,42.52,0.01,52.92,128.78,9904660.95
0,29,318,0,42.52,0.01,52.92,128.78,9904660.95
0,29,318,0,42.52,0.01,52.92,128.78,9904660.95
0,29,318,0,42.52,0.01,52.92,128.78,9904660.95
0,29,318,0,42.52,0.01,52.92,128.78,9904660.95
0,29,318,0,42.52,0.01,52.92,128.78,9904660.95
0,29,318,0,42.52,0.01,52.92,128.78,9904660.95
0,29,318,0,42.52,0.01,52.92,128.78,9904660.95
0,29,318,0,42.52,0.01,52.92,128.78,9904660.95
0,29,318,0,42.52,0.01,52.92,128.78,9904660.95
0,29,318,0,42.52,0.01,52.92,128.78,9904660.95
0,29,318,0,42.52,0.01,52.92,128.78,9904660.95
0,29,318,0,42.52,0.01,52.92,128.78,9904660.95
0,29,318,0,42.52,0.01,52.92,128.78,9904660.95
0,29,318,0,42.52,0.01,52.92,128.78,9904660.95
0,29,318,0,42.52,0.01,52.92,128.78,9904660.95
0,29,318,0,42.52,0.01,52.92,128.78,9904660.95
0,29,318,0,42.52,0.01,52.92,128.78,9904660.95
0,29,318,0,42.52,0.01,52.92,128.78,9904660.95
0,29,318,0,42.52,0.01,52.92,128.78,9904660.95
0,29,318,0,42.52,0.01,52.92,128.78,9904660.95
0,29,318,0,42.52,0.01,52.92,128.78,9904660.95
0,855,8,0,20.9,0.01,106.29,109.84,20150514.83
0,554,16,0,25.06,0.01,109.88,170.18,18263975.61
0,441,24,0,25.71,0.01,70.57,133.25,13025726.51
0,432,32,0,25.71,0.01,69.47,133.31,13023059.43
0,307,40,0,39.54,0.01,56.08,141.56,9899389.5
0,326,48,0,37.7,0.01,56.69,133.87,10158291.98
0,318,56,0,39.54,0.01,56.71,133.79,10161450.33
0,279,64,0,42.52,0.01,53.17,136.87,9379603.39
0,270,72,0,42.52,0.01,53.27,136.98,9377933.0
0,267,80,0,42.52,0.01,53.61,134.61,9397631.36
0,258,88,0,42.52,0.01,53.71,134.72,9397762.53
0,251,96,0,42.52,0.01,53.65,134.42,9435116.43
0,242,104,0,42.52,0.01,53.75,134.54,9463710.94
0,234,112,0,42.52,0.01,53.78,134.47,9466883.74
0,216,128,0,42.52,0.01,52.72,134.55,9489765.2
0,203,144,0,42.52,0.01,53.39,132.94,9512121.83
0,181,160,0,42.52,0.01,53.21,135.21,9592178.48
0,265,176,0,39.54,0.01,62.92,123.18,11800838.34
0,189,192,0,39.54,0.01,58.23,132.35,10861037.46
0,316,208,0,28.85,0.01,69.77,115.89,13571045.3
0,185,224,0,39.54,0.01,59.77,125.18,11198948.48
0,258,240,0,28.85,0.01,67.39,116.83,12927012.49
0,120,256,0,37.7,0.01,56.52,130.11,10730421.93
0,82,288,0,30.68,0.01,56.4,129.32,10664948.32
0,53,304,0,27.54,0.01,54.85,130.9,10391471.78
0,29,318,0,42.52,0.01,52.92,128.78,9904660.95
0,29,318,0,42.52,0.01,52.92,128.78,9904660.95
0,29,318,0,42.52,0.01,52.92,128.78,9904660.95
0,29,318,0,42.52,0.01,52.92,128.78,9904660.95
0,29,318,0,42.52,0.01,52.92,128.78,9904660.95
0,29,318,0,42.52,0.01,52.92,128.78,9904660.95
0,29,318,0,42.52,0.01,52.92,128.78,9904660.95
0,29,318,0,42.52,0.01,52.92,128.78,9904660.95
0,29,318,0,42.52,0.01,52.92,128.78,9904660.95
0,29,318,0,42.52,0.01,52.92,128.78,9904660.95
0,29,318,0,42.52,0.01,52.92,128.78,9904660.95
0,29,318,0,42.52,0.01,52.92,128.78,9904660.95
0,29,318,0,42.52,0.01,52.92,128.78,9904660.95
0,29,318,0,42.52,0.01,52.92,128.78,9904660.95
0,29,318,0,42.52,0.01,52.92,128.78,9904660.95
0,29,318,0,42.52,0.01,52.92,128.78,9904660.95
0,29,318,0,42.52,0.01,52.92,128.78,9904660.95
0,29,318,0,42.52,0.01,52.92,128.78,9904660.95
0,29,318,0,42.52,0.01,52.92,128.78,9904660.95
0,29,318,0,42.52,0.01,52.92,128.78,9904660.95
0,29,318,0,42.52,0.01,52.92,128.78,9904660.95
0,29,318,0,42.52,0.01,52.92,128.78,9904660.95
0,29,318,0,42.52,0.01,52.92,128.78,9904660.95
0,29,318,0,42.52,0.01,52.92,128.78,9904660.95
0,29,318,0,42.52,0.01,52.92,128.78,9904660.95
0,29,318,0,42.52,0.01,52.92,128.78,9904660.95
0,29,318,0,42.52,0.01,52.92,128.78,9904660.95
0,29,318,0,42.52,0.01,52.92,128.78,9904660.95
0,29,318,0,42.52,0.01,52.92,128.78,9904660.95
0,29,318,0,42.52,0.01,52.92,128.78,9904660.95
0,29,318,0,42.52,0.01,52.92,128.78,9904660.95
0,855,8,0,20.9,0.01,106.29,109.84,20150514.83
0,554,16,0,25.06,0.01,109.88,170.18,18263975.61
0,441,24,0,25.71,0.01,70.57,133.25,13025726.51
0,432,32,0,25.71,0.01,69.47,133.31,13023059.43
0,307,40,0,39.54,0.01,56.08,141.56,9899389.5
0,326,48,0,37.7,0.01,56.69,133.87,10158291.98
0,318,56,0,39.54,0.01,56.71,133.79,10161450.33
0,279,64,0,42.52,0.01,53.17,136.87,9379603.39
0,270,72,0,42.52,0.01,53.27,136.98,9377933.0
0,267,80,0,42.52,0.01,53.61,134.61,9397631.36
0,258,88,0,42.52,0.01,53.71,134.72,9397762.53
0,251,96,0,42.52,0.01,53.65,134.42,9435116.43
0,242,104,0,42.52,0.01,53.75,134.54,9463710.94
0,234,112,0,42.52,0.01,53.78,134.47,9466883.74
0,216,128,0,42.52,0.01,52.72,134.55,9489765.2
0,203,144,0,42.52,0.01,53.39,132.94,9512121.83
0,181,160,0,42.52,0.01,53.21,135.21,9592178.48
0,265,176,0,39.54,0.01,62.92,123.18,11800838.34
0,189,192,0,39.54,0.01,58.23,132.35,10861037.46
0,316,208,0,28.85,0.01,69.77,115.89,13571045.3
0,185,224,0,39.54,0.01,59.77,125.18,11198948.48
0,258,240,0,28.85,0.01,67.39,116.83,12927012.49
0,120,256,0,37.7,0.01,56.52,130.11,10730421.93
0,82,288,0,30.68,0.01,56.4,129.32,10664948.32
0,53,304,0,27.54,0.01,54.85,130.9,10391471.78
0,29,318,0,42.52,0.01,52.92,128.78,9904660.95
0,29,318,0,42.52,0.01,52.92,128.78,9904660.95
0,29,318,0,42.52,0.01,52.92,128.78,9904660.95
0,29,318,0,42.52,0.01,52.92,128.78,9904660.95
0,29,318,0,42.52,0.01,52.92,128.78,9904660.95
0,29,318,0,42.52,0.01,52.92,128.78,9904660.95
0,29,318,0,42.52,0.01,52.92,128.78,9904660.95
0,29,318,0,42.52,0.01,52.92,128.78,9904660.95
0,29,318,0,42.52,0.01,52.92,128.78,9904660.95
0,29,318,0,42.52,0.01,52.92,128.78,9904660.95
0,29,318,0,42.52,0.01,52.92,128.78,9904660.95
0,29,318,0,42.52,0.01,52.92,128.78,9904660.95
0,29,318,0,42.52,0.01,52.92,128.78,9904660.95
0,29,318,0,42.52,0.01,52.92,128.78,9904660.95
0,29,318,0,42.52,0.01,52.92,128.78,9904660.95
0,29,318,0,42.52,0.01,52.92,128.78,9904660.95
0,29,318,0,42.52,0.01,52.92,128.78,9904660.95
0,29,318,0,42.52,0.01,52.92,128.78,9904660.95
0,29,318,0,42.52,0.01,52.92,128.78,9904660.95
0,29,318,0,42.52,0.01,52.92,128.78,9904660.95
0,29,318,0,42.52,0.01,52.92,128.78,9904660.95
0,29,318,0,42.52,0.01,52.92,128.78,9904660.95
0,29,318,0,42.52,0.01,52.92,128.78,9904660.95
0,29,318,0,42.52,0.01,52.92,128.78,9904660.95
0,29,318,0,42.52,0.01,52.92,128.78,9904660.95
0,29,318,0,42.52,0.01,52.92,128.78,9904660.95
0,29,318,0,42.52,0.01,52.92,128.78,9904660.95
0,29,318,0,42.52,0.01,52.92,128.78,9904660.95
0,29,318,0,42.52,0.01,52.92,128.78,9904660.95
0,29,318,0,42.52,0.01,52.92,128.78,9904660.95
0,29,318,0,42.52,0.01,52.92,128.78,9904660.95
0,855,8,0,20.9,0.01,106.29,109.84,20150514.83
0,554,16,0,25.06,0.01,109.88,170.18,18263975.61
0,441,24,0,25.71,0.01,70.57,133.25,13025726.51
0,432,32,0,25.71,0.01,69.47,133.31,13023059.43
0,307,40,0,39.54,0.01,56.08,141.56,9899389.5
0,326,48,0,37.7,0.01,56.69,133.87,10158291.98
0,318,56,0,39.54,0.01,56.71,133.79,10161450.33
0,279,64,0,42.52,0.01,53.17,136.87,9379603.39
0,270,72,0,42.52,0.01,53.27,136.98,9377933.0
0,267,80,0,42.52,0.01,53.61,134.61,9397631.36
0,258,88,0,42.52,0.01,53.71,134.72,9397762.53
0,251,96,0,42.52,0.01,53.65,134.42,9435116.43
0,242,104,0,42.52,0.01,53.75,134.54,9463710.94
0,234,112,0,42.52,0.01,53.78,134.47,9466883.74
0,216,128,0,42.52,0.01,52.72,134.55,9489765.2
0,203,144,0,42.52,0.01,53.39,132.94,9512121.83
0,181,160,0,42.52,0.01,53.21,135.21,9592178.48
0,265,176,0,39.54,0.01,62.92,123.18,11800838.34
0,189,192,0,39.54,0.01,58.23,132.35,10861037.46
0,316,208,0,28.85,0.01,69.77,115.89,13571045.3
0,185,224,0,39.54,0.01,59.77,125.18,11198948.48
0,258,240,0,28.85,0.01,67.39,116.83,12927012.49
0,120,256,0,37.7,0.01,56.52,130.11,10730421.93
0,82,288,0,30.68,0.01,56.4,129.32,10664948.32
0,53,304,0,27.54,0.01,54.85,130.9,10391471.78
0,29,318,0,42.52,0.01,52.92,128.78,9904660.95
0,29,318,0,42.52,0.01,52.92,128.78,9904660.95
0,29,318,0,42.52,0.01,52.92,128.78,9904660.95
0,29,318,0,42.52,0.01,52.92,128.78,9904660.95
0,29,318,0,42.52,0.01,52.92,128.78,9904660.95
0,29,318,0,42.52,0.01,52.92,128.78,9904660.95
0,29,318,0,42.52,0.01,52.92,128.78,9904660.95
0,29,318,0,42.52,0.01,52.92,128.78,9904660.95
0,29,318,0,42.52,0.01,52.92,128.78,9904660.95
0,29,318,0,42.52,0.01,52.92,128.78,9904660.95
0,29,318,0,42.52,0.01,52.92,128.78,9904660.95
0,29,318,0,42.52,0.01,52.92,128.78,9904660.95
0,29,318,0,42.52,0.01,52.92,128.78,9904660.95
0,29,318,0,42.52,0.01,52.92,128.78,9904660.95
0,29,318,0,42.52,0.01,52.92,128.78,9904660.95
0,29,318,0,42.52,0.01,52.92,128.78,9904660.95
0,29,318,0,42.52,0.01,52.92,128.78,9904660.95
0,29,318,0,42.52,0.01,52.92,128.78,9904660.95
0,29,318,0,42.52,0.01,52.92,128.78,9904660.95
0,29,318,0,42.52,0.01,52.92,128.78,9904660.95
0,29,318,0,42.52,0.01,52.92,128.78,9904660.95
0,29,318,0,42.52,0.01,52.92,128.78,9904660.95
0,29,318,0,42.52,0.01,52.92,128.78,9904660.95
0,29,318,0,42.52,0.01,52.92,128.78,9904660.95
0,29,318,0,42.52,0.01,52.92,128.78,9904660.95
0,29,318,0,42.52,0.01,52.92,128.78,9904660.95
0,29,318,0,42.52,0.01,52.92,128.78,9904660.95
0,29,318,0,42.52,0.01,52.92,128.78,9904660.95
0,29,318,0,42.52,0.01,52.92,128.78,9904660.95
0,29,318,0,42.52,0.01,52.92,128.78,9904660.95
0,29,318,0,42.52,0.01,52.92,128.78,9904660.95
0,855,8,0,20.9,0.01,106.29,109.84,20150514.83
0,554,16,0,25.06,0.01,109.88,170.18,18263975.61
0,441,24,0,25.71,0.01,70.57,133.25,13025726.51
0,432,32,0,25.71,0.01,69.47,133.31,13023059.43
0,307,40,0,39.54,0.01,56.08,141.56,9899389.5
0,326,48,0,37.7,0.01,56.69,133.87,10158291.98
0,318,56,0,39.54,0.01,56.71,133.79,10161450.33
0,279,64,0,42.52,0.01,53.17,136.87,9379603.39
0,270,72,0,42.52,0.01,53.27,136.98,9377933.0
0,267,80,0,42.52,0.01,53.61,134.61,9397631.36
0,258,88,0,42.52,0.01,53.71,134.72,9397762.53
0,251,96,0,42.52,0.01,53.65,134.42,9435116.43
0,242,104,0,42.52,0.01,53.75,134.54,9463710.94
0,234,112,0,42.52,0.01,53.78,134.47,9466883.74
0,216,128,0,42.52,0.01,52.72,134.55,9489765.2
0,203,144,0,42.52,0.01,53.39,132.94,9512121.83
0,181,160,0,42.52,0.01,53.21,135.21,9592178.48
0,265,176,0,39.54,0.01,62.92,123.18,11800838.34
0,189,192,0,39.54,0.01,58.23,132.35,10861037.46
0,316,208,0,28.85,0.01,69.77,115.89,13571045.3
0,185,224,0,39.54,0.01,59.77,125.18,11198948.48
0,258,240,0,28.85,0.01,67.39,116.83,12927012.49
0,120,256,0,37.7,0.01,56.52,130.11,10730421.93
0,82,288,0,30.68,0.01,56.4,129.32,10664948.32
0,53,304,0,27.54,0.01,54.85,130.9,10391471.78
0,29,318,0,42.52,0.01,52.92,128.78,9904660.95
0,29,318,0,42.52,0.01,52.92,128.78,9904660.95
0,29,318,0,42.52,0.01,52.92,128.78,9904660.95
0,29,318,0,42.52,0.01,52.92,128.78,9904660.95
0,29,318,0,42.52,0.01,52.92,128.78,9904660.95
0,29,318,0,42.52,0.01,52.92,128.78,9904660.95
0,29,318,0,42.52,0.01,52.92,128.78,9904660.95
0,29,318,0,42.52,0.01,52.92,128.78,9904660.95
0,29,318,0,42.52,0.01,52.92,128.78,9904660.95
0,29,318,0,42.52,0.01,52.92,128.78,9904660.95
0,29,318,0,42.52,0.01,52.92,128.78,9904660.95
0,29,318,0,42.52,0.01,52.92,128.78,9904660.95
0,29,318,0,42.52,0.01,52.92,128.78,9904660.95
0,29,318,0,42.52,0.01,52.92,128.78,9904660.95
0,29,318,0,42.52,0.01,52.92,128.78,9904660.95
0,29,318,0,42.52,0.01,52.92,128.78,9904660.95
0,29,318,0,42.52,0.01,52.92,128.78,9904660.95
0,29,318,0,42.52,0.01,52.92,128.78,9904660.95
0,29,318,0,42.52,0.01,52.92,128.78,9904660.95
0,29,318,0,42.52,0.01,52.92,128.78,9904660.95
0,29,318,0,42.52,0.01,52.92,128.78,9904660.95
0,29,318,0,42.52,0.01,52.92,128.78,9904660.95
0,29,318,0,42.52,0.01,52.92,128.78,9904660.95
0,29,318,0,42.52,0.01,52.92,128.78,9904660.95
0,29,318,0,42.52,0.01,52.92,128.78,9904660.95
0,29,318,0,42.52,0.01,52.92,128.78,9904660.95
0,29,318,0,42.52,0.01,52.92,128.78,9904660.95
0,29,318,0,42.52,0.01,52.92,128.78,9904660.95
0,29,318,0,42.52,0.01,52.92,128.78,9904660.95
0,29,318,0,42.52,0.01,52.92,128.78,9904660.95
0,29,318,0,42.52,0.01,52.92,128.78,9904660.95
0,8,0,8,1968.74,0.18,84.43,2568.74,12793301.88
0,8,0,16,1206.52,0.13,102.57,1806.52,15177144.57
0,8,0,24,350.18,0.07,76.67,950.18,13306586.84
0,8,0,32,137.42,0.05,77.13,737.42,13343099.04
0,8,0,40,35.68,0.04,77.39,602.2,13557050.1
0,8,0,48,35.68,0.04,80.34,527.11,14344886.34
0,8,0,56,35.68,0.03,82.75,469.29,14486893.85
0,8,0,64,35.68,0.03,82.3,411.0,14457510.17
0,8,0,72,35.68,0.02,83.57,372.81,14395950.53
0,8,0,80,35.68,0.02,84.07,338.91,14557458.71
0,8,0,88,35.68,0.02,83.61,307.43,14529830.18
0,8,0,96,35.68,0.02,85.35,288.47,14628607.47
0,8,0,104,35.68,0.02,85.93,268.69,14660012.82
0,8,0,112,35.68,0.02,85.37,248.39,14628007.44
0,8,0,128,35.68,0.01,87.75,224.13,14762274.46
0,8,0,144,35.68,0.01,88.87,202.28,14824963.33
0,8,0,160,35.68,0.01,89.15,183.0,14840269.55
0,8,0,176,35.68,0.01,104.18,194.73,15713850.91
0,8,0,192,35.68,0.01,91.63,157.22,14980082.94
0,8,0,208,35.68,0.01,93.26,147.87,15072051.37
0,8,0,224,35.68,0.01,94.33,139.03,15132618.99
0,8,0,240,35.68,0.01,94.93,130.71,15166582.41
0,8,0,256,35.68,0.01,96.23,124.31,15239975.03
0,8,0,288,35.42,0.01,118.66,136.43,16555315.95
0,8,0,298,35.42,0.01,101.8,110.95,15452866.07
0,8,0,298,35.42,0.01,101.8,110.95,15452866.07
0,8,0,298,35.42,0.01,101.8,110.95,15452866.07
0,8,0,298,35.42,0.01,101.8,110.95,15452866.07
0,8,0,298,35.42,0.01,101.8,110.95,15452866.07
0,8,0,298,35.42,0.01,101.8,110.95,15452866.07
0,8,0,298,35.42,0.01,101.8,110.95,15452866.07
0,8,0,298,35.42,0.01,101.8,110.95,15452866.07
0,8,0,298,35.42,0.01,101.8,110.95,15452866.07
0,8,0,298,35.42,0.01,101.8,110.95,15452866.07
0,8,0,298,35.42,0.01,101.8,110.95,15452866.07
0,8,0,298,35.42,0.01,101.8,110.95,15452866.07
0,8,0,298,35.42,0.01,101.8,110.95,15452866.07
0,8,0,298,35.42,0.01,101.8,110.95,15452866.07
0,8,0,298,35.42,0.01,101.8,110.95,15452866.07
0,8,0,298,35.42,0.01,101.8,110.95,15452866.07
0,8,0,298,35.42,0.01,101.8,110.95,15452866.07
0,8,0,298,35.42,0.01,101.8,110.95,15452866.07
0,8,0,298,35.42,0.01,101.8,110.95,15452866.07
0,8,0,298,35.42,0.01,101.8,110.95,15452866.07
0,8,0,298,35.42,0.01,101.8,110.95,15452866.07
0,8,0,298,35.42,0.01,101.8,110.95,15452866.07
0,8,0,298,35.42,0.01,101.8,110.95,15452866.07
0,8,0,298,35.42,0.01,101.8,110.95,15452866.07
0,8,0,298,35.42,0.01,101.8,110.95,15452866.07
0,8,0,298,35.42,0.01,101.8,110.95,15452866.07
0,8,0,298,35.42,0.01,101.8,110.95,15452866.07
0,8,0,298,35.42,0.01,101.8,110.95,15452866.07
0,8,0,298,35.42,0.01,101.8,110.95,15452866.07
0,8,0,298,35.42,0.01,101.8,110.95,15452866.07
0,8,0,298,35.42,0.01,101.8,110.95,15452866.07
0,8,0,298,35.42,0.01,101.8,110.95,15452866.07
0,16,0,8,1296.09,0.13,79.3,1896.09,11533662.59
0,16,0,16,428.81,0.07,67.63,1028.81,10847045.98
0,16,0,24,173.13,0.05,69.31,773.13,11817920.36
0,16,0,32,60.8,0.05,75.04,660.8,13095696.95
0,16,0,40,35.68,0.04,76.44,556.06,13136633.06
0,16,0,48,35.68,0.03,78.91,488.98,13503394.84
0,16,0,56,35.68,0.03,79.33,428.14,13454103.15
0,16,0,64,35.68,0.03,81.94,391.66,13815827.58
0,16,0,72,35.68,0.02,81.3,348.75,13874637.04
0,16,0,80,38.11,0.02,82.5,320.99,13988664.79
0,16,0,88,35.68,0.02,84.34,300.22,14117762.0
0,16,0,96,35.68,0.02,84.22,276.27,14157616.99
0,16,0,104,38.11,0.02,85.69,260.64,14133525.87
0,16,0,112,38.11,0.01,84.75,240.31,14258093.2
0,16,0,128,38.11,0.01,88.15,220.09,14300624.15
0,16,0,144,38.11,0.01,88.15,196.63,14522152.69
0,16,0,160,31.59,0.01,93.01,187.46,15306621.03
0,16,0,176,31.59,0.01,105.62,194.16,15919608.08
0,16,0,192,31.59,0.01,98.87,167.07,15971250.56
0,16,0,208,31.59,0.01,99.78,156.01,16353369.72
0,16,0,224,31.59,0.01,100.47,146.16,16598041.22
0,16,0,240,31.59,0.01,104.27,141.81,16811624.96
0,16,0,256,31.59,0.01,103.97,132.77,17023103.93
0,16,0,288,23.48,0.01,122.24,139.11,18860985.79
0,16,0,297,23.22,0.01,117.91,127.25,18490842.11
0,16,0,320,21.59,0.01,117.88,120.98,19699395.81
0,16,0,340,23.22,0.01,122.16,116.78,19755248.86
0,16,0,340,23.22,0.01,122.16,116.78,19755248.86
0,16,0,340,23.22,0.01,122.16,116.78,19755248.86
0,16,0,340,23.22,0.01,122.16,116.78,19755248.86
0,16,0,340,23.22,0.01,122.16,116.78,19755248.86
0,16,0,340,23.22,0.01,122.16,116.78,19755248.86
0,16,0,340,23.22,0.01,122.16,116.78,19755248.86
0,16,0,340,23.22,0.01,122.16,116.78,19755248.86
0,16,0,340,23.22,0.01,122.16,116.78,19755248.86
0,16,0,340,23.22,0.01,122.16,116.78,19755248.86
0,16,0,340,23.22,0.01,122.16,116.78,19755248.86
0,16,0,340,23.22,0.01,122.16,116.78,19755248.86
0,16,0,340,23.22,0.01,122.16,116.78,19755248.86
0,16,0,340,23.22,0.01,122.16,116.78,19755248.86
0,16,0,340,23.22,0.01,122.16,116.78,19755248.86
0,16,0,340,23.22,0.01,122.16,116.78,19755248.86
0,16,0,340,23.22,0.01,122.16,116.78,19755248.86
0,16,0,340,23.22,0.01,122.16,116.78,19755248.86
0,16,0,340,23.22,0.01,122.16,116.78,19755248.86
0,16,0,340,23.22,0.01,122.16,116.78,19755248.86
0,16,0,340,23.22,0.01,122.16,116.78,19755248.86
0,16,0,340,23.22,0.01,122.16,116.78,19755248.86
0,16,0,340,23.22,0.01,122.16,116.78,19755248.86
0,16,0,340,23.22,0.01,122.16,116.78,19755248.86
0,16,0,340,23.22,0.01,122.16,116.78,19755248.86
0,16,0,340,23.22,0.01,122.16,116.78,19755248.86
0,16,0,340,23.22,0.01,122.16,116.78,19755248.86
0,16,0,340,23.22,0.01,122.16,116.78,19755248.86
0,16,0,340,23.22,0.01,122.16,116.78,19755248.86
0,16,0,340,23.22,0.01,122.16,116.78,19755248.86
0,24,0,8,1050.82,0.12,83.83,1650.82,11530103.68
0,24,0,16,239.54,0.06,62.7,839.54,10101441.09
0,24,0,24,62.77,0.04,65.35,662.77,10496506.64
0,24,0,32,35.68,0.04,70.71,577.14,12146069.72
0,24,0,40,35.68,0.03,75.42,515.08,12442262.22
0,24,0,48,35.68,0.03,74.87,439.57,12680162.93
0,24,0,56,35.68,0.03,75.96,391.06,12884971.06
0,24,0,64,35.68,0.02,78.28,358.82,13083880.29
0,24,0,72,35.68,0.02,78.87,325.81,13262075.0
0,24,0,80,35.68,0.02,80.94,304.32,13425533.71
0,24,0,88,35.68,0.02,82.08,283.13,13561427.15
0,24,0,96,35.68,0.02,82.01,261.35,13654427.45
0,24,0,104,35.68,0.02,84.28,249.56,13805665.26
0,24,0,112,35.68,0.01,84.41,233.42,13884062.19
0,24,0,128,35.68,0.01,84.81,207.12,13904343.63
0,24,0,144,35.68,0.01,87.56,191.49,14206626.76
0,24,0,160,35.68,0.01,89.28,176.76,14296883.86
0,24,0,176,35.68,0.01,90.46,163.6,14465569.99
0,24,0,192,35.68,0.01,91.59,152.46,14577362.12
0,24,0,208,35.68,0.01,93.11,143.57,14687911.85
0,24,0,224,35.68,0.01,95.46,137.08,14845274.51
0,24,0,240,35.68,0.01,97.62,131.18,14992356.11
0,24,0,256,35.42,0.01,97.95,123.67,15043683.8
0,24,0,273,23.22,0.01,102.84,119.07,15713139.34
0,24,0,273,23.22,0.01,102.84,119.07,15713139.34
0,24,0,273,23.22,0.01,102.84,119.07,15713139.34
0,24,0,273,23.22,0.01,102.84,119.07,15713139.34
0,24,0,273,23.22,0.01,102.84,119.07,15713139.34
0,24,0,273,23.22,0.01,102.84,119.07,15713139.34
0,24,0,273,23.22,0.01,102.84,119.07,15713139.34
0,24,0,273,23.22,0.01,102.84,119.07,15713139.34
0,24,0,273,23.22,0.01,102.84,119.07,15713139.34
0,24,0,273,23.22,0.01,102.84,119.07,15713139.34
0,24,0,273,23.22,0.01,102.84,119.07,15713139.34
0,24,0,273,23.22,0.01,102.84,119.07,15713139.34
0,24,0,273,23.22,0.01,102.84,119.07,15713139.34
0,24,0,273,23.22,0.01,102.84,119.07,15713139.34
0,24,0,273,23.22,0.01,102.84,119.07,15713139.34
0,24,0,273,23.22,0.01,102.84,119.07,15713139.34
0,24,0,273,23.22,0.01,102.84,119.07,15713139.34
0,24,0,273,23.22,0.01,102.84,119.07,15713139.34
0,24,0,273,23.22,0.01,102.84,119.07,15713139.34
0,24,0,273,23.22,0.01,102.84,119.07,15713139.34
0,24,0,273,23.22,0.01,102.84,119.07,15713139.34
0,24,0,273,23.22,0.01,102.84,119.07,15713139.34
0,24,0,273,23.22,0.01,102.84,119.07,15713139.34
0,24,0,273,23.22,0.01,102.84,119.07,15713139.34
0,24,0,273,23.22,0.01,102.84,119.07,15713139.34
0,24,0,273,23.22,0.01,102.84,119.07,15713139.34
0,24,0,273,23.22,0.01,102.84,119.07,15713139.34
0,24,0,273,23.22,0.01,102.84,119.07,15713139.34
0,24,0,273,23.22,0.01,102.84,119.07,15713139.34
0,24,0,273,23.22,0.01,102.84,119.07,15713139.34
0,24,0,273,23.22,0.01,102.84,119.07,15713139.34
0,24,0,273,23.22,0.01,102.84,119.07,15713139.34
0,24,0,273,23.22,0.01,102.84,119.07,15713139.34
0,32,0,8,421.04,0.07,60.99,1021.04,9855025.44
0,32,0,16,126.78,0.05,60.79,726.78,9812995.63
0,32,0,24,35.68,0.04,63.78,593.03,10543067.29
0,32,0,32,35.68,0.04,68.0,517.27,11514139.29
0,32,0,40,35.68,0.03,71.1,457.62,11753086.05
0,32,0,48,35.68,0.03,74.04,412.97,12214744.49
0,32,0,56,35.68,0.02,73.51,361.78,12452568.75
0,32,0,64,35.68,0.02,78.33,344.91,12742567.65
0,32,0,72,35.68,0.02,78.94,314.49,12955015.51
0,32,0,80,35.68,0.02,78.55,285.72,12936656.27
0,32,0,88,35.68,0.02,81.89,274.01,13088366.87
0,32,0,96,35.68,0.02,81.05,251.12,13339719.38
0,32,0,104,35.68,0.02,84.56,243.93,13614206.98
0,32,0,112,35.68,0.01,88.52,238.87,13796582.71
0,32,0,128,23.48,0.01,92.47,221.0,15688446.93
0,32,0,144,23.48,0.01,97.31,208.71,15905355.34
0,32,0,160,23.48,0.01,97.18,189.05,16638838.25
0,32,0,176,21.59,0.01,104.36,185.74,18065788.42
0,32,0,192,21.59,0.01,108.92,178.65,18190134.34
0,32,0,208,21.59,0.01,114.25,173.75,18344150.35
0,32,0,224,21.59,0.01,110.32,156.42,18873979.59
0,32,0,240,21.59,0.01,118.92,157.9,21149697.67
0,32,0,256,21.33,0.01,122.17,152.53,21351641.79
0,32,0,288,23.22,0.01,130.26,145.28,21496000.85
0,32,0,304,23.22,0.01,135.59,143.56,21531013.55
0,32,0,320,23.22,0.01,139.4,140.49,21614063.79
0,32,0,352,23.22,0.01,136.66,125.62,23278456.42
0,32,0,384,23.22,0.01,141.64,119.67,23365963.19
0,32,0,400,23.1,0.01,144.14,117.06,23499023.69
0,32,0,418,23.1,0.01,151.07,115.93,23317558.29
0,32,0,418,23.1,0.01,151.07,115.93,23317558.29
0,32,0,418,23.1,0.01,151.07,115.93,23317558.29
0,32,0,418,23.1,0.01,151.07,115.93,23317558.29
0,32,0,418,23.1,0.01,151.07,115.93,23317558.29
0,32,0,418,23.1,0.01,151.07,115.93,23317558.29
0,32,0,418,23.1,0.01,151.07,115.93,23317558.29
0,32,0,418,23.1,0.01,151.07,115.93,23317558.29
0,32,0,418,23.1,0.01,151.07,115.93,23317558.29
0,32,0,418,23.1,0.01,151.07,115.93,23317558.29
0,32,0,418,23.1,0.01,151.07,115.93,23317558.29
0,32,0,418,23.1,0.01,151.07,115.93,23317558.29
0,32,0,418,23.1,0.01,151.07,115.93,23317558.29
0,32,0,418,23.1,0.01,151.07,115.93,23317558.29
0,32,0,418,23.1,0.01,151.07,115.93,23317558.29
0,32,0,418,23.1,0.01,151.07,115.93,23317558.29
0,32,0,418,23.1,0.01,151.07,115.93,23317558.29
0,32,0,418,23.1,0.01,151.07,115.93,23317558.29
0,32,0,418,23.1,0.01,151.07,115.93,23317558.29
0,32,0,418,23.1,0.01,151.07,115.93,23317558.29
0,32,0,418,23.1,0.01,151.07,115.93,23317558.29
0,32,0,418,23.1,0.01,151.07,115.93,23317558.29
0,32,0,418,23.1,0.01,151.07,115.93,23317558.29
0,32,0,418,23.1,0.01,151.07,115.93,23317558.29
0,32,0,418,23.1,0.01,151.07,115.93,23317558.29
0,32,0,418,23.1,0.01,151.07,115.93,23317558.29
0,32,0,418,23.1,0.01,151.07,115.93,23317558.29
0,40,0,8,232.01,0.06,57.15,832.01,9620737.14
0,40,0,16,45.65,0.04,57.44,620.28,9740491.71
0,40,0,24,35.21,0.04,62.71,538.27,10689141.66
0,40,0,32,35.21,0.03,64.99,462.85,10910941.14
0,40,0,40,35.21,0.03,69.07,420.28,12029743.83
0,40,0,48,35.21,0.02,69.63,369.91,12048607.23
0,40,0,56,35.21,0.02,73.67,347.23,12302486.28
0,40,0,64,35.21,0.02,75.25,318.75,12591595.82
0,40,0,72,35.21,0.02,75.8,291.54,12776492.51
0,40,0,80,35.21,0.02,78.66,277.09,12920091.23
0,40,0,88,35.21,0.02,78.4,254.71,13188393.62
0,40,0,96,35.21,0.02,82.03,247.29,13468700.44
0,40,0,104,35.21,0.02,85.98,241.78,13650796.79
0,40,0,112,28.69,0.01,83.9,221.07,14182117.97
0,40,0,128,28.69,0.01,90.05,210.72,14542711.9
0,40,0,144,28.69,0.01,90.8,191.08,15234323.06
0,40,0,160,23.01,0.01,96.52,184.55,16179823.64
0,40,0,176,23.01,0.01,101.14,177.19,16483955.57
0,40,0,192,23.01,0.01,106.65,172.4,16627341.47
0,40,0,208,23.01,0.01,103.1,154.7,17481910.91
0,40,0,224,23.01,0.01,111.86,156.61,19295078.31
0,40,0,240,23.01,0.01,114.58,150.34,19375920.85
0,40,0,256,22.75,0.01,118.95,146.87,19459131.31
0,40,0,284,22.75,0.01,128.65,142.06,19728494.78
0,40,0,284,22.75,0.01,128.65,142.06,19728494.78
0,40,0,320,22.75,0.01,130.51,130.35,22014932.37
0,40,0,352,22.75,0.01,131.76,120.12,21926451.8
0,40,0,370,22.75,0.01,136.86,117.11,22028458.03
0,40,0,370,22.75,0.01,136.86,117.11,22028458.03
0,40,0,370,22.75,0.01,136.86,117.11,22028458.03
0,40,0,370,22.75,0.01,136.86,117.11,22028458.03
0,40,0,370,22.75,0.01,136.86,117.11,22028458.03
0,40,0,370,22.75,0.01,136.86,117.11,22028458.03
0,40,0,370,22.75,0.01,136.86,117.11,22028458.03
0,40,0,370,22.75,0.01,136.86,117.11,22028458.03
0,40,0,370,22.75,0.01,136.86,117.11,22028458.03
0,40,0,370,22.75,0.01,136.86,117.11,22028458.03
0,40,0,370,22.75,0.01,136.86,117.11,22028458.03
0,40,0,370,22.75,0.01,136.86,117.11,22028458.03
0,40,0,370,22.75,0.01,136.86,117.11,22028458.03
0,40,0,370,22.75,0.01,136.86,117.11,22028458.03
0,40,0,370,22.75,0.01,136.86,117.11,22028458.03
0,40,0,370,22.75,0.01,136.86,117.11,22028458.03
0,40,0,370,22.75,0.01,136.86,117.11,22028458.03
0,40,0,370,22.75,0.01,136.86,117.11,22028458.03
0,40,0,370,22.75,0.01,136.86,117.11,22028458.03
0,40,0,370,22.75,0.01,136.86,117.11,22028458.03
0,40,0,370,22.75,0.01,136.86,117.11,22028458.03
0,40,0,370,22.75,0.01,136.86,117.11,22028458.03
0,40,0,370,22.75,0.01,136.86,117.11,22028458.03
0,40,0,370,22.75,0.01,136.86,117.11,22028458.03
0,40,0,370,22.75,0.01,136.86,117.11,22028458.03
0,40,0,370,22.75,0.01,136.86,117.11,22028458.03
0,40,0,370,22.75,0.01,136.86,117.11,22028458.03
0,40,0,370,22.75,0.01,136.86,117.11,22028458.03
0,40,0,370,22.75,0.01,136.86,117.11,22028458.03
0,48,0,8,138.88,0.05,57.37,738.88,9728413.72
0,48,0,16,43.73,0.04,59.5,585.86,9970064.69
0,48,0,24,33.29,0.03,64.26,512.17,11385438.51
0,48,0,32,33.29,0.03,67.45,451.55,11919321.97
0,48,0,40,33.29,0.03,71.02,409.85,12126202.9
0,48,0,48,33.29,0.02,70.57,357.85,12364967.25
0,48,0,56,33.29,0.02,75.27,340.41,12655773.02
0,48,0,64,33.29,0.02,76.0,310.18,12874462.44
0,48,0,72,33.29,0.02,75.66,281.32,12852472.78
0,48,0,80,33.29,0.02,79.0,269.77,13006778.08
0,48,0,88,33.29,0.02,78.19,246.85,13258416.48
0,48,0,96,33.29,0.02,85.76,251.76,13753943.43
0,48,0,104,33.29,0.01,85.43,234.33,13704153.24
0,48,0,112,26.77,0.01,82.97,213.57,14208180.84
0,48,0,128,21.09,0.01,92.08,211.03,15702206.33
0,48,0,144,21.09,0.01,97.69,201.79,15966792.21
0,48,0,160,19.2,0.01,99.74,187.49,17925022.81
0,48,0,176,19.2,0.01,102.68,177.1,17879054.75
0,48,0,192,19.2,0.01,108.13,172.29,18016162.69
0,48,0,208,19.2,0.01,113.08,167.43,18178197.32
0,48,0,224,19.2,0.01,114.32,158.07,20964079.8
0,48,0,240,21.09,0.01,116.57,151.18,21064793.85
0,48,0,256,20.83,0.01,120.1,146.66,21180114.09
0,48,0,288,20.83,0.01,127.61,139.54,21324939.3
0,48,0,304,20.83,0.01,131.4,136.54,21379257.1
0,48,0,318,20.83,0.01,136.7,135.32,21329780.46
0,48,0,352,18.94,0.01,132.86,120.15,23594166.94
0,48,0,384,20.83,0.01,136.81,113.87,23146975.63
0,48,0,400,20.71,0.01,139.51,111.67,23222633.03
0,48,0,417,20.71,0.01,145.94,110.48,23124220.39
0,48,0,417,20.71,0.01,145.94,110.48,23124220.39
0,48,0,417,20.71,0.01,145.94,110.48,23124220.39
0,48,0,417,20.71,0.01,145.94,110.48,23124220.39
0,48,0,417,20.71,0.01,145.94,110.48,23124220.39
0,48,0,417,20.71,0.01,145.94,110.48,23124220.39
0,48,0,417,20.71,0.01,145.94,110.48,23124220.39
0,48,0,417,20.71,0.01,145.94,110.48,23124220.39
0,48,0,417,20.71,0.01,145.94,110.48,23124220.39
0,48,0,417,20.71,0.01,145.94,110.48,23124220.39
0,48,0,417,20.71,0.01,145.94,110.48,23124220.39
0,48,0,417,20.71,0.01,145.94,110.48,23124220.39
0,48,0,417,20.71,0.01,145.94,110.48,23124220.39
0,48,0,417,20.71,0.01,145.94,110.48,23124220.39
0,48,0,417,20.71,0.01,145.94,110.48,23124220.39
0,48,0,417,20.71,0.01,145.94,110.48,23124220.39
0,48,0,417,20.71,0.01,145.94,110.48,23124220.39
0,48,0,417,20.71,0.01,145.94,110.48,23124220.39
0,48,0,417,20.71,0.01,145.94,110.48,23124220.39
0,48,0,417,20.71,0.01,145.94,110.48,23124220.39
0,48,0,417,20.71,0.01,145.94,110.48,23124220.39
0,48,0,417,20.71,0.01,145.94,110.48,23124220.39
0,48,0,417,20.71,0.01,145.94,110.48,23124220.39
0,48,0,417,20.71,0.01,145.94,110.48,23124220.39
0,48,0,417,20.71,0.01,145.94,110.48,23124220.39
0,48,0,417,20.71,0.01,145.94,110.48,23124220.39
0,48,0,417,20.71,0.01,145.94,110.48,23124220.39
0,56,0,8,51.54,0.04,56.42,651.54,9700220.24
0,56,0,16,33.29,0.04,59.92,542.22,10680916.47
0,56,0,24,33.29,0.03,63.74,474.2,11470701.71
0,56,0,32,33.29,0.03,67.37,425.48,11977376.4
0,56,0,40,33.29,0.03,69.53,381.52,12186090.47
0,56,0,48,33.29,0.02,77.26,374.75,12847356.3
0,56,0,56,33.29,0.02,72.98,317.22,12740562.51
0,56,0,64,33.29,0.02,73.15,288.03,12745920.76
0,56,0,72,33.29,0.02,76.08,273.78,12893335.81
0,56,0,80,33.29,0.02,75.66,250.69,13143337.44
0,56,0,88,33.29,0.02,79.51,244.12,13439537.64
0,56,0,96,33.29,0.01,82.78,236.77,13597300.49
0,56,0,104,26.77,0.01,81.06,217.0,14125832.74
0,56,0,112,26.77,0.01,83.9,211.1,14388337.6
0,56,0,128,26.77,0.01,89.8,201.68,14651141.87
0,56,0,144,19.2,0.01,92.85,188.3,16640845.18
0,56,0,160,19.2,0.01,96.4,178.22,16762538.37
0,56,0,176,19.2,0.01,100.73,171.1,16914459.91
0,56,0,192,19.2,0.01,106.05,166.6,17111852.28
0,56,0,208,19.2,0.01,101.4,148.17,17709799.92
0,56,0,224,19.2,0.01,110.29,150.63,19665517.08
0,56,0,240,18.19,0.01,113.41,145.39,19824847.26
0,56,0,256,18.19,0.01,117.3,141.69,19975248.7
0,56,0,288,18.19,0.01,126.34,136.81,20215963.37
0,56,0,288,18.19,0.01,126.34,136.81,20215963.37
0,56,0,320,18.19,0.01,120.34,118.08,20521627.23
0,56,0,352,16.82,0.01,135.91,121.92,24572012.55
0,56,0,384,16.82,0.01,138.89,114.75,24678387.85
0,56,0,400,16.7,0.01,141.58,112.52,24645212.75
0,56,0,416,16.7,0.01,145.11,111.11,24567605.53
0,56,0,416,16.7,0.01,145.11,111.11,24567605.53
0,56,0,416,16.7,0.01,145.11,111.11,24567605.53
0,56,0,416,16.7,0.01,145.11,111.11,24567605.53
0,56,0,416,16.7,0.01,145.11,111.11,24567605.53
0,56,0,416,16.7,0.01,145.11,111.11,24567605.53
0,56,0,416,16.7,0.01,145.11,111.11,24567605.53
0,56,0,416,16.7,0.01,145.11,111.11,24567605.53
0,56,0,416,16.7,0.01,145.11,111.11,24567605.53
0,56,0,416,16.7,0.01,145.11,111.11,24567605.53
0,56,0,416,16.7,0.01,145.11,111.11,24567605.53
0,56,0,416,16.7,0.01,145.11,111.11,24567605.53
0,56,0,416,16.7,0.01,145.11,111.11,24567605.53
0,56,0,416,16.7,0.01,145.11,111.11,24567605.53
0,56,0,416,16.7,0.01,145.11,111.11,24567605.53
0,56,0,416,16.7,0.01,145.11,111.11,24567605.53
0,56,0,416,16.7,0.01,145.11,111.11,24567605.53
0,56,0,416,16.7,0.01,145.11,111.11,24567605.53
0,56,0,416,16.7,0.01,145.11,111.11,24567605.53
0,56,0,416,16.7,0.01,145.11,111.11,24567605.53
0,56,0,416,16.7,0.01,145.11,111.11,24567605.53
0,56,0,416,16.7,0.01,145.11,111.11,24567605.53
0,56,0,416,16.7,0.01,145.11,111.11,24567605.53
0,56,0,416,16.7,0.01,145.11,111.11,24567605.53
0,56,0,416,16.7,0.01,145.11,111.11,24567605.53
0,56,0,416,16.7,0.01,145.11,111.11,24567605.53
0,56,0,416,16.7,0.01,145.11,111.11,24567605.53
0,64,0,8,43.73,0.04,53.79,562.87,9436478.02
0,64,0,16,43.73,0.03,56.99,477.05,9798510.09
0,64,0,24,33.29,0.03,62.02,432.59,11104881.5
0,64,0,32,33.29,0.03,65.06,388.88,11295034.18
0,64,0,40,33.29,0.02,66.29,346.69,11686198.12
0,64,0,48,33.29,0.02,68.15,316.79,11803669.44
0,64,0,56,33.29,0.02,70.7,295.8,12171112.42
0,64,0,64,33.29,0.02,71.49,271.91,12400446.84
0,64,0,72,33.29,0.02,73.47,256.13,12558549.14
0,64,0,80,33.29,0.02,74.78,240.65,12753449.33
0,64,0,88,33.29,0.01,75.03,224.19,12881608.49
0,64,0,96,33.29,0.01,76.74,214.01,13025493.58
0,64,0,104,33.29,0.01,78.08,204.15,13148495.13
0,64,0,112,33.29,0.01,78.26,192.57,13251906.4
0,64,0,128,33.29,0.01,80.97,178.27,13478054.16
0,64,0,144,33.29,0.01,81.94,163.22,13572512.4
0,64,0,160,33.29,0.01,83.36,151.59,13799788.74
0,64,0,176,33.29,0.01,85.32,142.75,13935201.25
0,64,0,192,33.29,0.01,86.29,133.68,14083603.2
0,64,0,208,33.29,0.01,86.99,125.47,14168398.05
0,64,0,224,33.29,0.01,89.55,120.82,14338531.42
0,64,0,240,33.29,0.01,90.79,115.07,14455644.09
0,64,0,249,33.03,0.01,93.0,111.14,14480309.52
0,64,0,249,33.03,0.01,93.0,111.14,14480309.52
0,64,0,249,33.03,0.01,93.0,111.14,14480309.52
0,64,0,249,33.03,0.01,93.0,111.14,14480309.52
0,64,0,249,33.03,0.01,93.0,111.14,14480309.52
0,64,0,249,33.03,0.01,93.0,111.14,14480309.52
0,64,0,249,33.03,0.01,93.0,111.14,14480309.52
0,64,0,249,33.03,0.01,93.0,111.14,14480309.52
0,64,0,249,33.03,0.01,93.0,111.14,14480309.52
0,64,0,249,33.03,0.01,93.0,111.14,14480309.52
0,64,0,249,33.03,0.01,93.0,111.14,14480309.52
0,64,0,249,33.03,0.01,93.0,111.14,14480309.52
0,64,0,249,33.03,0.01,93.0,111.14,14480309.52
0,64,0,249,33.03,0.01,93.0,111.14,14480309.52
0,64,0,249,33.03,0.01,93.0,111.14,14480309.52
0,64,0,249,33.03,0.01,93.0,111.14,14480309.52
0,64,0,249,33.03,0.01,93.0,111.14,14480309.52
0,64,0,249,33.03,0.01,93.0,111.14,14480309.52
0,64,0,249,33.03,0.01,93.0,111.14,14480309.52
0,64,0,249,33.03,0.01,93.0,111.14,14480309.52
0,64,0,249,33.03,0.01,93.0,111.14,14480309.52
0,64,0,249,33.03,0.01,93.0,111.14,14480309.52
0,64,0,249,33.03,0.01,93.0,111.14,14480309.52
0,64,0,249,33.03,0.01,93.0,111.14,14480309.52
0,64,0,249,33.03,0.01,93.0,111.14,14480309.52
0,64,0,249,33.03,0.01,93.0,111.14,14480309.52
0,64,0,249,33.03,0.01,93.0,111.14,14480309.52
0,64,0,249,33.03,0.01,93.0,111.14,14480309.52
0,64,0,249,33.03,0.01,93.0,111.14,14480309.52
0,64,0,249,33.03,0.01,93.0,111.14,14480309.52
0,64,0,249,33.03,0.01,93.0,111.14,14480309.52
0,64,0,249,33.03,0.01,93.0,111.14,14480309.52
0,64,0,249,33.03,0.01,93.0,111.14,14480309.52
0,64,0,249,33.03,0.01,93.0,111.14,14480309.52
0,72,0,8,43.73,0.03,54.69,523.27,9507234.72
0,72,0,16,43.73,0.03,57.33,446.4,9834960.91
0,72,0,24,33.29,0.03,61.23,401.94,11071198.43
0,72,0,32,33.29,0.02,63.28,359.05,11271400.31
0,72,0,40,33.29,0.02,66.66,333.03,11695900.8
0,72,0,48,33.29,0.02,67.6,301.69,11994709.44
0,72,0,56,33.29,0.02,69.29,279.42,12222756.47
0,72,0,64,33.29,0.02,71.34,262.38,12387658.63
0,72,0,72,33.29,0.02,71.89,243.05,12585714.22
0,72,0,80,33.29,0.01,73.21,228.98,12622042.99
0,72,0,88,33.29,0.01,75.15,218.71,12887533.17
0,72,0,96,33.29,0.01,76.03,206.88,13031247.93
0,72,0,104,33.29,0.01,77.07,196.87,13136993.92
0,72,0,112,33.29,0.01,78.39,188.74,13259928.03
0,72,0,128,33.29,0.01,80.18,173.12,13425523.38
0,72,0,144,33.29,0.01,80.87,158.25,13610310.26
0,72,0,160,33.29,0.01,103.22,184.71,14985695.98
0,72,0,176,33.29,0.01,83.68,137.94,13910097.07
0,72,0,192,33.29,0.01,85.91,131.27,14060093.99
0,72,0,208,33.29,0.01,87.54,124.65,14200234.35
0,72,0,224,33.29,0.01,89.05,118.72,14333037.99
0,72,0,240,33.03,0.01,90.57,113.51,14418837.51
0,72,0,242,33.03,0.01,91.6,111.46,14418788.38
0,72,0,242,33.03,0.01,91.6,111.46,14418788.38
0,72,0,242,33.03,0.01,91.6,111.46,14418788.38
0,72,0,242,33.03,0.01,91.6,111.46,14418788.38
0,72,0,242,33.03,0.01,91.6,111.46,14418788.38
0,72,0,242,33.03,0.01,91.6,111.46,14418788.38
0,72,0,242,33.03,0.01,91.6,111.46,14418788.38
0,72,0,242,33.03,0.01,91.6,111.46,14418788.38
0,72,0,242,33.03,0.01,91.6,111.46,14418788.38
0,72,0,242,33.03,0.01,91.6,111.46,14418788.38
0,72,0,242,33.03,0.01,91.6,111.46,14418788.38
0,72,0,242,33.03,0.01,91.6,111.46,14418788.38
0,72,0,242,33.03,0.01,91.6,111.46,14418788.38
0,72,0,242,33.03,0.01,91.6,111.46,14418788.38
0,72,0,242,33.03,0.01,91.6,111.46,14418788.38
0,72,0,242,33.03,0.01,91.6,111.46,14418788.38
0,72,0,242,33.03,0.01,91.6,111.46,14418788.38
0,72,0,242,33.03,0.01,91.6,111.46,14418788.38
0,72,0,242,33.03,0.01,91.6,111.46,14418788.38
0,72,0,242,33.03,0.01,91.6,111.46,14418788.38
0,72,0,242,33.03,0.01,91.6,111.46,14418788.38
0,72,0,242,33.03,0.01,91.6,111.46,14418788.38
0,72,0,242,33.03,0.01,91.6,111.46,14418788.38
0,72,0,242,33.03,0.01,91.6,111.46,14418788.38
0,72,0,242,33.03,0.01,91.6,111.46,14418788.38
0,72,0,242,33.03,0.01,91.6,111.46,14418788.38
0,72,0,242,33.03,0.01,91.6,111.46,14418788.38
0,72,0,242,33.03,0.01,91.6,111.46,14418788.38
0,72,0,242,33.03,0.01,91.6,111.46,14418788.38
0,72,0,242,33.03,0.01,91.6,111.46,14418788.38
0,72,0,242,33.03,0.01,91.6,111.46,14418788.38
0,72,0,242,33.03,0.01,91.6,111.46,14418788.38
0,72,0,242,33.03,0.01,91.6,111.46,14418788.38
0,72,0,242,33.03,0.01,91.6,111.46,14418788.38
0,80,0,8,42.79,0.03,59.2,521.74,10052264.26
0,80,0,16,42.79,0.03,61.12,444.87,10328719.13
0,80,0,24,32.35,0.03,64.91,402.47,11564335.39
0,80,0,32,32.35,0.02,66.21,357.52,11705095.48
0,80,0,40,32.35,0.02,69.01,330.03,12100841.32
0,80,0,48,32.35,0.02,69.95,300.17,12387541.73
0,80,0,56,32.35,0.02,72.12,280.68,12572168.34
0,80,0,64,32.35,0.02,73.4,261.34,12763834.67
0,80,0,72,32.35,0.02,73.6,241.52,12931478.91
0,80,0,80,32.35,0.01,75.6,230.01,13093776.29
0,80,0,88,32.35,0.01,76.94,218.23,13241943.36
0,80,0,96,32.35,0.01,77.31,205.35,13350930.26
0,80,0,104,32.35,0.01,78.22,195.35,13448195.63
0,80,0,112,32.35,0.01,79.44,187.21,13563845.79
0,80,0,128,32.35,0.01,81.01,171.59,13715286.17
0,80,0,144,32.35,0.01,81.49,156.73,13886404.68
0,80,0,160,32.35,0.01,104.01,183.18,15274565.82
0,80,0,176,32.35,0.01,83.98,136.41,14164879.66
0,80,0,192,32.35,0.01,86.07,129.74,14306447.38
0,80,0,208,32.35,0.01,95.77,134.66,14898055.13
0,80,0,224,32.35,0.01,88.63,116.76,14544477.93
0,80,0,238,32.09,0.01,90.37,112.0,14636517.1
0,80,0,238,32.09,0.01,90.37,112.0,14636517.1
0,80,0,238,32.09,0.01,90.37,112.0,14636517.1
0,80,0,238,32.09,0.01,90.37,112.0,14636517.1
0,80,0,238,32.09,0.01,90.37,112.0,14636517.1
0,80,0,238,32.09,0.01,90.37,112.0,14636517.1
0,80,0,238,32.09,0.01,90.37,112.0,14636517.1
0,80,0,238,32.09,0.01,90.37,112.0,14636517.1
0,80,0,238,32.09,0.01,90.37,112.0,14636517.1
0,80,0,238,32.09,0.01,90.37,112.0,14636517.1
0,80,0,238,32.09,0.01,90.37,112.0,14636517.1
0,80,0,238,32.09,0.01,90.37,112.0,14636517.1
0,80,0,238,32.09,0.01,90.37,112.0,14636517.1
0,80,0,238,32.09,0.01,90.37,112.0,14636517.1
0,80,0,238,32.09,0.01,90.37,112.0,14636517.1
0,80,0,238,32.09,0.01,90.37,112.0,14636517.1
0,80,0,238,32.09,0.01,90.37,112.0,14636517.1
0,80,0,238,32.09,0.01,90.37,112.0,14636517.1
0,80,0,238,32.09,0.01,90.37,112.0,14636517.1
0,80,0,238,32.09,0.01,90.37,112.0,14636517.1
0,80,0,238,32.09,0.01,90.37,112.0,14636517.1
0,80,0,238,32.09,0.01,90.37,112.0,14636517.1
0,80,0,238,32.09,0.01,90.37,112.0,14636517.1
0,80,0,238,32.09,0.01,90.37,112.0,14636517.1
0,80,0,238,32.09,0.01,90.37,112.0,14636517.1
0,80,0,238,32.09,0.01,90.37,112.0,14636517.1
0,80,0,238,32.09,0.01,90.37,112.0,14636517.1
0,80,0,238,32.09,0.01,90.37,112.0,14636517.1
0,80,0,238,32.09,0.01,90.37,112.0,14636517.1
0,80,0,238,32.09,0.01,90.37,112.0,14636517.1
0,80,0,238,32.09,0.01,90.37,112.0,14636517.1
0,80,0,238,32.09,0.01,90.37,112.0,14636517.1
0,80,0,238,32.09,0.01,90.37,112.0,14636517.1
0,80,0,238,32.09,0.01,90.37,112.0,14636517.1
0,80,0,238,32.09,0.01,90.37,112.0,14636517.1
0,88,0,8,42.79,0.03,59.85,488.9,10120796.97
0,88,0,16,42.79,0.03,61.52,420.41,10450946.84
0,88,0,24,32.35,0.03,64.76,380.4,11579561.39
0,88,0,32,32.35,0.02,66.09,340.4,11971698.99
0,88,0,40,32.35,0.02,67.93,311.51,12082722.25
0,88,0,48,32.35,0.02,70.36,290.76,12441645.08
0,88,0,56,32.35,0.02,71.12,267.47,12660822.12
0,88,0,64,32.35,0.02,73.11,252.28,12819480.67
0,88,0,72,32.35,0.01,74.34,236.97,13007406.58
0,88,0,80,32.35,0.01,74.53,220.76,13126608.09
0,88,0,88,32.35,0.01,76.25,210.91,13270382.65
0,88,0,96,32.35,0.01,77.52,201.13,13387089.55
0,88,0,104,32.35,0.01,77.67,189.75,13485561.72
0,88,0,112,32.35,0.01,78.54,181.28,13492773.9
0,88,0,128,32.35,0.01,80.48,167.29,13782779.02
0,88,0,144,32.35,0.01,98.57,186.36,14937455.25
0,88,0,160,32.35,0.01,83.32,144.47,14076517.32
0,88,0,176,32.35,0.01,84.44,135.2,14209298.54
0,88,0,192,32.35,0.01,85.11,126.58,14289847.43
0,88,0,208,32.35,0.01,88.02,122.22,14479855.8
0,88,0,224,32.35,0.01,89.2,116.15,14592954.0
0,88,0,234,32.09,0.01,91.28,111.88,14625726.36
0,88,0,234,32.09,0.01,91.28,111.88,14625726.36
0,88,0,234,32.09,0.01,91.28,111.88,14625726.36
0,88,0,234,32.09,0.01,91.28,111.88,14625726.36
0,88,0,234,32.09,0.01,91.28,111.88,14625726.36
0,88,0,234,32.09,0.01,91.28,111.88,14625726.36
0,88,0,234,32.09,0.01,91.28,111.88,14625726.36
0,88,0,234,32.09,0.01,91.28,111.88,14625726.36
0,88,0,234,32.09,0.01,91.28,111.88,14625726.36
0,88,0,234,32.09,0.01,91.28,111.88,14625726.36
0,88,0,234,32.09,0.01,91.28,111.88,14625726.36
0,88,0,234,32.09,0.01,91.28,111.88,14625726.36
0,88,0,234,32.09,0.01,91.28,111.88,14625726.36
0,88,0,234,32.09,0.01,91.28,111.88,14625726.36
0,88,0,234,32.09,0.01,91.28,111.88,14625726.36
0,88,0,234,32.09,0.01,91.28,111.88,14625726.36
0,88,0,234,32.09,0.01,91.28,111.88,14625726.36
0,88,0,234,32.09,0.01,91.28,111.88,14625726.36
0,88,0,234,32.09,0.01,91.28,111.88,14625726.36
0,88,0,234,32.09,0.01,91.28,111.88,14625726.36
0,88,0,234,32.09,0.01,91.28,111.88,14625726.36
0,88,0,234,32.09,0.01,91.28,111.88,14625726.36
0,88,0,234,32.09,0.01,91.28,111.88,14625726.36
0,88,0,234,32.09,0.01,91.28,111.88,14625726.36
0,88,0,234,32.09,0.01,91.28,111.88,14625726.36
0,88,0,234,32.09,0.01,91.28,111.88,14625726.36
0,88,0,234,32.09,0.01,91.28,111.88,14625726.36
0,88,0,234,32.09,0.01,91.28,111.88,14625726.36
0,88,0,234,32.09,0.01,91.28,111.88,14625726.36
0,88,0,234,32.09,0.01,91.28,111.88,14625726.36
0,88,0,234,32.09,0.01,91.28,111.88,14625726.36
0,88,0,234,32.09,0.01,91.28,111.88,14625726.36
0,88,0,234,32.09,0.01,91.28,111.88,14625726.36
0,88,0,234,32.09,0.01,91.28,111.88,14625726.36
0,88,0,234,32.09,0.01,91.28,111.88,14625726.36
0,96,0,8,42.79,0.03,57.77,439.73,9917413.01
0,96,0,16,42.79,0.03,60.41,389.02,10231018.17
0,96,0,24,32.35,0.03,67.27,375.39,11777088.95
0,96,0,32,32.35,0.02,66.32,326.5,11983655.29
0,96,0,40,32.35,0.02,67.45,297.09,12271619.29
0,96,0,48,32.35,0.02,69.84,278.31,12473787.04
0,96,0,56,32.35,0.02,71.11,258.73,12658270.42
0,96,0,64,32.35,0.02,71.6,239.66,12843305.27
0,96,0,72,32.35,0.01,72.88,225.86,12875309.61
0,96,0,80,32.35,0.01,74.79,215.81,13141036.87
0,96,0,88,32.35,0.01,75.62,204.11,13278194.78
0,96,0,96,32.35,0.01,76.18,193.16,13374463.79
0,96,0,104,32.35,0.01,77.73,185.81,13486459.71
0,96,0,112,32.35,0.01,78.31,177.07,13588939.37
0,96,0,128,32.35,0.01,92.38,188.52,14484470.08
0,96,0,144,32.35,0.01,81.04,150.67,13923810.58
0,96,0,160,32.35,0.01,82.76,141.31,14067504.99
0,96,0,176,32.35,0.01,83.78,132.25,14193798.36
0,96,0,192,32.35,0.01,85.84,125.99,14332677.46
0,96,0,208,32.35,0.01,97.69,133.97,15102369.26
0,96,0,224,32.35,0.01,88.38,113.74,14568104.28
0,96,0,229,32.09,0.01,89.63,111.92,14589695.74
0,96,0,229,32.09,0.01,89.63,111.92,14589695.74
0,96,0,229,32.09,0.01,89.63,111.92,14589695.74
0,96,0,229,32.09,0.01,89.63,111.92,14589695.74
0,96,0,229,32.09,0.01,89.63,111.92,14589695.74
0,96,0,229,32.09,0.01,89.63,111.92,14589695.74
0,96,0,229,32.09,0.01,89.63,111.92,14589695.74
0,96,0,229,32.09,0.01,89.63,111.92,14589695.74
0,96,0,229,32.09,0.01,89.63,111.92,14589695.74
0,96,0,229,32.09,0.01,89.63,111.92,14589695.74
0,96,0,229,32.09,0.01,89.63,111.92,14589695.74
0,96,0,229,32.09,0.01,89.63,111.92,14589695.74
0,96,0,229,32.09,0.01,89.63,111.92,14589695.74
0,96,0,229,32.09,0.01,89.63,111.92,14589695.74
0,96,0,229,32.09,0.01,89.63,111.92,14589695.74
0,96,0,229,32.09,0.01,89.63,111.92,14589695.74
0,96,0,229,32.09,0.01,89.63,111.92,14589695.74
0,96,0,229,32.09,0.01,89.63,111.92,14589695.74
0,96,0,229,32.09,0.01,89.63,111.92,14589695.74
0,96,0,229,32.09,0.01,89.63,111.92,14589695.74
0,96,0,229,32.09,0.01,89.63,111.92,14589695.74
0,96,0,229,32.09,0.01,89.63,111.92,14589695.74
0,96,0,229,32.09,0.01,89.63,111.92,14589695.74
0,96,0,229,32.09,0.01,89.63,111.92,14589695.74
0,96,0,229,32.09,0.01,89.63,111.92,14589695.74
0,96,0,229,32.09,0.01,89.63,111.92,14589695.74
0,96,0,229,32.09,0.01,89.63,111.92,14589695.74
0,96,0,229,32.09,0.01,89.63,111.92,14589695.74
0,96,0,229,32.09,0.01,89.63,111.92,14589695.74
0,96,0,229,32.09,0.01,89.63,111.92,14589695.74
0,96,0,229,32.09,0.01,89.63,111.92,14589695.74
0,96,0,229,32.09,0.01,89.63,111.92,14589695.74
0,96,0,229,32.09,0.01,89.63,111.92,14589695.74
0,96,0,229,32.09,0.01,89.63,111.92,14589695.74
0,96,0,229,32.09,0.01,89.63,111.92,14589695.74
0,104,0,8,42.79,0.03,58.66,417.97,9978779.37
0,104,0,16,32.35,0.02,60.44,367.97,10632428.6
0,104,0,24,32.35,0.02,64.05,340.4,11652352.1
0,104,0,32,32.35,0.02,65.96,311.06,12073721.99
0,104,0,40,32.35,0.02,67.5,286.04,12285811.71
0,104,0,48,32.35,0.02,68.37,263.06,12511924.15
0,104,0,56,32.35,0.02,69.1,243.48,12703480.86
0,104,0,64,32.35,0.02,77.59,252.17,13203472.31
0,104,0,72,32.35,0.01,72.25,217.87,13003964.25
0,104,0,80,32.35,0.01,73.29,206.15,13148740.99
0,104,0,88,32.35,0.01,74.14,195.4,13265661.48
0,104,0,96,32.35,0.01,75.89,188.16,13390548.89
0,104,0,104,32.35,0.01,76.64,179.38,13499839.96
0,104,0,112,32.35,0.01,77.24,171.19,13523066.86
0,104,0,128,32.35,0.01,78.45,157.21,13732750.52
0,104,0,144,32.35,0.01,80.99,148.11,13927313.99
0,104,0,160,32.35,0.01,82.92,139.44,14060837.47
0,104,0,176,32.35,0.01,83.44,129.88,14178337.8
0,104,0,192,32.35,0.01,84.81,122.86,14299716.24
0,104,0,208,32.35,0.01,87.17,118.1,14457028.25
0,104,0,224,32.35,0.01,87.56,111.41,14523625.88
0,104,0,226,32.35,0.01,90.05,111.19,14553025.16
0,104,0,226,32.35,0.01,90.05,111.19,14553025.16
0,104,0,226,32.35,0.01,90.05,111.19,14553025.16
0,104,0,226,32.35,0.01,90.05,111.19,14553025.16
0,104,0,226,32.35,0.01,90.05,111.19,14553025.16
0,104,0,226,32.35,0.01,90.05,111.19,14553025.16
0,104,0,226,32.35,0.01,90.05,111.19,14553025.16
0,104,0,226,32.35,0.01,90.05,111.19,14553025.16
0,104,0,226,32.35,0.01,90.05,111.19,14553025.16
0,104,0,226,32.35,0.01,90.05,111.19,14553025.16
0,104,0,226,32.35,0.01,90.05,111.19,14553025.16
0,104,0,226,32.35,0.01,90.05,111.19,14553025.16
0,104,0,226,32.35,0.01,90.05,111.19,14553025.16
0,104,0,226,32.35,0.01,90.05,111.19,14553025.16
0,104,0,226,32.35,0.01,90.05,111.19,14553025.16
0,104,0,226,32.35,0.01,90.05,111.19,14553025.16
0,104,0,226,32.35,0.01,90.05,111.19,14553025.16
0,104,0,226,32.35,0.01,90.05,111.19,14553025.16
0,104,0,226,32.35,0.01,90.05,111.19,14553025.16
0,104,0,226,32.35,0.01,90.05,111.19,14553025.16
0,104,0,226,32.35,0.01,90.05,111.19,14553025.16
0,104,0,226,32.35,0.01,90.05,111.19,14553025.16
0,104,0,226,32.35,0.01,90.05,111.19,14553025.16
0,104,0,226,32.35,0.01,90.05,111.19,14553025.16
0,104,0,226,32.35,0.01,90.05,111.19,14553025.16
0,104,0,226,32.35,0.01,90.05,111.19,14553025.16
0,104,0,226,32.35,0.01,90.05,111.19,14553025.16
0,104,0,226,32.35,0.01,90.05,111.19,14553025.16
0,104,0,226,32.35,0.01,90.05,111.19,14553025.16
0,104,0,226,32.35,0.01,90.05,111.19,14553025.16
0,104,0,226,32.35,0.01,90.05,111.19,14553025.16
0,104,0,226,32.35,0.01,90.05,111.19,14553025.16
0,104,0,226,32.35,0.01,90.05,111.19,14553025.16
0,104,0,226,32.35,0.01,90.05,111.19,14553025.16
0,104,0,226,32.35,0.01,90.05,111.19,14553025.16
0,112,0,8,42.37,0.03,62.33,417.55,10241693.62
0,112,0,16,31.93,0.02,63.66,367.54,10862761.83
0,112,0,24,31.93,0.02,67.01,339.97,11864462.66
0,112,0,32,31.93,0.02,68.66,310.63,12266476.46
0,112,0,40,31.93,0.02,69.96,285.62,12461980.16
0,112,0,48,31.93,0.02,70.61,262.63,12672804.42
0,112,0,56,31.93,0.02,71.8,245.26,12851962.82
0,112,0,64,31.93,0.02,79.72,251.74,13356226.92
0,112,0,72,31.93,0.01,74.06,217.45,13134192.61
0,112,0,80,31.93,0.01,74.98,205.72,13270885.15
0,112,0,88,31.93,0.01,77.5,199.53,13409478.9
0,112,0,96,31.93,0.01,77.45,187.84,13505316.8
0,112,0,104,31.93,0.01,78.39,179.7,13513595.74
0,112,0,112,31.93,0.01,87.68,190.55,14222499.77
0,112,0,128,31.93,0.01,80.36,158.2,13842211.05
0,112,0,144,31.93,0.01,81.85,147.28,13995301.39
0,112,0,160,31.93,0.01,83.91,139.02,14134511.46
0,112,0,176,31.93,0.01,84.14,129.16,14233963.98
0,112,0,192,31.93,0.01,85.61,122.43,14360463.55
0,112,0,208,31.93,0.01,87.59,117.24,14495850.19
0,112,0,224,31.93,0.01,88.22,110.98,14574733.71
0,112,0,226,31.93,0.01,90.52,110.56,14594017.33
0,112,0,226,31.93,0.01,90.52,110.56,14594017.33
0,112,0,226,31.93,0.01,90.52,110.56,14594017.33
0,112,0,226,31.93,0.01,90.52,110.56,14594017.33
0,112,0,226,31.93,0.01,90.52,110.56,14594017.33
0,112,0,226,31.93,0.01,90.52,110.56,14594017.33
0,112,0,226,31.93,0.01,90.52,110.56,14594017.33
0,112,0,226,31.93,0.01,90.52,110.56,14594017.33
0,112,0,226,31.93,0.01,90.52,110.56,14594017.33
0,112,0,226,31.93,0.01,90.52,110.56,14594017.33
0,112,0,226,31.93,0.01,90.52,110.56,14594017.33
0,112,0,226,31.93,0.01,90.52,110.56,14594017.33
0,112,0,226,31.93,0.01,90.52,110.56,14594017.33
0,112,0,226,31.93,0.01,90.52,110.56,14594017.33
0,112,0,226,31.93,0.01,90.52,110.56,14594017.33
0,112,0,226,31.93,0.01,90.52,110.56,14594017.33
0,112,0,226,31.93,0.01,90.52,110.56,14594017.33
0,112,0,226,31.93,0.01,90.52,110.56,14594017.33
0,112,0,226,31.93,0.01,90.52,110.56,14594017.33
0,112,0,226,31.93,0.01,90.52,110.56,14594017.33
0,112,0,226,31.93,0.01,90.52,110.56,14594017.33
0,112,0,226,31.93,0.01,90.52,110.56,14594017.33
0,112,0,226,31.93,0.01,90.52,110.56,14594017.33
0,112,0,226,31.93,0.01,90.52,110.56,14594017.33
0,112,0,226,31.93,0.01,90.52,110.56,14594017.33
0,112,0,226,31.93,0.01,90.52,110.56,14594017.33
0,112,0,226,31.93,0.01,90.52,110.56,14594017.33
0,112,0,226,31.93,0.01,90.52,110.56,14594017.33
0,112,0,226,31.93,0.01,90.52,110.56,14594017.33
0,112,0,226,31.93,0.01,90.52,110.56,14594017.33
0,112,0,226,31.93,0.01,90.52,110.56,14594017.33
0,112,0,226,31.93,0.01,90.52,110.56,14594017.33
0,112,0,226,31.93,0.01,90.52,110.56,14594017.33
0,112,0,226,31.93,0.01,90.52,110.56,14594017.33
0,112,0,226,31.93,0.01,90.52,110.56,14594017.33
0,128,0,8,42.37,0.02,61.05,365.15,10104979.49
0,128,0,16,31.93,0.02,62.99,329.59,10961019.09
0,128,0,24,31.93,0.02,65.61,305.15,11736888.34
0,128,0,32,31.93,0.02,67.08,280.76,11983799.35
0,128,0,40,31.93,0.02,68.7,261.36,12202087.62
0,128,0,48,31.93,0.02,69.2,241.33,12429374.86
0,128,0,56,31.93,0.01,70.07,225.55,12604295.15
0,128,0,64,31.93,0.01,71.93,214.99,12758354.74
0,128,0,72,31.93,0.01,72.81,203.11,12900950.05
0,128,0,80,31.93,0.01,74.07,193.7,13036690.1
0,128,0,88,31.93,0.01,75.08,184.78,13158398.49
0,128,0,96,31.93,0.01,75.83,176.26,13271543.72
0,128,0,104,31.93,0.01,76.98,169.52,13379492.43
0,128,0,112,31.93,0.01,78.1,163.38,13488552.18
0,128,0,128,31.93,0.01,79.06,150.34,13654940.7
0,128,0,144,31.93,0.01,80.71,140.69,13814234.0
0,128,0,160,31.93,0.01,82.79,133.21,13977667.14
0,128,0,176,31.93,0.01,83.73,125.09,14097572.49
0,128,0,192,31.93,0.01,85.07,118.62,14164001.51
0,128,0,208,31.93,0.01,86.56,113.15,14348179.98
0,128,0,224,25.41,0.01,105.5,129.8,16000843.96
0,128,0,238,25.41,0.01,92.7,107.72,15397262.59
0,128,0,238,25.41,0.01,92.7,107.72,15397262.59
0,128,0,238,25.41,0.01,92.7,107.72,15397262.59
0,128,0,238,25.41,0.01,92.7,107.72,15397262.59
0,128,0,238,25.41,0.01,92.7,107.72,15397262.59
0,128,0,238,25.41,0.01,92.7,107.72,15397262.59
0,128,0,238,25.41,0.01,92.7,107.72,15397262.59
0,128,0,238,25.41,0.01,92.7,107.72,15397262.59
0,128,0,238,25.41,0.01,92.7,107.72,15397262.59
0,128,0,238,25.41,0.01,92.7,107.72,15397262.59
0,128,0,238,25.41,0.01,92.7,107.72,15397262.59
0,128,0,238,25.41,0.01,92.7,107.72,15397262.59
0,128,0,238,25.41,0.01,92.7,107.72,15397262.59
0,128,0,238,25.41,0.01,92.7,107.72,15397262.59
0,128,0,238,25.41,0.01,92.7,107.72,15397262.59
0,128,0,238,25.41,0.01,92.7,107.72,15397262.59
0,128,0,238,25.41,0.01,92.7,107.72,15397262.59
0,128,0,238,25.41,0.01,92.7,107.72,15397262.59
0,128,0,238,25.41,0.01,92.7,107.72,15397262.59
0,128,0,238,25.41,0.01,92.7,107.72,15397262.59
0,128,0,238,25.41,0.01,92.7,107.72,15397262.59
0,128,0,238,25.41,0.01,92.7,107.72,15397262.59
0,128,0,238,25.41,0.01,92.7,107.72,15397262.59
0,128,0,238,25.41,0.01,92.7,107.72,15397262.59
0,128,0,238,25.41,0.01,92.7,107.72,15397262.59
0,128,0,238,25.41,0.01,92.7,107.72,15397262.59
0,128,0,238,25.41,0.01,92.7,107.72,15397262.59
0,128,0,238,25.41,0.01,92.7,107.72,15397262.59
0,128,0,238,25.41,0.01,92.7,107.72,15397262.59
0,128,0,238,25.41,0.01,92.7,107.72,15397262.59
0,128,0,238,25.41,0.01,92.7,107.72,15397262.59
0,128,0,238,25.41,0.01,92.7,107.72,15397262.59
0,128,0,238,25.41,0.01,92.7,107.72,15397262.59
0,128,0,238,25.41,0.01,92.7,107.72,15397262.59
0,128,0,238,25.41,0.01,92.7,107.72,15397262.59
0,144,0,8,42.37,0.02,59.29,320.27,9933668.81
0,144,0,16,42.37,0.02,61.12,292.42,10292289.0
0,144,0,24,31.93,0.02,64.67,277.64,11535169.47
0,144,0,32,31.93,0.02,66.96,260.69,12142718.29
0,144,0,40,31.93,0.02,68.0,242.2,12323834.6
0,144,0,48,31.93,0.01,68.9,226.14,12421447.6
0,144,0,56,31.93,0.02,79.85,243.02,13252377.48
0,144,0,64,31.93,0.01,70.96,201.32,12805247.19
0,144,0,72,31.93,0.01,71.51,189.98,12940192.54
0,144,0,80,31.93,0.01,72.81,181.87,12975792.58
0,144,0,88,31.93,0.01,74.22,174.96,13184711.54
0,144,0,96,31.93,0.01,75.01,167.38,13297859.22
0,144,0,104,31.93,0.01,75.88,160.74,13318333.45
0,144,0,112,31.93,0.01,77.04,155.34,13504353.61
0,144,0,128,31.93,0.01,77.83,143.14,13656438.01
0,144,0,144,31.93,0.01,79.7,134.71,13810252.5
0,144,0,160,31.93,0.01,81.78,127.89,13972696.51
0,144,0,176,31.93,0.01,91.39,132.98,14617855.27
0,144,0,192,31.93,0.01,84.61,115.1,14133127.65
0,144,0,208,25.41,0.01,86.96,111.08,14885037.06
0,144,0,224,25.41,0.01,89.88,108.2,15278054.46
0,144,0,229,25.41,0.01,91.62,107.2,15326425.19
0,144,0,229,25.41,0.01,91.62,107.2,15326425.19
0,144,0,229,25.41,0.01,91.62,107.2,15326425.19
0,144,0,229,25.41,0.01,91.62,107.2,15326425.19
0,144,0,229,25.41,0.01,91.62,107.2,15326425.19
0,144,0,229,25.41,0.01,91.62,107.2,15326425.19
0,144,0,229,25.41,0.01,91.62,107.2,15326425.19
0,144,0,229,25.41,0.01,91.62,107.2,15326425.19
0,144,0,229,25.41,0.01,91.62,107.2,15326425.19
0,144,0,229,25.41,0.01,91.62,107.2,15326425.19
0,144,0,229,25.41,0.01,91.62,107.2,15326425.19
0,144,0,229,25.41,0.01,91.62,107.2,15326425.19
0,144,0,229,25.41,0.01,91.62,107.2,15326425.19
0,144,0,229,25.41,0.01,91.62,107.2,15326425.19
0,144,0,229,25.41,0.01,91.62,107.2,15326425.19
0,144,0,229,25.41,0.01,91.62,107.2,15326425.19
0,144,0,229,25.41,0.01,91.62,107.2,15326425.19
0,144,0,229,25.41,0.01,91.62,107.2,15326425.19
0,144,0,229,25.41,0.01,91.62,107.2,15326425.19
0,144,0,229,25.41,0.01,91.62,107.2,15326425.19
0,144,0,229,25.41,0.01,91.62,107.2,15326425.19
0,144,0,229,25.41,0.01,91.62,107.2,15326425.19
0,144,0,229,25.41,0.01,91.62,107.2,15326425.19
0,144,0,229,25.41,0.01,91.62,107.2,15326425.19
0,144,0,229,25.41,0.01,91.62,107.2,15326425.19
0,144,0,229,25.41,0.01,91.62,107.2,15326425.19
0,144,0,229,25.41,0.01,91.62,107.2,15326425.19
0,144,0,229,25.41,0.01,91.62,107.2,15326425.19
0,144,0,229,25.41,0.01,91.62,107.2,15326425.19
0,144,0,229,25.41,0.01,91.62,107.2,15326425.19
0,144,0,229,25.41,0.01,91.62,107.2,15326425.19
0,144,0,229,25.41,0.01,91.62,107.2,15326425.19
0,144,0,229,25.41,0.01,91.62,107.2,15326425.19
0,144,0,229,25.41,0.01,91.62,107.2,15326425.19
0,144,0,229,25.41,0.01,91.62,107.2,15326425.19
0,160,0,8,37.2,0.02,60.87,299.8,10375941.13
0,160,0,16,31.93,0.02,59.38,261.66,10314404.57
0,160,0,24,31.93,0.02,63.77,254.22,11351040.62
0,160,0,32,31.93,0.02,65.88,239.79,11944744.68
0,160,0,40,31.93,0.01,67.4,225.67,12158484.65
0,160,0,48,31.93,0.01,68.68,212.91,12335442.96
0,160,0,56,31.93,0.02,82.49,238.08,13324642.81
0,160,0,64,31.93,0.01,70.4,190.08,12642389.74
0,160,0,72,31.93,0.01,70.9,179.82,12778999.32
0,160,0,80,31.93,0.01,71.62,171.24,12906131.09
0,160,0,88,31.93,0.01,73.41,166.03,13031324.74
0,160,0,96,31.93,0.01,74.19,159.18,13143507.32
0,160,0,104,31.93,0.01,74.73,152.52,13235639.41
0,160,0,112,31.93,0.01,76.08,148.05,13340116.57
0,160,0,128,31.93,0.01,77.33,137.68,13525153.12
0,160,0,144,31.93,0.01,79.33,130.15,13679869.49
0,160,0,160,31.93,0.01,80.84,122.98,13833573.68
0,160,0,176,31.93,0.01,82.0,116.29,13966736.17
0,160,0,192,31.93,0.01,83.21,110.5,14078715.64
0,160,0,193,31.93,0.01,85.67,110.27,14088300.14
0,160,0,193,31.93,0.01,85.67,110.27,14088300.14
0,160,0,193,31.93,0.01,85.67,110.27,14088300.14
0,160,0,193,31.93,0.01,85.67,110.27,14088300.14
0,160,0,193,31.93,0.01,85.67,110.27,14088300.14
0,160,0,193,31.93,0.01,85.67,110.27,14088300.14
0,160,0,193,31.93,0.01,85.67,110.27,14088300.14
0,160,0,193,31.93,0.01,85.67,110.27,14088300.14
0,160,0,193,31.93,0.01,85.67,110.27,14088300.14
0,160,0,193,31.93,0.01,85.67,110.27,14088300.14
0,160,0,193,31.93,0.01,85.67,110.27,14088300.14
0,160,0,193,31.93,0.01,85.67,110.27,14088300.14
0,160,0,193,31.93,0.01,85.67,110.27,14088300.14
0,160,0,193,31.93,0.01,85.67,110.27,14088300.14
0,160,0,193,31.93,0.01,85.67,110.27,14088300.14
0,160,0,193,31.93,0.01,85.67,110.27,14088300.14
0,160,0,193,31.93,0.01,85.67,110.27,14088300.14
0,160,0,193,31.93,0.01,85.67,110.27,14088300.14
0,160,0,193,31.93,0.01,85.67,110.27,14088300.14
0,160,0,193,31.93,0.01,85.67,110.27,14088300.14
0,160,0,193,31.93,0.01,85.67,110.27,14088300.14
0,160,0,193,31.93,0.01,85.67,110.27,14088300.14
0,160,0,193,31.93,0.01,85.67,110.27,14088300.14
0,160,0,193,31.93,0.01,85.67,110.27,14088300.14
0,160,0,193,31.93,0.01,85.67,110.27,14088300.14
0,160,0,193,31.93,0.01,85.67,110.27,14088300.14
0,160,0,193,31.93,0.01,85.67,110.27,14088300.14
0,160,0,193,31.93,0.01,85.67,110.27,14088300.14
0,160,0,193,31.93,0.01,85.67,110.27,14088300.14
0,160,0,193,31.93,0.01,85.67,110.27,14088300.14
0,160,0,193,31.93,0.01,85.67,110.27,14088300.14
0,160,0,193,31.93,0.01,85.67,110.27,14088300.14
0,160,0,193,31.93,0.01,85.67,110.27,14088300.14
0,160,0,193,31.93,0.01,85.67,110.27,14088300.14
0,160,0,193,31.93,0.01,85.67,110.27,14088300.14
0,160,0,193,31.93,0.01,85.67,110.27,14088300.14
0,160,0,193,31.93,0.01,85.67,110.27,14088300.14
0,176,0,8,37.2,0.02,61.15,276.79,10654461.46
0,176,0,16,42.37,0.01,59.0,240.98,10096023.25
0,176,0,24,31.93,0.01,63.34,235.67,11228685.29
0,176,0,32,31.93,0.01,65.08,222.36,11754703.95
0,176,0,40,31.93,0.01,65.81,207.88,11968522.41
0,176,0,48,31.93,0.01,67.07,196.99,12143094.0
0,176,0,56,31.93,0.01,68.55,188.12,12316261.9
0,176,0,64,31.93,0.01,74.26,191.24,12798763.5
0,176,0,72,31.93,0.01,70.45,170.89,12615732.95
0,176,0,80,31.93,0.01,70.79,162.31,12744440.34
0,176,0,88,31.93,0.01,71.51,155.45,12873833.17
0,176,0,96,31.93,0.01,72.9,150.64,12974723.08
0,176,0,104,31.93,0.01,74.14,145.99,13092030.43
0,176,0,112,31.93,0.01,74.71,140.5,13186971.99
0,176,0,128,31.93,0.01,76.63,132.2,13367898.28
0,176,0,144,31.93,0.01,77.99,124.3,13534286.28
0,176,0,160,31.93,0.01,79.51,117.75,13687054.02
0,176,0,176,31.93,0.01,80.8,111.74,13826256.77
0,176,0,179,31.93,0.01,82.93,111.02,13856243.54
0,176,0,179,31.93,0.01,82.93,111.02,13856243.54
0,176,0,179,31.93,0.01,82.93,111.02,13856243.54
0,176,0,179,31.93,0.01,82.93,111.02,13856243.54
0,176,0,179,31.93,0.01,82.93,111.02,13856243.54
0,176,0,179,31.93,0.01,82.93,111.02,13856243.54
0,176,0,179,31.93,0.01,82.93,111.02,13856243.54
0,176,0,179,31.93,0.01,82.93,111.02,13856243.54
0,176,0,179,31.93,0.01,82.93,111.02,13856243.54
0,176,0,179,31.93,0.01,82.93,111.02,13856243.54
0,176,0,179,31.93,0.01,82.93,111.02,13856243.54
0,176,0,179,31.93,0.01,82.93,111.02,13856243.54
0,176,0,179,31.93,0.01,82.93,111.02,13856243.54
0,176,0,179,31.93,0.01,82.93,111.02,13856243.54
0,176,0,179,31.93,0.01,82.93,111.02,13856243.54
0,176,0,179,31.93,0.01,82.93,111.02,13856243.54
0,176,0,179,31.93,0.01,82.93,111.02,13856243.54
0,176,0,179,31.93,0.01,82.93,111.02,13856243.54
0,176,0,179,31.93,0.01,82.93,111.02,13856243.54
0,176,0,179,31.93,0.01,82.93,111.02,13856243.54
0,176,0,179,31.93,0.01,82.93,111.02,13856243.54
0,176,0,179,31.93,0.01,82.93,111.02,13856243.54
0,176,0,179,31.93,0.01,82.93,111.02,13856243.54
0,176,0,179,31.93,0.01,82.93,111.02,13856243.54
0,176,0,179,31.93,0.01,82.93,111.02,13856243.54
0,176,0,179,31.93,0.01,82.93,111.02,13856243.54
0,176,0,179,31.93,0.01,82.93,111.02,13856243.54
0,176,0,179,31.93,0.01,82.93,111.02,13856243.54
0,176,0,179,31.93,0.01,82.93,111.02,13856243.54
0,176,0,179,31.93,0.01,82.93,111.02,13856243.54
0,176,0,179,31.93,0.01,82.93,111.02,13856243.54
0,176,0,179,31.93,0.01,82.93,111.02,13856243.54
0,176,0,179,31.93,0.01,82.93,111.02,13856243.54
0,176,0,179,31.93,0.01,82.93,111.02,13856243.54
0,176,0,179,31.93,0.01,82.93,111.02,13856243.54
0,176,0,179,31.93,0.01,82.93,111.02,13856243.54
0,176,0,179,31.93,0.01,82.93,111.02,13856243.54
0,176,0,179,31.93,0.01,82.93,111.02,13856243.54
0,192,0,8,37.2,0.02,60.9,254.97,10599387.98
0,192,0,16,42.37,0.01,58.12,221.18,10087301.03
0,192,0,24,31.93,0.01,63.09,220.09,11120522.21
0,192,0,32,31.93,0.01,64.47,207.59,11354704.33
0,192,0,40,31.93,0.01,65.01,194.36,11564493.87
0,192,0,48,31.93,0.01,66.42,185.31,11767984.86
0,192,0,56,31.93,0.01,67.13,175.59,11964587.0
0,192,0,64,31.93,0.01,67.92,167.19,12143028.15
0,192,0,72,31.93,0.01,69.18,160.84,12279094.44
0,192,0,80,31.93,0.01,69.86,153.87,12426469.17
0,192,0,88,31.93,0.01,87.76,183.61,13588875.34
0,192,0,96,31.93,0.01,71.94,143.34,12684801.43
0,192,0,104,31.93,0.01,72.84,138.55,12801609.47
0,192,0,112,31.93,0.01,74.22,135.02,12902112.55
0,192,0,128,31.93,0.01,75.41,126.21,13105890.48
0,192,0,144,31.93,0.01,77.71,120.42,13282607.08
0,192,0,160,31.93,0.01,79.1,114.12,13453411.15
0,192,0,166,31.93,0.01,80.21,111.86,13501575.51
0,192,0,166,31.93,0.01,80.21,111.86,13501575.51
0,192,0,166,31.93,0.01,80.21,111.86,13501575.51
0,192,0,166,31.93,0.01,80.21,111.86,13501575.51
0,192,0,166,31.93,0.01,80.21,111.86,13501575.51
0,192,0,166,31.93,0.01,80.21,111.86,13501575.51
0,192,0,166,31.93,0.01,80.21,111.86,13501575.51
0,192,0,166,31.93,0.01,80.21,111.86,13501575.51
0,192,0,166,31.93,0.01,80.21,111.86,13501575.51
0,192,0,166,31.93,0.01,80.21,111.86,13501575.51
0,192,0,166,31.93,0.01,80.21,111.86,13501575.51
0,192,0,166,31.93,0.01,80.21,111.86,13501575.51
0,192,0,166,31.93,0.01,80.21,111.86,13501575.51
0,192,0,166,31.93,0.01,80.21,111.86,13501575.51
0,192,0,166,31.93,0.01,80.21,111.86,13501575.51
0,192,0,166,31.93,0.01,80.21,111.86,13501575.51
0,192,0,166,31.93,0.01,80.21,111.86,13501575.51
0,192,0,166,31.93,0.01,80.21,111.86,13501575.51
0,192,0,166,31.93,0.01,80.21,111.86,13501575.51
0,192,0,166,31.93,0.01,80.21,111.86,13501575.51
0,192,0,166,31.93,0.01,80.21,111.86,13501575.51
0,192,0,166,31.93,0.01,80.21,111.86,13501575.51
0,192,0,166,31.93,0.01,80.21,111.86,13501575.51
0,192,0,166,31.93,0.01,80.21,111.86,13501575.51
0,192,0,166,31.93,0.01,80.21,111.86,13501575.51
0,192,0,166,31.93,0.01,80.21,111.86,13501575.51
0,192,0,166,31.93,0.01,80.21,111.86,13501575.51
0,192,0,166,31.93,0.01,80.21,111.86,13501575.51
0,192,0,166,31.93,0.01,80.21,111.86,13501575.51
0,192,0,166,31.93,0.01,80.21,111.86,13501575.51
0,192,0,166,31.93,0.01,80.21,111.86,13501575.51
0,192,0,166,31.93,0.01,80.21,111.86,13501575.51
0,192,0,166,31.93,0.01,80.21,111.86,13501575.51
0,192,0,166,31.93,0.01,80.21,111.86,13501575.51
0,192,0,166,31.93,0.01,80.21,111.86,13501575.51
0,192,0,166,31.93,0.01,80.21,111.86,13501575.51
0,192,0,166,31.93,0.01,80.21,111.86,13501575.51
0,192,0,166,31.93,0.01,80.21,111.86,13501575.51
0,192,0,166,31.93,0.01,80.21,111.86,13501575.51
0,208,0,8,37.2,0.01,60.57,235.9,10484886.75
0,208,0,16,42.37,0.01,58.34,207.88,10028396.53
0,208,0,24,31.93,0.01,62.49,205.18,10995038.74
0,208,0,32,31.93,0.01,76.82,233.87,12401203.07
0,208,0,40,31.93,0.01,64.95,184.3,11715034.95
0,208,0,48,31.93,0.01,65.72,174.64,11912537.51
0,208,0,56,31.93,0.01,66.56,166.3,12091942.53
0,208,0,64,31.93,0.01,67.88,160.04,12227767.87
0,208,0,72,31.93,0.01,69.07,154.15,12384512.09
0,208,0,80,31.93,0.01,70.18,148.7,12512021.52
0,208,0,88,31.93,0.01,70.73,142.64,12633565.68
0,208,0,96,31.93,0.01,71.67,137.89,12750984.24
0,208,0,104,31.93,0.01,72.49,133.34,12863467.95
0,208,0,112,31.93,0.01,77.7,136.89,13183958.08
0,208,0,128,31.93,0.01,75.21,122.21,13152860.98
0,208,0,144,31.93,0.01,77.0,116.1,13327366.59
0,208,0,153,31.93,0.01,80.09,112.63,13411648.88
0,208,0,153,31.93,0.01,80.09,112.63,13411648.88
0,208,0,153,31.93,0.01,80.09,112.63,13411648.88
0,208,0,153,31.93,0.01,80.09,112.63,13411648.88
0,208,0,153,31.93,0.01,80.09,112.63,13411648.88
0,208,0,153,31.93,0.01,80.09,112.63,13411648.88
0,208,0,153,31.93,0.01,80.09,112.63,13411648.88
0,208,0,153,31.93,0.01,80.09,112.63,13411648.88
0,208,0,153,31.93,0.01,80.09,112.63,13411648.88
0,208,0,153,31.93,0.01,80.09,112.63,13411648.88
0,208,0,153,31.93,0.01,80.09,112.63,13411648.88
0,208,0,153,31.93,0.01,80.09,112.63,13411648.88
0,208,0,153,31.93,0.01,80.09,112.63,13411648.88
0,208,0,153,31.93,0.01,80.09,112.63,13411648.88
0,208,0,153,31.93,0.01,80.09,112.63,13411648.88
0,208,0,153,31.93,0.01,80.09,112.63,13411648.88
0,208,0,153,31.93,0.01,80.09,112.63,13411648.88
0,208,0,153,31.93,0.01,80.09,112.63,13411648.88
0,208,0,153,31.93,0.01,80.09,112.63,13411648.88
0,208,0,153,31.93,0.01,80.09,112.63,13411648.88
0,208,0,153,31.93,0.01,80.09,112.63,13411648.88
0,208,0,153,31.93,0.01,80.09,112.63,13411648.88
0,208,0,153,31.93,0.01,80.09,112.63,13411648.88
0,208,0,153,31.93,0.01,80.09,112.63,13411648.88
0,208,0,153,31.93,0.01,80.09,112.63,13411648.88
0,208,0,153,31.93,0.01,80.09,112.63,13411648.88
0,208,0,153,31.93,0.01,80.09,112.63,13411648.88
0,208,0,153,31.93,0.01,80.09,112.63,13411648.88
0,208,0,153,31.93,0.01,80.09,112.63,13411648.88
0,208,0,153,31.93,0.01,80.09,112.63,13411648.88
0,208,0,153,31.93,0.01,80.09,112.63,13411648.88
0,208,0,153,31.93,0.01,80.09,112.63,13411648.88
0,208,0,153,31.93,0.01,80.09,112.63,13411648.88
0,208,0,153,31.93,0.01,80.09,112.63,13411648.88
0,208,0,153,31.93,0.01,80.09,112.63,13411648.88
0,208,0,153,31.93,0.01,80.09,112.63,13411648.88
0,208,0,153,31.93,0.01,80.09,112.63,13411648.88
0,208,0,153,31.93,0.01,80.09,112.63,13411648.88
0,208,0,153,31.93,0.01,80.09,112.63,13411648.88
0,208,0,153,31.93,0.01,80.09,112.63,13411648.88
0,224,0,8,37.2,0.01,59.48,216.56,10329315.34
0,224,0,16,42.37,0.01,57.62,192.98,9900471.06
0,224,0,24,31.93,0.01,61.33,190.17,10701595.3
0,224,0,32,31.93,0.01,62.66,180.9,11228434.32
0,224,0,40,31.93,0.01,64.78,174.93,11612795.37
0,224,0,48,31.93,0.01,65.7,166.66,11821035.93
0,224,0,56,31.93,0.01,66.78,159.71,11966953.04
0,224,0,64,31.93,0.01,67.61,152.95,12121313.0
0,224,0,72,31.93,0.01,68.83,147.71,12282577.22
0,224,0,80,31.93,0.01,88.34,180.34,13582023.15
0,224,0,88,31.93,0.01,70.53,137.28,12528688.83
0,224,0,96,31.93,0.01,71.34,132.68,12637407.36
0,224,0,104,31.93,0.01,72.15,128.48,12749801.64
0,224,0,112,31.93,0.01,73.06,124.77,12846468.2
0,224,0,128,31.93,0.01,74.66,117.88,13053836.99
0,224,0,141,31.93,0.01,77.29,113.46,13190048.0
0,224,0,141,31.93,0.01,77.29,113.46,13190048.0
0,224,0,141,31.93,0.01,77.29,113.46,13190048.0
0,224,0,141,31.93,0.01,77.29,113.46,13190048.0
0,224,0,141,31.93,0.01,77.29,113.46,13190048.0
0,224,0,141,31.93,0.01,77.29,113.46,13190048.0
0,224,0,141,31.93,0.01,77.29,113.46,13190048.0
0,224,0,141,31.93,0.01,77.29,113.46,13190048.0
0,224,0,141,31.93,0.01,77.29,113.46,13190048.0
0,224,0,141,31.93,0.01,77.29,113.46,13190048.0
0,224,0,141,31.93,0.01,77.29,113.46,13190048.0
0,224,0,141,31.93,0.01,77.29,113.46,13190048.0
0,224,0,141,31.93,0.01,77.29,113.46,13190048.0
0,224,0,141,31.93,0.01,77.29,113.46,13190048.0
0,224,0,141,31.93,0.01,77.29,113.46,13190048.0
0,224,0,141,31.93,0.01,77.29,113.46,13190048.0
0,224,0,141,31.93,0.01,77.29,113.46,13190048.0
0,224,0,141,31.93,0.01,77.29,113.46,13190048.0
0,224,0,141,31.93,0.01,77.29,113.46,13190048.0
0,224,0,141,31.93,0.01,77.29,113.46,13190048.0
0,224,0,141,31.93,0.01,77.29,113.46,13190048.0
0,224,0,141,31.93,0.01,77.29,113.46,13190048.0
0,224,0,141,31.93,0.01,77.29,113.46,13190048.0
0,224,0,141,31.93,0.01,77.29,113.46,13190048.0
0,224,0,141,31.93,0.01,77.29,113.46,13190048.0
0,224,0,141,31.93,0.01,77.29,113.46,13190048.0
0,224,0,141,31.93,0.01,77.29,113.46,13190048.0
0,224,0,141,31.93,0.01,77.29,113.46,13190048.0
0,224,0,141,31.93,0.01,77.29,113.46,13190048.0
0,224,0,141,31.93,0.01,77.29,113.46,13190048.0
0,224,0,141,31.93,0.01,77.29,113.46,13190048.0
0,224,0,141,31.93,0.01,77.29,113.46,13190048.0
0,224,0,141,31.93,0.01,77.29,113.46,13190048.0
0,224,0,141,31.93,0.01,77.29,113.46,13190048.0
0,224,0,141,31.93,0.01,77.29,113.46,13190048.0
0,224,0,141,31.93,0.01,77.29,113.46,13190048.0
0,224,0,141,31.93,0.01,77.29,113.46,13190048.0
0,224,0,141,31.93,0.01,77.29,113.46,13190048.0
0,224,0,141,31.93,0.01,77.29,113.46,13190048.0
0,224,0,141,31.93,0.01,77.29,113.46,13190048.0
0,224,0,141,31.93,0.01,77.29,113.46,13190048.0
0,240,0,8,37.2,0.01,59.4,203.01,10283911.27
0,240,0,16,42.37,0.01,57.87,182.84,9894254.12
0,240,0,24,31.93,0.01,61.02,179.26,10512664.92
0,240,0,32,31.93,0.01,62.46,171.45,11124614.21
0,240,0,40,31.93,0.01,64.65,166.52,11518374.2
0,240,0,48,31.93,0.01,65.24,158.3,11705222.25
0,240,0,56,31.93,0.01,66.06,151.51,11884878.25
0,240,0,64,31.93,0.01,67.47,146.68,12054331.63
0,240,0,72,31.93,0.01,68.23,141.01,12181142.58
0,240,0,80,31.93,0.01,69.39,136.66,12315857.15
0,240,0,88,31.93,0.01,72.81,136.94,12593602.0
0,240,0,96,31.93,0.01,70.95,127.7,12555504.42
0,240,0,104,31.93,0.01,71.82,123.94,12671940.27
0,240,0,112,31.93,0.01,72.7,120.47,12712431.48
0,240,0,128,31.93,0.01,74.59,114.54,12964436.69
0,240,0,128,31.93,0.01,74.59,114.54,12964436.69
0,240,0,128,31.93,0.01,74.59,114.54,12964436.69
0,240,0,128,31.93,0.01,74.59,114.54,12964436.69
0,240,0,128,31.93,0.01,74.59,114.54,12964436.69
0,240,0,128,31.93,0.01,74.59,114.54,12964436.69
0,240,0,128,31.93,0.01,74.59,114.54,12964436.69
0,240,0,128,31.93,0.01,74.59,114.54,12964436.69
0,240,0,128,31.93,0.01,74.59,114.54,12964436.69
0,240,0,128,31.93,0.01,74.59,114.54,12964436.69
0,240,0,128,31.93,0.01,74.59,114.54,12964436.69
0,240,0,128,31.93,0.01,74.59,114.54,12964436.69
0,240,0,128,31.93,0.01,74.59,114.54,12964436.69
0,240,0,128,31.93,0.01,74.59,114.54,12964436.69
0,240,0,128,31.93,0.01,74.59,114.54,12964436.69
0,240,0,128,31.93,0.01,74.59,114.54,12964436.69
0,240,0,128,31.93,0.01,74.59,114.54,12964436.69
0,240,0,128,31.93,0.01,74.59,114.54,12964436.69
0,240,0,128,31.93,0.01,74.59,114.54,12964436.69
0,240,0,128,31.93,0.01,74.59,114.54,12964436.69
0,240,0,128,31.93,0.01,74.59,114.54,12964436.69
0,240,0,128,31.93,0.01,74.59,114.54,12964436.69
0,240,0,128,31.93,0.01,74.59,114.54,12964436.69
0,240,0,128,31.93,0.01,74.59,114.54,12964436.69
0,240,0,128,31.93,0.01,74.59,114.54,12964436.69
0,240,0,128,31.93,0.01,74.59,114.54,12964436.69
0,240,0,128,31.93,0.01,74.59,114.54,12964436.69
0,240,0,128,31.93,0.01,74.59,114.54,12964436.69
0,240,0,128,31.93,0.01,74.59,114.54,12964436.69
0,240,0,128,31.93,0.01,74.59,114.54,12964436.69
0,240,0,128,31.93,0.01,74.59,114.54,12964436.69
0,240,0,128,31.93,0.01,74.59,114.54,12964436.69
0,240,0,128,31.93,0.01,74.59,114.54,12964436.69
0,240,0,128,31.93,0.01,74.59,114.54,12964436.69
0,240,0,128,31.93,0.01,74.59,114.54,12964436.69
0,240,0,128,31.93,0.01,74.59,114.54,12964436.69
0,240,0,128,31.93,0.01,74.59,114.54,12964436.69
0,240,0,128,31.93,0.01,74.59,114.54,12964436.69
0,240,0,128,31.93,0.01,74.59,114.54,12964436.69
0,240,0,128,31.93,0.01,74.59,114.54,12964436.69
0,240,0,128,31.93,0.01,74.59,114.54,12964436.69
0,240,0,128,31.93,0.01,74.59,114.54,12964436.69
0,256,0,8,37.2,0.01,59.92,193.0,10312485.54
0,256,0,16,42.37,0.01,58.25,174.18,9910166.64
0,256,0,24,31.93,0.01,60.67,169.31,10444572.33
0,256,0,32,31.93,0.01,62.64,163.87,11093231.32
0,256,0,40,31.93,0.01,64.39,158.55,11434154.51
0,256,0,48,31.93,0.01,65.35,151.95,11646579.76
0,256,0,56,31.93,0.01,66.08,145.56,11817666.89
0,256,0,64,31.93,0.01,67.1,140.43,11938461.1
0,256,0,72,31.93,0.01,68.47,136.45,12063454.97
0,256,0,80,31.93,0.01,71.24,135.52,12371921.54
0,256,0,88,31.93,0.01,70.05,127.45,12348831.52
0,256,0,96,31.93,0.01,70.88,123.59,12462091.41
0,256,0,104,31.93,0.01,71.36,119.44,12575901.31
0,256,0,112,31.93,0.01,72.4,116.53,12678778.75
0,256,0,115,31.93,0.01,74.4,115.31,12718046.07
0,256,0,115,31.93,0.01,74.4,115.31,12718046.07
0,256,0,115,31.93,0.01,74.4,115.31,12718046.07
0,256,0,115,31.93,0.01,74.4,115.31,12718046.07
0,256,0,115,31.93,0.01,74.4,115.31,12718046.07
0,256,0,115,31.93,0.01,74.4,115.31,12718046.07
0,256,0,115,31.93,0.01,74.4,115.31,12718046.07
0,256,0,115,31.93,0.01,74.4,115.31,12718046.07
0,256,0,115,31.93,0.01,74.4,115.31,12718046.07
0,256,0,115,31.93,0.01,74.4,115.31,12718046.07
0,256,0,115,31.93,0.01,74.4,115.31,12718046.07
0,256,0,115,31.93,0.01,74.4,115.31,12718046.07
0,256,0,115,31.93,0.01,74.4,115.31,12718046.07
0,256,0,115,31.93,0.01,74.4,115.31,12718046.07
0,256,0,115,31.93,0.01,74.4,115.31,12718046.07
0,256,0,115,31.93,0.01,74.4,115.31,12718046.07
0,256,0,115,31.93,0.01,74.4,115.31,12718046.07
0,256,0,115,31.93,0.01,74.4,115.31,12718046.07
0,256,0,115,31.93,0.01,74.4,115.31,12718046.07
0,256,0,115,31.93,0.01,74.4,115.31,12718046.07
0,256,0,115,31.93,0.01,74.4,115.31,12718046.07
0,256,0,115,31.93,0.01,74.4,115.31,12718046.07
0,256,0,115,31.93,0.01,74.4,115.31,12718046.07
0,256,0,115,31.93,0.01,74.4,115.31,12718046.07
0,256,0,115,31.93,0.01,74.4,115.31,12718046.07
0,256,0,115,31.93,0.01,74.4,115.31,12718046.07
0,256,0,115,31.93,0.01,74.4,115.31,12718046.07
0,256,0,115,31.93,0.01,74.4,115.31,12718046.07
0,256,0,115,31.93,0.01,74.4,115.31,12718046.07
0,256,0,115,31.93,0.01,74.4,115.31,12718046.07
0,256,0,115,31.93,0.01,74.4,115.31,12718046.07
0,256,0,115,31.93,0.01,74.4,115.31,12718046.07
0,256,0,115,31.93,0.01,74.4,115.31,12718046.07
0,256,0,115,31.93,0.01,74.4,115.31,12718046.07
0,256,0,115,31.93,0.01,74.4,115.31,12718046.07
0,256,0,115,31.93,0.01,74.4,115.31,12718046.07
0,256,0,115,31.93,0.01,74.4,115.31,12718046.07
0,256,0,115,31.93,0.01,74.4,115.31,12718046.07
0,256,0,115,31.93,0.01,74.4,115.31,12718046.07
0,256,0,115,31.93,0.01,74.4,115.31,12718046.07
0,256,0,115,31.93,0.01,74.4,115.31,12718046.07
0,256,0,115,31.93,0.01,74.4,115.31,12718046.07
0,288,0,8,28.34,0.01,66.44,191.86,12099521.4
0,288,0,16,42.37,0.01,69.68,188.2,10689421.63
0,288,0,24,31.93,0.01,62.34,158.16,10972197.88
0,288,0,32,31.93,0.01,61.79,147.8,10902624.44
0,288,0,40,31.93,0.01,78.58,177.81,12330218.21
0,288,0,48,31.93,0.01,65.47,140.52,11527793.05
0,288,0,56,31.93,0.01,66.12,135.01,11694440.09
0,288,0,64,31.93,0.01,67.09,130.61,11814922.33
0,288,0,72,31.93,0.01,67.85,126.2,11966746.44
0,288,0,80,31.93,0.01,69.06,122.99,12106093.85
0,288,0,88,31.93,0.01,69.7,119.07,12228323.12
0,288,0,93,31.93,0.01,71.27,116.96,12302864.08
0,288,0,93,31.93,0.01,71.27,116.96,12302864.08
0,288,0,93,31.93,0.01,71.27,116.96,12302864.08
0,288,0,93,31.93,0.01,71.27,116.96,12302864.08
0,288,0,93,31.93,0.01,71.27,116.96,12302864.08
0,288,0,93,31.93,0.01,71.27,116.96,12302864.08
0,288,0,93,31.93,0.01,71.27,116.96,12302864.08
0,288,0,93,31.93,0.01,71.27,116.96,12302864.08
0,288,0,93,31.93,0.01,71.27,116.96,12302864.08
0,288,0,93,31.93,0.01,71.27,116.96,12302864.08
0,288,0,93,31.93,0.01,71.27,116.96,12302864.08
0,288,0,93,31.93,0.01,71.27,116.96,12302864.08
0,288,0,93,31.93,0.01,71.27,116.96,12302864.08
0,288,0,93,31.93,0.01,71.27,116.96,12302864.08
0,288,0,93,31.93,0.01,71.27,116.96,12302864.08
0,288,0,93,31.93,0.01,71.27,116.96,12302864.08
0,288,0,93,31.93,0.01,71.27,116.96,12302864.08
0,288,0,93,31.93,0.01,71.27,116.96,12302864.08
0,288,0,93,31.93,0.01,71.27,116.96,12302864.08
0,288,0,93,31.93,0.01,71.27,116.96,12302864.08
0,288,0,93,31.93,0.01,71.27,116.96,12302864.08
0,288,0,93,31.93,0.01,71.27,116.96,12302864.08
0,288,0,93,31.93,0.01,71.27,116.96,12302864.08
0,288,0,93,31.93,0.01,71.27,116.96,12302864.08
0,288,0,93,31.93,0.01,71.27,116.96,12302864.08
0,288,0,93,31.93,0.01,71.27,116.96,12302864.08
0,288,0,93,31.93,0.01,71.27,116.96,12302864.08
0,288,0,93,31.93,0.01,71.27,116.96,12302864.08
0,288,0,93,31.93,0.01,71.27,116.96,12302864.08
0,288,0,93,31.93,0.01,71.27,116.96,12302864.08
0,288,0,93,31.93,0.01,71.27,116.96,12302864.08
0,288,0,93,31.93,0.01,71.27,116.96,12302864.08
0,288,0,93,31.93,0.01,71.27,116.96,12302864.08
0,288,0,93,31.93,0.01,71.27,116.96,12302864.08
0,288,0,93,31.93,0.01,71.27,116.96,12302864.08
0,288,0,93,31.93,0.01,71.27,116.96,12302864.08
0,288,0,93,31.93,0.01,71.27,116.96,12302864.08
0,288,0,93,31.93,0.01,71.27,116.96,12302864.08
0,288,0,93,31.93,0.01,71.27,116.96,12302864.08
0,288,0,93,31.93,0.01,71.27,116.96,12302864.08
0,288,0,93,31.93,0.01,71.27,116.96,12302864.08
0,288,0,93,31.93,0.01,71.27,116.96,12302864.08
0,288,0,93,31.93,0.01,71.27,116.96,12302864.08
0,288,0,93,31.93,0.01,71.27,116.96,12302864.08
0,288,0,93,31.93,0.01,71.27,116.96,12302864.08
0,304,0,8,28.34,0.01,66.42,182.35,12216399.73
0,304,0,16,42.37,0.01,57.85,149.05,9823318.04
0,304,0,24,31.93,0.01,62.68,152.13,11100841.67
0,304,0,32,31.93,0.01,61.54,141.15,10815746.01
0,304,0,40,31.93,0.01,80.9,175.92,12422308.88
0,304,0,48,31.93,0.01,65.14,134.64,11437946.17
0,304,0,56,31.93,0.01,65.9,129.81,11616040.32
0,304,0,64,31.93,0.01,66.6,125.28,11766142.8
0,304,0,72,31.93,0.01,67.61,121.71,11935674.2
0,304,0,80,31.93,0.01,68.46,118.15,11969166.69
0,304,0,84,31.93,0.01,70.41,116.71,12102049.31
0,304,0,84,31.93,0.01,70.41,116.71,12102049.31
0,304,0,84,31.93,0.01,70.41,116.71,12102049.31
0,304,0,84,31.93,0.01,70.41,116.71,12102049.31
0,304,0,84,31.93,0.01,70.41,116.71,12102049.31
0,304,0,84,31.93,0.01,70.41,116.71,12102049.31
0,304,0,84,31.93,0.01,70.41,116.71,12102049.31
0,304,0,84,31.93,0.01,70.41,116.71,12102049.31
0,304,0,84,31.93,0.01,70.41,116.71,12102049.31
0,304,0,84,31.93,0.01,70.41,116.71,12102049.31
0,304,0,84,31.93,0.01,70.41,116.71,12102049.31
0,304,0,84,31.93,0.01,70.41,116.71,12102049.31
0,304,0,84,31.93,0.01,70.41,116.71,12102049.31
0,304,0,84,31.93,0.01,70.41,116.71,12102049.31
0,304,0,84,31.93,0.01,70.41,116.71,12102049.31
0,304,0,84,31.93,0.01,70.41,116.71,12102049.31
0,304,0,84,31.93,0.01,70.41,116.71,12102049.31
0,304,0,84,31.93,0.01,70.41,116.71,12102049.31
0,304,0,84,31.93,0.01,70.41,116.71,12102049.31
0,304,0,84,31.93,0.01,70.41,116.71,12102049.31
0,304,0,84,31.93,0.01,70.41,116.71,12102049.31
0,304,0,84,31.93,0.01,70.41,116.71,12102049.31
0,304,0,84,31.93,0.01,70.41,116.71,12102049.31
0,304,0,84,31.93,0.01,70.41,116.71,12102049.31
0,304,0,84,31.93,0.01,70.41,116.71,12102049.31
0,304,0,84,31.93,0.01,70.41,116.71,12102049.31
0,304,0,84,31.93,0.01,70.41,116.71,12102049.31
0,304,0,84,31.93,0.01,70.41,116.71,12102049.31
0,304,0,84,31.93,0.01,70.41,116.71,12102049.31
0,304,0,84,31.93,0.01,70.41,116.71,12102049.31
0,304,0,84,31.93,0.01,70.41,116.71,12102049.31
0,304,0,84,31.93,0.01,70.41,116.71,12102049.31
0,304,0,84,31.93,0.01,70.41,116.71,12102049.31
0,304,0,84,31.93,0.01,70.41,116.71,12102049.31
0,304,0,84,31.93,0.01,70.41,116.71,12102049.31
0,304,0,84,31.93,0.01,70.41,116.71,12102049.31
0,304,0,84,31.93,0.01,70.41,116.71,12102049.31
0,304,0,84,31.93,0.01,70.41,116.71,12102049.31
0,304,0,84,31.93,0.01,70.41,116.71,12102049.31
0,304,0,84,31.93,0.01,70.41,116.71,12102049.31
0,304,0,84,31.93,0.01,70.41,116.71,12102049.31
0,304,0,84,31.93,0.01,70.41,116.71,12102049.31
0,304,0,84,31.93,0.01,70.41,116.71,12102049.31
0,304,0,84,31.93,0.01,70.41,116.71,12102049.31
0,304,0,84,31.93,0.01,70.41,116.71,12102049.31
0,304,0,84,31.93,0.01,70.41,116.71,12102049.31
0,320,0,8,28.34,0.01,67.91,177.71,12280032.25
0,320,0,16,42.37,0.01,57.02,140.44,9740536.88
0,320,0,24,31.93,0.01,62.99,146.49,11136506.77
0,320,0,32,31.93,0.01,62.04,136.69,10834830.99
0,320,0,40,31.93,0.01,64.68,135.37,11363748.26
0,320,0,48,31.93,0.01,64.87,129.31,11428821.09
0,320,0,56,31.93,0.01,65.5,124.63,11571296.83
0,320,0,64,31.93,0.01,66.69,121.37,11704155.36
0,320,0,71,31.93,0.01,67.4,117.53,11835740.81
0,320,0,71,31.93,0.01,67.4,117.53,11835740.81
0,320,0,71,31.93,0.01,67.4,117.53,11835740.81
0,320,0,71,31.93,0.01,67.4,117.53,11835740.81
0,320,0,71,31.93,0.01,67.4,117.53,11835740.81
0,320,0,71,31.93,0.01,67.4,117.53,11835740.81
0,320,0,71,31.93,0.01,67.4,117.53,11835740.81
0,320,0,71,31.93,0.01,67.4,117.53,11835740.81
0,320,0,71,31.93,0.01,67.4,117.53,11835740.81
0,320,0,71,31.93,0.01,67.4,117.53,11835740.81
0,320,0,71,31.93,0.01,67.4,117.53,11835740.81
0,320,0,71,31.93,0.01,67.4,117.53,11835740.81
0,320,0,71,31.93,0.01,67.4,117.53,11835740.81
0,320,0,71,31.93,0.01,67.4,117.53,11835740.81
0,320,0,71,31.93,0.01,67.4,117.53,11835740.81
0,320,0,71,31.93,0.01,67.4,117.53,11835740.81
0,320,0,71,31.93,0.01,67.4,117.53,11835740.81
0,320,0,71,31.93,0.01,67.4,117.53,11835740.81
0,320,0,71,31.93,0.01,67.4,117.53,11835740.81
0,320,0,71,31.93,0.01,67.4,117.53,11835740.81
0,320,0,71,31.93,0.01,67.4,117.53,11835740.81
0,320,0,71,31.93,0.01,67.4,117.53,11835740.81
0,320,0,71,31.93,0.01,67.4,117.53,11835740.81
0,320,0,71,31.93,0.01,67.4,117.53,11835740.81
0,320,0,71,31.93,0.01,67.4,117.53,11835740.81
0,320,0,71,31.93,0.01,67.4,117.53,11835740.81
0,320,0,71,31.93,0.01,67.4,117.53,11835740.81
0,320,0,71,31.93,0.01,67.4,117.53,11835740.81
0,320,0,71,31.93,0.01,67.4,117.53,11835740.81
0,320,0,71,31.93,0.01,67.4,117.53,11835740.81
0,320,0,71,31.93,0.01,67.4,117.53,11835740.81
0,320,0,71,31.93,0.01,67.4,117.53,11835740.81
0,320,0,71,31.93,0.01,67.4,117.53,11835740.81
0,320,0,71,31.93,0.01,67.4,117.53,11835740.81
0,320,0,71,31.93,0.01,67.4,117.53,11835740.81
0,320,0,71,31.93,0.01,67.4,117.53,11835740.81
0,320,0,71,31.93,0.01,67.4,117.53,11835740.81
0,320,0,71,31.93,0.01,67.4,117.53,11835740.81
0,320,0,71,31.93,0.01,67.4,117.53,11835740.81
0,320,0,71,31.93,0.01,67.4,117.53,11835740.81
0,320,0,71,31.93,0.01,67.4,117.53,11835740.81
0,320,0,71,31.93,0.01,67.4,117.53,11835740.81
0,320,0,71,31.93,0.01,67.4,117.53,11835740.81
0,320,0,71,31.93,0.01,67.4,117.53,11835740.81
0,320,0,71,31.93,0.01,67.4,117.53,11835740.81
0,320,0,71,31.93,0.01,67.4,117.53,11835740.81
0,320,0,71,31.93,0.01,67.4,117.53,11835740.81
0,320,0,71,31.93,0.01,67.4,117.53,11835740.81
0,352,0,8,25.21,0.01,80.25,192.01,13678759.56
0,321,0,16,42.37,0.01,58.21,140.25,9746549.65
0,352,0,24,31.93,0.01,63.29,135.88,11107784.34
0,352,0,32,31.93,0.01,61.88,126.37,10735760.85
0,352,0,40,31.93,0.01,66.1,128.69,11623041.58
0,352,0,47,31.93,0.01,65.69,122.22,11480979.14
0,352,0,51,31.93,0.01,66.7,118.81,11411801.45
0,352,0,51,31.93,0.01,66.7,118.81,11411801.45
0,352,0,51,31.93,0.01,66.7,118.81,11411801.45
0,352,0,51,31.93,0.01,66.7,118.81,11411801.45
0,352,0,51,31.93,0.01,66.7,118.81,11411801.45
0,352,0,51,31.93,0.01,66.7,118.81,11411801.45
0,352,0,51,31.93,0.01,66.7,118.81,11411801.45
0,352,0,51,31.93,0.01,66.7,118.81,11411801.45
0,352,0,51,31.93,0.01,66.7,118.81,11411801.45
0,352,0,51,31.93,0.01,66.7,118.81,11411801.45
0,352,0,51,31.93,0.01,66.7,118.81,11411801.45
0,352,0,51,31.93,0.01,66.7,118.81,11411801.45
0,352,0,51,31.93,0.01,66.7,118.81,11411801.45
0,352,0,51,31.93,0.01,66.7,118.81,11411801.45
0,352,0,51,31.93,0.01,66.7,118.81,11411801.45
0,352,0,51,31.93,0.01,66.7,118.81,11411801.45
0,352,0,51,31.93,0.01,66.7,118.81,11411801.45
0,352,0,51,31.93,0.01,66.7,118.81,11411801.45
0,352,0,51,31.93,0.01,66.7,118.81,11411801.45
0,352,0,51,31.93,0.01,66.7,118.81,11411801.45
0,352,0,51,31.93,0.01,66.7,118.81,11411801.45
0,352,0,51,31.93,0.01,66.7,118.81,11411801.45
0,352,0,51,31.93,0.01,66.7,118.81,11411801.45
0,352,0,51,31.93,0.01,66.7,118.81,11411801.45
0,352,0,51,31.93,0.01,66.7,118.81,11411801.45
0,352,0,51,31.93,0.01,66.7,118.81,11411801.45
0,352,0,51,31.93,0.01,66.7,118.81,11411801.45
0,352,0,51,31.93,0.01,66.7,118.81,11411801.45
0,352,0,51,31.93,0.01,66.7,118.81,11411801.45
0,352,0,51,31.93,0.01,66.7,118.81,11411801.45
0,352,0,51,31.93,0.01,66.7,118.81,11411801.45
0,352,0,51,31.93,0.01,66.7,118.81,11411801.45
0,352,0,51,31.93,0.01,66.7,118.81,11411801.45
0,352,0,51,31.93,0.01,66.7,118.81,11411801.45
0,352,0,51,31.93,0.01,66.7,118.81,11411801.45
0,352,0,51,31.93,0.01,66.7,118.81,11411801.45
0,352,0,51,31.93,0.01,66.7,118.81,11411801.45
0,352,0,51,31.93,0.01,66.7,118.81,11411801.45
0,352,0,51,31.93,0.01,66.7,118.81,11411801.45
0,352,0,51,31.93,0.01,66.7,118.81,11411801.45
0,352,0,51,31.93,0.01,66.7,118.81,11411801.45
0,352,0,51,31.93,0.01,66.7,118.81,11411801.45
0,352,0,51,31.93,0.01,66.7,118.81,11411801.45
0,352,0,51,31.93,0.01,66.7,118.81,11411801.45
0,352,0,51,31.93,0.01,66.7,118.81,11411801.45
0,352,0,51,31.93,0.01,66.7,118.81,11411801.45
0,352,0,51,31.93,0.01,66.7,118.81,11411801.45
0,352,0,51,31.93,0.01,66.7,118.81,11411801.45
0,352,0,51,31.93,0.01,66.7,118.81,11411801.45
0,352,0,51,31.93,0.01,66.7,118.81,11411801.45
0,384,0,8,25.21,0.01,72.02,158.71,13607748.63
0,321,0,16,42.37,0.01,58.21,140.25,9746549.65
0,379,0,24,31.93,0.01,63.32,126.24,10932255.98
0,359,0,32,31.93,0.01,61.33,122.99,10640588.4
0,383,0,39,31.93,0.01,66.34,120.75,11613658.5
0,359,0,45,31.93,0.01,66.5,121.68,11436306.59
0,354,0,51,31.93,0.01,67.63,118.57,11421741.45
0,354,0,51,31.93,0.01,67.63,118.57,11421741.45
0,354,0,51,31.93,0.01,67.63,118.57,11421741.45
0,354,0,51,31.93,0.01,67.63,118.57,11421741.45
0,354,0,51,31.93,0.01,67.63,118.57,11421741.45
0,354,0,51,31.93,0.01,67.63,118.57,11421741.45
0,354,0,51,31.93,0.01,67.63,118.57,11421741.45
0,354,0,51,31.93,0.01,67.63,118.57,11421741.45
0,354,0,51,31.93,0.01,67.63,118.57,11421741.45
0,354,0,51,31.93,0.01,67.63,118.57,11421741.45
0,354,0,51,31.93,0.01,67.63,118.57,11421741.45
0,354,0,51,31.93,0.01,67.63,118.57,11421741.45
0,354,0,51,31.93,0.01,67.63,118.57,11421741.45
0,354,0,51,31.93,0.01,67.63,118.57,11421741.45
0,354,0,51,31.93,0.01,67.63,118.57,11421741.45
0,354,0,51,31.93,0.01,67.63,118.57,11421741.45
0,354,0,51,31.93,0.01,67.63,118.57,11421741.45
0,354,0,51,31.93,0.01,67.63,118.57,11421741.45
0,354,0,51,31.93,0.01,67.63,118.57,11421741.45
0,354,0,51,31.93,0.01,67.63,118.57,11421741.45
0,354,0,51,31.93,0.01,67.63,118.57,11421741.45
0,354,0,51,31.93,0.01,67.63,118.57,11421741.45
0,354,0,51,31.93,0.01,67.63,118.57,11421741.45
0,354,0,51,31.93,0.01,67.63,118.57,11421741.45
0,354,0,51,31.93,0.01,67.63,118.57,11421741.45
0,354,0,51,31.93,0.01,67.63,118.57,11421741.45
0,354,0,51,31.93,0.01,67.63,118.57,11421741.45
0,354,0,51,31.93,0.01,67.63,118.57,11421741.45
0,354,0,51,31.93,0.01,67.63,118.57,11421741.45
0,354,0,51,31.93,0.01,67.63,118.57,11421741.45
0,354,0,51,31.93,0.01,67.63,118.57,11421741.45
0,354,0,51,31.93,0.01,67.63,118.57,11421741.45
0,354,0,51,31.93,0.01,67.63,118.57,11421741.45
0,354,0,51,31.93,0.01,67.63,118.57,11421741.45
0,354,0,51,31.93,0.01,67.63,118.57,11421741.45
0,354,0,51,31.93,0.01,67.63,118.57,11421741.45
0,354,0,51,31.93,0.01,67.63,118.57,11421741.45
0,354,0,51,31.93,0.01,67.63,118.57,11421741.45
0,354,0,51,31.93,0.01,67.63,118.57,11421741.45
0,354,0,51,31.93,0.01,67.63,118.57,11421741.45
0,354,0,51,31.93,0.01,67.63,118.57,11421741.45
0,354,0,51,31.93,0.01,67.63,118.57,11421741.45
0,354,0,51,31.93,0.01,67.63,118.57,11421741.45
0,354,0,51,31.93,0.01,67.63,118.57,11421741.45
0,354,0,51,31.93,0.01,67.63,118.57,11421741.45
0,354,0,51,31.93,0.01,67.63,118.57,11421741.45
0,354,0,51,31.93,0.01,67.63,118.57,11421741.45
0,354,0,51,31.93,0.01,67.63,118.57,11421741.45
0,354,0,51,31.93,0.01,67.63,118.57,11421741.45
0,354,0,51,31.93,0.01,67.63,118.57,11421741.45
0,400,0,8,28.34,0.01,73.91,156.68,13618722.81
0,321,0,16,42.37,0.01,58.21,140.25,9746549.65
0,379,0,24,31.93,0.01,63.32,126.24,10932255.98
0,359,0,32,31.93,0.01,61.33,122.99,10640588.4
0,383,0,39,31.93,0.01,66.34,120.75,11613658.5
0,359,0,45,31.93,0.01,66.5,121.68,11436306.59
0,354,0,51,31.93,0.01,67.63,118.57,11421741.45
0,354,0,51,31.93,0.01,67.63,118.57,11421741.45
0,354,0,51,31.93,0.01,67.63,118.57,11421741.45
0,354,0,51,31.93,0.01,67.63,118.57,11421741.45
0,354,0,51,31.93,0.01,67.63,118.57,11421741.45
0,354,0,51,31.93,0.01,67.63,118.57,11421741.45
0,354,0,51,31.93,0.01,67.63,118.57,11421741.45
0,354,0,51,31.93,0.01,67.63,118.57,11421741.45
0,354,0,51,31.93,0.01,67.63,118.57,11421741.45
0,354,0,51,31.93,0.01,67.63,118.57,11421741.45
0,354,0,51,31.93,0.01,67.63,118.57,11421741.45
0,354,0,51,31.93,0.01,67.63,118.57,11421741.45
0,354,0,51,31.93,0.01,67.63,118.57,11421741.45
0,354,0,51,31.93,0.01,67.63,118.57,11421741.45
0,354,0,51,31.93,0.01,67.63,118.57,11421741.45
0,354,0,51,31.93,0.01,67.63,118.57,11421741.45
0,354,0,51,31.93,0.01,67.63,118.57,11421741.45
0,354,0,51,31.93,0.01,67.63,118.57,11421741.45
0,354,0,51,31.93,0.01,67.63,118.57,11421741.45
0,354,0,51,31.93,0.01,67.63,118.57,11421741.45
0,354,0,51,31.93,0.01,67.63,118.57,11421741.45
0,354,0,51,31.93,0.01,67.63,118.57,11421741.45
0,354,0,51,31.93,0.01,67.63,118.57,11421741.45
0,354,0,51,31.93,0.01,67.63,118.57,11421741.45
0,354,0,51,31.93,0.01,67.63,118.57,11421741.45
0,354,0,51,31.93,0.01,67.63,118.57,11421741.45
0,354,0,51,31.93,0.01,67.63,118.57,11421741.45
0,354,0,51,31.93,0.01,67.63,118.57,11421741.45
0,354,0,51,31.93,0.01,67.63,118.57,11421741.45
0,354,0,51,31.93,0.01,67.63,118.57,11421741.45
0,354,0,51,31.93,0.01,67.63,118.57,11421741.45
0,354,0,51,31.93,0.01,67.63,118.57,11421741.45
0,354,0,51,31.93,0.01,67.63,118.57,11421741.45
0,354,0,51,31.93,0.01,67.63,118.57,11421741.45
0,354,0,51,31.93,0.01,67.63,118.57,11421741.45
0,354,0,51,31.93,0.01,67.63,118.57,11421741.45
0,354,0,51,31.93,0.01,67.63,118.57,11421741.45
0,354,0,51,31.93,0.01,67.63,118.57,11421741.45
0,354,0,51,31.93,0.01,67.63,118.57,11421741.45
0,354,0,51,31.93,0.01,67.63,118.57,11421741.45
0,354,0,51,31.93,0.01,67.63,118.57,11421741.45
0,354,0,51,31.93,0.01,67.63,118.57,11421741.45
0,354,0,51,31.93,0.01,67.63,118.57,11421741.45
0,354,0,51,31.93,0.01,67.63,118.57,11421741.45
0,354,0,51,31.93,0.01,67.63,118.57,11421741.45
0,354,0,51,31.93,0.01,67.63,118.57,11421741.45
0,354,0,51,31.93,0.01,67.63,118.57,11421741.45
0,354,0,51,31.93,0.01,67.63,118.57,11421741.45
0,354,0,51,31.93,0.01,67.63,118.57,11421741.45
0,354,0,51,31.93,0.01,67.63,118.57,11421741.45
0,448,0,8,24.91,0.01,75.77,144.2,14265816.19
0,321,0,16,42.37,0.01,58.21,140.25,9746549.65
0,379,0,24,31.93,0.01,63.32,126.24,10932255.98
0,359,0,32,31.93,0.01,61.33,122.99,10640588.4
0,383,0,39,31.93,0.01,66.34,120.75,11613658.5
0,359,0,45,31.93,0.01,66.5,121.68,11436306.59
0,354,0,51,31.93,0.01,67.63,118.57,11421741.45
0,354,0,51,31.93,0.01,67.63,118.57,11421741.45
0,354,0,51,31.93,0.01,67.63,118.57,11421741.45
0,354,0,51,31.93,0.01,67.63,118.57,11421741.45
0,354,0,51,31.93,0.01,67.63,118.57,11421741.45
0,354,0,51,31.93,0.01,67.63,118.57,11421741.45
0,354,0,51,31.93,0.01,67.63,118.57,11421741.45
0,354,0,51,31.93,0.01,67.63,118.57,11421741.45
0,354,0,51,31.93,0.01,67.63,118.57,11421741.45
0,354,0,51,31.93,0.01,67.63,118.57,11421741.45
0,354,0,51,31.93,0.01,67.63,118.57,11421741.45
0,354,0,51,31.93,0.01,67.63,118.57,11421741.45
0,354,0,51,31.93,0.01,67.63,118.57,11421741.45
0,354,0,51,31.93,0.01,67.63,118.57,11421741.45
0,354,0,51,31.93,0.01,67.63,118.57,11421741.45
0,354,0,51,31.93,0.01,67.63,118.57,11421741.45
0,354,0,51,31.93,0.01,67.63,118.57,11421741.45
0,354,0,51,31.93,0.01,67.63,118.57,11421741.45
0,354,0,51,31.93,0.01,67.63,118.57,11421741.45
0,354,0,51,31.93,0.01,67.63,118.57,11421741.45
0,354,0,51,31.93,0.01,67.63,118.57,11421741.45
0,354,0,51,31.93,0.01,67.63,118.57,11421741.45
0,354,0,51,31.93,0.01,67.63,118.57,11421741.45
0,354,0,51,31.93,0.01,67.63,118.57,11421741.45
0,354,0,51,31.93,0.01,67.63,118.57,11421741.45
0,354,0,51,31.93,0.01,67.63,118.57,11421741.45
0,354,0,51,31.93,0.01,67.63,118.57,11421741.45
0,354,0,51,31.93,0.01,67.63,118.57,11421741.45
0,354,0,51,31.93,0.01,67.63,118.57,11421741.45
0,354,0,51,31.93,0.01,67.63,118.57,11421741.45
0,354,0,51,31.93,0.01,67.63,118.57,11421741.45
0,354,0,51,31.93,0.01,67.63,118.57,11421741.45
0,354,0,51,31.93,0.01,67.63,118.57,11421741.45
0,354,0,51,31.93,0.01,67.63,118.57,11421741.45
0,354,0,51,31.93,0.01,67.63,118.57,11421741.45
0,354,0,51,31.93,0.01,67.63,118.57,11421741.45
0,354,0,51,31.93,0.01,67.63,118.57,11421741.45
0,354,0,51,31.93,0.01,67.63,118.57,11421741.45
0,354,0,51,31.93,0.01,67.63,118.57,11421741.45
0,354,0,51,31.93,0.01,67.63,118.57,11421741.45
0,354,0,51,31.93,0.01,67.63,118.57,11421741.45
0,354,0,51,31.93,0.01,67.63,118.57,11421741.45
0,354,0,51,31.93,0.01,67.63,118.57,11421741.45
0,354,0,51,31.93,0.01,67.63,118.57,11421741.45
0,354,0,51,31.93,0.01,67.63,118.57,11421741.45
0,354,0,51,31.93,0.01,67.63,118.57,11421741.45
0,354,0,51,31.93,0.01,67.63,118.57,11421741.45
0,354,0,51,31.93,0.01,67.63,118.57,11421741.45
0,354,0,51,31.93,0.01,67.63,118.57,11421741.45
0,354,0,51,31.93,0.01,67.63,118.57,11421741.45
0,480,0,8,25.21,0.01,77.92,138.83,14919113.98
0,321,0,16,42.37,0.01,58.21,140.25,9746549.65
0,379,0,24,31.93,0.01,63.32,126.24,10932255.98
0,359,0,32,31.93,0.01,61.33,122.99,10640588.4
0,383,0,39,31.93,0.01,66.34,120.75,11613658.5
0,359,0,45,31.93,0.01,66.5,121.68,11436306.59
0,354,0,51,31.93,0.01,67.63,118.57,11421741.45
0,354,0,51,31.93,0.01,67.63,118.57,11421741.45
0,354,0,51,31.93,0.01,67.63,118.57,11421741.45
0,354,0,51,31.93,0.01,67.63,118.57,11421741.45
0,354,0,51,31.93,0.01,67.63,118.57,11421741.45
0,354,0,51,31.93,0.01,67.63,118.57,11421741.45
0,354,0,51,31.93,0.01,67.63,118.57,11421741.45
0,354,0,51,31.93,0.01,67.63,118.57,11421741.45
0,354,0,51,31.93,0.01,67.63,118.57,11421741.45
0,354,0,51,31.93,0.01,67.63,118.57,11421741.45
0,354,0,51,31.93,0.01,67.63,118.57,11421741.45
0,354,0,51,31.93,0.01,67.63,118.57,11421741.45
0,354,0,51,31.93,0.01,67.63,118.57,11421741.45
0,354,0,51,31.93,0.01,67.63,118.57,11421741.45
0,354,0,51,31.93,0.01,67.63,118.57,11421741.45
0,354,0,51,31.93,0.01,67.63,118.57,11421741.45
0,354,0,51,31.93,0.01,67.63,118.57,11421741.45
0,354,0,51,31.93,0.01,67.63,118.57,11421741.45
0,354,0,51,31.93,0.01,67.63,118.57,11421741.45
0,354,0,51,31.93,0.01,67.63,118.57,11421741.45
0,354,0,51,31.93,0.01,67.63,118.57,11421741.45
0,354,0,51,31.93,0.01,67.63,118.57,11421741.45
0,354,0,51,31.93,0.01,67.63,118.57,11421741.45
0,354,0,51,31.93,0.01,67.63,118.57,11421741.45
0,354,0,51,31.93,0.01,67.63,118.57,11421741.45
0,354,0,51,31.93,0.01,67.63,118.57,11421741.45
0,354,0,51,31.93,0.01,67.63,118.57,11421741.45
0,354,0,51,31.93,0.01,67.63,118.57,11421741.45
0,354,0,51,31.93,0.01,67.63,118.57,11421741.45
0,354,0,51,31.93,0.01,67.63,118.57,11421741.45
0,354,0,51,31.93,0.01,67.63,118.57,11421741.45
0,354,0,51,31.93,0.01,67.63,118.57,11421741.45
0,354,0,51,31.93,0.01,67.63,118.57,11421741.45
0,354,0,51,31.93,0.01,67.63,118.57,11421741.45
0,354,0,51,31.93,0.01,67.63,118.57,11421741.45
0,354,0,51,31.93,0.01,67.63,118.57,11421741.45
0,354,0,51,31.93,0.01,67.63,118.57,11421741.45
0,354,0,51,31.93,0.01,67.63,118.57,11421741.45
0,354,0,51,31.93,0.01,67.63,118.57,11421741.45
0,354,0,51,31.93,0.01,67.63,118.57,11421741.45
0,354,0,51,31.93,0.01,67.63,118.57,11421741.45
0,354,0,51,31.93,0.01,67.63,118.57,11421741.45
0,354,0,51,31.93,0.01,67.63,118.57,11421741.45
0,354,0,51,31.93,0.01,67.63,118.57,11421741.45
0,354,0,51,31.93,0.01,67.63,118.57,11421741.45
0,354,0,51,31.93,0.01,67.63,118.57,11421741.45
0,354,0,51,31.93,0.01,67.63,118.57,11421741.45
0,354,0,51,31.93,0.01,67.63,118.57,11421741.45
0,354,0,51,31.93,0.01,67.63,118.57,11421741.45
0,354,0,51,31.93,0.01,67.63,118.57,11421741.45
0,512,0,8,24.91,0.01,108.93,182.44,17056716.49
0,321,0,16,42.37,0.01,58.21,140.25,9746549.65
0,379,0,24,31.93,0.01,63.32,126.24,10932255.98
0,359,0,32,31.93,0.01,61.33,122.99,10640588.4
0,383,0,39,31.93,0.01,66.34,120.75,11613658.5
0,359,0,45,31.93,0.01,66.5,121.68,11436306.59
0,354,0,51,31.93,0.01,67.63,118.57,11421741.45
0,354,0,51,31.93,0.01,67.63,118.57,11421741.45
0,354,0,51,31.93,0.01,67.63,118.57,11421741.45
0,354,0,51,31.93,0.01,67.63,118.57,11421741.45
0,354,0,51,31.93,0.01,67.63,118.57,11421741.45
0,354,0,51,31.93,0.01,67.63,118.57,11421741.45
0,354,0,51,31.93,0.01,67.63,118.57,11421741.45
0,354,0,51,31.93,0.01,67.63,118.57,11421741.45
0,354,0,51,31.93,0.01,67.63,118.57,11421741.45
0,354,0,51,31.93,0.01,67.63,118.57,11421741.45
0,354,0,51,31.93,0.01,67.63,118.57,11421741.45
0,354,0,51,31.93,0.01,67.63,118.57,11421741.45
0,354,0,51,31.93,0.01,67.63,118.57,11421741.45
0,354,0,51,31.93,0.01,67.63,118.57,11421741.45
0,354,0,51,31.93,0.01,67.63,118.57,11421741.45
0,354,0,51,31.93,0.01,67.63,118.57,11421741.45
0,354,0,51,31.93,0.01,67.63,118.57,11421741.45
0,354,0,51,31.93,0.01,67.63,118.57,11421741.45
0,354,0,51,31.93,0.01,67.63,118.57,11421741.45
0,354,0,51,31.93,0.01,67.63,118.57,11421741.45
0,354,0,51,31.93,0.01,67.63,118.57,11421741.45
0,354,0,51,31.93,0.01,67.63,118.57,11421741.45
0,354,0,51,31.93,0.01,67.63,118.57,11421741.45
0,354,0,51,31.93,0.01,67.63,118.57,11421741.45
0,354,0,51,31.93,0.01,67.63,118.57,11421741.45
0,354,0,51,31.93,0.01,67.63,118.57,11421741.45
0,354,0,51,31.93,0.01,67.63,118.57,11421741.45
0,354,0,51,31.93,0.01,67.63,118.57,11421741.45
0,354,0,51,31.93,0.01,67.63,118.57,11421741.45
0,354,0,51,31.93,0.01,67.63,118.57,11421741.45
0,354,0,51,31.93,0.01,67.63,118.57,11421741.45
0,354,0,51,31.93,0.01,67.63,118.57,11421741.45
0,354,0,51,31.93,0.01,67.63,118.57,11421741.45
0,354,0,51,31.93,0.01,67.63,118.57,11421741.45
0,354,0,51,31.93,0.01,67.63,118.57,11421741.45
0,354,0,51,31.93,0.01,67.63,118.57,11421741.45
0,354,0,51,31.93,0.01,67.63,118.57,11421741.45
0,354,0,51,31.93,0.01,67.63,118.57,11421741.45
0,354,0,51,31.93,0.01,67.63,118.57,11421741.45
0,354,0,51,31.93,0.01,67.63,118.57,11421741.45
0,354,0,51,31.93,0.01,67.63,118.57,11421741.45
0,354,0,51,31.93,0.01,67.63,118.57,11421741.45
0,354,0,51,31.93,0.01,67.63,118.57,11421741.45
0,354,0,51,31.93,0.01,67.63,118.57,11421741.45
0,354,0,51,31.93,0.01,67.63,118.57,11421741.45
0,354,0,51,31.93,0.01,67.63,118.57,11421741.45
0,354,0,51,31.93,0.01,67.63,118.57,11421741.45
0,354,0,51,31.93,0.01,67.63,118.57,11421741.45
0,354,0,51,31.93,0.01,67.63,118.57,11421741.45
0,354,0,51,31.93,0.01,67.63,118.57,11421741.45
0,576,0,8,24.91,0.01,84.33,126.11,16521109.94
0,321,0,16,42.37,0.01,58.21,140.25,9746549.65
0,379,0,24,31.93,0.01,63.32,126.24,10932255.98
0,359,0,32,31.93,0.01,61.33,122.99,10640588.4
0,383,0,39,31.93,0.01,66.34,120.75,11613658.5
0,359,0,45,31.93,0.01,66.5,121.68,11436306.59
0,354,0,51,31.93,0.01,67.63,118.57,11421741.45
0,354,0,51,31.93,0.01,67.63,118.57,11421741.45
0,354,0,51,31.93,0.01,67.63,118.57,11421741.45
0,354,0,51,31.93,0.01,67.63,118.57,11421741.45
0,354,0,51,31.93,0.01,67.63,118.57,11421741.45
0,354,0,51,31.93,0.01,67.63,118.57,11421741.45
0,354,0,51,31.93,0.01,67.63,118.57,11421741.45
0,354,0,51,31.93,0.01,67.63,118.57,11421741.45
0,354,0,51,31.93,0.01,67.63,118.57,11421741.45
0,354,0,51,31.93,0.01,67.63,118.57,11421741.45
0,354,0,51,31.93,0.01,67.63,118.57,11421741.45
0,354,0,51,31.93,0.01,67.63,118.57,11421741.45
0,354,0,51,31.93,0.01,67.63,118.57,11421741.45
0,354,0,51,31.93,0.01,67.63,118.57,11421741.45
0,354,0,51,31.93,0.01,67.63,118.57,11421741.45
0,354,0,51,31.93,0.01,67.63,118.57,11421741.45
0,354,0,51,31.93,0.01,67.63,118.57,11421741.45
0,354,0,51,31.93,0.01,67.63,118.57,11421741.45
0,354,0,51,31.93,0.01,67.63,118.57,11421741.45
0,354,0,51,31.93,0.01,67.63,118.57,11421741.45
0,354,0,51,31.93,0.01,67.63,118.57,11421741.45
0,354,0,51,31.93,0.01,67.63,118.57,11421741.45
0,354,0,51,31.93,0.01,67.63,118.57,11421741.45
0,354,0,51,31.93,0.01,67.63,118.57,11421741.45
0,354,0,51,31.93,0.01,67.63,118.57,11421741.45
0,354,0,51,31.93,0.01,67.63,118.57,11421741.45
0,354,0,51,31.93,0.01,67.63,118.57,11421741.45
0,354,0,51,31.93,0.01,67.63,118.57,11421741.45
0,354,0,51,31.93,0.01,67.63,118.57,11421741.45
0,354,0,51,31.93,0.01,67.63,118.57,11421741.45
0,354,0,51,31.93,0.01,67.63,118.57,11421741.45
0,354,0,51,31.93,0.01,67.63,118.57,11421741.45
0,354,0,51,31.93,0.01,67.63,118.57,11421741.45
0,354,0,51,31.93,0.01,67.63,118.57,11421741.45
0,354,0,51,31.93,0.01,67.63,118.57,11421741.45
0,354,0,51,31.93,0.01,67.63,118.57,11421741.45
0,354,0,51,31.93,0.01,67.63,118.57,11421741.45
0,354,0,51,31.93,0.01,67.63,118.57,11421741.45
0,354,0,51,31.93,0.01,67.63,118.57,11421741.45
0,354,0,51,31.93,0.01,67.63,118.57,11421741.45
0,354,0,51,31.93,0.01,67.63,118.57,11421741.45
0,354,0,51,31.93,0.01,67.63,118.57,11421741.45
0,354,0,51,31.93,0.01,67.63,118.57,11421741.45
0,354,0,51,31.93,0.01,67.63,118.57,11421741.45
0,354,0,51,31.93,0.01,67.63,118.57,11421741.45
0,354,0,51,31.93,0.01,67.63,118.57,11421741.45
0,354,0,51,31.93,0.01,67.63,118.57,11421741.45
0,354,0,51,31.93,0.01,67.63,118.57,11421741.45
0,354,0,51,31.93,0.01,67.63,118.57,11421741.45
0,354,0,51,31.93,0.01,67.63,118.57,11421741.45
0,624,0,8,24.91,0.01,128.49,177.86,19660829.72
0,321,0,16,42.37,0.01,58.21,140.25,9746549.65
0,379,0,24,31.93,0.01,63.32,126.24,10932255.98
0,359,0,32,31.93,0.01,61.33,122.99,10640588.4
0,383,0,39,31.93,0.01,66.34,120.75,11613658.5
0,359,0,45,31.93,0.01,66.5,121.68,11436306.59
0,354,0,51,31.93,0.01,67.63,118.57,11421741.45
0,354,0,51,31.93,0.01,67.63,118.57,11421741.45
0,354,0,51,31.93,0.01,67.63,118.57,11421741.45
0,354,0,51,31.93,0.01,67.63,118.57,11421741.45
0,354,0,51,31.93,0.01,67.63,118.57,11421741.45
0,354,0,51,31.93,0.01,67.63,118.57,11421741.45
0,354,0,51,31.93,0.01,67.63,118.57,11421741.45
0,354,0,51,31.93,0.01,67.63,118.57,11421741.45
0,354,0,51,31.93,0.01,67.63,118.57,11421741.45
0,354,0,51,31.93,0.01,67.63,118.57,11421741.45
0,354,0,51,31.93,0.01,67.63,118.57,11421741.45
0,354,0,51,31.93,0.01,67.63,118.57,11421741.45
0,354,0,51,31.93,0.01,67.63,118.57,11421741.45
0,354,0,51,31.93,0.01,67.63,118.57,11421741.45
0,354,0,51,31.93,0.01,67.63,118.57,11421741.45
0,354,0,51,31.93,0.01,67.63,118.57,11421741.45
0,354,0,51,31.93,0.01,67.63,118.57,11421741.45
0,354,0,51,31.93,0.01,67.63,118.57,11421741.45
0,354,0,51,31.93,0.01,67.63,118.57,11421741.45
0,354,0,51,31.93,0.01,67.63,118.57,11421741.45
0,354,0,51,31.93,0.01,67.63,118.57,11421741.45
0,354,0,51,31.93,0.01,67.63,118.57,11421741.45
0,354,0,51,31.93,0.01,67.63,118.57,11421741.45
0,354,0,51,31.93,0.01,67.63,118.57,11421741.45
0,354,0,51,31.93,0.01,67.63,118.57,11421741.45
0,354,0,51,31.93,0.01,67.63,118.57,11421741.45
0,354,0,51,31.93,0.01,67.63,118.57,11421741.45
0,354,0,51,31.93,0.01,67.63,118.57,11421741.45
0,354,0,51,31.93,0.01,67.63,118.57,11421741.45
0,354,0,51,31.93,0.01,67.63,118.57,11421741.45
0,354,0,51,31.93,0.01,67.63,118.57,11421741.45
0,354,0,51,31.93,0.01,67.63,118.57,11421741.45
0,354,0,51,31.93,0.01,67.63,118.57,11421741.45
0,354,0,51,31.93,0.01,67.63,118.57,11421741.45
0,354,0,51,31.93,0.01,67.63,118.57,11421741.45
0,354,0,51,31.93,0.01,67.63,118.57,11421741.45
0,354,0,51,31.93,0.01,67.63,118.57,11421741.45
0,354,0,51,31.93,0.01,67.63,118.57,11421741.45
0,354,0,51,31.93,0.01,67.63,118.57,11421741.45
0,354,0,51,31.93,0.01,67.63,118.57,11421741.45
0,354,0,51,31.93,0.01,67.63,118.57,11421741.45
0,354,0,51,31.93,0.01,67.63,118.57,11421741.45
0,354,0,51,31.93,0.01,67.63,118.57,11421741.45
0,354,0,51,31.93,0.01,67.63,118.57,11421741.45
0,354,0,51,31.93,0.01,67.63,118.57,11421741.45
0,354,0,51,31.93,0.01,67.63,118.57,11421741.45
0,354,0,51,31.93,0.01,67.63,118.57,11421741.45
0,354,0,51,31.93,0.01,67.63,118.57,11421741.45
0,354,0,51,31.93,0.01,67.63,118.57,11421741.45
0,354,0,51,31.93,0.01,67.63,118.57,11421741.45
0,640,0,8,24.91,0.01,88.96,120.16,16759727.78
0,321,0,16,42.37,0.01,58.21,140.25,9746549.65
0,379,0,24,31.93,0.01,63.32,126.24,10932255.98
0,359,0,32,31.93,0.01,61.33,122.99,10640588.4
0,383,0,39,31.93,0.01,66.34,120.75,11613658.5
0,359,0,45,31.93,0.01,66.5,121.68,11436306.59
0,354,0,51,31.93,0.01,67.63,118.57,11421741.45
0,354,0,51,31.93,0.01,67.63,118.57,11421741.45
0,354,0,51,31.93,0.01,67.63,118.57,11421741.45
0,354,0,51,31.93,0.01,67.63,118.57,11421741.45
0,354,0,51,31.93,0.01,67.63,118.57,11421741.45
0,354,0,51,31.93,0.01,67.63,118.57,11421741.45
0,354,0,51,31.93,0.01,67.63,118.57,11421741.45
0,354,0,51,31.93,0.01,67.63,118.57,11421741.45
0,354,0,51,31.93,0.01,67.63,118.57,11421741.45
0,354,0,51,31.93,0.01,67.63,118.57,11421741.45
0,354,0,51,31.93,0.01,67.63,118.57,11421741.45
0,354,0,51,31.93,0.01,67.63,118.57,11421741.45
0,354,0,51,31.93,0.01,67.63,118.57,11421741.45
0,354,0,51,31.93,0.01,67.63,118.57,11421741.45
0,354,0,51,31.93,0.01,67.63,118.57,11421741.45
0,354,0,51,31.93,0.01,67.63,118.57,11421741.45
0,354,0,51,31.93,0.01,67.63,118.57,11421741.45
0,354,0,51,31.93,0.01,67.63,118.57,11421741.45
0,354,0,51,31.93,0.01,67.63,118.57,11421741.45
0,354,0,51,31.93,0.01,67.63,118.57,11421741.45
0,354,0,51,31.93,0.01,67.63,118.57,11421741.45
0,354,0,51,31.93,0.01,67.63,118.57,11421741.45
0,354,0,51,31.93,0.01,67.63,118.57,11421741.45
0,354,0,51,31.93,0.01,67.63,118.57,11421741.45
0,354,0,51,31.93,0.01,67.63,118.57,11421741.45
0,354,0,51,31.93,0.01,67.63,118.57,11421741.45
0,354,0,51,31.93,0.01,67.63,118.57,11421741.45
0,354,0,51,31.93,0.01,67.63,118.57,11421741.45
0,354,0,51,31.93,0.01,67.63,118.57,11421741.45
0,354,0,51,31.93,0.01,67.63,118.57,11421741.45
0,354,0,51,31.93,0.01,67.63,118.57,11421741.45
0,354,0,51,31.93,0.01,67.63,118.57,11421741.45
0,354,0,51,31.93,0.01,67.63,118.57,11421741.45
0,354,0,51,31.93,0.01,67.63,118.57,11421741.45
0,354,0,51,31.93,0.01,67.63,118.57,11421741.45
0,354,0,51,31.93,0.01,67.63,118.57,11421741.45
0,354,0,51,31.93,0.01,67.63,118.57,11421741.45
0,354,0,51,31.93,0.01,67.63,118.57,11421741.45
0,354,0,51,31.93,0.01,67.63,118.57,11421741.45
0,354,0,51,31.93,0.01,67.63,118.57,11421741.45
0,354,0,51,31.93,0.01,67.63,118.57,11421741.45
0,354,0,51,31.93,0.01,67.63,118.57,11421741.45
0,354,0,51,31.93,0.01,67.63,118.57,11421741.45
0,354,0,51,31.93,0.01,67.63,118.57,11421741.45
0,354,0,51,31.93,0.01,67.63,118.57,11421741.45
0,354,0,51,31.93,0.01,67.63,118.57,11421741.45
0,354,0,51,31.93,0.01,67.63,118.57,11421741.45
0,354,0,51,31.93,0.01,67.63,118.57,11421741.45
0,354,0,51,31.93,0.01,67.63,118.57,11421741.45
0,354,0,51,31.93,0.01,67.63,118.57,11421741.45
0,661,0,8,24.91,0.01,91.43,119.17,16770287.23
0,321,0,16,42.37,0.01,58.21,140.25,9746549.65
0,379,0,24,31.93,0.01,63.32,126.24,10932255.98
0,359,0,32,31.93,0.01,61.33,122.99,10640588.4
0,383,0,39,31.93,0.01,66.34,120.75,11613658.5
0,359,0,45,31.93,0.01,66.5,121.68,11436306.59
0,354,0,51,31.93,0.01,67.63,118.57,11421741.45
0,354,0,51,31.93,0.01,67.63,118.57,11421741.45
0,354,0,51,31.93,0.01,67.63,118.57,11421741.45
0,354,0,51,31.93,0.01,67.63,118.57,11421741.45
0,354,0,51,31.93,0.01,67.63,118.57,11421741.45
0,354,0,51,31.93,0.01,67.63,118.57,11421741.45
0,354,0,51,31.93,0.01,67.63,118.57,11421741.45
0,354,0,51,31.93,0.01,67.63,118.57,11421741.45
0,354,0,51,31.93,0.01,67.63,118.57,11421741.45
0,354,0,51,31.93,0.01,67.63,118.57,11421741.45
0,354,0,51,31.93,0.01,67.63,118.57,11421741.45
0,354,0,51,31.93,0.01,67.63,118.57,11421741.45
0,354,0,51,31.93,0.01,67.63,118.57,11421741.45
0,354,0,51,31.93,0.01,67.63,118.57,11421741.45
0,354,0,51,31.93,0.01,67.63,118.57,11421741.45
0,354,0,51,31.93,0.01,67.63,118.57,11421741.45
0,354,0,51,31.93,0.01,67.63,118.57,11421741.45
0,354,0,51,31.93,0.01,67.63,118.57,11421741.45
0,354,0,51,31.93,0.01,67.63,118.57,11421741.45
0,354,0,51,31.93,0.01,67.63,118.57,11421741.45
0,354,0,51,31.93,0.01,67.63,118.57,11421741.45
0,354,0,51,31.93,0.01,67.63,118.57,11421741.45
0,354,0,51,31.93,0.01,67.63,118.57,11421741.45
0,354,0,51,31.93,0.01,67.63,118.57,11421741.45
0,354,0,51,31.93,0.01,67.63,118.57,11421741.45
0,354,0,51,31.93,0.01,67.63,118.57,11421741.45
0,354,0,51,31.93,0.01,67.63,118.57,11421741.45
0,354,0,51,31.93,0.01,67.63,118.57,11421741.45
0,354,0,51,31.93,0.01,67.63,118.57,11421741.45
0,354,0,51,31.93,0.01,67.63,118.57,11421741.45
0,354,0,51,31.93,0.01,67.63,118.57,11421741.45
0,354,0,51,31.93,0.01,67.63,118.57,11421741.45
0,354,0,51,31.93,0.01,67.63,118.57,11421741.45
0,354,0,51,31.93,0.01,67.63,118.57,11421741.45
0,354,0,51,31.93,0.01,67.63,118.57,11421741.45
0,354,0,51,31.93,0.01,67.63,118.57,11421741.45
0,354,0,51,31.93,0.01,67.63,118.57,11421741.45
0,354,0,51,31.93,0.01,67.63,118.57,11421741.45
0,354,0,51,31.93,0.01,67.63,118.57,11421741.45
0,354,0,51,31.93,0.01,67.63,118.57,11421741.45
0,354,0,51,31.93,0.01,67.63,118.57,11421741.45
0,354,0,51,31.93,0.01,67.63,118.57,11421741.45
0,354,0,51,31.93,0.01,67.63,118.57,11421741.45
0,354,0,51,31.93,0.01,67.63,118.57,11421741.45
0,354,0,51,31.93,0.01,67.63,118.57,11421741.45
0,354,0,51,31.93,0.01,67.63,118.57,11421741.45
0,354,0,51,31.93,0.01,67.63,118.57,11421741.45
0,354,0,51,31.93,0.01,67.63,118.57,11421741.45
0,354,0,51,31.93,0.01,67.63,118.57,11421741.45
0,354,0,51,31.93,0.01,67.63,118.57,11421741.45
0,704,0,8,24.91,0.01,91.25,112.38,17285476.18
0,321,0,16,42.37,0.01,58.21,140.25,9746549.65
0,379,0,24,31.93,0.01,63.32,126.24,10932255.98
0,359,0,32,31.93,0.01,61.33,122.99,10640588.4
0,383,0,39,31.93,0.01,66.34,120.75,11613658.5
0,359,0,45,31.93,0.01,66.5,121.68,11436306.59
0,354,0,51,31.93,0.01,67.63,118.57,11421741.45
0,354,0,51,31.93,0.01,67.63,118.57,11421741.45
0,354,0,51,31.93,0.01,67.63,118.57,11421741.45
0,354,0,51,31.93,0.01,67.63,118.57,11421741.45
0,354,0,51,31.93,0.01,67.63,118.57,11421741.45
0,354,0,51,31.93,0.01,67.63,118.57,11421741.45
0,354,0,51,31.93,0.01,67.63,118.57,11421741.45
0,354,0,51,31.93,0.01,67.63,118.57,11421741.45
0,354,0,51,31.93,0.01,67.63,118.57,11421741.45
0,354,0,51,31.93,0.01,67.63,118.57,11421741.45
0,354,0,51,31.93,0.01,67.63,118.57,11421741.45
0,354,0,51,31.93,0.01,67.63,118.57,11421741.45
0,354,0,51,31.93,0.01,67.63,118.57,11421741.45
0,354,0,51,31.93,0.01,67.63,118.57,11421741.45
0,354,0,51,31.93,0.01,67.63,118.57,11421741.45
0,354,0,51,31.93,0.01,67.63,118.57,11421741.45
0,354,0,51,31.93,0.01,67.63,118.57,11421741.45
0,354,0,51,31.93,0.01,67.63,118.57,11421741.45
0,354,0,51,31.93,0.01,67.63,118.57,11421741.45
0,354,0,51,31.93,0.01,67.63,118.57,11421741.45
0,354,0,51,31.93,0.01,67.63,118.57,11421741.45
0,354,0,51,31.93,0.01,67.63,118.57,11421741.45
0,354,0,51,31.93,0.01,67.63,118.57,11421741.45
0,354,0,51,31.93,0.01,67.63,118.57,11421741.45
0,354,0,51,31.93,0.01,67.63,118.57,11421741.45
0,354,0,51,31.93,0.01,67.63,118.57,11421741.45
0,354,0,51,31.93,0.01,67.63,118.57,11421741.45
0,354,0,51,31.93,0.01,67.63,118.57,11421741.45
0,354,0,51,31.93,0.01,67.63,118.57,11421741.45
0,354,0,51,31.93,0.01,67.63,118.57,11421741.45
0,354,0,51,31.93,0.01,67.63,118.57,11421741.45
0,354,0,51,31.93,0.01,67.63,118.57,11421741.45
0,354,0,51,31.93,0.01,67.63,118.57,11421741.45
0,354,0,51,31.93,0.01,67.63,118.57,11421741.45
0,354,0,51,31.93,0.01,67.63,118.57,11421741.45
0,354,0,51,31.93,0.01,67.63,118.57,11421741.45
0,354,0,51,31.93,0.01,67.63,118.57,11421741.45
0,354,0,51,31.93,0.01,67.63,118.57,11421741.45
0,354,0,51,31.93,0.01,67.63,118.57,11421741.45
0,354,0,51,31.93,0.01,67.63,118.57,11421741.45
0,354,0,51,31.93,0.01,67.63,118.57,11421741.45
0,354,0,51,31.93,0.01,67.63,118.57,11421741.45
0,354,0,51,31.93,0.01,67.63,118.57,11421741.45
0,354,0,51,31.93,0.01,67.63,118.57,11421741.45
0,354,0,51,31.93,0.01,67.63,118.57,11421741.45
0,354,0,51,31.93,0.01,67.63,118.57,11421741.45
0,354,0,51,31.93,0.01,67.63,118.57,11421741.45
0,354,0,51,31.93,0.01,67.63,118.57,11421741.45
0,354,0,51,31.93,0.01,67.63,118.57,11421741.45
0,354,0,51,31.93,0.01,67.63,118.57,11421741.45
0,755,0,8,22.82,0.01,95.91,109.64,17921522.83
0,321,0,16,42.37,0.01,58.21,140.25,9746549.65
0,379,0,24,31.93,0.01,63.32,126.24,10932255.98
0,359,0,32,31.93,0.01,61.33,122.99,10640588.4
0,383,0,39,31.93,0.01,66.34,120.75,11613658.5
0,359,0,45,31.93,0.01,66.5,121.68,11436306.59
0,354,0,51,31.93,0.01,67.63,118.57,11421741.45
0,354,0,51,31.93,0.01,67.63,118.57,11421741.45
0,354,0,51,31.93,0.01,67.63,118.57,11421741.45
0,354,0,51,31.93,0.01,67.63,118.57,11421741.45
0,354,0,51,31.93,0.01,67.63,118.57,11421741.45
0,354,0,51,31.93,0.01,67.63,118.57,11421741.45
0,354,0,51,31.93,0.01,67.63,118.57,11421741.45
0,354,0,51,31.93,0.01,67.63,118.57,11421741.45
0,354,0,51,31.93,0.01,67.63,118.57,11421741.45
0,354,0,51,31.93,0.01,67.63,118.57,11421741.45
0,354,0,51,31.93,0.01,67.63,118.57,11421741.45
0,354,0,51,31.93,0.01,67.63,118.57,11421741.45
0,354,0,51,31.93,0.01,67.63,118.57,11421741.45
0,354,0,51,31.93,0.01,67.63,118.57,11421741.45
0,354,0,51,31.93,0.01,67.63,118.57,11421741.45
0,354,0,51,31.93,0.01,67.63,118.57,11421741.45
0,354,0,51,31.93,0.01,67.63,118.57,11421741.45
0,354,0,51,31.93,0.01,67.63,118.57,11421741.45
0,354,0,51,31.93,0.01,67.63,118.57,11421741.45
0,354,0,51,31.93,0.01,67.63,118.57,11421741.45
0,354,0,51,31.93,0.01,67.63,118.57,11421741.45
0,354,0,51,31.93,0.01,67.63,118.57,11421741.45
0,354,0,51,31.93,0.01,67.63,118.57,11421741.45
0,354,0,51,31.93,0.01,67.63,118.57,11421741.45
0,354,0,51,31.93,0.01,67.63,118.57,11421741.45
0,354,0,51,31.93,0.01,67.63,118.57,11421741.45
0,354,0,51,31.93,0.01,67.63,118.57,11421741.45
0,354,0,51,31.93,0.01,67.63,118.57,11421741.45
0,354,0,51,31.93,0.01,67.63,118.57,11421741.45
0,354,0,51,31.93,0.01,67.63,118.57,11421741.45
0,354,0,51,31.93,0.01,67.63,118.57,11421741.45
0,354,0,51,31.93,0.01,67.63,118.57,11421741.45
0,354,0,51,31.93,0.01,67.63,118.57,11421741.45
0,354,0,51,31.93,0.01,67.63,118.57,11421741.45
0,354,0,51,31.93,0.01,67.63,118.57,11421741.45
0,354,0,51,31.93,0.01,67.63,118.57,11421741.45
0,354,0,51,31.93,0.01,67.63,118.57,11421741.45
0,354,0,51,31.93,0.01,67.63,118.57,11421741.45
0,354,0,51,31.93,0.01,67.63,118.57,11421741.45
0,354,0,51,31.93,0.01,67.63,118.57,11421741.45
0,354,0,51,31.93,0.01,67.63,118.57,11421741.45
0,354,0,51,31.93,0.01,67.63,118.57,11421741.45
0,354,0,51,31.93,0.01,67.63,118.57,11421741.45
0,354,0,51,31.93,0.01,67.63,118.57,11421741.45
0,354,0,51,31.93,0.01,67.63,118.57,11421741.45
0,354,0,51,31.93,0.01,67.63,118.57,11421741.45
0,354,0,51,31.93,0.01,67.63,118.57,11421741.45
0,354,0,51,31.93,0.01,67.63,118.57,11421741.45
0,354,0,51,31.93,0.01,67.63,118.57,11421741.45
0,354,0,51,31.93,0.01,67.63,118.57,11421741.45
0,832,0,8,24.91,0.01,100.28,104.98,19622863.43
0,321,0,16,42.37,0.01,58.21,140.25,9746549.65
0,379,0,24,31.93,0.01,63.32,126.24,10932255.98
0,359,0,32,31.93,0.01,61.33,122.99,10640588.4
0,383,0,39,31.93,0.01,66.34,120.75,11613658.5
0,359,0,45,31.93,0.01,66.5,121.68,11436306.59
0,354,0,51,31.93,0.01,67.63,118.57,11421741.45
0,354,0,51,31.93,0.01,67.63,118.57,11421741.45
0,354,0,51,31.93,0.01,67.63,118.57,11421741.45
0,354,0,51,31.93,0.01,67.63,118.57,11421741.45
0,354,0,51,31.93,0.01,67.63,118.57,11421741.45
0,354,0,51,31.93,0.01,67.63,118.57,11421741.45
0,354,0,51,31.93,0.01,67.63,118.57,11421741.45
0,354,0,51,31.93,0.01,67.63,118.57,11421741.45
0,354,0,51,31.93,0.01,67.63,118.57,11421741.45
0,354,0,51,31.93,0.01,67.63,118.57,11421741.45
0,354,0,51,31.93,0.01,67.63,118.57,11421741.45
0,354,0,51,31.93,0.01,67.63,118.57,11421741.45
0,354,0,51,31.93,0.01,67.63,118.57,11421741.45
0,354,0,51,31.93,0.01,67.63,118.57,11421741.45
0,354,0,51,31.93,0.01,67.63,118.57,11421741.45
0,354,0,51,31.93,0.01,67.63,118.57,11421741.45
0,354,0,51,31.93,0.01,67.63,118.57,11421741.45
0,354,0,51,31.93,0.01,67.63,118.57,11421741.45
0,354,0,51,31.93,0.01,67.63,118.57,11421741.45
0,354,0,51,31.93,0.01,67.63,118.57,11421741.45
0,354,0,51,31.93,0.01,67.63,118.57,11421741.45
0,354,0,51,31.93,0.01,67.63,118.57,11421741.45
0,354,0,51,31.93,0.01,67.63,118.57,11421741.45
0,354,0,51,31.93,0.01,67.63,118.57,11421741.45
0,354,0,51,31.93,0.01,67.63,118.57,11421741.45
0,354,0,51,31.93,0.01,67.63,118.57,11421741.45
0,354,0,51,31.93,0.01,67.63,118.57,11421741.45
0,354,0,51,31.93,0.01,67.63,118.57,11421741.45
0,354,0,51,31.93,0.01,67.63,118.57,11421741.45
0,354,0,51,31.93,0.01,67.63,118.57,11421741.45
0,354,0,51,31.93,0.01,67.63,118.57,11421741.45
0,354,0,51,31.93,0.01,67.63,118.57,11421741.45
0,354,0,51,31.93,0.01,67.63,118.57,11421741.45
0,354,0,51,31.93,0.01,67.63,118.57,11421741.45
0,354,0,51,31.93,0.01,67.63,118.57,11421741.45
0,354,0,51,31.93,0.01,67.63,118.57,11421741.45
0,354,0,51,31.93,0.01,67.63,118.57,11421741.45
0,354,0,51,31.93,0.01,67.63,118.57,11421741.45
0,354,0,51,31.93,0.01,67.63,118.57,11421741.45
0,354,0,51,31.93,0.01,67.63,118.57,11421741.45
0,354,0,51,31.93,0.01,67.63,118.57,11421741.45
0,354,0,51,31.93,0.01,67.63,118.57,11421741.45
0,354,0,51,31.93,0.01,67.63,118.57,11421741.45
0,354,0,51,31.93,0.01,67.63,118.57,11421741.45
0,354,0,51,31.93,0.01,67.63,118.57,11421741.45
0,354,0,51,31.93,0.01,67.63,118.57,11421741.45
0,354,0,51,31.93,0.01,67.63,118.57,11421741.45
0,354,0,51,31.93,0.01,67.63,118.57,11421741.45
0,354,0,51,31.93,0.01,67.63,118.57,11421741.45
0,354,0,51,31.93,0.01,67.63,118.57,11421741.45
0,864,0,8,23.89,0.01,101.68,102.6,19723604.31
0,321,0,16,42.37,0.01,58.21,140.25,9746549.65
0,379,0,24,31.93,0.01,63.32,126.24,10932255.98
0,359,0,32,31.93,0.01,61.33,122.99,10640588.4
0,383,0,39,31.93,0.01,66.34,120.75,11613658.5
0,359,0,45,31.93,0.01,66.5,121.68,11436306.59
0,354,0,51,31.93,0.01,67.63,118.57,11421741.45
0,354,0,51,31.93,0.01,67.63,118.57,11421741.45
0,354,0,51,31.93,0.01,67.63,118.57,11421741.45
0,354,0,51,31.93,0.01,67.63,118.57,11421741.45
0,354,0,51,31.93,0.01,67.63,118.57,11421741.45
0,354,0,51,31.93,0.01,67.63,118.57,11421741.45
0,354,0,51,31.93,0.01,67.63,118.57,11421741.45
0,354,0,51,31.93,0.01,67.63,118.57,11421741.45
0,354,0,51,31.93,0.01,67.63,118.57,11421741.45
0,354,0,51,31.93,0.01,67.63,118.57,11421741.45
0,354,0,51,31.93,0.01,67.63,118.57,11421741.45
0,354,0,51,31.93,0.01,67.63,118.57,11421741.45
0,354,0,51,31.93,0.01,67.63,118.57,11421741.45
0,354,0,51,31.93,0.01,67.63,118.57,11421741.45
0,354,0,51,31.93,0.01,67.63,118.57,11421741.45
0,354,0,51,31.93,0.01,67.63,118.57,11421741.45
0,354,0,51,31.93,0.01,67.63,118.57,11421741.45
0,354,0,51,31.93,0.01,67.63,118.57,11421741.45
0,354,0,51,31.93,0.01,67.63,118.57,11421741.45
0,354,0,51,31.93,0.01,67.63,118.57,11421741.45
0,354,0,51,31.93,0.01,67.63,118.57,11421741.45
0,354,0,51,31.93,0.01,67.63,118.57,11421741.45
0,354,0,51,31.93,0.01,67.63,118.57,11421741.45
0,354,0,51,31.93,0.01,67.63,118.57,11421741.45
0,354,0,51,31.93,0.01,67.63,118.57,11421741.45
0,354,0,51,31.93,0.01,67.63,118.57,11421741.45
0,354,0,51,31.93,0.01,67.63,118.57,11421741.45
0,354,0,51,31.93,0.01,67.63,118.57,11421741.45
0,354,0,51,31.93,0.01,67.63,118.57,11421741.45
0,354,0,51,31.93,0.01,67.63,118.57,11421741.45
0,354,0,51,31.93,0.01,67.63,118.57,11421741.45
0,354,0,51,31.93,0.01,67.63,118.57,11421741.45
0,354,0,51,31.93,0.01,67.63,118.57,11421741.45
0,354,0,51,31.93,0.01,67.63,118.57,11421741.45
0,354,0,51,31.93,0.01,67.63,118.57,11421741.45
0,354,0,51,31.93,0.01,67.63,118.57,11421741.45
0,354,0,51,31.93,0.01,67.63,118.57,11421741.45
0,354,0,51,31.93,0.01,67.63,118.57,11421741.45
0,354,0,51,31.93,0.01,67.63,118.57,11421741.45
0,354,0,51,31.93,0.01,67.63,118.57,11421741.45
0,354,0,51,31.93,0.01,67.63,118.57,11421741.45
0,354,0,51,31.93,0.01,67.63,118.57,11421741.45
0,354,0,51,31.93,0.01,67.63,118.57,11421741.45
0,354,0,51,31.93,0.01,67.63,118.57,11421741.45
0,354,0,51,31.93,0.01,67.63,118.57,11421741.45
0,354,0,51,31.93,0.01,67.63,118.57,11421741.45
0,354,0,51,31.93,0.01,67.63,118.57,11421741.45
0,354,0,51,31.93,0.01,67.63,118.57,11421741.45
0,354,0,51,31.93,0.01,67.63,118.57,11421741.45
0,354,0,51,31.93,0.01,67.63,118.57,11421741.45
0,896,0,8,23.89,0.01,106.28,103.49,19846362.15
0,321,0,16,42.37,0.01,58.21,140.25,9746549.65
0,379,0,24,31.93,0.01,63.32,126.24,10932255.98
0,359,0,32,31.93,0.01,61.33,122.99,10640588.4
0,383,0,39,31.93,0.01,66.34,120.75,11613658.5
0,359,0,45,31.93,0.01,66.5,121.68,11436306.59
0,354,0,51,31.93,0.01,67.63,118.57,11421741.45
0,354,0,51,31.93,0.01,67.63,118.57,11421741.45
0,354,0,51,31.93,0.01,67.63,118.57,11421741.45
0,354,0,51,31.93,0.01,67.63,118.57,11421741.45
0,354,0,51,31.93,0.01,67.63,118.57,11421741.45
0,354,0,51,31.93,0.01,67.63,118.57,11421741.45
0,354,0,51,31.93,0.01,67.63,118.57,11421741.45
0,354,0,51,31.93,0.01,67.63,118.57,11421741.45
0,354,0,51,31.93,0.01,67.63,118.57,11421741.45
0,354,0,51,31.93,0.01,67.63,118.57,11421741.45
0,354,0,51,31.93,0.01,67.63,118.57,11421741.45
0,354,0,51,31.93,0.01,67.63,118.57,11421741.45
0,354,0,51,31.93,0.01,67.63,118.57,11421741.45
0,354,0,51,31.93,0.01,67.63,118.57,11421741.45
0,354,0,51,31.93,0.01,67.63,118.57,11421741.45
0,354,0,51,31.93,0.01,67.63,118.57,11421741.45
0,354,0,51,31.93,0.01,67.63,118.57,11421741.45
0,354,0,51,31.93,0.01,67.63,118.57,11421741.45
0,354,0,51,31.93,0.01,67.63,118.57,11421741.45
0,354,0,51,31.93,0.01,67.63,118.57,11421741.45
0,354,0,51,31.93,0.01,67.63,118.57,11421741.45
0,354,0,51,31.93,0.01,67.63,118.57,11421741.45
0,354,0,51,31.93,0.01,67.63,118.57,11421741.45
0,354,0,51,31.93,0.01,67.63,118.57,11421741.45
0,354,0,51,31.93,0.01,67.63,118.57,11421741.45
0,354,0,51,31.93,0.01,67.63,118.57,11421741.45
0,354,0,51,31.93,0.01,67.63,118.57,11421741.45
0,354,0,51,31.93,0.01,67.63,118.57,11421741.45
0,354,0,51,31.93,0.01,67.63,118.57,11421741.45
0,354,0,51,31.93,0.01,67.63,118.57,11421741.45
0,354,0,51,31.93,0.01,67.63,118.57,11421741.45
0,354,0,51,31.93,0.01,67.63,118.57,11421741.45
0,354,0,51,31.93,0.01,67.63,118.57,11421741.45
0,354,0,51,31.93,0.01,67.63,118.57,11421741.45
0,354,0,51,31.93,0.01,67.63,118.57,11421741.45
0,354,0,51,31.93,0.01,67.63,118.57,11421741.45
0,354,0,51,31.93,0.01,67.63,118.57,11421741.45
0,354,0,51,31.93,0.01,67.63,118.57,11421741.45
0,354,0,51,31.93,0.01,67.63,118.57,11421741.45
0,354,0,51,31.93,0.01,67.63,118.57,11421741.45
0,354,0,51,31.93,0.01,67.63,118.57,11421741.45
0,354,0,51,31.93,0.01,67.63,118.57,11421741.45
0,354,0,51,31.93,0.01,67.63,118.57,11421741.45
0,354,0,51,31.93,0.01,67.63,118.57,11421741.45
0,354,0,51,31.93,0.01,67.63,118.57,11421741.45
0,354,0,51,31.93,0.01,67.63,118.57,11421741.45
0,354,0,51,31.93,0.01,67.63,118.57,11421741.45
0,354,0,51,31.93,0.01,67.63,118.57,11421741.45
0,354,0,51,31.93,0.01,67.63,118.57,11421741.45
0,354,0,51,31.93,0.01,67.63,118.57,11421741.45
0,924,0,8,23.89,0.01,106.02,99.76,19753922.19
0,321,0,16,42.37,0.01,58.21,140.25,9746549.65
0,379,0,24,31.93,0.01,63.32,126.24,10932255.98
0,359,0,32,31.93,0.01,61.33,122.99,10640588.4
0,383,0,39,31.93,0.01,66.34,120.75,11613658.5
0,359,0,45,31.93,0.01,66.5,121.68,11436306.59
0,354,0,51,31.93,0.01,67.63,118.57,11421741.45
0,354,0,51,31.93,0.01,67.63,118.57,11421741.45
0,354,0,51,31.93,0.01,67.63,118.57,11421741.45
0,354,0,51,31.93,0.01,67.63,118.57,11421741.45
0,354,0,51,31.93,0.01,67.63,118.57,11421741.45
0,354,0,51,31.93,0.01,67.63,118.57,11421741.45
0,354,0,51,31.93,0.01,67.63,118.57,11421741.45
0,354,0,51,31.93,0.01,67.63,118.57,11421741.45
0,354,0,51,31.93,0.01,67.63,118.57,11421741.45
0,354,0,51,31.93,0.01,67.63,118.57,11421741.45
0,354,0,51,31.93,0.01,67.63,118.57,11421741.45
0,354,0,51,31.93,0.01,67.63,118.57,11421741.45
0,354,0,51,31.93,0.01,67.63,118.57,11421741.45
0,354,0,51,31.93,0.01,67.63,118.57,11421741.45
0,354,0,51,31.93,0.01,67.63,118.57,11421741.45
0,354,0,51,31.93,0.01,67.63,118.57,11421741.45
0,354,0,51,31.93,0.01,67.63,118.57,11421741.45
0,354,0,51,31.93,0.01,67.63,118.57,11421741.45
0,354,0,51,31.93,0.01,67.63,118.57,11421741.45
0,354,0,51,31.93,0.01,67.63,118.57,11421741.45
0,354,0,51,31.93,0.01,67.63,118.57,11421741.45
0,354,0,51,31.93,0.01,67.63,118.57,11421741.45
0,354,0,51,31.93,0.01,67.63,118.57,11421741.45
0,354,0,51,31.93,0.01,67.63,118.57,11421741.45
0,354,0,51,31.93,0.01,67.63,118.57,11421741.45
0,354,0,51,31.93,0.01,67.63,118.57,11421741.45
0,354,0,51,31.93,0.01,67.63,118.57,11421741.45
0,354,0,51,31.93,0.01,67.63,118.57,11421741.45
0,354,0,51,31.93,0.01,67.63,118.57,11421741.45
0,354,0,51,31.93,0.01,67.63,118.57,11421741.45
0,354,0,51,31.93,0.01,67.63,118.57,11421741.45
0,354,0,51,31.93,0.01,67.63,118.57,11421741.45
0,354,0,51,31.93,0.01,67.63,118.57,11421741.45
0,354,0,51,31.93,0.01,67.63,118.57,11421741.45
0,354,0,51,31.93,0.01,67.63,118.57,11421741.45
0,354,0,51,31.93,0.01,67.63,118.57,11421741.45
0,354,0,51,31.93,0.01,67.63,118.57,11421741.45
0,354,0,51,31.93,0.01,67.63,118.57,11421741.45
0,354,0,51,31.93,0.01,67.63,118.57,11421741.45
0,354,0,51,31.93,0.01,67.63,118.57,11421741.45
0,354,0,51,31.93,0.01,67.63,118.57,11421741.45
0,354,0,51,31.93,0.01,67.63,118.57,11421741.45
0,354,0,51,31.93,0.01,67.63,118.57,11421741.45
0,354,0,51,31.93,0.01,67.63,118.57,11421741.45
0,354,0,51,31.93,0.01,67.63,118.57,11421741.45
0,354,0,51,31.93,0.01,67.63,118.57,11421741.45
0,354,0,51,31.93,0.01,67.63,118.57,11421741.45
0,354,0,51,31.93,0.01,67.63,118.57,11421741.45
0,354,0,51,31.93,0.01,67.63,118.57,11421741.45
0,354,0,51,31.93,0.01,67.63,118.57,11421741.45
0,924,0,8,23.89,0.01,106.02,99.76,19753922.19
0,321,0,16,42.37,0.01,58.21,140.25,9746549.65
0,379,0,24,31.93,0.01,63.32,126.24,10932255.98
0,359,0,32,31.93,0.01,61.33,122.99,10640588.4
0,383,0,39,31.93,0.01,66.34,120.75,11613658.5
0,359,0,45,31.93,0.01,66.5,121.68,11436306.59
0,354,0,51,31.93,0.01,67.63,118.57,11421741.45
0,354,0,51,31.93,0.01,67.63,118.57,11421741.45
0,354,0,51,31.93,0.01,67.63,118.57,11421741.45
0,354,0,51,31.93,0.01,67.63,118.57,11421741.45
0,354,0,51,31.93,0.01,67.63,118.57,11421741.45
0,354,0,51,31.93,0.01,67.63,118.57,11421741.45
0,354,0,51,31.93,0.01,67.63,118.57,11421741.45
0,354,0,51,31.93,0.01,67.63,118.57,11421741.45
0,354,0,51,31.93,0.01,67.63,118.57,11421741.45
0,354,0,51,31.93,0.01,67.63,118.57,11421741.45
0,354,0,51,31.93,0.01,67.63,118.57,11421741.45
0,354,0,51,31.93,0.01,67.63,118.57,11421741.45
0,354,0,51,31.93,0.01,67.63,118.57,11421741.45
0,354,0,51,31.93,0.01,67.63,118.57,11421741.45
0,354,0,51,31.93,0.01,67.63,118.57,11421741.45
0,354,0,51,31.93,0.01,67.63,118.57,11421741.45
0,354,0,51,31.93,0.01,67.63,118.57,11421741.45
0,354,0,51,31.93,0.01,67.63,118.57,11421741.45
0,354,0,51,31.93,0.01,67.63,118.57,11421741.45
0,354,0,51,31.93,0.01,67.63,118.57,11421741.45
0,354,0,51,31.93,0.01,67.63,118.57,11421741.45
0,354,0,51,31.93,0.01,67.63,118.57,11421741.45
0,354,0,51,31.93,0.01,67.63,118.57,11421741.45
0,354,0,51,31.93,0.01,67.63,118.57,11421741.45
0,354,0,51,31.93,0.01,67.63,118.57,11421741.45
0,354,0,51,31.93,0.01,67.63,118.57,11421741.45
0,354,0,51,31.93,0.01,67.63,118.57,11421741.45
0,354,0,51,31.93,0.01,67.63,118.57,11421741.45
0,354,0,51,31.93,0.01,67.63,118.57,11421741.45
0,354,0,51,31.93,0.01,67.63,118.57,11421741.45
0,354,0,51,31.93,0.01,67.63,118.57,11421741.45
0,354,0,51,31.93,0.01,67.63,118.57,11421741.45
0,354,0,51,31.93,0.01,67.63,118.57,11421741.45
0,354,0,51,31.93,0.01,67.63,118.57,11421741.45
0,354,0,51,31.93,0.01,67.63,118.57,11421741.45
0,354,0,51,31.93,0.01,67.63,118.57,11421741.45
0,354,0,51,31.93,0.01,67.63,118.57,11421741.45
0,354,0,51,31.93,0.01,67.63,118.57,11421741.45
0,354,0,51,31.93,0.01,67.63,118.57,11421741.45
0,354,0,51,31.93,0.01,67.63,118.57,11421741.45
0,354,0,51,31.93,0.01,67.63,118.57,11421741.45
0,354,0,51,31.93,0.01,67.63,118.57,11421741.45
0,354,0,51,31.93,0.01,67.63,118.57,11421741.45
0,354,0,51,31.93,0.01,67.63,118.57,11421741.45
0,354,0,51,31.93,0.01,67.63,118.57,11421741.45
0,354,0,51,31.93,0.01,67.63,118.57,11421741.45
0,354,0,51,31.93,0.01,67.63,118.57,11421741.45
0,354,0,51,31.93,0.01,67.63,118.57,11421741.45
0,354,0,51,31.93,0.01,67.63,118.57,11421741.45
0,354,0,51,31.93,0.01,67.63,118.57,11421741.45
0,924,0,8,23.89,0.01,106.02,99.76,19753922.19
0,321,0,16,42.37,0.01,58.21,140.25,9746549.65
0,379,0,24,31.93,0.01,63.32,126.24,10932255.98
0,359,0,32,31.93,0.01,61.33,122.99,10640588.4
0,383,0,39,31.93,0.01,66.34,120.75,11613658.5
0,359,0,45,31.93,0.01,66.5,121.68,11436306.59
0,354,0,51,31.93,0.01,67.63,118.57,11421741.45
0,354,0,51,31.93,0.01,67.63,118.57,11421741.45
0,354,0,51,31.93,0.01,67.63,118.57,11421741.45
0,354,0,51,31.93,0.01,67.63,118.57,11421741.45
0,354,0,51,31.93,0.01,67.63,118.57,11421741.45
0,354,0,51,31.93,0.01,67.63,118.57,11421741.45
0,354,0,51,31.93,0.01,67.63,118.57,11421741.45
0,354,0,51,31.93,0.01,67.63,118.57,11421741.45
0,354,0,51,31.93,0.01,67.63,118.57,11421741.45
0,354,0,51,31.93,0.01,67.63,118.57,11421741.45
0,354,0,51,31.93,0.01,67.63,118.57,11421741.45
0,354,0,51,31.93,0.01,67.63,118.57,11421741.45
0,354,0,51,31.93,0.01,67.63,118.57,11421741.45
0,354,0,51,31.93,0.01,67.63,118.57,11421741.45
0,354,0,51,31.93,0.01,67.63,118.57,11421741.45
0,354,0,51,31.93,0.01,67.63,118.57,11421741.45
0,354,0,51,31.93,0.01,67.63,118.57,11421741.45
0,354,0,51,31.93,0.01,67.63,118.57,11421741.45
0,354,0,51,31.93,0.01,67.63,118.57,11421741.45
0,354,0,51,31.93,0.01,67.63,118.57,11421741.45
0,354,0,51,31.93,0.01,67.63,118.57,11421741.45
0,354,0,51,31.93,0.01,67.63,118.57,11421741.45
0,354,0,51,31.93,0.01,67.63,118.57,11421741.45
0,354,0,51,31.93,0.01,67.63,118.57,11421741.45
0,354,0,51,31.93,0.01,67.63,118.57,11421741.45
0,354,0,51,31.93,0.01,67.63,118.57,11421741.45
0,354,0,51,31.93,0.01,67.63,118.57,11421741.45
0,354,0,51,31.93,0.01,67.63,118.57,11421741.45
0,354,0,51,31.93,0.01,67.63,118.57,11421741.45
0,354,0,51,31.93,0.01,67.63,118.57,11421741.45
0,354,0,51,31.93,0.01,67.63,118.57,11421741.45
0,354,0,51,31.93,0.01,67.63,118.57,11421741.45
0,354,0,51,31.93,0.01,67.63,118.57,11421741.45
0,354,0,51,31.93,0.01,67.63,118.57,11421741.45
0,354,0,51,31.93,0.01,67.63,118.57,11421741.45
0,354,0,51,31.93,0.01,67.63,118.57,11421741.45
0,354,0,51,31.93,0.01,67.63,118.57,11421741.45
0,354,0,51,31.93,0.01,67.63,118.57,11421741.45
0,354,0,51,31.93,0.01,67.63,118.57,11421741.45
0,354,0,51,31.93,0.01,67.63,118.57,11421741.45
0,354,0,51,31.93,0.01,67.63,118.57,11421741.45
0,354,0,51,31.93,0.01,67.63,118.57,11421741.45
0,354,0,51,31.93,0.01,67.63,118.57,11421741.45
0,354,0,51,31.93,0.01,67.63,118.57,11421741.45
0,354,0,51,31.93,0.01,67.63,118.57,11421741.45
0,354,0,51,31.93,0.01,67.63,118.57,11421741.45
0,354,0,51,31.93,0.01,67.63,118.57,11421741.45
0,354,0,51,31.93,0.01,67.63,118.57,11421741.45
0,354,0,51,31.93,0.01,67.63,118.57,11421741.45
0,354,0,51,31.93,0.01,67.63,118.57,11421741.45
0,924,0,8,23.89,0.01,106.02,99.76,19753922.19
0,321,0,16,42.37,0.01,58.21,140.25,9746549.65
0,379,0,24,31.93,0.01,63.32,126.24,10932255.98
0,359,0,32,31.93,0.01,61.33,122.99,10640588.4
0,383,0,39,31.93,0.01,66.34,120.75,11613658.5
0,359,0,45,31.93,0.01,66.5,121.68,11436306.59
0,354,0,51,31.93,0.01,67.63,118.57,11421741.45
0,354,0,51,31.93,0.01,67.63,118.57,11421741.45
0,354,0,51,31.93,0.01,67.63,118.57,11421741.45
0,354,0,51,31.93,0.01,67.63,118.57,11421741.45
0,354,0,51,31.93,0.01,67.63,118.57,11421741.45
0,354,0,51,31.93,0.01,67.63,118.57,11421741.45
0,354,0,51,31.93,0.01,67.63,118.57,11421741.45
0,354,0,51,31.93,0.01,67.63,118.57,11421741.45
0,354,0,51,31.93,0.01,67.63,118.57,11421741.45
0,354,0,51,31.93,0.01,67.63,118.57,11421741.45
0,354,0,51,31.93,0.01,67.63,118.57,11421741.45
0,354,0,51,31.93,0.01,67.63,118.57,11421741.45
0,354,0,51,31.93,0.01,67.63,118.57,11421741.45
0,354,0,51,31.93,0.01,67.63,118.57,11421741.45
0,354,0,51,31.93,0.01,67.63,118.57,11421741.45
0,354,0,51,31.93,0.01,67.63,118.57,11421741.45
0,354,0,51,31.93,0.01,67.63,118.57,11421741.45
0,354,0,51,31.93,0.01,67.63,118.57,11421741.45
0,354,0,51,31.93,0.01,67.63,118.57,11421741.45
0,354,0,51,31.93,0.01,67.63,118.57,11421741.45
0,354,0,51,31.93,0.01,67.63,118.57,11421741.45
0,354,0,51,31.93,0.01,67.63,118.57,11421741.45
0,354,0,51,31.93,0.01,67.63,118.57,11421741.45
0,354,0,51,31.93,0.01,67.63,118.57,11421741.45
0,354,0,51,31.93,0.01,67.63,118.57,11421741.45
0,354,0,51,31.93,0.01,67.63,118.57,11421741.45
0,354,0,51,31.93,0.01,67.63,118.57,11421741.45
0,354,0,51,31.93,0.01,67.63,118.57,11421741.45
0,354,0,51,31.93,0.01,67.63,118.57,11421741.45
0,354,0,51,31.93,0.01,67.63,118.57,11421741.45
0,354,0,51,31.93,0.01,67.63,118.57,11421741.45
0,354,0,51,31.93,0.01,67.63,118.57,11421741.45
0,354,0,51,31.93,0.01,67.63,118.57,11421741.45
0,354,0,51,31.93,0.01,67.63,118.57,11421741.45
0,354,0,51,31.93,0.01,67.63,118.57,11421741.45
0,354,0,51,31.93,0.01,67.63,118.57,11421741.45
0,354,0,51,31.93,0.01,67.63,118.57,11421741.45
0,354,0,51,31.93,0.01,67.63,118.57,11421741.45
0,354,0,51,31.93,0.01,67.63,118.57,11421741.45
0,354,0,51,31.93,0.01,67.63,118.57,11421741.45
0,354,0,51,31.93,0.01,67.63,118.57,11421741.45
0,354,0,51,31.93,0.01,67.63,118.57,11421741.45
0,354,0,51,31.93,0.01,67.63,118.57,11421741.45
0,354,0,51,31.93,0.01,67.63,118.57,11421741.45
0,354,0,51,31.93,0.01,67.63,118.57,11421741.45
0,354,0,51,31.93,0.01,67.63,118.57,11421741.45
0,354,0,51,31.93,0.01,67.63,118.57,11421741.45
0,354,0,51,31.93,0.01,67.63,118.57,11421741.45
0,354,0,51,31.93,0.01,67.63,118.57,11421741.45
0,354,0,51,31.93,0.01,67.63,118.57,11421741.45
0,924,0,8,23.89,0.01,106.02,99.76,19753922.19
0,321,0,16,42.37,0.01,58.21,140.25,9746549.65
0,379,0,24,31.93,0.01,63.32,126.24,10932255.98
0,359,0,32,31.93,0.01,61.33,122.99,10640588.4
0,383,0,39,31.93,0.01,66.34,120.75,11613658.5
0,359,0,45,31.93,0.01,66.5,121.68,11436306.59
0,354,0,51,31.93,0.01,67.63,118.57,11421741.45
0,354,0,51,31.93,0.01,67.63,118.57,11421741.45
0,354,0,51,31.93,0.01,67.63,118.57,11421741.45
0,354,0,51,31.93,0.01,67.63,118.57,11421741.45
0,354,0,51,31.93,0.01,67.63,118.57,11421741.45
0,354,0,51,31.93,0.01,67.63,118.57,11421741.45
0,354,0,51,31.93,0.01,67.63,118.57,11421741.45
0,354,0,51,31.93,0.01,67.63,118.57,11421741.45
0,354,0,51,31.93,0.01,67.63,118.57,11421741.45
0,354,0,51,31.93,0.01,67.63,118.57,11421741.45
0,354,0,51,31.93,0.01,67.63,118.57,11421741.45
0,354,0,51,31.93,0.01,67.63,118.57,11421741.45
0,354,0,51,31.93,0.01,67.63,118.57,11421741.45
0,354,0,51,31.93,0.01,67.63,118.57,11421741.45
0,354,0,51,31.93,0.01,67.63,118.57,11421741.45
0,354,0,51,31.93,0.01,67.63,118.57,11421741.45
0,354,0,51,31.93,0.01,67.63,118.57,11421741.45
0,354,0,51,31.93,0.01,67.63,118.57,11421741.45
0,354,0,51,31.93,0.01,67.63,118.57,11421741.45
0,354,0,51,31.93,0.01,67.63,118.57,11421741.45
0,354,0,51,31.93,0.01,67.63,118.57,11421741.45
0,354,0,51,31.93,0.01,67.63,118.57,11421741.45
0,354,0,51,31.93,0.01,67.63,118.57,11421741.45
0,354,0,51,31.93,0.01,67.63,118.57,11421741.45
0,354,0,51,31.93,0.01,67.63,118.57,11421741.45
0,354,0,51,31.93,0.01,67.63,118.57,11421741.45
0,354,0,51,31.93,0.01,67.63,118.57,11421741.45
0,354,0,51,31.93,0.01,67.63,118.57,11421741.45
0,354,0,51,31.93,0.01,67.63,118.57,11421741.45
0,354,0,51,31.93,0.01,67.63,118.57,11421741.45
0,354,0,51,31.93,0.01,67.63,118.57,11421741.45
0,354,0,51,31.93,0.01,67.63,118.57,11421741.45
0,354,0,51,31.93,0.01,67.63,118.57,11421741.45
0,354,0,51,31.93,0.01,67.63,118.57,11421741.45
0,354,0,51,31.93,0.01,67.63,118.57,11421741.45
0,354,0,51,31.93,0.01,67.63,118.57,11421741.45
0,354,0,51,31.93,0.01,67.63,118.57,11421741.45
0,354,0,51,31.93,0.01,67.63,118.57,11421741.45
0,354,0,51,31.93,0.01,67.63,118.57,11421741.45
0,354,0,51,31.93,0.01,67.63,118.57,11421741.45
0,354,0,51,31.93,0.01,67.63,118.57,11421741.45
0,354,0,51,31.93,0.01,67.63,118.57,11421741.45
0,354,0,51,31.93,0.01,67.63,118.57,11421741.45
0,354,0,51,31.93,0.01,67.63,118.57,11421741.45
0,354,0,51,31.93,0.01,67.63,118.57,11421741.45
0,354,0,51,31.93,0.01,67.63,118.57,11421741.45
0,354,0,51,31.93,0.01,67.63,118.57,11421741.45
0,354,0,51,31.93,0.01,67.63,118.57,11421741.45
0,354,0,51,31.93,0.01,67.63,118.57,11421741.45
0,354,0,51,31.93,0.01,67.63,118.57,11421741.45
0,924,0,8,23.89,0.01,106.02,99.76,19753922.19
0,321,0,16,42.37,0.01,58.21,140.25,9746549.65
0,379,0,24,31.93,0.01,63.32,126.24,10932255.98
0,359,0,32,31.93,0.01,61.33,122.99,10640588.4
0,383,0,39,31.93,0.01,66.34,120.75,11613658.5
0,359,0,45,31.93,0.01,66.5,121.68,11436306.59
0,354,0,51,31.93,0.01,67.63,118.57,11421741.45
0,354,0,51,31.93,0.01,67.63,118.57,11421741.45
0,354,0,51,31.93,0.01,67.63,118.57,11421741.45
0,354,0,51,31.93,0.01,67.63,118.57,11421741.45
0,354,0,51,31.93,0.01,67.63,118.57,11421741.45
0,354,0,51,31.93,0.01,67.63,118.57,11421741.45
0,354,0,51,31.93,0.01,67.63,118.57,11421741.45
0,354,0,51,31.93,0.01,67.63,118.57,11421741.45
0,354,0,51,31.93,0.01,67.63,118.57,11421741.45
0,354,0,51,31.93,0.01,67.63,118.57,11421741.45
0,354,0,51,31.93,0.01,67.63,118.57,11421741.45
0,354,0,51,31.93,0.01,67.63,118.57,11421741.45
0,354,0,51,31.93,0.01,67.63,118.57,11421741.45
0,354,0,51,31.93,0.01,67.63,118.57,11421741.45
0,354,0,51,31.93,0.01,67.63,118.57,11421741.45
0,354,0,51,31.93,0.01,67.63,118.57,11421741.45
0,354,0,51,31.93,0.01,67.63,118.57,11421741.45
0,354,0,51,31.93,0.01,67.63,118.57,11421741.45
0,354,0,51,31.93,0.01,67.63,118.57,11421741.45
0,354,0,51,31.93,0.01,67.63,118.57,11421741.45
0,354,0,51,31.93,0.01,67.63,118.57,11421741.45
0,354,0,51,31.93,0.01,67.63,118.57,11421741.45
0,354,0,51,31.93,0.01,67.63,118.57,11421741.45
0,354,0,51,31.93,0.01,67.63,118.57,11421741.45
0,354,0,51,31.93,0.01,67.63,118.57,11421741.45
0,354,0,51,31.93,0.01,67.63,118.57,11421741.45
0,354,0,51,31.93,0.01,67.63,118.57,11421741.45
0,354,0,51,31.93,0.01,67.63,118.57,11421741.45
0,354,0,51,31.93,0.01,67.63,118.57,11421741.45
0,354,0,51,31.93,0.01,67.63,118.57,11421741.45
0,354,0,51,31.93,0.01,67.63,118.57,11421741.45
0,354,0,51,31.93,0.01,67.63,118.57,11421741.45
0,354,0,51,31.93,0.01,67.63,118.57,11421741.45
0,354,0,51,31.93,0.01,67.63,118.57,11421741.45
0,354,0,51,31.93,0.01,67.63,118.57,11421741.45
0,354,0,51,31.93,0.01,67.63,118.57,11421741.45
0,354,0,51,31.93,0.01,67.63,118.57,11421741.45
0,354,0,51,31.93,0.01,67.63,118.57,11421741.45
0,354,0,51,31.93,0.01,67.63,118.57,11421741.45
0,354,0,51,31.93,0.01,67.63,118.57,11421741.45
0,354,0,51,31.93,0.01,67.63,118.57,11421741.45
0,354,0,51,31.93,0.01,67.63,118.57,11421741.45
0,354,0,51,31.93,0.01,67.63,118.57,11421741.45
0,354,0,51,31.93,0.01,67.63,118.57,11421741.45
0,354,0,51,31.93,0.01,67.63,118.57,11421741.45
0,354,0,51,31.93,0.01,67.63,118.57,11421741.45
0,354,0,51,31.93,0.01,67.63,118.57,11421741.45
0,354,0,51,31.93,0.01,67.63,118.57,11421741.45
0,354,0,51,31.93,0.01,67.63,118.57,11421741.45
0,354,0,51,31.93,0.01,67.63,118.57,11421741.45
0,924,0,8,23.89,0.01,106.02,99.76,19753922.19
0,321,0,16,42.37,0.01,58.21,140.25,9746549.65
0,379,0,24,31.93,0.01,63.32,126.24,10932255.98
0,359,0,32,31.93,0.01,61.33,122.99,10640588.4
0,383,0,39,31.93,0.01,66.34,120.75,11613658.5
0,359,0,45,31.93,0.01,66.5,121.68,11436306.59
0,354,0,51,31.93,0.01,67.63,118.57,11421741.45
0,354,0,51,31.93,0.01,67.63,118.57,11421741.45
0,354,0,51,31.93,0.01,67.63,118.57,11421741.45
0,354,0,51,31.93,0.01,67.63,118.57,11421741.45
0,354,0,51,31.93,0.01,67.63,118.57,11421741.45
0,354,0,51,31.93,0.01,67.63,118.57,11421741.45
0,354,0,51,31.93,0.01,67.63,118.57,11421741.45
0,354,0,51,31.93,0.01,67.63,118.57,11421741.45
0,354,0,51,31.93,0.01,67.63,118.57,11421741.45
0,354,0,51,31.93,0.01,67.63,118.57,11421741.45
0,354,0,51,31.93,0.01,67.63,118.57,11421741.45
0,354,0,51,31.93,0.01,67.63,118.57,11421741.45
0,354,0,51,31.93,0.01,67.63,118.57,11421741.45
0,354,0,51,31.93,0.01,67.63,118.57,11421741.45
0,354,0,51,31.93,0.01,67.63,118.57,11421741.45
0,354,0,51,31.93,0.01,67.63,118.57,11421741.45
0,354,0,51,31.93,0.01,67.63,118.57,11421741.45
0,354,0,51,31.93,0.01,67.63,118.57,11421741.45
0,354,0,51,31.93,0.01,67.63,118.57,11421741.45
0,354,0,51,31.93,0.01,67.63,118.57,11421741.45
0,354,0,51,31.93,0.01,67.63,118.57,11421741.45
0,354,0,51,31.93,0.01,67.63,118.57,11421741.45
0,354,0,51,31.93,0.01,67.63,118.57,11421741.45
0,354,0,51,31.93,0.01,67.63,118.57,11421741.45
0,354,0,51,31.93,0.01,67.63,118.57,11421741.45
0,354,0,51,31.93,0.01,67.63,118.57,11421741.45
0,354,0,51,31.93,0.01,67.63,118.57,11421741.45
0,354,0,51,31.93,0.01,67.63,118.57,11421741.45
0,354,0,51,31.93,0.01,67.63,118.57,11421741.45
0,354,0,51,31.93,0.01,67.63,118.57,11421741.45
0,354,0,51,31.93,0.01,67.63,118.57,11421741.45
0,354,0,51,31.93,0.01,67.63,118.57,11421741.45
0,354,0,51,31.93,0.01,67.63,118.57,11421741.45
0,354,0,51,31.93,0.01,67.63,118.57,11421741.45
0,354,0,51,31.93,0.01,67.63,118.57,11421741.45
0,354,0,51,31.93,0.01,67.63,118.57,11421741.45
0,354,0,51,31.93,0.01,67.63,118.57,11421741.45
0,354,0,51,31.93,0.01,67.63,118.57,11421741.45
0,354,0,51,31.93,0.01,67.63,118.57,11421741.45
0,354,0,51,31.93,0.01,67.63,118.57,11421741.45
0,354,0,51,31.93,0.01,67.63,118.57,11421741.45
0,354,0,51,31.93,0.01,67.63,118.57,11421741.45
0,354,0,51,31.93,0.01,67.63,118.57,11421741.45
0,354,0,51,31.93,0.01,67.63,118.57,11421741.45
0,354,0,51,31.93,0.01,67.63,118.57,11421741.45
0,354,0,51,31.93,0.01,67.63,118.57,11421741.45
0,354,0,51,31.93,0.01,67.63,118.57,11421741.45
0,354,0,51,31.93,0.01,67.63,118.57,11421741.45
0,354,0,51,31.93,0.01,67.63,118.57,11421741.45
0,354,0,51,31.93,0.01,67.63,118.57,11421741.45
0,924,0,8,23.89,0.01,106.02,99.76,19753922.19
0,321,0,16,42.37,0.01,58.21,140.25,9746549.65
0,379,0,24,31.93,0.01,63.32,126.24,10932255.98
0,359,0,32,31.93,0.01,61.33,122.99,10640588.4
0,383,0,39,31.93,0.01,66.34,120.75,11613658.5
0,359,0,45,31.93,0.01,66.5,121.68,11436306.59
0,354,0,51,31.93,0.01,67.63,118.57,11421741.45
0,354,0,51,31.93,0.01,67.63,118.57,11421741.45
0,354,0,51,31.93,0.01,67.63,118.57,11421741.45
0,354,0,51,31.93,0.01,67.63,118.57,11421741.45
0,354,0,51,31.93,0.01,67.63,118.57,11421741.45
0,354,0,51,31.93,0.01,67.63,118.57,11421741.45
0,354,0,51,31.93,0.01,67.63,118.57,11421741.45
0,354,0,51,31.93,0.01,67.63,118.57,11421741.45
0,354,0,51,31.93,0.01,67.63,118.57,11421741.45
0,354,0,51,31.93,0.01,67.63,118.57,11421741.45
0,354,0,51,31.93,0.01,67.63,118.57,11421741.45
0,354,0,51,31.93,0.01,67.63,118.57,11421741.45
0,354,0,51,31.93,0.01,67.63,118.57,11421741.45
0,354,0,51,31.93,0.01,67.63,118.57,11421741.45
0,354,0,51,31.93,0.01,67.63,118.57,11421741.45
0,354,0,51,31.93,0.01,67.63,118.57,11421741.45
0,354,0,51,31.93,0.01,67.63,118.57,11421741.45
0,354,0,51,31.93,0.01,67.63,118.57,11421741.45
0,354,0,51,31.93,0.01,67.63,118.57,11421741.45
0,354,0,51,31.93,0.01,67.63,118.57,11421741.45
0,354,0,51,31.93,0.01,67.63,118.57,11421741.45
0,354,0,51,31.93,0.01,67.63,118.57,11421741.45
0,354,0,51,31.93,0.01,67.63,118.57,11421741.45
0,354,0,51,31.93,0.01,67.63,118.57,11421741.45
0,354,0,51,31.93,0.01,67.63,118.57,11421741.45
0,354,0,51,31.93,0.01,67.63,118.57,11421741.45
0,354,0,51,31.93,0.01,67.63,118.57,11421741.45
0,354,0,51,31.93,0.01,67.63,118.57,11421741.45
0,354,0,51,31.93,0.01,67.63,118.57,11421741.45
0,354,0,51,31.93,0.01,67.63,118.57,11421741.45
0,354,0,51,31.93,0.01,67.63,118.57,11421741.45
0,354,0,51,31.93,0.01,67.63,118.57,11421741.45
0,354,0,51,31.93,0.01,67.63,118.57,11421741.45
0,354,0,51,31.93,0.01,67.63,118.57,11421741.45
0,354,0,51,31.93,0.01,67.63,118.57,11421741.45
0,354,0,51,31.93,0.01,67.63,118.57,11421741.45
0,354,0,51,31.93,0.01,67.63,118.57,11421741.45
0,354,0,51,31.93,0.01,67.63,118.57,11421741.45
0,354,0,51,31.93,0.01,67.63,118.57,11421741.45
0,354,0,51,31.93,0.01,67.63,118.57,11421741.45
0,354,0,51,31.93,0.01,67.63,118.57,11421741.45
0,354,0,51,31.93,0.01,67.63,118.57,11421741.45
0,354,0,51,31.93,0.01,67.63,118.57,11421741.45
0,354,0,51,31.93,0.01,67.63,118.57,11421741.45
0,354,0,51,31.93,0.01,67.63,118.57,11421741.45
0,354,0,51,31.93,0.01,67.63,118.57,11421741.45
0,354,0,51,31.93,0.01,67.63,118.57,11421741.45
0,354,0,51,31.93,0.01,67.63,118.57,11421741.45
0,354,0,51,31.93,0.01,67.63,118.57,11421741.45
0,354,0,51,31.93,0.01,67.63,118.57,11421741.45
0,924,0,8,23.89,0.01,106.02,99.76,19753922.19
0,321,0,16,42.37,0.01,58.21,140.25,9746549.65
0,379,0,24,31.93,0.01,63.32,126.24,10932255.98
0,359,0,32,31.93,0.01,61.33,122.99,10640588.4
0,383,0,39,31.93,0.01,66.34,120.75,11613658.5
0,359,0,45,31.93,0.01,66.5,121.68,11436306.59
0,354,0,51,31.93,0.01,67.63,118.57,11421741.45
0,354,0,51,31.93,0.01,67.63,118.57,11421741.45
0,354,0,51,31.93,0.01,67.63,118.57,11421741.45
0,354,0,51,31.93,0.01,67.63,118.57,11421741.45
0,354,0,51,31.93,0.01,67.63,118.57,11421741.45
0,354,0,51,31.93,0.01,67.63,118.57,11421741.45
0,354,0,51,31.93,0.01,67.63,118.57,11421741.45
0,354,0,51,31.93,0.01,67.63,118.57,11421741.45
0,354,0,51,31.93,0.01,67.63,118.57,11421741.45
0,354,0,51,31.93,0.01,67.63,118.57,11421741.45
0,354,0,51,31.93,0.01,67.63,118.57,11421741.45
0,354,0,51,31.93,0.01,67.63,118.57,11421741.45
0,354,0,51,31.93,0.01,67.63,118.57,11421741.45
0,354,0,51,31.93,0.01,67.63,118.57,11421741.45
0,354,0,51,31.93,0.01,67.63,118.57,11421741.45
0,354,0,51,31.93,0.01,67.63,118.57,11421741.45
0,354,0,51,31.93,0.01,67.63,118.57,11421741.45
0,354,0,51,31.93,0.01,67.63,118.57,11421741.45
0,354,0,51,31.93,0.01,67.63,118.57,11421741.45
0,354,0,51,31.93,0.01,67.63,118.57,11421741.45
0,354,0,51,31.93,0.01,67.63,118.57,11421741.45
0,354,0,51,31.93,0.01,67.63,118.57,11421741.45
0,354,0,51,31.93,0.01,67.63,118.57,11421741.45
0,354,0,51,31.93,0.01,67.63,118.57,11421741.45
0,354,0,51,31.93,0.01,67.63,118.57,11421741.45
0,354,0,51,31.93,0.01,67.63,118.57,11421741.45
0,354,0,51,31.93,0.01,67.63,118.57,11421741.45
0,354,0,51,31.93,0.01,67.63,118.57,11421741.45
0,354,0,51,31.93,0.01,67.63,118.57,11421741.45
0,354,0,51,31.93,0.01,67.63,118.57,11421741.45
0,354,0,51,31.93,0.01,67.63,118.57,11421741.45
0,354,0,51,31.93,0.01,67.63,118.57,11421741.45
0,354,0,51,31.93,0.01,67.63,118.57,11421741.45
0,354,0,51,31.93,0.01,67.63,118.57,11421741.45
0,354,0,51,31.93,0.01,67.63,118.57,11421741.45
0,354,0,51,31.93,0.01,67.63,118.57,11421741.45
0,354,0,51,31.93,0.01,67.63,118.57,11421741.45
0,354,0,51,31.93,0.01,67.63,118.57,11421741.45
0,354,0,51,31.93,0.01,67.63,118.57,11421741.45
0,354,0,51,31.93,0.01,67.63,118.57,11421741.45
0,354,0,51,31.93,0.01,67.63,118.57,11421741.45
0,354,0,51,31.93,0.01,67.63,118.57,11421741.45
0,354,0,51,31.93,0.01,67.63,118.57,11421741.45
0,354,0,51,31.93,0.01,67.63,118.57,11421741.45
0,354,0,51,31.93,0.01,67.63,118.57,11421741.45
0,354,0,51,31.93,0.01,67.63,118.57,11421741.45
0,354,0,51,31.93,0.01,67.63,118.57,11421741.45
0,354,0,51,31.93,0.01,67.63,118.57,11421741.45
0,354,0,51,31.93,0.01,67.63,118.57,11421741.45
0,354,0,51,31.93,0.01,67.63,118.57,11421741.45
0,924,0,8,23.89,0.01,106.02,99.76,19753922.19
0,321,0,16,42.37,0.01,58.21,140.25,9746549.65
0,379,0,24,31.93,0.01,63.32,126.24,10932255.98
0,359,0,32,31.93,0.01,61.33,122.99,10640588.4
0,383,0,39,31.93,0.01,66.34,120.75,11613658.5
0,359,0,45,31.93,0.01,66.5,121.68,11436306.59
0,354,0,51,31.93,0.01,67.63,118.57,11421741.45
0,354,0,51,31.93,0.01,67.63,118.57,11421741.45
0,354,0,51,31.93,0.01,67.63,118.57,11421741.45
0,354,0,51,31.93,0.01,67.63,118.57,11421741.45
0,354,0,51,31.93,0.01,67.63,118.57,11421741.45
0,354,0,51,31.93,0.01,67.63,118.57,11421741.45
0,354,0,51,31.93,0.01,67.63,118.57,11421741.45
0,354,0,51,31.93,0.01,67.63,118.57,11421741.45
0,354,0,51,31.93,0.01,67.63,118.57,11421741.45
0,354,0,51,31.93,0.01,67.63,118.57,11421741.45
0,354,0,51,31.93,0.01,67.63,118.57,11421741.45
0,354,0,51,31.93,0.01,67.63,118.57,11421741.45
0,354,0,51,31.93,0.01,67.63,118.57,11421741.45
0,354,0,51,31.93,0.01,67.63,118.57,11421741.45
0,354,0,51,31.93,0.01,67.63,118.57,11421741.45
0,354,0,51,31.93,0.01,67.63,118.57,11421741.45
0,354,0,51,31.93,0.01,67.63,118.57,11421741.45
0,354,0,51,31.93,0.01,67.63,118.57,11421741.45
0,354,0,51,31.93,0.01,67.63,118.57,11421741.45
0,354,0,51,31.93,0.01,67.63,118.57,11421741.45
0,354,0,51,31.93,0.01,67.63,118.57,11421741.45
0,354,0,51,31.93,0.01,67.63,118.57,11421741.45
0,354,0,51,31.93,0.01,67.63,118.57,11421741.45
0,354,0,51,31.93,0.01,67.63,118.57,11421741.45
0,354,0,51,31.93,0.01,67.63,118.57,11421741.45
0,354,0,51,31.93,0.01,67.63,118.57,11421741.45
0,354,0,51,31.93,0.01,67.63,118.57,11421741.45
0,354,0,51,31.93,0.01,67.63,118.57,11421741.45
0,354,0,51,31.93,0.01,67.63,118.57,11421741.45
0,354,0,51,31.93,0.01,67.63,118.57,11421741.45
0,354,0,51,31.93,0.01,67.63,118.57,11421741.45
0,354,0,51,31.93,0.01,67.63,118.57,11421741.45
0,354,0,51,31.93,0.01,67.63,118.57,11421741.45
0,354,0,51,31.93,0.01,67.63,118.57,11421741.45
0,354,0,51,31.93,0.01,67.63,118.57,11421741.45
0,354,0,51,31.93,0.01,67.63,118.57,11421741.45
0,354,0,51,31.93,0.01,67.63,118.57,11421741.45
0,354,0,51,31.93,0.01,67.63,118.57,11421741.45
0,354,0,51,31.93,0.01,67.63,118.57,11421741.45
0,354,0,51,31.93,0.01,67.63,118.57,11421741.45
0,354,0,51,31.93,0.01,67.63,118.57,11421741.45
0,354,0,51,31.93,0.01,67.63,118.57,11421741.45
0,354,0,51,31.93,0.01,67.63,118.57,11421741.45
0,354,0,51,31.93,0.01,67.63,118.57,11421741.45
0,354,0,51,31.93,0.01,67.63,118.57,11421741.45
0,354,0,51,31.93,0.01,67.63,118.57,11421741.45
0,354,0,51,31.93,0.01,67.63,118.57,11421741.45
0,354,0,51,31.93,0.01,67.63,118.57,11421741.45
0,354,0,51,31.93,0.01,67.63,118.57,11421741.45
0,354,0,51,31.93,0.01,67.63,118.57,11421741.45
0,924,0,8,23.89,0.01,106.02,99.76,19753922.19
0,321,0,16,42.37,0.01,58.21,140.25,9746549.65
0,379,0,24,31.93,0.01,63.32,126.24,10932255.98
0,359,0,32,31.93,0.01,61.33,122.99,10640588.4
0,383,0,39,31.93,0.01,66.34,120.75,11613658.5
0,359,0,45,31.93,0.01,66.5,121.68,11436306.59
0,354,0,51,31.93,0.01,67.63,118.57,11421741.45
0,354,0,51,31.93,0.01,67.63,118.57,11421741.45
0,354,0,51,31.93,0.01,67.63,118.57,11421741.45
0,354,0,51,31.93,0.01,67.63,118.57,11421741.45
0,354,0,51,31.93,0.01,67.63,118.57,11421741.45
0,354,0,51,31.93,0.01,67.63,118.57,11421741.45
0,354,0,51,31.93,0.01,67.63,118.57,11421741.45
0,354,0,51,31.93,0.01,67.63,118.57,11421741.45
0,354,0,51,31.93,0.01,67.63,118.57,11421741.45
0,354,0,51,31.93,0.01,67.63,118.57,11421741.45
0,354,0,51,31.93,0.01,67.63,118.57,11421741.45
0,354,0,51,31.93,0.01,67.63,118.57,11421741.45
0,354,0,51,31.93,0.01,67.63,118.57,11421741.45
0,354,0,51,31.93,0.01,67.63,118.57,11421741.45
0,354,0,51,31.93,0.01,67.63,118.57,11421741.45
0,354,0,51,31.93,0.01,67.63,118.57,11421741.45
0,354,0,51,31.93,0.01,67.63,118.57,11421741.45
0,354,0,51,31.93,0.01,67.63,118.57,11421741.45
0,354,0,51,31.93,0.01,67.63,118.57,11421741.45
0,354,0,51,31.93,0.01,67.63,118.57,11421741.45
0,354,0,51,31.93,0.01,67.63,118.57,11421741.45
0,354,0,51,31.93,0.01,67.63,118.57,11421741.45
0,354,0,51,31.93,0.01,67.63,118.57,11421741.45
0,354,0,51,31.93,0.01,67.63,118.57,11421741.45
0,354,0,51,31.93,0.01,67.63,118.57,11421741.45
0,354,0,51,31.93,0.01,67.63,118.57,11421741.45
0,354,0,51,31.93,0.01,67.63,118.57,11421741.45
0,354,0,51,31.93,0.01,67.63,118.57,11421741.45
0,354,0,51,31.93,0.01,67.63,118.57,11421741.45
0,354,0,51,31.93,0.01,67.63,118.57,11421741.45
0,354,0,51,31.93,0.01,67.63,118.57,11421741.45
0,354,0,51,31.93,0.01,67.63,118.57,11421741.45
0,354,0,51,31.93,0.01,67.63,118.57,11421741.45
0,354,0,51,31.93,0.01,67.63,118.57,11421741.45
0,354,0,51,31.93,0.01,67.63,118.57,11421741.45
0,354,0,51,31.93,0.01,67.63,118.57,11421741.45
0,354,0,51,31.93,0.01,67.63,118.57,11421741.45
0,354,0,51,31.93,0.01,67.63,118.57,11421741.45
0,354,0,51,31.93,0.01,67.63,118.57,11421741.45
0,354,0,51,31.93,0.01,67.63,118.57,11421741.45
0,354,0,51,31.93,0.01,67.63,118.57,11421741.45
0,354,0,51,31.93,0.01,67.63,118.57,11421741.45
0,354,0,51,31.93,0.01,67.63,118.57,11421741.45
0,354,0,51,31.93,0.01,67.63,118.57,11421741.45
0,354,0,51,31.93,0.01,67.63,118.57,11421741.45
0,354,0,51,31.93,0.01,67.63,118.57,11421741.45
0,354,0,51,31.93,0.01,67.63,118.57,11421741.45
0,354,0,51,31.93,0.01,67.63,118.57,11421741.45
0,354,0,51,31.93,0.01,67.63,118.57,11421741.45
0,354,0,51,31.93,0.01,67.63,118.57,11421741.45
0,924,0,8,23.89,0.01,106.02,99.76,19753922.19
0,321,0,16,42.37,0.01,58.21,140.25,9746549.65
0,379,0,24,31.93,0.01,63.32,126.24,10932255.98
0,359,0,32,31.93,0.01,61.33,122.99,10640588.4
0,383,0,39,31.93,0.01,66.34,120.75,11613658.5
0,359,0,45,31.93,0.01,66.5,121.68,11436306.59
0,354,0,51,31.93,0.01,67.63,118.57,11421741.45
0,354,0,51,31.93,0.01,67.63,118.57,11421741.45
0,354,0,51,31.93,0.01,67.63,118.57,11421741.45
0,354,0,51,31.93,0.01,67.63,118.57,11421741.45
0,354,0,51,31.93,0.01,67.63,118.57,11421741.45
0,354,0,51,31.93,0.01,67.63,118.57,11421741.45
0,354,0,51,31.93,0.01,67.63,118.57,11421741.45
0,354,0,51,31.93,0.01,67.63,118.57,11421741.45
0,354,0,51,31.93,0.01,67.63,118.57,11421741.45
0,354,0,51,31.93,0.01,67.63,118.57,11421741.45
0,354,0,51,31.93,0.01,67.63,118.57,11421741.45
0,354,0,51,31.93,0.01,67.63,118.57,11421741.45
0,354,0,51,31.93,0.01,67.63,118.57,11421741.45
0,354,0,51,31.93,0.01,67.63,118.57,11421741.45
0,354,0,51,31.93,0.01,67.63,118.57,11421741.45
0,354,0,51,31.93,0.01,67.63,118.57,11421741.45
0,354,0,51,31.93,0.01,67.63,118.57,11421741.45
0,354,0,51,31.93,0.01,67.63,118.57,11421741.45
0,354,0,51,31.93,0.01,67.63,118.57,11421741.45
0,354,0,51,31.93,0.01,67.63,118.57,11421741.45
0,354,0,51,31.93,0.01,67.63,118.57,11421741.45
0,354,0,51,31.93,0.01,67.63,118.57,11421741.45
0,354,0,51,31.93,0.01,67.63,118.57,11421741.45
0,354,0,51,31.93,0.01,67.63,118.57,11421741.45
0,354,0,51,31.93,0.01,67.63,118.57,11421741.45
0,354,0,51,31.93,0.01,67.63,118.57,11421741.45
0,354,0,51,31.93,0.01,67.63,118.57,11421741.45
0,354,0,51,31.93,0.01,67.63,118.57,11421741.45
0,354,0,51,31.93,0.01,67.63,118.57,11421741.45
0,354,0,51,31.93,0.01,67.63,118.57,11421741.45
0,354,0,51,31.93,0.01,67.63,118.57,11421741.45
0,354,0,51,31.93,0.01,67.63,118.57,11421741.45
0,354,0,51,31.93,0.01,67.63,118.57,11421741.45
0,354,0,51,31.93,0.01,67.63,118.57,11421741.45
0,354,0,51,31.93,0.01,67.63,118.57,11421741.45
0,354,0,51,31.93,0.01,67.63,118.57,11421741.45
0,354,0,51,31.93,0.01,67.63,118.57,11421741.45
0,354,0,51,31.93,0.01,67.63,118.57,11421741.45
0,354,0,51,31.93,0.01,67.63,118.57,11421741.45
0,354,0,51,31.93,0.01,67.63,118.57,11421741.45
0,354,0,51,31.93,0.01,67.63,118.57,11421741.45
0,354,0,51,31.93,0.01,67.63,118.57,11421741.45
0,354,0,51,31.93,0.01,67.63,118.57,11421741.45
0,354,0,51,31.93,0.01,67.63,118.57,11421741.45
0,354,0,51,31.93,0.01,67.63,118.57,11421741.45
0,354,0,51,31.93,0.01,67.63,118.57,11421741.45
0,354,0,51,31.93,0.01,67.63,118.57,11421741.45
0,354,0,51,31.93,0.01,67.63,118.57,11421741.45
0,354,0,51,31.93,0.01,67.63,118.57,11421741.45
0,354,0,51,31.93,0.01,67.63,118.57,11421741.45
0,924,0,8,23.89,0.01,106.02,99.76,19753922.19
0,321,0,16,42.37,0.01,58.21,140.25,9746549.65
0,379,0,24,31.93,0.01,63.32,126.24,10932255.98
0,359,0,32,31.93,0.01,61.33,122.99,10640588.4
0,383,0,39,31.93,0.01,66.34,120.75,11613658.5
0,359,0,45,31.93,0.01,66.5,121.68,11436306.59
0,354,0,51,31.93,0.01,67.63,118.57,11421741.45
0,354,0,51,31.93,0.01,67.63,118.57,11421741.45
0,354,0,51,31.93,0.01,67.63,118.57,11421741.45
0,354,0,51,31.93,0.01,67.63,118.57,11421741.45
0,354,0,51,31.93,0.01,67.63,118.57,11421741.45
0,354,0,51,31.93,0.01,67.63,118.57,11421741.45
0,354,0,51,31.93,0.01,67.63,118.57,11421741.45
0,354,0,51,31.93,0.01,67.63,118.57,11421741.45
0,354,0,51,31.93,0.01,67.63,118.57,11421741.45
0,354,0,51,31.93,0.01,67.63,118.57,11421741.45
0,354,0,51,31.93,0.01,67.63,118.57,11421741.45
0,354,0,51,31.93,0.01,67.63,118.57,11421741.45
0,354,0,51,31.93,0.01,67.63,118.57,11421741.45
0,354,0,51,31.93,0.01,67.63,118.57,11421741.45
0,354,0,51,31.93,0.01,67.63,118.57,11421741.45
0,354,0,51,31.93,0.01,67.63,118.57,11421741.45
0,354,0,51,31.93,0.01,67.63,118.57,11421741.45
0,354,0,51,31.93,0.01,67.63,118.57,11421741.45
0,354,0,51,31.93,0.01,67.63,118.57,11421741.45
0,354,0,51,31.93,0.01,67.63,118.57,11421741.45
0,354,0,51,31.93,0.01,67.63,118.57,11421741.45
0,354,0,51,31.93,0.01,67.63,118.57,11421741.45
0,354,0,51,31.93,0.01,67.63,118.57,11421741.45
0,354,0,51,31.93,0.01,67.63,118.57,11421741.45
0,354,0,51,31.93,0.01,67.63,118.57,11421741.45
0,354,0,51,31.93,0.01,67.63,118.57,11421741.45
0,354,0,51,31.93,0.01,67.63,118.57,11421741.45
0,354,0,51,31.93,0.01,67.63,118.57,11421741.45
0,354,0,51,31.93,0.01,67.63,118.57,11421741.45
0,354,0,51,31.93,0.01,67.63,118.57,11421741.45
0,354,0,51,31.93,0.01,67.63,118.57,11421741.45
0,354,0,51,31.93,0.01,67.63,118.57,11421741.45
0,354,0,51,31.93,0.01,67.63,118.57,11421741.45
0,354,0,51,31.93,0.01,67.63,118.57,11421741.45
0,354,0,51,31.93,0.01,67.63,118.57,11421741.45
0,354,0,51,31.93,0.01,67.63,118.57,11421741.45
0,354,0,51,31.93,0.01,67.63,118.57,11421741.45
0,354,0,51,31.93,0.01,67.63,118.57,11421741.45
0,354,0,51,31.93,0.01,67.63,118.57,11421741.45
0,354,0,51,31.93,0.01,67.63,118.57,11421741.45
0,354,0,51,31.93,0.01,67.63,118.57,11421741.45
0,354,0,51,31.93,0.01,67.63,118.57,11421741.45
0,354,0,51,31.93,0.01,67.63,118.57,11421741.45
0,354,0,51,31.93,0.01,67.63,118.57,11421741.45
0,354,0,51,31.93,0.01,67.63,118.57,11421741.45
0,354,0,51,31.93,0.01,67.63,118.57,11421741.45
0,354,0,51,31.93,0.01,67.63,118.57,11421741.45
0,354,0,51,31.93,0.01,67.63,118.57,11421741.45
0,354,0,51,31.93,0.01,67.63,118.57,11421741.45
0,354,0,51,31.93,0.01,67.63,118.57,11421741.45
0,924,0,8,23.89,0.01,106.02,99.76,19753922.19
0,321,0,16,42.37,0.01,58.21,140.25,9746549.65
0,379,0,24,31.93,0.01,63.32,126.24,10932255.98
0,359,0,32,31.93,0.01,61.33,122.99,10640588.4
0,383,0,39,31.93,0.01,66.34,120.75,11613658.5
0,359,0,45,31.93,0.01,66.5,121.68,11436306.59
0,354,0,51,31.93,0.01,67.63,118.57,11421741.45
0,354,0,51,31.93,0.01,67.63,118.57,11421741.45
0,354,0,51,31.93,0.01,67.63,118.57,11421741.45
0,354,0,51,31.93,0.01,67.63,118.57,11421741.45
0,354,0,51,31.93,0.01,67.63,118.57,11421741.45
0,354,0,51,31.93,0.01,67.63,118.57,11421741.45
0,354,0,51,31.93,0.01,67.63,118.57,11421741.45
0,354,0,51,31.93,0.01,67.63,118.57,11421741.45
0,354,0,51,31.93,0.01,67.63,118.57,11421741.45
0,354,0,51,31.93,0.01,67.63,118.57,11421741.45
0,354,0,51,31.93,0.01,67.63,118.57,11421741.45
0,354,0,51,31.93,0.01,67.63,118.57,11421741.45
0,354,0,51,31.93,0.01,67.63,118.57,11421741.45
0,354,0,51,31.93,0.01,67.63,118.57,11421741.45
0,354,0,51,31.93,0.01,67.63,118.57,11421741.45
0,354,0,51,31.93,0.01,67.63,118.57,11421741.45
0,354,0,51,31.93,0.01,67.63,118.57,11421741.45
0,354,0,51,31.93,0.01,67.63,118.57,11421741.45
0,354,0,51,31.93,0.01,67.63,118.57,11421741.45
0,354,0,51,31.93,0.01,67.63,118.57,11421741.45
0,354,0,51,31.93,0.01,67.63,118.57,11421741.45
0,354,0,51,31.93,0.01,67.63,118.57,11421741.45
0,354,0,51,31.93,0.01,67.63,118.57,11421741.45
0,354,0,51,31.93,0.01,67.63,118.57,11421741.45
0,354,0,51,31.93,0.01,67.63,118.57,11421741.45
0,354,0,51,31.93,0.01,67.63,118.57,11421741.45
0,354,0,51,31.93,0.01,67.63,118.57,11421741.45
0,354,0,51,31.93,0.01,67.63,118.57,11421741.45
0,354,0,51,31.93,0.01,67.63,118.57,11421741.45
0,354,0,51,31.93,0.01,67.63,118.57,11421741.45
0,354,0,51,31.93,0.01,67.63,118.57,11421741.45
0,354,0,51,31.93,0.01,67.63,118.57,11421741.45
0,354,0,51,31.93,0.01,67.63,118.57,11421741.45
0,354,0,51,31.93,0.01,67.63,118.57,11421741.45
0,354,0,51,31.93,0.01,67.63,118.57,11421741.45
0,354,0,51,31.93,0.01,67.63,118.57,11421741.45
0,354,0,51,31.93,0.01,67.63,118.57,11421741.45
0,354,0,51,31.93,0.01,67.63,118.57,11421741.45
0,354,0,51,31.93,0.01,67.63,118.57,11421741.45
0,354,0,51,31.93,0.01,67.63,118.57,11421741.45
0,354,0,51,31.93,0.01,67.63,118.57,11421741.45
0,354,0,51,31.93,0.01,67.63,118.57,11421741.45
0,354,0,51,31.93,0.01,67.63,118.57,11421741.45
0,354,0,51,31.93,0.01,67.63,118.57,11421741.45
0,354,0,51,31.93,0.01,67.63,118.57,11421741.45
0,354,0,51,31.93,0.01,67.63,118.57,11421741.45
0,354,0,51,31.93,0.01,67.63,118.57,11421741.45
0,354,0,51,31.93,0.01,67.63,118.57,11421741.45
0,354,0,51,31.93,0.01,67.63,118.57,11421741.45
0,354,0,51,31.93,0.01,67.63,118.57,11421741.45
0,924,0,8,23.89,0.01,106.02,99.76,19753922.19
0,321,0,16,42.37,0.01,58.21,140.25,9746549.65
0,379,0,24,31.93,0.01,63.32,126.24,10932255.98
0,359,0,32,31.93,0.01,61.33,122.99,10640588.4
0,383,0,39,31.93,0.01,66.34,120.75,11613658.5
0,359,0,45,31.93,0.01,66.5,121.68,11436306.59
0,354,0,51,31.93,0.01,67.63,118.57,11421741.45
0,354,0,51,31.93,0.01,67.63,118.57,11421741.45
0,354,0,51,31.93,0.01,67.63,118.57,11421741.45
0,354,0,51,31.93,0.01,67.63,118.57,11421741.45
0,354,0,51,31.93,0.01,67.63,118.57,11421741.45
0,354,0,51,31.93,0.01,67.63,118.57,11421741.45
0,354,0,51,31.93,0.01,67.63,118.57,11421741.45
0,354,0,51,31.93,0.01,67.63,118.57,11421741.45
0,354,0,51,31.93,0.01,67.63,118.57,11421741.45
0,354,0,51,31.93,0.01,67.63,118.57,11421741.45
0,354,0,51,31.93,0.01,67.63,118.57,11421741.45
0,354,0,51,31.93,0.01,67.63,118.57,11421741.45
0,354,0,51,31.93,0.01,67.63,118.57,11421741.45
0,354,0,51,31.93,0.01,67.63,118.57,11421741.45
0,354,0,51,31.93,0.01,67.63,118.57,11421741.45
0,354,0,51,31.93,0.01,67.63,118.57,11421741.45
0,354,0,51,31.93,0.01,67.63,118.57,11421741.45
0,354,0,51,31.93,0.01,67.63,118.57,11421741.45
0,354,0,51,31.93,0.01,67.63,118.57,11421741.45
0,354,0,51,31.93,0.01,67.63,118.57,11421741.45
0,354,0,51,31.93,0.01,67.63,118.57,11421741.45
0,354,0,51,31.93,0.01,67.63,118.57,11421741.45
0,354,0,51,31.93,0.01,67.63,118.57,11421741.45
0,354,0,51,31.93,0.01,67.63,118.57,11421741.45
0,354,0,51,31.93,0.01,67.63,118.57,11421741.45
0,354,0,51,31.93,0.01,67.63,118.57,11421741.45
0,354,0,51,31.93,0.01,67.63,118.57,11421741.45
0,354,0,51,31.93,0.01,67.63,118.57,11421741.45
0,354,0,51,31.93,0.01,67.63,118.57,11421741.45
0,354,0,51,31.93,0.01,67.63,118.57,11421741.45
0,354,0,51,31.93,0.01,67.63,118.57,11421741.45
0,354,0,51,31.93,0.01,67.63,118.57,11421741.45
0,354,0,51,31.93,0.01,67.63,118.57,11421741.45
0,354,0,51,31.93,0.01,67.63,118.57,11421741.45
0,354,0,51,31.93,0.01,67.63,118.57,11421741.45
0,354,0,51,31.93,0.01,67.63,118.57,11421741.45
0,354,0,51,31.93,0.01,67.63,118.57,11421741.45
0,354,0,51,31.93,0.01,67.63,118.57,11421741.45
0,354,0,51,31.93,0.01,67.63,118.57,11421741.45
0,354,0,51,31.93,0.01,67.63,118.57,11421741.45
0,354,0,51,31.93,0.01,67.63,118.57,11421741.45
0,354,0,51,31.93,0.01,67.63,118.57,11421741.45
0,354,0,51,31.93,0.01,67.63,118.57,11421741.45
0,354,0,51,31.93,0.01,67.63,118.57,11421741.45
0,354,0,51,31.93,0.01,67.63,118.57,11421741.45
0,354,0,51,31.93,0.01,67.63,118.57,11421741.45
0,354,0,51,31.93,0.01,67.63,118.57,11421741.45
0,354,0,51,31.93,0.01,67.63,118.57,11421741.45
0,354,0,51,31.93,0.01,67.63,118.57,11421741.45
0,354,0,51,31.93,0.01,67.63,118.57,11421741.45
0,0,8,8,1959.2,0.18,85.19,2559.2,12816707.71
0,0,8,16,1196.98,0.13,102.79,1796.98,15187574.51
0,0,8,24,340.64,0.07,76.3,940.64,13304040.88
0,0,8,32,134.87,0.05,77.18,734.87,13364437.83
0,0,8,40,35.25,0.04,77.3,599.53,13573721.82
0,0,8,48,35.25,0.04,80.15,524.39,14357274.42
0,0,8,56,35.25,0.03,82.45,466.45,14492539.05
0,0,8,64,35.25,0.03,81.9,408.15,14459113.79
0,0,8,72,35.25,0.02,83.27,370.81,14403479.3
0,0,8,80,35.25,0.02,83.7,336.84,14560729.28
0,0,8,88,35.25,0.02,83.31,305.84,14537308.03
0,0,8,96,35.25,0.02,85.16,287.41,14642463.02
0,0,8,104,35.25,0.02,85.62,267.37,14667950.59
0,0,8,112,35.25,0.02,85.06,247.18,14636237.42
0,0,8,128,35.25,0.01,87.07,222.14,14749605.36
0,0,8,144,35.25,0.01,87.45,198.85,14770429.77
0,0,8,160,35.25,0.01,88.56,181.62,14833094.2
0,0,8,176,35.25,0.01,90.18,168.43,14925115.03
0,0,8,192,35.25,0.01,91.57,157.0,15003714.7
0,0,8,208,35.25,0.01,91.78,145.43,15015553.04
0,0,8,224,35.25,0.01,93.38,137.55,15106287.33
0,0,8,240,35.25,0.01,94.39,129.89,15163620.4
0,0,8,256,35.25,0.01,106.72,137.79,15894115.03
0,0,8,288,35.25,0.01,97.7,112.27,15351024.69
0,0,8,304,34.99,0.01,98.64,107.45,15414100.51
0,0,8,306,34.99,0.01,100.55,106.75,15413711.42
0,0,8,306,34.99,0.01,100.55,106.75,15413711.42
0,0,8,306,34.99,0.01,100.55,106.75,15413711.42
0,0,8,306,34.99,0.01,100.55,106.75,15413711.42
0,0,8,306,34.99,0.01,100.55,106.75,15413711.42
0,0,8,306,34.99,0.01,100.55,106.75,15413711.42
0,0,8,306,34.99,0.01,100.55,106.75,15413711.42
0,0,8,306,34.99,0.01,100.55,106.75,15413711.42
0,0,8,306,34.99,0.01,100.55,106.75,15413711.42
0,0,8,306,34.99,0.01,100.55,106.75,15413711.42
0,0,8,306,34.99,0.01,100.55,106.75,15413711.42
0,0,8,306,34.99,0.01,100.55,106.75,15413711.42
0,0,8,306,34.99,0.01,100.55,106.75,15413711.42
0,0,8,306,34.99,0.01,100.55,106.75,15413711.42
0,0,8,306,34.99,0.01,100.55,106.75,15413711.42
0,0,8,306,34.99,0.01,100.55,106.75,15413711.42
0,0,8,306,34.99,0.01,100.55,106.75,15413711.42
0,0,8,306,34.99,0.01,100.55,106.75,15413711.42
0,0,8,306,34.99,0.01,100.55,106.75,15413711.42
0,0,8,306,34.99,0.01,100.55,106.75,15413711.42
0,0,8,306,34.99,0.01,100.55,106.75,15413711.42
0,0,8,306,34.99,0.01,100.55,106.75,15413711.42
0,0,8,306,34.99,0.01,100.55,106.75,15413711.42
0,0,8,306,34.99,0.01,100.55,106.75,15413711.42
0,0,8,306,34.99,0.01,100.55,106.75,15413711.42
0,0,8,306,34.99,0.01,100.55,106.75,15413711.42
0,0,8,306,34.99,0.01,100.55,106.75,15413711.42
0,0,8,306,34.99,0.01,100.55,106.75,15413711.42
0,0,8,306,34.99,0.01,100.55,106.75,15413711.42
0,0,8,306,34.99,0.01,100.55,106.75,15413711.42
0,0,8,306,34.99,0.01,100.55,106.75,15413711.42
0,0,16,8,1255.68,0.13,79.18,1855.68,11786230.88
0,0,16,16,402.92,0.07,66.77,1002.92,11059540.33
0,0,16,24,167.29,0.05,69.43,767.29,12030884.11
0,0,16,32,51.97,0.04,74.59,651.97,13191318.97
0,0,16,40,35.25,0.04,76.75,554.94,13262238.06
0,0,16,48,35.25,0.03,78.82,485.89,13610522.52
0,0,16,56,35.25,0.03,79.99,429.72,13589422.0
0,0,16,64,35.25,0.03,80.71,384.24,13791752.73
0,0,16,72,35.25,0.02,80.76,345.18,13919064.02
0,0,16,80,35.25,0.02,81.87,317.47,14044121.86
0,0,16,88,35.25,0.02,88.82,315.22,14406467.36
0,0,16,96,35.25,0.02,86.96,284.47,14260997.62
0,0,16,104,35.25,0.02,84.79,257.26,14289165.74
0,0,16,112,35.25,0.02,86.64,245.08,14412926.0
0,0,16,128,35.25,0.01,93.8,233.72,14802042.48
0,0,16,144,28.73,0.01,92.02,204.87,15573590.62
0,0,16,160,21.16,0.01,100.44,202.1,17248796.21
0,0,16,176,21.16,0.01,105.03,192.78,17279352.69
0,0,16,192,21.16,0.01,111.21,187.66,17444351.86
0,0,16,208,21.16,0.01,117.42,183.35,17634916.51
0,0,16,224,21.16,0.01,117.06,170.08,21329976.56
0,0,16,240,21.16,0.01,119.52,162.37,21473186.89
0,0,16,256,23.05,0.01,124.55,158.88,21503028.65
0,0,16,288,22.79,0.01,130.58,148.46,21405194.71
0,0,16,304,22.79,0.01,136.07,146.73,21474559.85
0,0,16,318,22.79,0.01,140.5,144.07,21573546.29
0,0,16,318,22.79,0.01,140.5,144.07,21573546.29
0,0,16,384,22.79,0.01,142.97,122.56,24207777.25
0,0,16,400,20.9,0.01,148.09,121.95,25249466.06
0,0,16,448,19.03,0.01,179.51,132.21,27163057.3
0,0,16,479,20.8,0.01,158.31,108.93,25291013.22
0,0,16,479,20.8,0.01,158.31,108.93,25291013.22
0,0,16,479,20.8,0.01,158.31,108.93,25291013.22
0,0,16,479,20.8,0.01,158.31,108.93,25291013.22
0,0,16,479,20.8,0.01,158.31,108.93,25291013.22
0,0,16,479,20.8,0.01,158.31,108.93,25291013.22
0,0,16,479,20.8,0.01,158.31,108.93,25291013.22
0,0,16,479,20.8,0.01,158.31,108.93,25291013.22
0,0,16,479,20.8,0.01,158.31,108.93,25291013.22
0,0,16,479,20.8,0.01,158.31,108.93,25291013.22
0,0,16,479,20.8,0.01,158.31,108.93,25291013.22
0,0,16,479,20.8,0.01,158.31,108.93,25291013.22
0,0,16,479,20.8,0.01,158.31,108.93,25291013.22
0,0,16,479,20.8,0.01,158.31,108.93,25291013.22
0,0,16,479,20.8,0.01,158.31,108.93,25291013.22
0,0,16,479,20.8,0.01,158.31,108.93,25291013.22
0,0,16,479,20.8,0.01,158.31,108.93,25291013.22
0,0,16,479,20.8,0.01,158.31,108.93,25291013.22
0,0,16,479,20.8,0.01,158.31,108.93,25291013.22
0,0,16,479,20.8,0.01,158.31,108.93,25291013.22
0,0,16,479,20.8,0.01,158.31,108.93,25291013.22
0,0,16,479,20.8,0.01,158.31,108.93,25291013.22
0,0,16,479,20.8,0.01,158.31,108.93,25291013.22
0,0,16,479,20.8,0.01,158.31,108.93,25291013.22
0,0,16,479,20.8,0.01,158.31,108.93,25291013.22
0,0,16,479,20.8,0.01,158.31,108.93,25291013.22
0,0,24,8,1021.36,0.11,84.38,1621.36,12014903.86
0,0,24,16,214.07,0.06,61.83,814.07,10555089.09
0,0,24,24,53.61,0.05,65.27,653.61,11449701.19
0,0,24,32,35.25,0.04,70.15,566.73,12402076.33
0,0,24,40,35.25,0.03,72.22,489.02,12611935.61
0,0,24,48,35.25,0.03,74.05,431.54,12867748.59
0,0,24,56,35.25,0.03,74.9,383.11,13050236.23
0,0,24,64,35.25,0.02,82.84,377.53,13570764.93
0,0,24,72,35.25,0.02,78.05,320.76,13402351.77
0,0,24,80,35.25,0.02,78.91,295.27,13528592.58
0,0,24,88,35.25,0.02,80.66,277.04,13665036.18
0,0,24,96,35.25,0.02,80.52,255.55,13735047.25
0,0,24,104,35.25,0.02,82.22,242.56,13849652.71
0,0,24,112,35.25,0.01,83.42,229.87,13956301.41
0,0,24,128,35.25,0.01,84.38,205.44,14022411.67
0,0,24,144,35.25,0.01,86.05,187.67,14241425.6
0,0,24,160,35.25,0.01,87.53,172.86,14363444.83
0,0,24,176,35.25,0.01,89.34,161.22,14505226.56
0,0,24,192,35.25,0.01,91.84,152.56,14666258.89
0,0,24,208,35.25,0.01,92.37,142.15,14735249.34
0,0,24,224,35.25,0.01,97.38,139.58,15018775.82
0,0,24,240,28.73,0.01,96.18,129.02,15271693.09
0,0,24,256,28.73,0.01,98.34,123.96,15591008.03
0,0,24,288,28.73,0.01,101.9,114.63,16320284.01
0,0,24,299,28.47,0.01,104.64,111.7,16365823.97
0,0,24,299,28.47,0.01,104.64,111.7,16365823.97
0,0,24,299,28.47,0.01,104.64,111.7,16365823.97
0,0,24,299,28.47,0.01,104.64,111.7,16365823.97
0,0,24,299,28.47,0.01,104.64,111.7,16365823.97
0,0,24,299,28.47,0.01,104.64,111.7,16365823.97
0,0,24,299,28.47,0.01,104.64,111.7,16365823.97
0,0,24,299,28.47,0.01,104.64,111.7,16365823.97
0,0,24,299,28.47,0.01,104.64,111.7,16365823.97
0,0,24,299,28.47,0.01,104.64,111.7,16365823.97
0,0,24,299,28.47,0.01,104.64,111.7,16365823.97
0,0,24,299,28.47,0.01,104.64,111.7,16365823.97
0,0,24,299,28.47,0.01,104.64,111.7,16365823.97
0,0,24,299,28.47,0.01,104.64,111.7,16365823.97
0,0,24,299,28.47,0.01,104.64,111.7,16365823.97
0,0,24,299,28.47,0.01,104.64,111.7,16365823.97
0,0,24,299,28.47,0.01,104.64,111.7,16365823.97
0,0,24,299,28.47,0.01,104.64,111.7,16365823.97
0,0,24,299,28.47,0.01,104.64,111.7,16365823.97
0,0,24,299,28.47,0.01,104.64,111.7,16365823.97
0,0,24,299,28.47,0.01,104.64,111.7,16365823.97
0,0,24,299,28.47,0.01,104.64,111.7,16365823.97
0,0,24,299,28.47,0.01,104.64,111.7,16365823.97
0,0,24,299,28.47,0.01,104.64,111.7,16365823.97
0,0,24,299,28.47,0.01,104.64,111.7,16365823.97
0,0,24,299,28.47,0.01,104.64,111.7,16365823.97
0,0,24,299,28.47,0.01,104.64,111.7,16365823.97
0,0,24,299,28.47,0.01,104.64,111.7,16365823.97
0,0,24,299,28.47,0.01,104.64,111.7,16365823.97
0,0,24,299,28.47,0.01,104.64,111.7,16365823.97
0,0,24,299,28.47,0.01,104.64,111.7,16365823.97
0,0,24,299,28.47,0.01,104.64,111.7,16365823.97
0,0,32,8,326.47,0.06,56.91,926.47,10212260.56
0,0,32,16,105.93,0.05,60.24,705.93,10391842.99
0,0,32,24,43.51,0.04,63.32,579.61,10722743.55
0,0,32,32,35.25,0.03,67.06,503.61,11513239.09
0,0,32,40,35.25,0.03,69.34,441.49,12464420.81
0,0,32,48,35.25,0.03,72.54,400.83,12667219.38
0,0,32,56,35.25,0.02,77.39,377.74,12966528.97
0,0,32,64,35.25,0.02,83.35,364.3,13236885.04
0,0,32,72,35.25,0.02,76.62,303.19,13200582.24
0,0,32,80,28.73,0.02,83.52,301.93,14842729.65
0,0,32,88,21.16,0.02,92.14,306.57,17117013.39
0,0,32,96,21.16,0.02,95.64,294.78,17175092.16
0,0,32,104,21.16,0.02,98.68,283.28,17257395.44
0,0,32,112,21.16,0.02,102.41,275.1,17389639.73
0,0,32,128,21.16,0.02,111.38,265.13,17570717.95
0,0,32,144,21.16,0.02,120.48,257.48,17907197.57
0,0,32,160,21.16,0.01,104.25,202.13,18563114.5
0,0,32,176,21.16,0.01,116.51,206.74,21671776.48
0,0,32,192,21.16,0.01,126.41,206.76,24162983.14
0,0,32,208,20.9,0.01,129.63,196.65,24156979.31
0,0,32,224,20.9,0.01,134.89,190.78,24056145.15
0,0,32,240,20.9,0.01,139.55,184.88,24014304.89
0,0,32,256,20.9,0.01,145.52,181.3,23790782.12
0,0,32,283,20.9,0.01,158.68,176.64,24026547.89
0,0,32,283,20.9,0.01,158.68,176.64,24026547.89
0,0,32,283,20.9,0.01,158.68,176.64,24026547.89
0,0,32,283,20.9,0.01,158.68,176.64,24026547.89
0,0,32,283,20.9,0.01,158.68,176.64,24026547.89
0,0,32,283,20.9,0.01,158.68,176.64,24026547.89
0,0,32,448,19.03,0.01,157.09,114.12,28313169.98
0,0,32,480,20.77,0.01,161.98,110.02,28386034.38
0,0,32,512,19.53,0.01,182.04,116.11,34158630.79
0,0,32,576,18.27,0.01,211.71,120.35,40528762.57
0,0,32,624,17.05,0.01,250.94,131.9,42642999.25
0,0,32,640,17.05,0.01,215.14,110.3,40259405.87
0,0,32,672,16.93,0.01,220.08,107.56,40145761.24
0,0,32,687,16.93,0.01,223.58,106.78,39797405.53
0,0,32,687,16.93,0.01,223.58,106.78,39797405.53
0,0,32,687,16.93,0.01,223.58,106.78,39797405.53
0,0,32,687,16.93,0.01,223.58,106.78,39797405.53
0,0,32,687,16.93,0.01,223.58,106.78,39797405.53
0,0,32,687,16.93,0.01,223.58,106.78,39797405.53
0,0,32,687,16.93,0.01,223.58,106.78,39797405.53
0,0,32,687,16.93,0.01,223.58,106.78,39797405.53
0,0,32,687,16.93,0.01,223.58,106.78,39797405.53
0,0,32,687,16.93,0.01,223.58,106.78,39797405.53
0,0,32,687,16.93,0.01,223.58,106.78,39797405.53
0,0,32,687,16.93,0.01,223.58,106.78,39797405.53
0,0,32,687,16.93,0.01,223.58,106.78,39797405.53
0,0,32,687,16.93,0.01,223.58,106.78,39797405.53
0,0,32,687,16.93,0.01,223.58,106.78,39797405.53
0,0,32,687,16.93,0.01,223.58,106.78,39797405.53
0,0,32,687,16.93,0.01,223.58,106.78,39797405.53
0,0,32,687,16.93,0.01,223.58,106.78,39797405.53
0,0,32,687,16.93,0.01,223.58,106.78,39797405.53
0,0,32,687,16.93,0.01,223.58,106.78,39797405.53
0,0,40,8,178.34,0.05,55.11,778.34,10124654.42
0,0,40,16,42.94,0.04,57.64,608.55,10408659.13
0,0,40,24,34.68,0.04,62.07,523.22,11224928.57
0,0,40,32,34.68,0.03,65.72,461.1,12247505.66
0,0,40,40,34.68,0.03,68.16,409.52,12392794.48
0,0,40,48,34.68,0.03,73.35,385.31,12740325.2
0,0,40,56,34.68,0.02,79.38,370.46,13015980.46
0,0,40,64,34.68,0.02,73.73,309.57,13034826.35
0,0,40,72,28.16,0.02,80.51,307.18,14671992.76
0,0,40,80,28.16,0.02,89.83,314.09,15174889.89
0,0,40,88,28.16,0.02,87.87,283.53,15006623.59
0,0,40,96,28.16,0.02,92.16,276.08,15161161.22
0,0,40,104,28.16,0.02,96.87,270.78,15343551.92
0,0,40,112,28.16,0.02,101.25,265.3,15498185.66
0,0,40,128,28.16,0.02,110.5,257.3,15936528.8
0,0,40,144,28.16,0.01,95.46,200.0,16901357.81
0,0,40,160,20.58,0.01,111.06,211.5,20757147.85
0,0,40,176,20.58,0.01,113.99,198.96,20681930.93
0,0,40,192,20.58,0.01,118.18,190.38,20718473.62
0,0,40,208,20.58,0.01,124.29,185.9,20752628.46
0,0,40,224,20.58,0.01,130.21,181.76,20728745.52
0,0,40,238,20.58,0.01,137.6,180.05,20955197.39
0,0,40,238,20.58,0.01,137.6,180.05,20955197.39
0,0,40,238,20.58,0.01,137.6,180.05,20955197.39
0,0,40,238,20.58,0.01,137.6,180.05,20955197.39
0,0,40,238,20.58,0.01,137.6,180.05,20955197.39
0,0,40,238,20.58,0.01,137.6,180.05,20955197.39
0,0,40,238,20.58,0.01,137.6,180.05,20955197.39
0,0,40,400,20.58,0.01,146.1,117.59,26337668.65
0,0,40,438,19.03,0.01,150.87,110.77,26458358.33
0,0,40,480,19.22,0.01,171.97,116.08,32243214.09
0,0,40,512,18.58,0.01,176.26,111.76,32424000.27
0,0,40,536,18.31,0.01,179.48,108.85,32364075.5
0,0,40,536,18.31,0.01,179.48,108.85,32364075.5
0,0,40,536,18.31,0.01,179.48,108.85,32364075.5
0,0,40,536,18.31,0.01,179.48,108.85,32364075.5
0,0,40,536,18.31,0.01,179.48,108.85,32364075.5
0,0,40,536,18.31,0.01,179.48,108.85,32364075.5
0,0,40,536,18.31,0.01,179.48,108.85,32364075.5
0,0,40,536,18.31,0.01,179.48,108.85,32364075.5
0,0,40,536,18.31,0.01,179.48,108.85,32364075.5
0,0,40,536,18.31,0.01,179.48,108.85,32364075.5
0,0,40,536,18.31,0.01,179.48,108.85,32364075.5
0,0,40,536,18.31,0.01,179.48,108.85,32364075.5
0,0,40,536,18.31,0.01,179.48,108.85,32364075.5
0,0,40,536,18.31,0.01,179.48,108.85,32364075.5
0,0,40,536,18.31,0.01,179.48,108.85,32364075.5
0,0,40,536,18.31,0.01,179.48,108.85,32364075.5
0,0,40,536,18.31,0.01,179.48,108.85,32364075.5
0,0,40,536,18.31,0.01,179.48,108.85,32364075.5
0,0,40,536,18.31,0.01,179.48,108.85,32364075.5
0,0,40,536,18.31,0.01,179.48,108.85,32364075.5
0,0,40,536,18.31,0.01,179.48,108.85,32364075.5
0,0,40,536,18.31,0.01,179.48,108.85,32364075.5
0,0,40,536,18.31,0.01,179.48,108.85,32364075.5
0,0,40,536,18.31,0.01,179.48,108.85,32364075.5
0,0,48,8,94.73,0.05,55.7,694.73,10261187.12
0,0,48,16,41.2,0.04,59.68,573.38,10633482.08
0,0,48,24,32.94,0.03,63.4,495.33,11416646.78
0,0,48,32,32.94,0.03,65.81,433.21,12361538.44
0,0,48,40,32.94,0.03,69.02,392.53,12547561.06
0,0,48,48,32.94,0.02,74.42,372.59,12904934.5
0,0,48,56,32.94,0.02,80.22,358.72,13168529.4
0,0,48,64,32.94,0.02,73.73,297.83,13132434.13
0,0,48,72,26.42,0.02,80.33,295.93,14758827.19
0,0,48,80,18.85,0.02,88.71,300.33,17020296.87
0,0,48,88,18.85,0.02,91.2,285.64,17162588.42
0,0,48,96,18.85,0.02,95.0,276.79,17238827.63
0,0,48,104,18.85,0.02,99.03,269.76,17301825.48
0,0,48,112,18.85,0.02,103.43,264.52,17387148.93
0,0,48,128,18.85,0.02,112.27,255.83,17631899.58
0,0,48,144,18.85,0.01,98.77,202.95,18343106.7
0,0,48,160,18.85,0.01,110.82,207.34,21436071.1
0,0,48,176,18.85,0.01,121.08,207.93,23950943.75
0,0,48,192,17.56,0.01,123.55,196.06,24097926.69
0,0,48,208,17.56,0.01,127.08,187.44,23964799.66
0,0,48,224,17.56,0.01,131.81,181.61,23927240.96
0,0,48,240,17.56,0.01,137.54,177.8,23714678.35
0,0,48,256,17.56,0.01,143.45,174.63,23753053.16
0,0,48,278,17.56,0.01,152.72,170.99,23854580.65
0,0,48,278,17.56,0.01,152.72,170.99,23854580.65
0,0,48,278,17.56,0.01,152.72,170.99,23854580.65
0,0,48,278,17.56,0.01,152.72,170.99,23854580.65
0,0,48,278,17.56,0.01,152.72,170.99,23854580.65
0,0,48,278,17.56,0.01,152.72,170.99,23854580.65
0,0,48,448,17.56,0.01,149.54,107.18,27951875.59
0,0,48,478,17.56,0.01,154.35,103.52,27756039.0
0,0,48,512,16.19,0.01,173.43,109.31,33737244.54
0,0,48,576,14.93,0.01,200.35,112.69,39957583.74
0,0,48,624,14.93,0.01,202.31,105.3,40078442.55
0,0,48,640,14.67,0.01,244.24,124.03,42087134.7
0,0,48,672,14.67,0.01,208.11,100.79,39355740.17
0,0,48,679,14.67,0.01,209.55,100.32,39071146.1
0,0,48,679,14.67,0.01,209.55,100.32,39071146.1
0,0,48,679,14.67,0.01,209.55,100.32,39071146.1
0,0,48,679,14.67,0.01,209.55,100.32,39071146.1
0,0,48,679,14.67,0.01,209.55,100.32,39071146.1
0,0,48,679,14.67,0.01,209.55,100.32,39071146.1
0,0,48,679,14.67,0.01,209.55,100.32,39071146.1
0,0,48,679,14.67,0.01,209.55,100.32,39071146.1
0,0,48,679,14.67,0.01,209.55,100.32,39071146.1
0,0,48,679,14.67,0.01,209.55,100.32,39071146.1
0,0,48,679,14.67,0.01,209.55,100.32,39071146.1
0,0,48,679,14.67,0.01,209.55,100.32,39071146.1
0,0,48,679,14.67,0.01,209.55,100.32,39071146.1
0,0,48,679,14.67,0.01,209.55,100.32,39071146.1
0,0,48,679,14.67,0.01,209.55,100.32,39071146.1
0,0,48,679,14.67,0.01,209.55,100.32,39071146.1
0,0,48,679,14.67,0.01,209.55,100.32,39071146.1
0,0,48,679,14.67,0.01,209.55,100.32,39071146.1
0,0,48,679,14.67,0.01,209.55,100.32,39071146.1
0,0,48,679,14.67,0.01,209.55,100.32,39071146.1
0,0,56,8,41.16,0.04,55.31,617.6,10222814.69
0,0,56,16,41.16,0.04,59.6,525.29,10599770.8
0,0,56,24,32.9,0.03,63.54,462.55,11854455.86
0,0,56,32,32.9,0.03,65.08,403.52,11963890.73
0,0,56,40,32.9,0.02,68.31,368.84,12418589.86
0,0,56,48,32.9,0.02,69.29,331.36,12662823.56
0,0,56,56,32.9,0.02,74.04,317.74,12919754.16
0,0,56,64,32.9,0.02,73.99,287.96,12992539.85
0,0,56,72,26.38,0.02,76.89,273.77,13952224.2
0,0,56,80,26.38,0.02,78.27,256.83,14096020.74
0,0,56,88,26.38,0.02,80.57,245.15,14218381.73
0,0,56,96,26.38,0.01,80.41,228.06,14216616.29
0,0,56,104,26.38,0.01,82.61,219.42,14406644.39
0,0,56,112,26.38,0.01,82.87,206.96,14883554.79
0,0,56,128,26.38,0.01,87.14,194.41,15030587.08
0,0,56,144,20.7,0.01,90.95,183.35,16627501.24
0,0,56,160,20.7,0.01,103.31,189.95,17298213.06
0,0,56,176,20.7,0.01,100.39,169.66,16935538.25
0,0,56,192,18.81,0.01,102.14,159.72,18897479.79
0,0,56,208,18.58,0.01,105.7,153.78,19097700.59
0,0,56,224,18.58,0.01,109.77,149.32,19219938.38
0,0,56,240,18.58,0.01,114.32,146.01,19381568.1
0,0,56,256,18.58,0.01,109.5,131.8,18909219.29
0,0,56,288,20.48,0.01,120.69,130.28,21456833.36
0,0,56,304,20.48,0.01,125.58,128.9,21819684.35
0,0,56,320,20.48,0.01,128.62,125.84,21757559.47
0,0,56,352,18.58,0.01,130.57,116.82,22550292.21
0,0,56,384,20.48,0.01,131.04,108.0,22688786.99
0,0,56,400,20.48,0.01,133.06,105.5,22673037.69
0,0,56,421,20.35,0.01,139.02,104.3,22760666.0
0,0,56,421,20.35,0.01,139.02,104.3,22760666.0
0,0,56,421,20.35,0.01,139.02,104.3,22760666.0
0,0,56,421,20.35,0.01,139.02,104.3,22760666.0
0,0,56,421,20.35,0.01,139.02,104.3,22760666.0
0,0,56,421,20.35,0.01,139.02,104.3,22760666.0
0,0,56,421,20.35,0.01,139.02,104.3,22760666.0
0,0,56,421,20.35,0.01,139.02,104.3,22760666.0
0,0,56,421,20.35,0.01,139.02,104.3,22760666.0
0,0,56,421,20.35,0.01,139.02,104.3,22760666.0
0,0,56,421,20.35,0.01,139.02,104.3,22760666.0
0,0,56,421,20.35,0.01,139.02,104.3,22760666.0
0,0,56,421,20.35,0.01,139.02,104.3,22760666.0
0,0,56,421,20.35,0.01,139.02,104.3,22760666.0
0,0,56,421,20.35,0.01,139.02,104.3,22760666.0
0,0,56,421,20.35,0.01,139.02,104.3,22760666.0
0,0,56,421,20.35,0.01,139.02,104.3,22760666.0
0,0,56,421,20.35,0.01,139.02,104.3,22760666.0
0,0,56,421,20.35,0.01,139.02,104.3,22760666.0
0,0,56,421,20.35,0.01,139.02,104.3,22760666.0
0,0,56,421,20.35,0.01,139.02,104.3,22760666.0
0,0,56,421,20.35,0.01,139.02,104.3,22760666.0
0,0,56,421,20.35,0.01,139.02,104.3,22760666.0
0,0,56,421,20.35,0.01,139.02,104.3,22760666.0
0,0,56,421,20.35,0.01,139.02,104.3,22760666.0
0,0,56,421,20.35,0.01,139.02,104.3,22760666.0
0,0,56,421,20.35,0.01,139.02,104.3,22760666.0
0,0,64,8,41.16,0.04,54.61,551.96,10184813.32
0,0,64,16,32.9,0.03,57.23,465.9,10856575.6
0,0,64,24,32.9,0.03,61.84,421.41,11703307.16
0,0,64,32,32.9,0.02,63.98,374.88,11976329.75
0,0,64,40,32.9,0.02,66.81,343.38,12210316.87
0,0,64,48,32.9,0.02,67.81,310.35,12475683.56
0,0,64,56,32.9,0.02,69.86,288.18,12541106.35
0,0,64,64,32.9,0.02,71.81,269.66,12828792.07
0,0,64,72,32.9,0.02,72.03,248.2,12973333.57
0,0,64,80,32.9,0.01,73.68,234.55,13025397.62
0,0,64,88,32.9,0.01,75.21,222.5,13244205.73
0,0,64,96,32.9,0.01,75.63,208.95,13341063.86
0,0,64,104,32.9,0.01,77.39,200.57,13426434.14
0,0,64,112,32.9,0.01,77.99,190.32,13549979.77
0,0,64,128,32.9,0.01,79.79,174.36,13725818.19
0,0,64,144,32.9,0.01,81.47,161.19,13800908.77
0,0,64,160,32.9,0.01,101.65,183.74,15124187.31
0,0,64,176,32.9,0.01,83.83,139.46,14122085.0
0,0,64,192,32.9,0.01,85.83,132.26,14273808.48
0,0,64,208,32.9,0.01,86.42,124.03,14343116.94
0,0,64,224,32.9,0.01,88.94,119.46,14506678.95
0,0,64,237,32.9,0.01,89.88,113.43,14538705.7
0,0,64,237,32.9,0.01,89.88,113.43,14538705.7
0,0,64,237,32.9,0.01,89.88,113.43,14538705.7
0,0,64,237,32.9,0.01,89.88,113.43,14538705.7
0,0,64,237,32.9,0.01,89.88,113.43,14538705.7
0,0,64,237,32.9,0.01,89.88,113.43,14538705.7
0,0,64,237,32.9,0.01,89.88,113.43,14538705.7
0,0,64,237,32.9,0.01,89.88,113.43,14538705.7
0,0,64,237,32.9,0.01,89.88,113.43,14538705.7
0,0,64,237,32.9,0.01,89.88,113.43,14538705.7
0,0,64,237,32.9,0.01,89.88,113.43,14538705.7
0,0,64,237,32.9,0.01,89.88,113.43,14538705.7
0,0,64,237,32.9,0.01,89.88,113.43,14538705.7
0,0,64,237,32.9,0.01,89.88,113.43,14538705.7
0,0,64,237,32.9,0.01,89.88,113.43,14538705.7
0,0,64,237,32.9,0.01,89.88,113.43,14538705.7
0,0,64,237,32.9,0.01,89.88,113.43,14538705.7
0,0,64,237,32.9,0.01,89.88,113.43,14538705.7
0,0,64,237,32.9,0.01,89.88,113.43,14538705.7
0,0,64,237,32.9,0.01,89.88,113.43,14538705.7
0,0,64,237,32.9,0.01,89.88,113.43,14538705.7
0,0,64,237,32.9,0.01,89.88,113.43,14538705.7
0,0,64,237,32.9,0.01,89.88,113.43,14538705.7
0,0,64,237,32.9,0.01,89.88,113.43,14538705.7
0,0,64,237,32.9,0.01,89.88,113.43,14538705.7
0,0,64,237,32.9,0.01,89.88,113.43,14538705.7
0,0,64,237,32.9,0.01,89.88,113.43,14538705.7
0,0,64,237,32.9,0.01,89.88,113.43,14538705.7
0,0,64,237,32.9,0.01,89.88,113.43,14538705.7
0,0,64,237,32.9,0.01,89.88,113.43,14538705.7
0,0,64,237,32.9,0.01,89.88,113.43,14538705.7
0,0,64,237,32.9,0.01,89.88,113.43,14538705.7
0,0,64,237,32.9,0.01,89.88,113.43,14538705.7
0,0,64,237,32.9,0.01,89.88,113.43,14538705.7
0,0,64,237,32.9,0.01,89.88,113.43,14538705.7
0,0,72,8,41.02,0.04,57.38,529.77,10626052.72
0,0,72,16,32.77,0.03,59.82,452.43,11290844.82
0,0,72,24,32.77,0.03,63.2,404.79,12046457.89
0,0,72,32,32.77,0.02,64.87,360.3,12374237.41
0,0,72,40,32.77,0.02,67.32,330.07,12585758.88
0,0,72,48,32.77,0.02,69.16,303.5,12822438.87
0,0,72,56,32.77,0.02,70.51,280.04,12986769.58
0,0,72,64,32.77,0.02,72.34,262.4,13120892.05
0,0,72,72,32.77,0.02,73.07,243.9,13299508.13
0,0,72,80,32.77,0.01,74.4,229.97,13426095.74
0,0,72,88,32.77,0.02,85.69,246.65,14157526.3
0,0,72,96,32.77,0.01,76.57,206.2,13661576.27
0,0,72,104,32.77,0.01,76.6,193.79,13736363.47
0,0,72,112,32.77,0.01,77.38,184.6,13728688.48
0,0,72,128,32.77,0.01,78.88,168.91,13973074.32
0,0,72,144,32.77,0.01,81.41,158.14,14154890.67
0,0,72,160,32.77,0.01,83.56,148.52,14312640.44
0,0,72,176,32.77,0.01,84.23,137.99,14405882.76
0,0,72,192,32.77,0.01,86.69,131.7,14563217.72
0,0,72,208,32.77,0.01,87.87,124.45,14666349.24
0,0,72,224,32.77,0.01,88.47,117.35,14737925.08
0,0,72,238,32.77,0.01,90.62,113.03,14839505.14
0,0,72,242,32.77,0.01,91.29,110.57,14821472.35
0,0,72,242,32.77,0.01,91.29,110.57,14821472.35
0,0,72,242,32.77,0.01,91.29,110.57,14821472.35
0,0,72,242,32.77,0.01,91.29,110.57,14821472.35
0,0,72,242,32.77,0.01,91.29,110.57,14821472.35
0,0,72,242,32.77,0.01,91.29,110.57,14821472.35
0,0,72,242,32.77,0.01,91.29,110.57,14821472.35
0,0,72,242,32.77,0.01,91.29,110.57,14821472.35
0,0,72,242,32.77,0.01,91.29,110.57,14821472.35
0,0,72,242,32.77,0.01,91.29,110.57,14821472.35
0,0,72,242,32.77,0.01,91.29,110.57,14821472.35
0,0,72,242,32.77,0.01,91.29,110.57,14821472.35
0,0,72,242,32.77,0.01,91.29,110.57,14821472.35
0,0,72,242,32.77,0.01,91.29,110.57,14821472.35
0,0,72,242,32.77,0.01,91.29,110.57,14821472.35
0,0,72,242,32.77,0.01,91.29,110.57,14821472.35
0,0,72,242,32.77,0.01,91.29,110.57,14821472.35
0,0,72,242,32.77,0.01,91.29,110.57,14821472.35
0,0,72,242,32.77,0.01,91.29,110.57,14821472.35
0,0,72,242,32.77,0.01,91.29,110.57,14821472.35
0,0,72,242,32.77,0.01,91.29,110.57,14821472.35
0,0,72,242,32.77,0.01,91.29,110.57,14821472.35
0,0,72,242,32.77,0.01,91.29,110.57,14821472.35
0,0,72,242,32.77,0.01,91.29,110.57,14821472.35
0,0,72,242,32.77,0.01,91.29,110.57,14821472.35
0,0,72,242,32.77,0.01,91.29,110.57,14821472.35
0,0,72,242,32.77,0.01,91.29,110.57,14821472.35
0,0,72,242,32.77,0.01,91.29,110.57,14821472.35
0,0,72,242,32.77,0.01,91.29,110.57,14821472.35
0,0,72,242,32.77,0.01,91.29,110.57,14821472.35
0,0,72,242,32.77,0.01,91.29,110.57,14821472.35
0,0,72,242,32.77,0.01,91.29,110.57,14821472.35
0,0,72,242,32.77,0.01,91.29,110.57,14821472.35
0,0,72,242,32.77,0.01,91.29,110.57,14821472.35
0,0,80,8,40.31,0.03,60.74,516.14,10878409.65
0,0,80,16,32.06,0.03,62.11,438.66,11472284.47
0,0,80,24,32.06,0.03,65.86,397.94,12247870.01
0,0,80,32,32.06,0.02,67.07,354.06,12550207.52
0,0,80,40,32.06,0.02,69.29,324.8,12738297.5
0,0,80,48,32.06,0.02,70.85,298.62,12956339.43
0,0,80,56,32.06,0.02,71.62,274.22,13125770.3
0,0,80,64,32.06,0.02,72.43,254.08,13260357.38
0,0,80,72,32.06,0.02,74.42,240.86,13407087.66
0,0,80,80,32.06,0.01,74.84,224.83,13521373.09
0,0,80,88,32.06,0.01,75.57,211.8,13614611.09
0,0,80,96,32.06,0.01,76.87,201.91,13690353.96
0,0,80,104,32.06,0.01,77.51,191.55,13814701.28
0,0,80,112,32.06,0.01,78.25,182.59,13802935.31
0,0,80,128,32.06,0.01,79.54,166.98,14034641.92
0,0,80,144,32.06,0.01,97.08,185.2,15082450.73
0,0,80,160,32.06,0.01,83.1,145.28,14324556.99
0,0,80,176,32.06,0.01,83.71,135.06,14413162.67
0,0,80,192,31.83,0.01,86.06,128.91,14573373.69
0,0,80,208,31.83,0.01,87.48,122.27,14690553.31
0,0,80,224,31.83,0.01,88.31,115.7,14773239.27
0,0,80,226,31.83,0.01,90.92,115.5,14804101.43
0,0,80,226,31.83,0.01,90.92,115.5,14804101.43
0,0,80,226,31.83,0.01,90.92,115.5,14804101.43
0,0,80,226,31.83,0.01,90.92,115.5,14804101.43
0,0,80,226,31.83,0.01,90.92,115.5,14804101.43
0,0,80,226,31.83,0.01,90.92,115.5,14804101.43
0,0,80,226,31.83,0.01,90.92,115.5,14804101.43
0,0,80,226,31.83,0.01,90.92,115.5,14804101.43
0,0,80,226,31.83,0.01,90.92,115.5,14804101.43
0,0,80,226,31.83,0.01,90.92,115.5,14804101.43
0,0,80,226,31.83,0.01,90.92,115.5,14804101.43
0,0,80,226,31.83,0.01,90.92,115.5,14804101.43
0,0,80,226,31.83,0.01,90.92,115.5,14804101.43
0,0,80,226,31.83,0.01,90.92,115.5,14804101.43
0,0,80,226,31.83,0.01,90.92,115.5,14804101.43
0,0,80,226,31.83,0.01,90.92,115.5,14804101.43
0,0,80,226,31.83,0.01,90.92,115.5,14804101.43
0,0,80,226,31.83,0.01,90.92,115.5,14804101.43
0,0,80,226,31.83,0.01,90.92,115.5,14804101.43
0,0,80,226,31.83,0.01,90.92,115.5,14804101.43
0,0,80,226,31.83,0.01,90.92,115.5,14804101.43
0,0,80,226,31.83,0.01,90.92,115.5,14804101.43
0,0,80,226,31.83,0.01,90.92,115.5,14804101.43
0,0,80,226,31.83,0.01,90.92,115.5,14804101.43
0,0,80,226,31.83,0.01,90.92,115.5,14804101.43
0,0,80,226,31.83,0.01,90.92,115.5,14804101.43
0,0,80,226,31.83,0.01,90.92,115.5,14804101.43
0,0,80,226,31.83,0.01,90.92,115.5,14804101.43
0,0,80,226,31.83,0.01,90.92,115.5,14804101.43
0,0,80,226,31.83,0.01,90.92,115.5,14804101.43
0,0,80,226,31.83,0.01,90.92,115.5,14804101.43
0,0,80,226,31.83,0.01,90.92,115.5,14804101.43
0,0,80,226,31.83,0.01,90.92,115.5,14804101.43
0,0,80,226,31.83,0.01,90.92,115.5,14804101.43
0,0,80,226,31.83,0.01,90.92,115.5,14804101.43
0,0,88,8,40.31,0.03,58.45,459.99,10681943.99
0,0,88,16,40.31,0.03,61.04,404.3,10928921.35
0,0,88,24,32.06,0.03,66.14,378.2,12266839.25
0,0,88,32,32.06,0.02,67.11,337.57,12561012.16
0,0,88,40,32.06,0.02,68.79,308.89,12774625.46
0,0,88,48,32.06,0.02,70.38,285.37,12972366.71
0,0,88,56,32.06,0.02,71.85,265.58,13144989.45
0,0,88,64,32.06,0.02,71.89,244.15,13274279.9
0,0,88,72,32.06,0.01,73.64,231.32,13329753.8
0,0,88,80,32.06,0.01,74.81,218.56,13523956.95
0,0,88,88,32.06,0.01,75.42,205.97,13632143.58
0,0,88,96,32.06,0.01,75.93,194.66,13712187.12
0,0,88,104,32.06,0.01,77.71,187.71,13829390.71
0,0,88,112,32.06,0.01,78.08,178.3,13904998.83
0,0,88,128,32.06,0.01,91.34,188.05,14755931.28
0,0,88,144,32.06,0.01,80.68,151.21,14175107.3
0,0,88,160,32.06,0.01,83.67,143.92,14362965.7
0,0,88,176,32.06,0.01,84.1,133.66,14440425.12
0,0,88,192,31.83,0.01,85.24,125.9,14548580.6
0,0,88,208,31.83,0.01,87.72,121.02,14709728.25
0,0,88,223,31.83,0.01,88.86,115.0,14789964.47
0,0,88,223,31.83,0.01,88.86,115.0,14789964.47
0,0,88,223,31.83,0.01,88.86,115.0,14789964.47
0,0,88,223,31.83,0.01,88.86,115.0,14789964.47
0,0,88,223,31.83,0.01,88.86,115.0,14789964.47
0,0,88,223,31.83,0.01,88.86,115.0,14789964.47
0,0,88,223,31.83,0.01,88.86,115.0,14789964.47
0,0,88,223,31.83,0.01,88.86,115.0,14789964.47
0,0,88,223,31.83,0.01,88.86,115.0,14789964.47
0,0,88,223,31.83,0.01,88.86,115.0,14789964.47
0,0,88,223,31.83,0.01,88.86,115.0,14789964.47
0,0,88,223,31.83,0.01,88.86,115.0,14789964.47
0,0,88,223,31.83,0.01,88.86,115.0,14789964.47
0,0,88,223,31.83,0.01,88.86,115.0,14789964.47
0,0,88,223,31.83,0.01,88.86,115.0,14789964.47
0,0,88,223,31.83,0.01,88.86,115.0,14789964.47
0,0,88,223,31.83,0.01,88.86,115.0,14789964.47
0,0,88,223,31.83,0.01,88.86,115.0,14789964.47
0,0,88,223,31.83,0.01,88.86,115.0,14789964.47
0,0,88,223,31.83,0.01,88.86,115.0,14789964.47
0,0,88,223,31.83,0.01,88.86,115.0,14789964.47
0,0,88,223,31.83,0.01,88.86,115.0,14789964.47
0,0,88,223,31.83,0.01,88.86,115.0,14789964.47
0,0,88,223,31.83,0.01,88.86,115.0,14789964.47
0,0,88,223,31.83,0.01,88.86,115.0,14789964.47
0,0,88,223,31.83,0.01,88.86,115.0,14789964.47
0,0,88,223,31.83,0.01,88.86,115.0,14789964.47
0,0,88,223,31.83,0.01,88.86,115.0,14789964.47
0,0,88,223,31.83,0.01,88.86,115.0,14789964.47
0,0,88,223,31.83,0.01,88.86,115.0,14789964.47
0,0,88,223,31.83,0.01,88.86,115.0,14789964.47
0,0,88,223,31.83,0.01,88.86,115.0,14789964.47
0,0,88,223,31.83,0.01,88.86,115.0,14789964.47
0,0,88,223,31.83,0.01,88.86,115.0,14789964.47
0,0,88,223,31.83,0.01,88.86,115.0,14789964.47
0,0,88,223,31.83,0.01,88.86,115.0,14789964.47
0,0,96,8,40.31,0.03,59.47,435.84,10750920.86
0,0,96,16,32.06,0.03,61.0,380.38,11300171.85
0,0,96,24,32.06,0.02,65.06,353.06,12399480.61
0,0,96,32,32.06,0.02,74.51,357.92,13078108.65
0,0,96,40,32.06,0.02,68.05,293.23,12817288.17
0,0,96,48,32.06,0.02,69.07,269.79,12997623.95
0,0,96,56,32.06,0.02,70.02,250.14,13135182.76
0,0,96,64,32.06,0.02,76.65,252.3,13541251.79
0,0,96,72,32.06,0.01,72.58,221.47,13406845.23
0,0,96,80,32.06,0.01,73.43,208.82,13524261.89
0,0,96,88,32.06,0.01,74.7,198.9,13629659.72
0,0,96,96,32.06,0.01,75.66,189.4,13720578.23
0,0,96,104,32.06,0.01,76.32,180.26,13704404.16
0,0,96,112,32.06,0.01,85.24,190.57,14322558.03
0,0,96,128,32.06,0.01,79.33,160.22,13973749.43
0,0,96,144,32.06,0.01,80.86,148.93,14188405.85
0,0,96,160,32.06,0.01,82.74,140.06,14329833.2
0,0,96,176,32.06,0.01,84.15,131.77,14445318.05
0,0,96,192,32.06,0.01,85.25,124.2,14543587.97
0,0,96,208,32.06,0.01,87.44,119.09,14685094.96
0,0,96,224,32.06,0.01,88.13,112.7,14760065.36
0,0,96,224,32.06,0.01,88.13,112.7,14760065.36
0,0,96,224,32.06,0.01,88.13,112.7,14760065.36
0,0,96,224,32.06,0.01,88.13,112.7,14760065.36
0,0,96,224,32.06,0.01,88.13,112.7,14760065.36
0,0,96,224,32.06,0.01,88.13,112.7,14760065.36
0,0,96,224,32.06,0.01,88.13,112.7,14760065.36
0,0,96,224,32.06,0.01,88.13,112.7,14760065.36
0,0,96,224,32.06,0.01,88.13,112.7,14760065.36
0,0,96,224,32.06,0.01,88.13,112.7,14760065.36
0,0,96,224,32.06,0.01,88.13,112.7,14760065.36
0,0,96,224,32.06,0.01,88.13,112.7,14760065.36
0,0,96,224,32.06,0.01,88.13,112.7,14760065.36
0,0,96,224,32.06,0.01,88.13,112.7,14760065.36
0,0,96,224,32.06,0.01,88.13,112.7,14760065.36
0,0,96,224,32.06,0.01,88.13,112.7,14760065.36
0,0,96,224,32.06,0.01,88.13,112.7,14760065.36
0,0,96,224,32.06,0.01,88.13,112.7,14760065.36
0,0,96,224,32.06,0.01,88.13,112.7,14760065.36
0,0,96,224,32.06,0.01,88.13,112.7,14760065.36
0,0,96,224,32.06,0.01,88.13,112.7,14760065.36
0,0,96,224,32.06,0.01,88.13,112.7,14760065.36
0,0,96,224,32.06,0.01,88.13,112.7,14760065.36
0,0,96,224,32.06,0.01,88.13,112.7,14760065.36
0,0,96,224,32.06,0.01,88.13,112.7,14760065.36
0,0,96,224,32.06,0.01,88.13,112.7,14760065.36
0,0,96,224,32.06,0.01,88.13,112.7,14760065.36
0,0,96,224,32.06,0.01,88.13,112.7,14760065.36
0,0,96,224,32.06,0.01,88.13,112.7,14760065.36
0,0,96,224,32.06,0.01,88.13,112.7,14760065.36
0,0,96,224,32.06,0.01,88.13,112.7,14760065.36
0,0,96,224,32.06,0.01,88.13,112.7,14760065.36
0,0,96,224,32.06,0.01,88.13,112.7,14760065.36
0,0,96,224,32.06,0.01,88.13,112.7,14760065.36
0,0,96,224,32.06,0.01,88.13,112.7,14760065.36
0,0,96,224,32.06,0.01,88.13,112.7,14760065.36
0,0,104,8,39.94,0.03,63.5,435.46,11025991.43
0,0,104,16,31.68,0.03,64.5,380.0,11539230.96
0,0,104,24,31.68,0.02,68.3,352.68,12620543.74
0,0,104,32,31.68,0.02,77.78,357.54,13301765.85
0,0,104,40,31.68,0.02,70.71,292.85,12999029.44
0,0,104,48,31.68,0.02,71.45,269.24,13157364.93
0,0,104,56,31.68,0.02,73.1,252.68,13298105.71
0,0,104,64,31.68,0.01,74.13,236.69,13429067.43
0,0,104,72,31.68,0.01,74.52,221.06,13538100.3
0,0,104,80,31.68,0.01,76.77,212.65,13681174.74
0,0,104,88,31.68,0.01,77.37,200.99,13765340.89
0,0,104,96,31.68,0.01,77.17,188.76,13821197.91
0,0,104,104,31.68,0.01,78.86,182.22,13935540.76
0,0,104,112,31.68,0.01,79.88,174.92,14030137.33
0,0,104,128,31.68,0.01,93.16,184.67,14882902.49
0,0,104,144,25.16,0.01,83.72,151.57,14708483.81
0,0,104,160,25.16,0.01,86.14,143.54,15084811.6
0,0,104,176,25.16,0.01,88.3,136.27,15523659.83
0,0,104,192,25.16,0.01,89.41,128.51,15569683.29
0,0,104,208,25.16,0.01,91.59,123.17,15660593.31
0,0,104,224,25.16,0.01,92.05,116.31,15689080.14
0,0,104,240,25.16,0.01,92.13,109.78,15758466.4
0,0,104,255,25.16,0.01,93.79,105.73,15725804.82
0,0,104,257,25.16,0.01,95.67,105.02,15724556.69
0,0,104,257,25.16,0.01,95.67,105.02,15724556.69
0,0,104,257,25.16,0.01,95.67,105.02,15724556.69
0,0,104,257,25.16,0.01,95.67,105.02,15724556.69
0,0,104,257,25.16,0.01,95.67,105.02,15724556.69
0,0,104,257,25.16,0.01,95.67,105.02,15724556.69
0,0,104,257,25.16,0.01,95.67,105.02,15724556.69
0,0,104,257,25.16,0.01,95.67,105.02,15724556.69
0,0,104,257,25.16,0.01,95.67,105.02,15724556.69
0,0,104,257,25.16,0.01,95.67,105.02,15724556.69
0,0,104,257,25.16,0.01,95.67,105.02,15724556.69
0,0,104,257,25.16,0.01,95.67,105.02,15724556.69
0,0,104,257,25.16,0.01,95.67,105.02,15724556.69
0,0,104,257,25.16,0.01,95.67,105.02,15724556.69
0,0,104,257,25.16,0.01,95.67,105.02,15724556.69
0,0,104,257,25.16,0.01,95.67,105.02,15724556.69
0,0,104,257,25.16,0.01,95.67,105.02,15724556.69
0,0,104,257,25.16,0.01,95.67,105.02,15724556.69
0,0,104,257,25.16,0.01,95.67,105.02,15724556.69
0,0,104,257,25.16,0.01,95.67,105.02,15724556.69
0,0,104,257,25.16,0.01,95.67,105.02,15724556.69
0,0,104,257,25.16,0.01,95.67,105.02,15724556.69
0,0,104,257,25.16,0.01,95.67,105.02,15724556.69
0,0,104,257,25.16,0.01,95.67,105.02,15724556.69
0,0,104,257,25.16,0.01,95.67,105.02,15724556.69
0,0,104,257,25.16,0.01,95.67,105.02,15724556.69
0,0,104,257,25.16,0.01,95.67,105.02,15724556.69
0,0,104,257,25.16,0.01,95.67,105.02,15724556.69
0,0,104,257,25.16,0.01,95.67,105.02,15724556.69
0,0,104,257,25.16,0.01,95.67,105.02,15724556.69
0,0,104,257,25.16,0.01,95.67,105.02,15724556.69
0,0,104,257,25.16,0.01,95.67,105.02,15724556.69
0,0,104,257,25.16,0.01,95.67,105.02,15724556.69
0,0,112,8,39.94,0.03,60.37,388.96,10776047.1
0,0,112,16,39.94,0.02,62.77,350.47,11008971.29
0,0,112,24,31.68,0.02,69.01,339.9,12370114.32
0,0,112,32,31.68,0.02,70.05,308.66,12862039.25
0,0,112,40,31.68,0.02,71.25,284.03,13040183.34
0,0,112,48,31.68,0.02,71.63,260.69,13178973.48
0,0,112,56,31.68,0.02,71.6,239.74,13293084.58
0,0,112,64,31.68,0.01,73.39,227.51,13354378.86
0,0,112,72,31.68,0.01,74.83,215.96,13563358.4
0,0,112,80,31.68,0.01,75.2,203.03,13649968.48
0,0,112,88,31.68,0.01,76.47,193.92,13757322.93
0,0,112,96,31.68,0.01,77.48,185.27,13849439.29
0,0,112,104,31.68,0.01,77.8,175.95,13916684.91
0,0,112,112,31.68,0.01,79.03,169.57,14005110.56
0,0,112,128,31.68,0.01,80.12,155.92,14134488.19
0,0,112,144,31.68,0.01,100.96,179.75,15420572.81
0,0,112,160,31.68,0.01,82.82,135.89,14374044.56
0,0,112,176,31.68,0.01,87.41,132.98,14633267.35
0,0,112,192,31.68,0.01,86.32,122.42,14622596.82
0,0,112,208,31.68,0.01,87.05,115.61,14698851.19
0,0,112,219,31.68,0.01,89.74,112.07,14774058.05
0,0,112,219,31.68,0.01,89.74,112.07,14774058.05
0,0,112,219,31.68,0.01,89.74,112.07,14774058.05
0,0,112,219,31.68,0.01,89.74,112.07,14774058.05
0,0,112,219,31.68,0.01,89.74,112.07,14774058.05
0,0,112,219,31.68,0.01,89.74,112.07,14774058.05
0,0,112,219,31.68,0.01,89.74,112.07,14774058.05
0,0,112,219,31.68,0.01,89.74,112.07,14774058.05
0,0,112,219,31.68,0.01,89.74,112.07,14774058.05
0,0,112,219,31.68,0.01,89.74,112.07,14774058.05
0,0,112,219,31.68,0.01,89.74,112.07,14774058.05
0,0,112,219,31.68,0.01,89.74,112.07,14774058.05
0,0,112,219,31.68,0.01,89.74,112.07,14774058.05
0,0,112,219,31.68,0.01,89.74,112.07,14774058.05
0,0,112,219,31.68,0.01,89.74,112.07,14774058.05
0,0,112,219,31.68,0.01,89.74,112.07,14774058.05
0,0,112,219,31.68,0.01,89.74,112.07,14774058.05
0,0,112,219,31.68,0.01,89.74,112.07,14774058.05
0,0,112,219,31.68,0.01,89.74,112.07,14774058.05
0,0,112,219,31.68,0.01,89.74,112.07,14774058.05
0,0,112,219,31.68,0.01,89.74,112.07,14774058.05
0,0,112,219,31.68,0.01,89.74,112.07,14774058.05
0,0,112,219,31.68,0.01,89.74,112.07,14774058.05
0,0,112,219,31.68,0.01,89.74,112.07,14774058.05
0,0,112,219,31.68,0.01,89.74,112.07,14774058.05
0,0,112,219,31.68,0.01,89.74,112.07,14774058.05
0,0,112,219,31.68,0.01,89.74,112.07,14774058.05
0,0,112,219,31.68,0.01,89.74,112.07,14774058.05
0,0,112,219,31.68,0.01,89.74,112.07,14774058.05
0,0,112,219,31.68,0.01,89.74,112.07,14774058.05
0,0,112,219,31.68,0.01,89.74,112.07,14774058.05
0,0,112,219,31.68,0.01,89.74,112.07,14774058.05
0,0,112,219,31.68,0.01,89.74,112.07,14774058.05
0,0,112,219,31.68,0.01,89.74,112.07,14774058.05
0,0,112,219,31.68,0.01,89.74,112.07,14774058.05
0,0,112,219,31.68,0.01,89.74,112.07,14774058.05
0,0,128,8,39.94,0.02,60.11,345.53,10737670.12
0,0,128,16,39.94,0.02,61.33,309.96,10878389.05
0,0,128,24,31.68,0.02,67.59,304.78,12146146.03
0,0,128,32,31.68,0.02,66.69,271.45,12257745.99
0,0,128,40,31.68,0.02,67.43,250.11,12476896.63
0,0,128,48,31.68,0.01,68.69,234.03,12650794.74
0,0,128,56,31.68,0.01,69.79,219.86,12780798.1
0,0,128,64,31.68,0.01,71.23,208.67,12971142.36
0,0,128,72,31.68,0.01,71.86,196.74,13097439.54
0,0,128,80,31.68,0.01,72.78,187.02,13217711.05
0,0,128,88,31.68,0.01,73.67,178.35,13320950.94
0,0,128,96,31.68,0.01,75.04,171.72,13434257.92
0,0,128,104,31.68,0.01,75.32,163.42,13521729.26
0,0,128,112,31.68,0.01,76.4,157.59,13619174.79
0,0,128,128,31.68,0.01,78.04,146.51,13786646.0
0,0,128,144,31.68,0.01,79.54,137.04,13922663.79
0,0,128,160,31.68,0.01,80.92,128.8,14053494.3
0,0,128,176,31.68,0.01,82.76,122.4,14193413.52
0,0,128,192,31.68,0.01,83.62,115.51,14295870.02
0,0,128,207,31.68,0.01,85.76,111.12,14415065.02
0,0,128,207,31.68,0.01,85.76,111.12,14415065.02
0,0,128,207,31.68,0.01,85.76,111.12,14415065.02
0,0,128,207,31.68,0.01,85.76,111.12,14415065.02
0,0,128,207,31.68,0.01,85.76,111.12,14415065.02
0,0,128,207,31.68,0.01,85.76,111.12,14415065.02
0,0,128,207,31.68,0.01,85.76,111.12,14415065.02
0,0,128,207,31.68,0.01,85.76,111.12,14415065.02
0,0,128,207,31.68,0.01,85.76,111.12,14415065.02
0,0,128,207,31.68,0.01,85.76,111.12,14415065.02
0,0,128,207,31.68,0.01,85.76,111.12,14415065.02
0,0,128,207,31.68,0.01,85.76,111.12,14415065.02
0,0,128,207,31.68,0.01,85.76,111.12,14415065.02
0,0,128,207,31.68,0.01,85.76,111.12,14415065.02
0,0,128,207,31.68,0.01,85.76,111.12,14415065.02
0,0,128,207,31.68,0.01,85.76,111.12,14415065.02
0,0,128,207,31.68,0.01,85.76,111.12,14415065.02
0,0,128,207,31.68,0.01,85.76,111.12,14415065.02
0,0,128,207,31.68,0.01,85.76,111.12,14415065.02
0,0,128,207,31.68,0.01,85.76,111.12,14415065.02
0,0,128,207,31.68,0.01,85.76,111.12,14415065.02
0,0,128,207,31.68,0.01,85.76,111.12,14415065.02
0,0,128,207,31.68,0.01,85.76,111.12,14415065.02
0,0,128,207,31.68,0.01,85.76,111.12,14415065.02
0,0,128,207,31.68,0.01,85.76,111.12,14415065.02
0,0,128,207,31.68,0.01,85.76,111.12,14415065.02
0,0,128,207,31.68,0.01,85.76,111.12,14415065.02
0,0,128,207,31.68,0.01,85.76,111.12,14415065.02
0,0,128,207,31.68,0.01,85.76,111.12,14415065.02
0,0,128,207,31.68,0.01,85.76,111.12,14415065.02
0,0,128,207,31.68,0.01,85.76,111.12,14415065.02
0,0,128,207,31.68,0.01,85.76,111.12,14415065.02
0,0,128,207,31.68,0.01,85.76,111.12,14415065.02
0,0,128,207,31.68,0.01,85.76,111.12,14415065.02
0,0,128,207,31.68,0.01,85.76,111.12,14415065.02
0,0,128,207,31.68,0.01,85.76,111.12,14415065.02
0,0,128,207,31.68,0.01,85.76,111.12,14415065.02
0,0,144,8,39.94,0.02,59.19,307.13,10652594.74
0,0,144,16,39.94,0.02,60.75,280.46,10808069.25
0,0,144,24,31.68,0.02,70.94,294.92,12224503.43
0,0,144,32,31.68,0.02,65.29,246.89,12059659.25
0,0,144,40,31.68,0.01,66.1,229.22,12284778.3
0,0,144,48,31.68,0.01,67.5,216.16,12360761.67
0,0,144,56,31.68,0.01,68.76,204.54,12627461.27
0,0,144,64,31.68,0.01,69.58,193.22,12798415.01
0,0,144,72,31.68,0.01,70.71,184.14,12917419.83
0,0,144,80,31.68,0.01,71.41,175.06,13046885.63
0,0,144,88,31.68,0.01,72.69,168.33,13153565.45
0,0,144,96,31.68,0.01,73.75,161.83,13269058.48
0,0,144,104,31.68,0.01,74.17,154.64,13362149.61
0,0,144,112,31.68,0.01,75.49,149.91,13456214.87
0,0,144,128,31.68,0.01,76.99,139.62,13633182.81
0,0,144,144,31.68,0.01,81.54,136.08,13929423.13
0,0,144,160,31.68,0.01,79.63,123.08,13904872.56
0,0,144,176,31.68,0.01,81.68,117.56,14057833.26
0,0,144,192,31.68,0.01,82.81,111.51,14175961.56
0,0,144,199,31.68,0.01,83.8,109.32,14232855.97
0,0,144,199,31.68,0.01,83.8,109.32,14232855.97
0,0,144,199,31.68,0.01,83.8,109.32,14232855.97
0,0,144,199,31.68,0.01,83.8,109.32,14232855.97
0,0,144,199,31.68,0.01,83.8,109.32,14232855.97
0,0,144,199,31.68,0.01,83.8,109.32,14232855.97
0,0,144,199,31.68,0.01,83.8,109.32,14232855.97
0,0,144,199,31.68,0.01,83.8,109.32,14232855.97
0,0,144,199,31.68,0.01,83.8,109.32,14232855.97
0,0,144,199,31.68,0.01,83.8,109.32,14232855.97
0,0,144,199,31.68,0.01,83.8,109.32,14232855.97
0,0,144,199,31.68,0.01,83.8,109.32,14232855.97
0,0,144,199,31.68,0.01,83.8,109.32,14232855.97
0,0,144,199,31.68,0.01,83.8,109.32,14232855.97
0,0,144,199,31.68,0.01,83.8,109.32,14232855.97
0,0,144,199,31.68,0.01,83.8,109.32,14232855.97
0,0,144,199,31.68,0.01,83.8,109.32,14232855.97
0,0,144,199,31.68,0.01,83.8,109.32,14232855.97
0,0,144,199,31.68,0.01,83.8,109.32,14232855.97
0,0,144,199,31.68,0.01,83.8,109.32,14232855.97
0,0,144,199,31.68,0.01,83.8,109.32,14232855.97
0,0,144,199,31.68,0.01,83.8,109.32,14232855.97
0,0,144,199,31.68,0.01,83.8,109.32,14232855.97
0,0,144,199,31.68,0.01,83.8,109.32,14232855.97
0,0,144,199,31.68,0.01,83.8,109.32,14232855.97
0,0,144,199,31.68,0.01,83.8,109.32,14232855.97
0,0,144,199,31.68,0.01,83.8,109.32,14232855.97
0,0,144,199,31.68,0.01,83.8,109.32,14232855.97
0,0,144,199,31.68,0.01,83.8,109.32,14232855.97
0,0,144,199,31.68,0.01,83.8,109.32,14232855.97
0,0,144,199,31.68,0.01,83.8,109.32,14232855.97
0,0,144,199,31.68,0.01,83.8,109.32,14232855.97
0,0,144,199,31.68,0.01,83.8,109.32,14232855.97
0,0,144,199,31.68,0.01,83.8,109.32,14232855.97
0,0,144,199,31.68,0.01,83.8,109.32,14232855.97
0,0,144,199,31.68,0.01,83.8,109.32,14232855.97
0,0,144,199,31.68,0.01,83.8,109.32,14232855.97
0,0,160,8,39.94,0.02,57.73,273.01,10530322.91
0,0,160,16,39.94,0.02,59.09,251.06,10781636.35
0,0,160,24,31.68,0.02,62.09,239.47,11717914.25
0,0,160,32,31.68,0.01,63.42,223.95,11857065.47
0,0,160,40,31.68,0.02,74.05,241.11,12746497.81
0,0,160,48,31.68,0.01,65.99,199.36,12324818.34
0,0,160,56,31.68,0.01,66.69,187.9,12489800.94
0,0,160,64,31.68,0.01,67.89,179.22,12540525.34
0,0,160,72,31.68,0.01,69.29,172.03,12778104.36
0,0,160,80,31.68,0.01,70.46,165.14,12898789.11
0,0,160,88,31.68,0.01,71.02,157.61,13022713.91
0,0,160,96,31.68,0.01,72.3,152.37,13131622.11
0,0,160,104,31.68,0.01,72.99,146.45,13224662.7
0,0,160,112,31.68,0.01,74.1,141.86,13323380.09
0,0,160,128,31.68,0.01,76.31,133.84,13502377.04
0,0,160,144,31.68,0.01,76.86,124.38,13640749.15
0,0,160,160,31.68,0.01,79.05,118.73,13801665.72
0,0,160,176,31.68,0.01,80.32,112.56,13927610.79
0,0,160,182,31.68,0.01,81.53,110.54,13976240.98
0,0,160,182,31.68,0.01,81.53,110.54,13976240.98
0,0,160,182,31.68,0.01,81.53,110.54,13976240.98
0,0,160,182,31.68,0.01,81.53,110.54,13976240.98
0,0,160,182,31.68,0.01,81.53,110.54,13976240.98
0,0,160,182,31.68,0.01,81.53,110.54,13976240.98
0,0,160,182,31.68,0.01,81.53,110.54,13976240.98
0,0,160,182,31.68,0.01,81.53,110.54,13976240.98
0,0,160,182,31.68,0.01,81.53,110.54,13976240.98
0,0,160,182,31.68,0.01,81.53,110.54,13976240.98
0,0,160,182,31.68,0.01,81.53,110.54,13976240.98
0,0,160,182,31.68,0.01,81.53,110.54,13976240.98
0,0,160,182,31.68,0.01,81.53,110.54,13976240.98
0,0,160,182,31.68,0.01,81.53,110.54,13976240.98
0,0,160,182,31.68,0.01,81.53,110.54,13976240.98
0,0,160,182,31.68,0.01,81.53,110.54,13976240.98
0,0,160,182,31.68,0.01,81.53,110.54,13976240.98
0,0,160,182,31.68,0.01,81.53,110.54,13976240.98
0,0,160,182,31.68,0.01,81.53,110.54,13976240.98
0,0,160,182,31.68,0.01,81.53,110.54,13976240.98
0,0,160,182,31.68,0.01,81.53,110.54,13976240.98
0,0,160,182,31.68,0.01,81.53,110.54,13976240.98
0,0,160,182,31.68,0.01,81.53,110.54,13976240.98
0,0,160,182,31.68,0.01,81.53,110.54,13976240.98
0,0,160,182,31.68,0.01,81.53,110.54,13976240.98
0,0,160,182,31.68,0.01,81.53,110.54,13976240.98
0,0,160,182,31.68,0.01,81.53,110.54,13976240.98
0,0,160,182,31.68,0.01,81.53,110.54,13976240.98
0,0,160,182,31.68,0.01,81.53,110.54,13976240.98
0,0,160,182,31.68,0.01,81.53,110.54,13976240.98
0,0,160,182,31.68,0.01,81.53,110.54,13976240.98
0,0,160,182,31.68,0.01,81.53,110.54,13976240.98
0,0,160,182,31.68,0.01,81.53,110.54,13976240.98
0,0,160,182,31.68,0.01,81.53,110.54,13976240.98
0,0,160,182,31.68,0.01,81.53,110.54,13976240.98
0,0,160,182,31.68,0.01,81.53,110.54,13976240.98
0,0,160,182,31.68,0.01,81.53,110.54,13976240.98
0,0,160,182,31.68,0.01,81.53,110.54,13976240.98
0,0,176,8,39.94,0.02,57.25,248.66,10458329.41
0,0,176,16,31.68,0.01,60.15,236.7,11014769.51
0,0,176,24,31.68,0.01,62.03,223.08,11653967.62
0,0,176,32,31.68,0.01,63.3,209.64,11842243.73
0,0,176,40,31.68,0.01,77.01,236.34,12860167.5
0,0,176,48,31.68,0.01,65.67,187.76,12225663.54
0,0,176,56,31.68,0.01,66.36,177.57,12390127.65
0,0,176,64,31.68,0.01,67.22,169.06,12547419.74
0,0,176,72,31.68,0.01,68.44,162.37,12686860.84
0,0,176,80,31.68,0.01,69.47,155.97,12798433.62
0,0,176,88,31.68,0.01,70.5,150.22,12911078.55
0,0,176,96,31.68,0.01,71.2,144.35,13020638.58
0,0,176,104,31.68,0.01,72.36,139.91,13079577.33
0,0,176,112,31.68,0.01,73.55,135.93,13227539.08
0,0,176,128,31.68,0.01,75.22,127.73,13392759.1
0,0,176,144,31.68,0.01,76.54,120.21,13559872.25
0,0,176,160,31.68,0.01,89.62,130.92,14371636.37
0,0,176,166,31.68,0.01,79.41,112.09,13754217.03
0,0,176,166,31.68,0.01,79.41,112.09,13754217.03
0,0,176,166,31.68,0.01,79.41,112.09,13754217.03
0,0,176,166,31.68,0.01,79.41,112.09,13754217.03
0,0,176,166,31.68,0.01,79.41,112.09,13754217.03
0,0,176,166,31.68,0.01,79.41,112.09,13754217.03
0,0,176,166,31.68,0.01,79.41,112.09,13754217.03
0,0,176,166,31.68,0.01,79.41,112.09,13754217.03
0,0,176,166,31.68,0.01,79.41,112.09,13754217.03
0,0,176,166,31.68,0.01,79.41,112.09,13754217.03
0,0,176,166,31.68,0.01,79.41,112.09,13754217.03
0,0,176,166,31.68,0.01,79.41,112.09,13754217.03
0,0,176,166,31.68,0.01,79.41,112.09,13754217.03
0,0,176,166,31.68,0.01,79.41,112.09,13754217.03
0,0,176,166,31.68,0.01,79.41,112.09,13754217.03
0,0,176,166,31.68,0.01,79.41,112.09,13754217.03
0,0,176,166,31.68,0.01,79.41,112.09,13754217.03
0,0,176,166,31.68,0.01,79.41,112.09,13754217.03
0,0,176,166,31.68,0.01,79.41,112.09,13754217.03
0,0,176,166,31.68,0.01,79.41,112.09,13754217.03
0,0,176,166,31.68,0.01,79.41,112.09,13754217.03
0,0,176,166,31.68,0.01,79.41,112.09,13754217.03
0,0,176,166,31.68,0.01,79.41,112.09,13754217.03
0,0,176,166,31.68,0.01,79.41,112.09,13754217.03
0,0,176,166,31.68,0.01,79.41,112.09,13754217.03
0,0,176,166,31.68,0.01,79.41,112.09,13754217.03
0,0,176,166,31.68,0.01,79.41,112.09,13754217.03
0,0,176,166,31.68,0.01,79.41,112.09,13754217.03
0,0,176,166,31.68,0.01,79.41,112.09,13754217.03
0,0,176,166,31.68,0.01,79.41,112.09,13754217.03
0,0,176,166,31.68,0.01,79.41,112.09,13754217.03
0,0,176,166,31.68,0.01,79.41,112.09,13754217.03
0,0,176,166,31.68,0.01,79.41,112.09,13754217.03
0,0,176,166,31.68,0.01,79.41,112.09,13754217.03
0,0,176,166,31.68,0.01,79.41,112.09,13754217.03
0,0,176,166,31.68,0.01,79.41,112.09,13754217.03
0,0,176,166,31.68,0.01,79.41,112.09,13754217.03
0,0,176,166,31.68,0.01,79.41,112.09,13754217.03
0,0,176,166,31.68,0.01,79.41,112.09,13754217.03
0,0,192,8,35.08,0.01,58.82,236.23,10950450.36
0,0,192,16,35.08,0.01,60.55,221.89,11140361.37
0,0,192,24,31.68,0.01,61.45,207.05,11548219.13
0,0,192,32,31.68,0.01,74.93,233.63,12515514.32
0,0,192,40,31.68,0.01,64.46,187.05,11945921.24
0,0,192,48,31.68,0.01,65.21,176.94,12132161.15
0,0,192,56,31.68,0.01,66.07,168.36,12308104.87
0,0,192,64,31.68,0.01,66.86,160.58,12458538.65
0,0,192,72,31.68,0.01,68.13,154.74,12581837.61
0,0,192,80,31.68,0.01,84.78,182.64,13683201.93
0,0,192,88,31.68,0.01,70.23,143.89,12828001.12
0,0,192,96,31.68,0.01,70.83,138.35,12933844.82
0,0,192,104,31.68,0.01,72.21,134.75,13028382.33
0,0,192,112,31.68,0.01,73.19,130.74,13141251.28
0,0,192,128,31.68,0.01,74.54,122.67,13304797.19
0,0,192,144,31.68,0.01,76.19,116.24,13471495.65
0,0,192,156,31.68,0.01,78.93,112.24,13586233.29
0,0,192,156,31.68,0.01,78.93,112.24,13586233.29
0,0,192,156,31.68,0.01,78.93,112.24,13586233.29
0,0,192,156,31.68,0.01,78.93,112.24,13586233.29
0,0,192,156,31.68,0.01,78.93,112.24,13586233.29
0,0,192,156,31.68,0.01,78.93,112.24,13586233.29
0,0,192,156,31.68,0.01,78.93,112.24,13586233.29
0,0,192,156,31.68,0.01,78.93,112.24,13586233.29
0,0,192,156,31.68,0.01,78.93,112.24,13586233.29
0,0,192,156,31.68,0.01,78.93,112.24,13586233.29
0,0,192,156,31.68,0.01,78.93,112.24,13586233.29
0,0,192,156,31.68,0.01,78.93,112.24,13586233.29
0,0,192,156,31.68,0.01,78.93,112.24,13586233.29
0,0,192,156,31.68,0.01,78.93,112.24,13586233.29
0,0,192,156,31.68,0.01,78.93,112.24,13586233.29
0,0,192,156,31.68,0.01,78.93,112.24,13586233.29
0,0,192,156,31.68,0.01,78.93,112.24,13586233.29
0,0,192,156,31.68,0.01,78.93,112.24,13586233.29
0,0,192,156,31.68,0.01,78.93,112.24,13586233.29
0,0,192,156,31.68,0.01,78.93,112.24,13586233.29
0,0,192,156,31.68,0.01,78.93,112.24,13586233.29
0,0,192,156,31.68,0.01,78.93,112.24,13586233.29
0,0,192,156,31.68,0.01,78.93,112.24,13586233.29
0,0,192,156,31.68,0.01,78.93,112.24,13586233.29
0,0,192,156,31.68,0.01,78.93,112.24,13586233.29
0,0,192,156,31.68,0.01,78.93,112.24,13586233.29
0,0,192,156,31.68,0.01,78.93,112.24,13586233.29
0,0,192,156,31.68,0.01,78.93,112.24,13586233.29
0,0,192,156,31.68,0.01,78.93,112.24,13586233.29
0,0,192,156,31.68,0.01,78.93,112.24,13586233.29
0,0,192,156,31.68,0.01,78.93,112.24,13586233.29
0,0,192,156,31.68,0.01,78.93,112.24,13586233.29
0,0,192,156,31.68,0.01,78.93,112.24,13586233.29
0,0,192,156,31.68,0.01,78.93,112.24,13586233.29
0,0,192,156,31.68,0.01,78.93,112.24,13586233.29
0,0,192,156,31.68,0.01,78.93,112.24,13586233.29
0,0,192,156,31.68,0.01,78.93,112.24,13586233.29
0,0,192,156,31.68,0.01,78.93,112.24,13586233.29
0,0,192,156,31.68,0.01,78.93,112.24,13586233.29
0,0,192,156,31.68,0.01,78.93,112.24,13586233.29
0,0,208,8,35.08,0.01,59.45,222.04,10986245.94
0,0,208,16,35.08,0.01,60.71,208.16,11122285.64
0,0,208,24,31.68,0.01,61.23,194.05,11479309.14
0,0,208,32,31.68,0.01,62.37,183.73,11723939.26
0,0,208,40,31.68,0.01,63.42,174.53,11866642.96
0,0,208,48,31.68,0.01,72.14,186.28,12510239.31
0,0,208,56,31.68,0.01,65.58,159.48,12203318.28
0,0,208,64,31.68,0.01,66.4,152.61,12358765.75
0,0,208,72,31.68,0.01,67.15,146.3,12489127.23
0,0,208,80,31.68,0.01,68.38,141.6,12611355.78
0,0,208,88,31.68,0.01,69.52,137.16,12729412.01
0,0,208,96,31.68,0.01,70.34,132.53,12831471.38
0,0,208,104,31.68,0.01,71.12,128.21,12948770.72
0,0,208,112,31.68,0.01,72.03,124.49,13033789.96
0,0,208,128,31.68,0.01,73.91,117.98,13214212.57
0,0,208,141,31.68,0.01,76.3,113.16,13344596.7
0,0,208,141,31.68,0.01,76.3,113.16,13344596.7
0,0,208,141,31.68,0.01,76.3,113.16,13344596.7
0,0,208,141,31.68,0.01,76.3,113.16,13344596.7
0,0,208,141,31.68,0.01,76.3,113.16,13344596.7
0,0,208,141,31.68,0.01,76.3,113.16,13344596.7
0,0,208,141,31.68,0.01,76.3,113.16,13344596.7
0,0,208,141,31.68,0.01,76.3,113.16,13344596.7
0,0,208,141,31.68,0.01,76.3,113.16,13344596.7
0,0,208,141,31.68,0.01,76.3,113.16,13344596.7
0,0,208,141,31.68,0.01,76.3,113.16,13344596.7
0,0,208,141,31.68,0.01,76.3,113.16,13344596.7
0,0,208,141,31.68,0.01,76.3,113.16,13344596.7
0,0,208,141,31.68,0.01,76.3,113.16,13344596.7
0,0,208,141,31.68,0.01,76.3,113.16,13344596.7
0,0,208,141,31.68,0.01,76.3,113.16,13344596.7
0,0,208,141,31.68,0.01,76.3,113.16,13344596.7
0,0,208,141,31.68,0.01,76.3,113.16,13344596.7
0,0,208,141,31.68,0.01,76.3,113.16,13344596.7
0,0,208,141,31.68,0.01,76.3,113.16,13344596.7
0,0,208,141,31.68,0.01,76.3,113.16,13344596.7
0,0,208,141,31.68,0.01,76.3,113.16,13344596.7
0,0,208,141,31.68,0.01,76.3,113.16,13344596.7
0,0,208,141,31.68,0.01,76.3,113.16,13344596.7
0,0,208,141,31.68,0.01,76.3,113.16,13344596.7
0,0,208,141,31.68,0.01,76.3,113.16,13344596.7
0,0,208,141,31.68,0.01,76.3,113.16,13344596.7
0,0,208,141,31.68,0.01,76.3,113.16,13344596.7
0,0,208,141,31.68,0.01,76.3,113.16,13344596.7
0,0,208,141,31.68,0.01,76.3,113.16,13344596.7
0,0,208,141,31.68,0.01,76.3,113.16,13344596.7
0,0,208,141,31.68,0.01,76.3,113.16,13344596.7
0,0,208,141,31.68,0.01,76.3,113.16,13344596.7
0,0,208,141,31.68,0.01,76.3,113.16,13344596.7
0,0,208,141,31.68,0.01,76.3,113.16,13344596.7
0,0,208,141,31.68,0.01,76.3,113.16,13344596.7
0,0,208,141,31.68,0.01,76.3,113.16,13344596.7
0,0,208,141,31.68,0.01,76.3,113.16,13344596.7
0,0,208,141,31.68,0.01,76.3,113.16,13344596.7
0,0,208,141,31.68,0.01,76.3,113.16,13344596.7
0,0,208,141,31.68,0.01,76.3,113.16,13344596.7
0,0,224,8,35.08,0.01,59.29,206.94,11136234.86
0,0,224,16,31.68,0.01,60.47,194.81,11214029.47
0,0,224,24,31.68,0.01,61.04,182.58,11410171.85
0,0,224,32,31.68,0.01,61.73,172.32,11523722.02
0,0,224,40,31.68,0.01,63.31,165.68,11774044.43
0,0,224,48,31.68,0.01,74.23,182.8,12623180.25
0,0,224,56,31.68,0.01,65.32,151.93,12115528.56
0,0,224,64,31.68,0.01,66.0,145.42,12262041.51
0,0,224,72,31.68,0.01,66.9,140.03,12404197.69
0,0,224,80,31.68,0.01,67.98,135.51,12536590.62
0,0,224,88,31.68,0.01,69.05,131.38,12650121.99
0,0,224,96,31.68,0.01,74.27,135.15,12999363.88
0,0,224,104,31.68,0.01,70.66,123.23,12847313.64
0,0,224,112,31.68,0.01,71.37,119.48,12960890.65
0,0,224,127,31.68,0.01,73.53,113.97,13117494.04
0,0,224,127,31.68,0.01,73.53,113.97,13117494.04
0,0,224,127,31.68,0.01,73.53,113.97,13117494.04
0,0,224,127,31.68,0.01,73.53,113.97,13117494.04
0,0,224,127,31.68,0.01,73.53,113.97,13117494.04
0,0,224,127,31.68,0.01,73.53,113.97,13117494.04
0,0,224,127,31.68,0.01,73.53,113.97,13117494.04
0,0,224,127,31.68,0.01,73.53,113.97,13117494.04
0,0,224,127,31.68,0.01,73.53,113.97,13117494.04
0,0,224,127,31.68,0.01,73.53,113.97,13117494.04
0,0,224,127,31.68,0.01,73.53,113.97,13117494.04
0,0,224,127,31.68,0.01,73.53,113.97,13117494.04
0,0,224,127,31.68,0.01,73.53,113.97,13117494.04
0,0,224,127,31.68,0.01,73.53,113.97,13117494.04
0,0,224,127,31.68,0.01,73.53,113.97,13117494.04
0,0,224,127,31.68,0.01,73.53,113.97,13117494.04
0,0,224,127,31.68,0.01,73.53,113.97,13117494.04
0,0,224,127,31.68,0.01,73.53,113.97,13117494.04
0,0,224,127,31.68,0.01,73.53,113.97,13117494.04
0,0,224,127,31.68,0.01,73.53,113.97,13117494.04
0,0,224,127,31.68,0.01,73.53,113.97,13117494.04
0,0,224,127,31.68,0.01,73.53,113.97,13117494.04
0,0,224,127,31.68,0.01,73.53,113.97,13117494.04
0,0,224,127,31.68,0.01,73.53,113.97,13117494.04
0,0,224,127,31.68,0.01,73.53,113.97,13117494.04
0,0,224,127,31.68,0.01,73.53,113.97,13117494.04
0,0,224,127,31.68,0.01,73.53,113.97,13117494.04
0,0,224,127,31.68,0.01,73.53,113.97,13117494.04
0,0,224,127,31.68,0.01,73.53,113.97,13117494.04
0,0,224,127,31.68,0.01,73.53,113.97,13117494.04
0,0,224,127,31.68,0.01,73.53,113.97,13117494.04
0,0,224,127,31.68,0.01,73.53,113.97,13117494.04
0,0,224,127,31.68,0.01,73.53,113.97,13117494.04
0,0,224,127,31.68,0.01,73.53,113.97,13117494.04
0,0,224,127,31.68,0.01,73.53,113.97,13117494.04
0,0,224,127,31.68,0.01,73.53,113.97,13117494.04
0,0,224,127,31.68,0.01,73.53,113.97,13117494.04
0,0,224,127,31.68,0.01,73.53,113.97,13117494.04
0,0,224,127,31.68,0.01,73.53,113.97,13117494.04
0,0,224,127,31.68,0.01,73.53,113.97,13117494.04
0,0,224,127,31.68,0.01,73.53,113.97,13117494.04
0,0,224,127,31.68,0.01,73.53,113.97,13117494.04
0,0,240,8,35.08,0.02,76.74,251.41,12405058.45
0,0,240,16,31.68,0.01,60.72,184.46,11592072.04
0,0,240,24,31.68,0.01,60.67,171.85,11165574.27
0,0,240,32,31.68,0.01,61.35,162.75,11366509.6
0,0,240,40,31.68,0.01,62.61,156.18,11606459.97
0,0,240,48,31.68,0.01,63.25,148.9,11765774.24
0,0,240,56,31.68,0.01,64.28,143.26,11893347.11
0,0,240,64,31.68,0.01,65.13,137.8,11985888.21
0,0,240,72,31.68,0.01,66.48,133.88,12201448.03
0,0,240,80,31.68,0.01,70.55,135.56,12502111.58
0,0,240,88,31.68,0.01,68.31,125.49,12449772.16
0,0,240,96,31.68,0.01,68.87,121.18,12554826.91
0,0,240,104,31.68,0.01,70.07,118.33,12676881.15
0,0,240,109,31.68,0.01,71.68,116.35,12728102.5
0,0,240,109,31.68,0.01,71.68,116.35,12728102.5
0,0,240,109,31.68,0.01,71.68,116.35,12728102.5
0,0,240,109,31.68,0.01,71.68,116.35,12728102.5
0,0,240,109,31.68,0.01,71.68,116.35,12728102.5
0,0,240,109,31.68,0.01,71.68,116.35,12728102.5
0,0,240,109,31.68,0.01,71.68,116.35,12728102.5
0,0,240,109,31.68,0.01,71.68,116.35,12728102.5
0,0,240,109,31.68,0.01,71.68,116.35,12728102.5
0,0,240,109,31.68,0.01,71.68,116.35,12728102.5
0,0,240,109,31.68,0.01,71.68,116.35,12728102.5
0,0,240,109,31.68,0.01,71.68,116.35,12728102.5
0,0,240,109,31.68,0.01,71.68,116.35,12728102.5
0,0,240,109,31.68,0.01,71.68,116.35,12728102.5
0,0,240,109,31.68,0.01,71.68,116.35,12728102.5
0,0,240,109,31.68,0.01,71.68,116.35,12728102.5
0,0,240,109,31.68,0.01,71.68,116.35,12728102.5
0,0,240,109,31.68,0.01,71.68,116.35,12728102.5
0,0,240,109,31.68,0.01,71.68,116.35,12728102.5
0,0,240,109,31.68,0.01,71.68,116.35,12728102.5
0,0,240,109,31.68,0.01,71.68,116.35,12728102.5
0,0,240,109,31.68,0.01,71.68,116.35,12728102.5
0,0,240,109,31.68,0.01,71.68,116.35,12728102.5
0,0,240,109,31.68,0.01,71.68,116.35,12728102.5
0,0,240,109,31.68,0.01,71.68,116.35,12728102.5
0,0,240,109,31.68,0.01,71.68,116.35,12728102.5
0,0,240,109,31.68,0.01,71.68,116.35,12728102.5
0,0,240,109,31.68,0.01,71.68,116.35,12728102.5
0,0,240,109,31.68,0.01,71.68,116.35,12728102.5
0,0,240,109,31.68,0.01,71.68,116.35,12728102.5
0,0,240,109,31.68,0.01,71.68,116.35,12728102.5
0,0,240,109,31.68,0.01,71.68,116.35,12728102.5
0,0,240,109,31.68,0.01,71.68,116.35,12728102.5
0,0,240,109,31.68,0.01,71.68,116.35,12728102.5
0,0,240,109,31.68,0.01,71.68,116.35,12728102.5
0,0,240,109,31.68,0.01,71.68,116.35,12728102.5
0,0,240,109,31.68,0.01,71.68,116.35,12728102.5
0,0,240,109,31.68,0.01,71.68,116.35,12728102.5
0,0,240,109,31.68,0.01,71.68,116.35,12728102.5
0,0,240,109,31.68,0.01,71.68,116.35,12728102.5
0,0,240,109,31.68,0.01,71.68,116.35,12728102.5
0,0,240,109,31.68,0.01,71.68,116.35,12728102.5
0,0,240,109,31.68,0.01,71.68,116.35,12728102.5
0,0,256,8,35.08,0.01,58.97,182.0,11098555.43
0,0,256,16,31.68,0.01,61.09,175.59,11579619.39
0,0,256,24,31.68,0.01,59.73,160.65,11129969.29
0,0,256,32,31.68,0.01,60.79,153.62,11356046.19
0,0,256,40,31.68,0.01,61.85,147.4,11561906.87
0,0,256,48,31.68,0.01,62.81,141.6,11683453.97
0,0,256,56,31.68,0.01,63.97,136.84,11880725.37
0,0,256,64,31.68,0.01,64.59,131.45,12003736.73
0,0,256,72,31.68,0.01,65.9,127.9,12152925.36
0,0,256,80,31.68,0.01,66.64,123.58,12264602.31
0,0,256,88,31.68,0.01,67.66,120.16,12376070.21
0,0,256,94,31.68,0.01,68.93,117.42,12463500.95
0,0,256,94,31.68,0.01,68.93,117.42,12463500.95
0,0,256,94,31.68,0.01,68.93,117.42,12463500.95
0,0,256,94,31.68,0.01,68.93,117.42,12463500.95
0,0,256,94,31.68,0.01,68.93,117.42,12463500.95
0,0,256,94,31.68,0.01,68.93,117.42,12463500.95
0,0,256,94,31.68,0.01,68.93,117.42,12463500.95
0,0,256,94,31.68,0.01,68.93,117.42,12463500.95
0,0,256,94,31.68,0.01,68.93,117.42,12463500.95
0,0,256,94,31.68,0.01,68.93,117.42,12463500.95
0,0,256,94,31.68,0.01,68.93,117.42,12463500.95
0,0,256,94,31.68,0.01,68.93,117.42,12463500.95
0,0,256,94,31.68,0.01,68.93,117.42,12463500.95
0,0,256,94,31.68,0.01,68.93,117.42,12463500.95
0,0,256,94,31.68,0.01,68.93,117.42,12463500.95
0,0,256,94,31.68,0.01,68.93,117.42,12463500.95
0,0,256,94,31.68,0.01,68.93,117.42,12463500.95
0,0,256,94,31.68,0.01,68.93,117.42,12463500.95
0,0,256,94,31.68,0.01,68.93,117.42,12463500.95
0,0,256,94,31.68,0.01,68.93,117.42,12463500.95
0,0,256,94,31.68,0.01,68.93,117.42,12463500.95
0,0,256,94,31.68,0.01,68.93,117.42,12463500.95
0,0,256,94,31.68,0.01,68.93,117.42,12463500.95
0,0,256,94,31.68,0.01,68.93,117.42,12463500.95
0,0,256,94,31.68,0.01,68.93,117.42,12463500.95
0,0,256,94,31.68,0.01,68.93,117.42,12463500.95
0,0,256,94,31.68,0.01,68.93,117.42,12463500.95
0,0,256,94,31.68,0.01,68.93,117.42,12463500.95
0,0,256,94,31.68,0.01,68.93,117.42,12463500.95
0,0,256,94,31.68,0.01,68.93,117.42,12463500.95
0,0,256,94,31.68,0.01,68.93,117.42,12463500.95
0,0,256,94,31.68,0.01,68.93,117.42,12463500.95
0,0,256,94,31.68,0.01,68.93,117.42,12463500.95
0,0,256,94,31.68,0.01,68.93,117.42,12463500.95
0,0,256,94,31.68,0.01,68.93,117.42,12463500.95
0,0,256,94,31.68,0.01,68.93,117.42,12463500.95
0,0,256,94,31.68,0.01,68.93,117.42,12463500.95
0,0,256,94,31.68,0.01,68.93,117.42,12463500.95
0,0,256,94,31.68,0.01,68.93,117.42,12463500.95
0,0,256,94,31.68,0.01,68.93,117.42,12463500.95
0,0,256,94,31.68,0.01,68.93,117.42,12463500.95
0,0,256,94,31.68,0.01,68.93,117.42,12463500.95
0,0,256,94,31.68,0.01,68.93,117.42,12463500.95
0,0,256,94,31.68,0.01,68.93,117.42,12463500.95
0,0,256,94,31.68,0.01,68.93,117.42,12463500.95
0,0,288,8,35.08,0.01,57.6,159.33,10903475.36
0,0,288,16,31.46,0.01,70.25,182.28,12319990.18
0,0,288,24,31.68,0.01,61.32,149.81,11536757.53
0,0,288,32,31.68,0.01,63.93,147.55,11773356.79
0,0,288,40,31.68,0.01,64.48,141.05,11926805.78
0,0,288,48,31.68,0.01,64.61,134.3,11961879.86
0,0,288,56,31.68,0.01,67.02,132.72,12146975.33
0,0,288,64,31.68,0.01,66.88,126.46,12252903.85
0,0,288,64,31.68,0.01,66.88,126.46,12252903.85
0,0,288,64,31.68,0.01,66.88,126.46,12252903.85
0,0,288,64,31.68,0.01,66.88,126.46,12252903.85
0,0,288,64,31.68,0.01,66.88,126.46,12252903.85
0,0,288,64,31.68,0.01,66.88,126.46,12252903.85
0,0,288,64,31.68,0.01,66.88,126.46,12252903.85
0,0,288,64,31.68,0.01,66.88,126.46,12252903.85
0,0,288,64,31.68,0.01,66.88,126.46,12252903.85
0,0,288,64,31.68,0.01,66.88,126.46,12252903.85
0,0,288,64,31.68,0.01,66.88,126.46,12252903.85
0,0,288,64,31.68,0.01,66.88,126.46,12252903.85
0,0,288,64,31.68,0.01,66.88,126.46,12252903.85
0,0,288,64,31.68,0.01,66.88,126.46,12252903.85
0,0,288,64,31.68,0.01,66.88,126.46,12252903.85
0,0,288,64,31.68,0.01,66.88,126.46,12252903.85
0,0,288,64,31.68,0.01,66.88,126.46,12252903.85
0,0,288,64,31.68,0.01,66.88,126.46,12252903.85
0,0,288,64,31.68,0.01,66.88,126.46,12252903.85
0,0,288,64,31.68,0.01,66.88,126.46,12252903.85
0,0,288,64,31.68,0.01,66.88,126.46,12252903.85
0,0,288,64,31.68,0.01,66.88,126.46,12252903.85
0,0,288,64,31.68,0.01,66.88,126.46,12252903.85
0,0,288,64,31.68,0.01,66.88,126.46,12252903.85
0,0,288,64,31.68,0.01,66.88,126.46,12252903.85
0,0,288,64,31.68,0.01,66.88,126.46,12252903.85
0,0,288,64,31.68,0.01,66.88,126.46,12252903.85
0,0,288,64,31.68,0.01,66.88,126.46,12252903.85
0,0,288,64,31.68,0.01,66.88,126.46,12252903.85
0,0,288,64,31.68,0.01,66.88,126.46,12252903.85
0,0,288,64,31.68,0.01,66.88,126.46,12252903.85
0,0,288,64,31.68,0.01,66.88,126.46,12252903.85
0,0,288,64,31.68,0.01,66.88,126.46,12252903.85
0,0,288,64,31.68,0.01,66.88,126.46,12252903.85
0,0,288,64,31.68,0.01,66.88,126.46,12252903.85
0,0,288,64,31.68,0.01,66.88,126.46,12252903.85
0,0,288,64,31.68,0.01,66.88,126.46,12252903.85
0,0,288,64,31.68,0.01,66.88,126.46,12252903.85
0,0,288,64,31.68,0.01,66.88,126.46,12252903.85
0,0,288,64,31.68,0.01,66.88,126.46,12252903.85
0,0,288,64,31.68,0.01,66.88,126.46,12252903.85
0,0,288,64,31.68,0.01,66.88,126.46,12252903.85
0,0,288,64,31.68,0.01,66.88,126.46,12252903.85
0,0,288,64,31.68,0.01,66.88,126.46,12252903.85
0,0,288,64,31.68,0.01,66.88,126.46,12252903.85
0,0,288,64,31.68,0.01,66.88,126.46,12252903.85
0,0,288,64,31.68,0.01,66.88,126.46,12252903.85
0,0,288,64,31.68,0.01,66.88,126.46,12252903.85
0,0,288,64,31.68,0.01,66.88,126.46,12252903.85
0,0,304,8,26.73,0.01,60.6,159.36,11722707.49
0,0,304,16,31.46,0.01,61.26,151.55,11659214.59
0,0,304,24,31.68,0.01,62.47,145.92,11757456.04
0,0,304,32,31.68,0.01,62.21,137.62,11804541.73
0,0,304,40,31.68,0.01,62.94,132.26,11949221.46
0,0,304,48,31.68,0.01,65.23,130.5,12118598.92
0,0,304,56,31.68,0.01,65.87,125.77,12240976.73
0,0,304,57,31.68,0.01,68.69,125.42,12250927.85
0,0,304,67,25.16,0.01,69.67,121.9,12722057.7
0,0,304,67,25.16,0.01,69.67,121.9,12722057.7
0,0,304,67,25.16,0.01,69.67,121.9,12722057.7
0,0,304,67,25.16,0.01,69.67,121.9,12722057.7
0,0,304,67,25.16,0.01,69.67,121.9,12722057.7
0,0,304,67,25.16,0.01,69.67,121.9,12722057.7
0,0,304,67,25.16,0.01,69.67,121.9,12722057.7
0,0,304,67,25.16,0.01,69.67,121.9,12722057.7
0,0,304,67,25.16,0.01,69.67,121.9,12722057.7
0,0,304,67,25.16,0.01,69.67,121.9,12722057.7
0,0,304,67,25.16,0.01,69.67,121.9,12722057.7
0,0,304,67,25.16,0.01,69.67,121.9,12722057.7
0,0,304,67,25.16,0.01,69.67,121.9,12722057.7
0,0,304,67,25.16,0.01,69.67,121.9,12722057.7
0,0,304,67,25.16,0.01,69.67,121.9,12722057.7
0,0,304,67,25.16,0.01,69.67,121.9,12722057.7
0,0,304,67,25.16,0.01,69.67,121.9,12722057.7
0,0,304,67,25.16,0.01,69.67,121.9,12722057.7
0,0,304,67,25.16,0.01,69.67,121.9,12722057.7
0,0,304,67,25.16,0.01,69.67,121.9,12722057.7
0,0,304,67,25.16,0.01,69.67,121.9,12722057.7
0,0,304,67,25.16,0.01,69.67,121.9,12722057.7
0,0,304,67,25.16,0.01,69.67,121.9,12722057.7
0,0,304,67,25.16,0.01,69.67,121.9,12722057.7
0,0,304,67,25.16,0.01,69.67,121.9,12722057.7
0,0,304,67,25.16,0.01,69.67,121.9,12722057.7
0,0,304,67,25.16,0.01,69.67,121.9,12722057.7
0,0,304,67,25.16,0.01,69.67,121.9,12722057.7
0,0,304,67,25.16,0.01,69.67,121.9,12722057.7
0,0,304,67,25.16,0.01,69.67,121.9,12722057.7
0,0,304,67,25.16,0.01,69.67,121.9,12722057.7
0,0,304,67,25.16,0.01,69.67,121.9,12722057.7
0,0,304,67,25.16,0.01,69.67,121.9,12722057.7
0,0,304,67,25.16,0.01,69.67,121.9,12722057.7
0,0,304,67,25.16,0.01,69.67,121.9,12722057.7
0,0,304,67,25.16,0.01,69.67,121.9,12722057.7
0,0,304,67,25.16,0.01,69.67,121.9,12722057.7
0,0,304,67,25.16,0.01,69.67,121.9,12722057.7
0,0,304,67,25.16,0.01,69.67,121.9,12722057.7
0,0,304,67,25.16,0.01,69.67,121.9,12722057.7
0,0,304,67,25.16,0.01,69.67,121.9,12722057.7
0,0,304,67,25.16,0.01,69.67,121.9,12722057.7
0,0,304,67,25.16,0.01,69.67,121.9,12722057.7
0,0,304,67,25.16,0.01,69.67,121.9,12722057.7
0,0,304,67,25.16,0.01,69.67,121.9,12722057.7
0,0,304,67,25.16,0.01,69.67,121.9,12722057.7
0,0,304,67,25.16,0.01,69.67,121.9,12722057.7
0,0,304,67,25.16,0.01,69.67,121.9,12722057.7
0,0,320,8,26.45,0.01,62.16,155.78,11865252.03
0,0,320,16,31.46,0.01,60.49,143.02,11526550.18
0,0,320,24,31.68,0.01,60.96,136.42,11486679.85
0,0,320,32,31.68,0.01,62.0,131.7,11672483.0
0,0,320,40,31.68,0.01,62.78,126.91,11822049.59
0,0,320,47,31.68,0.01,64.75,124.86,11949157.86
0,0,320,47,31.68,0.01,64.75,124.86,11949157.86
0,0,320,47,31.68,0.01,64.75,124.86,11949157.86
0,0,320,47,31.68,0.01,64.75,124.86,11949157.86
0,0,320,47,31.68,0.01,64.75,124.86,11949157.86
0,0,320,47,31.68,0.01,64.75,124.86,11949157.86
0,0,320,47,31.68,0.01,64.75,124.86,11949157.86
0,0,320,47,31.68,0.01,64.75,124.86,11949157.86
0,0,320,47,31.68,0.01,64.75,124.86,11949157.86
0,0,320,47,31.68,0.01,64.75,124.86,11949157.86
0,0,320,47,31.68,0.01,64.75,124.86,11949157.86
0,0,320,47,31.68,0.01,64.75,124.86,11949157.86
0,0,320,47,31.68,0.01,64.75,124.86,11949157.86
0,0,320,47,31.68,0.01,64.75,124.86,11949157.86
0,0,320,47,31.68,0.01,64.75,124.86,11949157.86
0,0,320,47,31.68,0.01,64.75,124.86,11949157.86
0,0,320,47,31.68,0.01,64.75,124.86,11949157.86
0,0,320,47,31.68,0.01,64.75,124.86,11949157.86
0,0,320,47,31.68,0.01,64.75,124.86,11949157.86
0,0,320,47,31.68,0.01,64.75,124.86,11949157.86
0,0,320,47,31.68,0.01,64.75,124.86,11949157.86
0,0,320,47,31.68,0.01,64.75,124.86,11949157.86
0,0,320,47,31.68,0.01,64.75,124.86,11949157.86
0,0,320,47,31.68,0.01,64.75,124.86,11949157.86
0,0,320,47,31.68,0.01,64.75,124.86,11949157.86
0,0,320,47,31.68,0.01,64.75,124.86,11949157.86
0,0,320,47,31.68,0.01,64.75,124.86,11949157.86
0,0,320,47,31.68,0.01,64.75,124.86,11949157.86
0,0,320,47,31.68,0.01,64.75,124.86,11949157.86
0,0,320,47,31.68,0.01,64.75,124.86,11949157.86
0,0,320,47,31.68,0.01,64.75,124.86,11949157.86
0,0,320,47,31.68,0.01,64.75,124.86,11949157.86
0,0,320,47,31.68,0.01,64.75,124.86,11949157.86
0,0,320,47,31.68,0.01,64.75,124.86,11949157.86
0,0,320,47,31.68,0.01,64.75,124.86,11949157.86
0,0,320,47,31.68,0.01,64.75,124.86,11949157.86
0,0,320,47,31.68,0.01,64.75,124.86,11949157.86
0,0,320,47,31.68,0.01,64.75,124.86,11949157.86
0,0,320,47,31.68,0.01,64.75,124.86,11949157.86
0,0,320,47,31.68,0.01,64.75,124.86,11949157.86
0,0,320,47,31.68,0.01,64.75,124.86,11949157.86
0,0,320,47,31.68,0.01,64.75,124.86,11949157.86
0,0,320,47,31.68,0.01,64.75,124.86,11949157.86
0,0,320,47,31.68,0.01,64.75,124.86,11949157.86
0,0,320,47,31.68,0.01,64.75,124.86,11949157.86
0,0,320,47,31.68,0.01,64.75,124.86,11949157.86
0,0,320,47,31.68,0.01,64.75,124.86,11949157.86
0,0,320,47,31.68,0.01,64.75,124.86,11949157.86
0,0,320,47,31.68,0.01,64.75,124.86,11949157.86
0,0,320,47,31.68,0.01,64.75,124.86,11949157.86
0,0,320,47,31.68,0.01,64.75,124.86,11949157.86
0,0,352,8,26.45,0.01,64.65,148.11,12551914.18
0,0,352,16,31.39,0.01,62.05,134.77,11775075.85
0,0,352,24,26.73,0.01,64.71,133.6,12701140.5
0,0,352,32,26.73,0.01,66.37,130.58,12996456.9
0,0,352,40,26.73,0.01,67.49,126.82,13086986.46
0,0,352,48,26.73,0.01,67.39,121.19,13065048.15
0,0,352,56,26.73,0.01,68.24,117.66,13139768.78
0,0,352,58,26.73,0.01,70.76,117.17,13163218.83
0,0,352,58,26.73,0.01,70.76,117.17,13163218.83
0,0,352,58,26.73,0.01,70.76,117.17,13163218.83
0,0,352,58,26.73,0.01,70.76,117.17,13163218.83
0,0,352,58,26.73,0.01,70.76,117.17,13163218.83
0,0,352,58,26.73,0.01,70.76,117.17,13163218.83
0,0,352,58,26.73,0.01,70.76,117.17,13163218.83
0,0,352,58,26.73,0.01,70.76,117.17,13163218.83
0,0,352,58,26.73,0.01,70.76,117.17,13163218.83
0,0,352,58,26.73,0.01,70.76,117.17,13163218.83
0,0,352,58,26.73,0.01,70.76,117.17,13163218.83
0,0,352,58,26.73,0.01,70.76,117.17,13163218.83
0,0,352,58,26.73,0.01,70.76,117.17,13163218.83
0,0,352,58,26.73,0.01,70.76,117.17,13163218.83
0,0,352,58,26.73,0.01,70.76,117.17,13163218.83
0,0,352,58,26.73,0.01,70.76,117.17,13163218.83
0,0,352,58,26.73,0.01,70.76,117.17,13163218.83
0,0,352,58,26.73,0.01,70.76,117.17,13163218.83
0,0,352,58,26.73,0.01,70.76,117.17,13163218.83
0,0,352,58,26.73,0.01,70.76,117.17,13163218.83
0,0,352,58,26.73,0.01,70.76,117.17,13163218.83
0,0,352,58,26.73,0.01,70.76,117.17,13163218.83
0,0,352,58,26.73,0.01,70.76,117.17,13163218.83
0,0,352,58,26.73,0.01,70.76,117.17,13163218.83
0,0,352,58,26.73,0.01,70.76,117.17,13163218.83
0,0,352,58,26.73,0.01,70.76,117.17,13163218.83
0,0,352,58,26.73,0.01,70.76,117.17,13163218.83
0,0,352,58,26.73,0.01,70.76,117.17,13163218.83
0,0,352,58,26.73,0.01,70.76,117.17,13163218.83
0,0,352,58,26.73,0.01,70.76,117.17,13163218.83
0,0,352,58,26.73,0.01,70.76,117.17,13163218.83
0,0,352,58,26.73,0.01,70.76,117.17,13163218.83
0,0,352,58,26.73,0.01,70.76,117.17,13163218.83
0,0,352,58,26.73,0.01,70.76,117.17,13163218.83
0,0,352,58,26.73,0.01,70.76,117.17,13163218.83
0,0,352,58,26.73,0.01,70.76,117.17,13163218.83
0,0,352,58,26.73,0.01,70.76,117.17,13163218.83
0,0,352,58,26.73,0.01,70.76,117.17,13163218.83
0,0,352,58,26.73,0.01,70.76,117.17,13163218.83
0,0,352,58,26.73,0.01,70.76,117.17,13163218.83
0,0,352,58,26.73,0.01,70.76,117.17,13163218.83
0,0,352,58,26.73,0.01,70.76,117.17,13163218.83
0,0,352,58,26.73,0.01,70.76,117.17,13163218.83
0,0,352,58,26.73,0.01,70.76,117.17,13163218.83
0,0,352,58,26.73,0.01,70.76,117.17,13163218.83
0,0,352,58,26.73,0.01,70.76,117.17,13163218.83
0,0,352,58,26.73,0.01,70.76,117.17,13163218.83
0,0,352,58,26.73,0.01,70.76,117.17,13163218.83
0,0,352,58,26.73,0.01,70.76,117.17,13163218.83
0,0,384,8,23.49,0.01,67.64,142.68,12970473.63
0,0,384,16,26.45,0.01,86.33,173.36,13848844.27
0,0,384,24,26.73,0.01,64.39,123.39,12456240.57
0,0,384,32,26.73,0.01,65.34,119.72,12683878.44
0,0,384,39,26.73,0.01,66.31,116.4,12745323.51
0,0,384,39,26.73,0.01,66.31,116.4,12745323.51
0,0,384,39,26.73,0.01,66.31,116.4,12745323.51
0,0,384,39,26.73,0.01,66.31,116.4,12745323.51
0,0,384,39,26.73,0.01,66.31,116.4,12745323.51
0,0,384,39,26.73,0.01,66.31,116.4,12745323.51
0,0,384,39,26.73,0.01,66.31,116.4,12745323.51
0,0,384,39,26.73,0.01,66.31,116.4,12745323.51
0,0,384,39,26.73,0.01,66.31,116.4,12745323.51
0,0,384,39,26.73,0.01,66.31,116.4,12745323.51
0,0,384,39,26.73,0.01,66.31,116.4,12745323.51
0,0,384,39,26.73,0.01,66.31,116.4,12745323.51
0,0,384,39,26.73,0.01,66.31,116.4,12745323.51
0,0,384,39,26.73,0.01,66.31,116.4,12745323.51
0,0,384,39,26.73,0.01,66.31,116.4,12745323.51
0,0,384,39,26.73,0.01,66.31,116.4,12745323.51
0,0,384,39,26.73,0.01,66.31,116.4,12745323.51
0,0,384,39,26.73,0.01,66.31,116.4,12745323.51
0,0,384,39,26.73,0.01,66.31,116.4,12745323.51
0,0,384,39,26.73,0.01,66.31,116.4,12745323.51
0,0,384,39,26.73,0.01,66.31,116.4,12745323.51
0,0,384,39,26.73,0.01,66.31,116.4,12745323.51
0,0,384,39,26.73,0.01,66.31,116.4,12745323.51
0,0,384,39,26.73,0.01,66.31,116.4,12745323.51
0,0,384,39,26.73,0.01,66.31,116.4,12745323.51
0,0,384,39,26.73,0.01,66.31,116.4,12745323.51
0,0,384,39,26.73,0.01,66.31,116.4,12745323.51
0,0,384,39,26.73,0.01,66.31,116.4,12745323.51
0,0,384,39,26.73,0.01,66.31,116.4,12745323.51
0,0,384,39,26.73,0.01,66.31,116.4,12745323.51
0,0,384,39,26.73,0.01,66.31,116.4,12745323.51
0,0,384,39,26.73,0.01,66.31,116.4,12745323.51
0,0,384,39,26.73,0.01,66.31,116.4,12745323.51
0,0,384,39,26.73,0.01,66.31,116.4,12745323.51
0,0,384,39,26.73,0.01,66.31,116.4,12745323.51
0,0,384,39,26.73,0.01,66.31,116.4,12745323.51
0,0,384,39,26.73,0.01,66.31,116.4,12745323.51
0,0,384,39,26.73,0.01,66.31,116.4,12745323.51
0,0,384,39,26.73,0.01,66.31,116.4,12745323.51
0,0,384,39,26.73,0.01,66.31,116.4,12745323.51
0,0,384,39,26.73,0.01,66.31,116.4,12745323.51
0,0,384,39,26.73,0.01,66.31,116.4,12745323.51
0,0,384,39,26.73,0.01,66.31,116.4,12745323.51
0,0,384,39,26.73,0.01,66.31,116.4,12745323.51
0,0,384,39,26.73,0.01,66.31,116.4,12745323.51
0,0,384,39,26.73,0.01,66.31,116.4,12745323.51
0,0,384,39,26.73,0.01,66.31,116.4,12745323.51
0,0,384,39,26.73,0.01,66.31,116.4,12745323.51
0,0,384,39,26.73,0.01,66.31,116.4,12745323.51
0,0,384,39,26.73,0.01,66.31,116.4,12745323.51
0,0,384,39,26.73,0.01,66.31,116.4,12745323.51
0,0,384,39,26.73,0.01,66.31,116.4,12745323.51
0,0,400,8,23.49,0.01,67.39,136.75,13497533.95
0,0,390,16,26.45,0.01,64.95,128.03,12401613.49
0,0,400,24,26.73,0.01,64.19,118.73,12383854.4
0,0,400,31,26.73,0.01,66.14,117.16,12691979.96
0,0,399,36,26.73,0.01,67.66,114.98,12771132.12
0,0,399,36,26.73,0.01,67.66,114.98,12771132.12
0,0,399,36,26.73,0.01,67.66,114.98,12771132.12
0,0,399,36,26.73,0.01,67.66,114.98,12771132.12
0,0,399,36,26.73,0.01,67.66,114.98,12771132.12
0,0,399,36,26.73,0.01,67.66,114.98,12771132.12
0,0,399,36,26.73,0.01,67.66,114.98,12771132.12
0,0,399,36,26.73,0.01,67.66,114.98,12771132.12
0,0,399,36,26.73,0.01,67.66,114.98,12771132.12
0,0,399,36,26.73,0.01,67.66,114.98,12771132.12
0,0,399,36,26.73,0.01,67.66,114.98,12771132.12
0,0,399,36,26.73,0.01,67.66,114.98,12771132.12
0,0,399,36,26.73,0.01,67.66,114.98,12771132.12
0,0,399,36,26.73,0.01,67.66,114.98,12771132.12
0,0,399,36,26.73,0.01,67.66,114.98,12771132.12
0,0,399,36,26.73,0.01,67.66,114.98,12771132.12
0,0,399,36,26.73,0.01,67.66,114.98,12771132.12
0,0,399,36,26.73,0.01,67.66,114.98,12771132.12
0,0,399,36,26.73,0.01,67.66,114.98,12771132.12
0,0,399,36,26.73,0.01,67.66,114.98,12771132.12
0,0,399,36,26.73,0.01,67.66,114.98,12771132.12
0,0,399,36,26.73,0.01,67.66,114.98,12771132.12
0,0,399,36,26.73,0.01,67.66,114.98,12771132.12
0,0,399,36,26.73,0.01,67.66,114.98,12771132.12
0,0,399,36,26.73,0.01,67.66,114.98,12771132.12
0,0,399,36,26.73,0.01,67.66,114.98,12771132.12
0,0,399,36,26.73,0.01,67.66,114.98,12771132.12
0,0,399,36,26.73,0.01,67.66,114.98,12771132.12
0,0,399,36,26.73,0.01,67.66,114.98,12771132.12
0,0,399,36,26.73,0.01,67.66,114.98,12771132.12
0,0,399,36,26.73,0.01,67.66,114.98,12771132.12
0,0,399,36,26.73,0.01,67.66,114.98,12771132.12
0,0,399,36,26.73,0.01,67.66,114.98,12771132.12
0,0,399,36,26.73,0.01,67.66,114.98,12771132.12
0,0,399,36,26.73,0.01,67.66,114.98,12771132.12
0,0,399,36,26.73,0.01,67.66,114.98,12771132.12
0,0,399,36,26.73,0.01,67.66,114.98,12771132.12
0,0,399,36,26.73,0.01,67.66,114.98,12771132.12
0,0,399,36,26.73,0.01,67.66,114.98,12771132.12
0,0,399,36,26.73,0.01,67.66,114.98,12771132.12
0,0,399,36,26.73,0.01,67.66,114.98,12771132.12
0,0,399,36,26.73,0.01,67.66,114.98,12771132.12
0,0,399,36,26.73,0.01,67.66,114.98,12771132.12
0,0,399,36,26.73,0.01,67.66,114.98,12771132.12
0,0,399,36,26.73,0.01,67.66,114.98,12771132.12
0,0,399,36,26.73,0.01,67.66,114.98,12771132.12
0,0,399,36,26.73,0.01,67.66,114.98,12771132.12
0,0,399,36,26.73,0.01,67.66,114.98,12771132.12
0,0,399,36,26.73,0.01,67.66,114.98,12771132.12
0,0,399,36,26.73,0.01,67.66,114.98,12771132.12
0,0,399,36,26.73,0.01,67.66,114.98,12771132.12
0,0,399,36,26.73,0.01,67.66,114.98,12771132.12
0,0,448,8,23.49,0.01,68.97,125.61,13951333.55
0,0,417,16,23.49,0.01,67.04,123.04,12921249.44
0,0,448,24,23.78,0.01,68.61,114.95,13559232.89
0,0,413,27,26.73,0.01,66.96,114.8,12524296.89
0,0,413,27,26.73,0.01,66.96,114.8,12524296.89
0,0,413,27,26.73,0.01,66.96,114.8,12524296.89
0,0,413,27,26.73,0.01,66.96,114.8,12524296.89
0,0,413,27,26.73,0.01,66.96,114.8,12524296.89
0,0,413,27,26.73,0.01,66.96,114.8,12524296.89
0,0,413,27,26.73,0.01,66.96,114.8,12524296.89
0,0,413,27,26.73,0.01,66.96,114.8,12524296.89
0,0,413,27,26.73,0.01,66.96,114.8,12524296.89
0,0,413,27,26.73,0.01,66.96,114.8,12524296.89
0,0,413,27,26.73,0.01,66.96,114.8,12524296.89
0,0,413,27,26.73,0.01,66.96,114.8,12524296.89
0,0,413,27,26.73,0.01,66.96,114.8,12524296.89
0,0,413,27,26.73,0.01,66.96,114.8,12524296.89
0,0,413,27,26.73,0.01,66.96,114.8,12524296.89
0,0,413,27,26.73,0.01,66.96,114.8,12524296.89
0,0,413,27,26.73,0.01,66.96,114.8,12524296.89
0,0,413,27,26.73,0.01,66.96,114.8,12524296.89
0,0,413,27,26.73,0.01,66.96,114.8,12524296.89
0,0,413,27,26.73,0.01,66.96,114.8,12524296.89
0,0,413,27,26.73,0.01,66.96,114.8,12524296.89
0,0,413,27,26.73,0.01,66.96,114.8,12524296.89
0,0,413,27,26.73,0.01,66.96,114.8,12524296.89
0,0,413,27,26.73,0.01,66.96,114.8,12524296.89
0,0,413,27,26.73,0.01,66.96,114.8,12524296.89
0,0,413,27,26.73,0.01,66.96,114.8,12524296.89
0,0,413,27,26.73,0.01,66.96,114.8,12524296.89
0,0,413,27,26.73,0.01,66.96,114.8,12524296.89
0,0,413,27,26.73,0.01,66.96,114.8,12524296.89
0,0,413,27,26.73,0.01,66.96,114.8,12524296.89
0,0,413,27,26.73,0.01,66.96,114.8,12524296.89
0,0,413,27,26.73,0.01,66.96,114.8,12524296.89
0,0,413,27,26.73,0.01,66.96,114.8,12524296.89
0,0,413,27,26.73,0.01,66.96,114.8,12524296.89
0,0,413,27,26.73,0.01,66.96,114.8,12524296.89
0,0,413,27,26.73,0.01,66.96,114.8,12524296.89
0,0,413,27,26.73,0.01,66.96,114.8,12524296.89
0,0,413,27,26.73,0.01,66.96,114.8,12524296.89
0,0,413,27,26.73,0.01,66.96,114.8,12524296.89
0,0,413,27,26.73,0.01,66.96,114.8,12524296.89
0,0,413,27,26.73,0.01,66.96,114.8,12524296.89
0,0,413,27,26.73,0.01,66.96,114.8,12524296.89
0,0,413,27,26.73,0.01,66.96,114.8,12524296.89
0,0,413,27,26.73,0.01,66.96,114.8,12524296.89
0,0,413,27,26.73,0.01,66.96,114.8,12524296.89
0,0,413,27,26.73,0.01,66.96,114.8,12524296.89
0,0,413,27,26.73,0.01,66.96,114.8,12524296.89
0,0,413,27,26.73,0.01,66.96,114.8,12524296.89
0,0,413,27,26.73,0.01,66.96,114.8,12524296.89
0,0,413,27,26.73,0.01,66.96,114.8,12524296.89
0,0,413,27,26.73,0.01,66.96,114.8,12524296.89
0,0,413,27,26.73,0.01,66.96,114.8,12524296.89
0,0,413,27,26.73,0.01,66.96,114.8,12524296.89
0,0,480,8,23.49,0.01,72.75,124.03,14906655.19
0,0,417,16,23.49,0.01,67.04,123.04,12921249.44
0,0,479,24,23.78,0.01,70.18,110.63,14012572.44
0,0,413,27,26.73,0.01,66.96,114.8,12524296.89
0,0,413,27,26.73,0.01,66.96,114.8,12524296.89
0,0,413,27,26.73,0.01,66.96,114.8,12524296.89
0,0,413,27,26.73,0.01,66.96,114.8,12524296.89
0,0,413,27,26.73,0.01,66.96,114.8,12524296.89
0,0,413,27,26.73,0.01,66.96,114.8,12524296.89
0,0,413,27,26.73,0.01,66.96,114.8,12524296.89
0,0,413,27,26.73,0.01,66.96,114.8,12524296.89
0,0,413,27,26.73,0.01,66.96,114.8,12524296.89
0,0,413,27,26.73,0.01,66.96,114.8,12524296.89
0,0,413,27,26.73,0.01,66.96,114.8,12524296.89
0,0,413,27,26.73,0.01,66.96,114.8,12524296.89
0,0,413,27,26.73,0.01,66.96,114.8,12524296.89
0,0,413,27,26.73,0.01,66.96,114.8,12524296.89
0,0,413,27,26.73,0.01,66.96,114.8,12524296.89
0,0,413,27,26.73,0.01,66.96,114.8,12524296.89
0,0,413,27,26.73,0.01,66.96,114.8,12524296.89
0,0,413,27,26.73,0.01,66.96,114.8,12524296.89
0,0,413,27,26.73,0.01,66.96,114.8,12524296.89
0,0,413,27,26.73,0.01,66.96,114.8,12524296.89
0,0,413,27,26.73,0.01,66.96,114.8,12524296.89
0,0,413,27,26.73,0.01,66.96,114.8,12524296.89
0,0,413,27,26.73,0.01,66.96,114.8,12524296.89
0,0,413,27,26.73,0.01,66.96,114.8,12524296.89
0,0,413,27,26.73,0.01,66.96,114.8,12524296.89
0,0,413,27,26.73,0.01,66.96,114.8,12524296.89
0,0,413,27,26.73,0.01,66.96,114.8,12524296.89
0,0,413,27,26.73,0.01,66.96,114.8,12524296.89
0,0,413,27,26.73,0.01,66.96,114.8,12524296.89
0,0,413,27,26.73,0.01,66.96,114.8,12524296.89
0,0,413,27,26.73,0.01,66.96,114.8,12524296.89
0,0,413,27,26.73,0.01,66.96,114.8,12524296.89
0,0,413,27,26.73,0.01,66.96,114.8,12524296.89
0,0,413,27,26.73,0.01,66.96,114.8,12524296.89
0,0,413,27,26.73,0.01,66.96,114.8,12524296.89
0,0,413,27,26.73,0.01,66.96,114.8,12524296.89
0,0,413,27,26.73,0.01,66.96,114.8,12524296.89
0,0,413,27,26.73,0.01,66.96,114.8,12524296.89
0,0,413,27,26.73,0.01,66.96,114.8,12524296.89
0,0,413,27,26.73,0.01,66.96,114.8,12524296.89
0,0,413,27,26.73,0.01,66.96,114.8,12524296.89
0,0,413,27,26.73,0.01,66.96,114.8,12524296.89
0,0,413,27,26.73,0.01,66.96,114.8,12524296.89
0,0,413,27,26.73,0.01,66.96,114.8,12524296.89
0,0,413,27,26.73,0.01,66.96,114.8,12524296.89
0,0,413,27,26.73,0.01,66.96,114.8,12524296.89
0,0,413,27,26.73,0.01,66.96,114.8,12524296.89
0,0,413,27,26.73,0.01,66.96,114.8,12524296.89
0,0,413,27,26.73,0.01,66.96,114.8,12524296.89
0,0,413,27,26.73,0.01,66.96,114.8,12524296.89
0,0,413,27,26.73,0.01,66.96,114.8,12524296.89
0,0,413,27,26.73,0.01,66.96,114.8,12524296.89
0,0,413,27,26.73,0.01,66.96,114.8,12524296.89
0,0,512,8,23.49,0.01,75.13,120.38,15054219.23
0,0,417,16,23.49,0.01,67.04,123.04,12921249.44
0,0,490,21,23.78,0.01,71.91,110.09,14032387.55
0,0,413,27,26.73,0.01,66.96,114.8,12524296.89
0,0,413,27,26.73,0.01,66.96,114.8,12524296.89
0,0,413,27,26.73,0.01,66.96,114.8,12524296.89
0,0,413,27,26.73,0.01,66.96,114.8,12524296.89
0,0,413,27,26.73,0.01,66.96,114.8,12524296.89
0,0,413,27,26.73,0.01,66.96,114.8,12524296.89
0,0,413,27,26.73,0.01,66.96,114.8,12524296.89
0,0,413,27,26.73,0.01,66.96,114.8,12524296.89
0,0,413,27,26.73,0.01,66.96,114.8,12524296.89
0,0,413,27,26.73,0.01,66.96,114.8,12524296.89
0,0,413,27,26.73,0.01,66.96,114.8,12524296.89
0,0,413,27,26.73,0.01,66.96,114.8,12524296.89
0,0,413,27,26.73,0.01,66.96,114.8,12524296.89
0,0,413,27,26.73,0.01,66.96,114.8,12524296.89
0,0,413,27,26.73,0.01,66.96,114.8,12524296.89
0,0,413,27,26.73,0.01,66.96,114.8,12524296.89
0,0,413,27,26.73,0.01,66.96,114.8,12524296.89
0,0,413,27,26.73,0.01,66.96,114.8,12524296.89
0,0,413,27,26.73,0.01,66.96,114.8,12524296.89
0,0,413,27,26.73,0.01,66.96,114.8,12524296.89
0,0,413,27,26.73,0.01,66.96,114.8,12524296.89
0,0,413,27,26.73,0.01,66.96,114.8,12524296.89
0,0,413,27,26.73,0.01,66.96,114.8,12524296.89
0,0,413,27,26.73,0.01,66.96,114.8,12524296.89
0,0,413,27,26.73,0.01,66.96,114.8,12524296.89
0,0,413,27,26.73,0.01,66.96,114.8,12524296.89
0,0,413,27,26.73,0.01,66.96,114.8,12524296.89
0,0,413,27,26.73,0.01,66.96,114.8,12524296.89
0,0,413,27,26.73,0.01,66.96,114.8,12524296.89
0,0,413,27,26.73,0.01,66.96,114.8,12524296.89
0,0,413,27,26.73,0.01,66.96,114.8,12524296.89
0,0,413,27,26.73,0.01,66.96,114.8,12524296.89
0,0,413,27,26.73,0.01,66.96,114.8,12524296.89
0,0,413,27,26.73,0.01,66.96,114.8,12524296.89
0,0,413,27,26.73,0.01,66.96,114.8,12524296.89
0,0,413,27,26.73,0.01,66.96,114.8,12524296.89
0,0,413,27,26.73,0.01,66.96,114.8,12524296.89
0,0,413,27,26.73,0.01,66.96,114.8,12524296.89
0,0,413,27,26.73,0.01,66.96,114.8,12524296.89
0,0,413,27,26.73,0.01,66.96,114.8,12524296.89
0,0,413,27,26.73,0.01,66.96,114.8,12524296.89
0,0,413,27,26.73,0.01,66.96,114.8,12524296.89
0,0,413,27,26.73,0.01,66.96,114.8,12524296.89
0,0,413,27,26.73,0.01,66.96,114.8,12524296.89
0,0,413,27,26.73,0.01,66.96,114.8,12524296.89
0,0,413,27,26.73,0.01,66.96,114.8,12524296.89
0,0,413,27,26.73,0.01,66.96,114.8,12524296.89
0,0,413,27,26.73,0.01,66.96,114.8,12524296.89
0,0,413,27,26.73,0.01,66.96,114.8,12524296.89
0,0,413,27,26.73,0.01,66.96,114.8,12524296.89
0,0,413,27,26.73,0.01,66.96,114.8,12524296.89
0,0,413,27,26.73,0.01,66.96,114.8,12524296.89
0,0,413,27,26.73,0.01,66.96,114.8,12524296.89
0,0,527,8,23.49,0.01,76.75,119.39,15106545.01
0,0,417,16,23.49,0.01,67.04,123.04,12921249.44
0,0,490,21,23.78,0.01,71.91,110.09,14032387.55
0,0,413,27,26.73,0.01,66.96,114.8,12524296.89
0,0,413,27,26.73,0.01,66.96,114.8,12524296.89
0,0,413,27,26.73,0.01,66.96,114.8,12524296.89
0,0,413,27,26.73,0.01,66.96,114.8,12524296.89
0,0,413,27,26.73,0.01,66.96,114.8,12524296.89
0,0,413,27,26.73,0.01,66.96,114.8,12524296.89
0,0,413,27,26.73,0.01,66.96,114.8,12524296.89
0,0,413,27,26.73,0.01,66.96,114.8,12524296.89
0,0,413,27,26.73,0.01,66.96,114.8,12524296.89
0,0,413,27,26.73,0.01,66.96,114.8,12524296.89
0,0,413,27,26.73,0.01,66.96,114.8,12524296.89
0,0,413,27,26.73,0.01,66.96,114.8,12524296.89
0,0,413,27,26.73,0.01,66.96,114.8,12524296.89
0,0,413,27,26.73,0.01,66.96,114.8,12524296.89
0,0,413,27,26.73,0.01,66.96,114.8,12524296.89
0,0,413,27,26.73,0.01,66.96,114.8,12524296.89
0,0,413,27,26.73,0.01,66.96,114.8,12524296.89
0,0,413,27,26.73,0.01,66.96,114.8,12524296.89
0,0,413,27,26.73,0.01,66.96,114.8,12524296.89
0,0,413,27,26.73,0.01,66.96,114.8,12524296.89
0,0,413,27,26.73,0.01,66.96,114.8,12524296.89
0,0,413,27,26.73,0.01,66.96,114.8,12524296.89
0,0,413,27,26.73,0.01,66.96,114.8,12524296.89
0,0,413,27,26.73,0.01,66.96,114.8,12524296.89
0,0,413,27,26.73,0.01,66.96,114.8,12524296.89
0,0,413,27,26.73,0.01,66.96,114.8,12524296.89
0,0,413,27,26.73,0.01,66.96,114.8,12524296.89
0,0,413,27,26.73,0.01,66.96,114.8,12524296.89
0,0,413,27,26.73,0.01,66.96,114.8,12524296.89
0,0,413,27,26.73,0.01,66.96,114.8,12524296.89
0,0,413,27,26.73,0.01,66.96,114.8,12524296.89
0,0,413,27,26.73,0.01,66.96,114.8,12524296.89
0,0,413,27,26.73,0.01,66.96,114.8,12524296.89
0,0,413,27,26.73,0.01,66.96,114.8,12524296.89
0,0,413,27,26.73,0.01,66.96,114.8,12524296.89
0,0,413,27,26.73,0.01,66.96,114.8,12524296.89
0,0,413,27,26.73,0.01,66.96,114.8,12524296.89
0,0,413,27,26.73,0.01,66.96,114.8,12524296.89
0,0,413,27,26.73,0.01,66.96,114.8,12524296.89
0,0,413,27,26.73,0.01,66.96,114.8,12524296.89
0,0,413,27,26.73,0.01,66.96,114.8,12524296.89
0,0,413,27,26.73,0.01,66.96,114.8,12524296.89
0,0,413,27,26.73,0.01,66.96,114.8,12524296.89
0,0,413,27,26.73,0.01,66.96,114.8,12524296.89
0,0,413,27,26.73,0.01,66.96,114.8,12524296.89
0,0,413,27,26.73,0.01,66.96,114.8,12524296.89
0,0,413,27,26.73,0.01,66.96,114.8,12524296.89
0,0,413,27,26.73,0.01,66.96,114.8,12524296.89
0,0,413,27,26.73,0.01,66.96,114.8,12524296.89
0,0,413,27,26.73,0.01,66.96,114.8,12524296.89
0,0,413,27,26.73,0.01,66.96,114.8,12524296.89
0,0,413,27,26.73,0.01,66.96,114.8,12524296.89
0,0,413,27,26.73,0.01,66.96,114.8,12524296.89
0,0,527,8,23.49,0.01,76.75,119.39,15106545.01
0,0,417,16,23.49,0.01,67.04,123.04,12921249.44
0,0,490,21,23.78,0.01,71.91,110.09,14032387.55
0,0,413,27,26.73,0.01,66.96,114.8,12524296.89
0,0,413,27,26.73,0.01,66.96,114.8,12524296.89
0,0,413,27,26.73,0.01,66.96,114.8,12524296.89
0,0,413,27,26.73,0.01,66.96,114.8,12524296.89
0,0,413,27,26.73,0.01,66.96,114.8,12524296.89
0,0,413,27,26.73,0.01,66.96,114.8,12524296.89
0,0,413,27,26.73,0.01,66.96,114.8,12524296.89
0,0,413,27,26.73,0.01,66.96,114.8,12524296.89
0,0,413,27,26.73,0.01,66.96,114.8,12524296.89
0,0,413,27,26.73,0.01,66.96,114.8,12524296.89
0,0,413,27,26.73,0.01,66.96,114.8,12524296.89
0,0,413,27,26.73,0.01,66.96,114.8,12524296.89
0,0,413,27,26.73,0.01,66.96,114.8,12524296.89
0,0,413,27,26.73,0.01,66.96,114.8,12524296.89
0,0,413,27,26.73,0.01,66.96,114.8,12524296.89
0,0,413,27,26.73,0.01,66.96,114.8,12524296.89
0,0,413,27,26.73,0.01,66.96,114.8,12524296.89
0,0,413,27,26.73,0.01,66.96,114.8,12524296.89
0,0,413,27,26.73,0.01,66.96,114.8,12524296.89
0,0,413,27,26.73,0.01,66.96,114.8,12524296.89
0,0,413,27,26.73,0.01,66.96,114.8,12524296.89
0,0,413,27,26.73,0.01,66.96,114.8,12524296.89
0,0,413,27,26.73,0.01,66.96,114.8,12524296.89
0,0,413,27,26.73,0.01,66.96,114.8,12524296.89
0,0,413,27,26.73,0.01,66.96,114.8,12524296.89
0,0,413,27,26.73,0.01,66.96,114.8,12524296.89
0,0,413,27,26.73,0.01,66.96,114.8,12524296.89
0,0,413,27,26.73,0.01,66.96,114.8,12524296.89
0,0,413,27,26.73,0.01,66.96,114.8,12524296.89
0,0,413,27,26.73,0.01,66.96,114.8,12524296.89
0,0,413,27,26.73,0.01,66.96,114.8,12524296.89
0,0,413,27,26.73,0.01,66.96,114.8,12524296.89
0,0,413,27,26.73,0.01,66.96,114.8,12524296.89
0,0,413,27,26.73,0.01,66.96,114.8,12524296.89
0,0,413,27,26.73,0.01,66.96,114.8,12524296.89
0,0,413,27,26.73,0.01,66.96,114.8,12524296.89
0,0,413,27,26.73,0.01,66.96,114.8,12524296.89
0,0,413,27,26.73,0.01,66.96,114.8,12524296.89
0,0,413,27,26.73,0.01,66.96,114.8,12524296.89
0,0,413,27,26.73,0.01,66.96,114.8,12524296.89
0,0,413,27,26.73,0.01,66.96,114.8,12524296.89
0,0,413,27,26.73,0.01,66.96,114.8,12524296.89
0,0,413,27,26.73,0.01,66.96,114.8,12524296.89
0,0,413,27,26.73,0.01,66.96,114.8,12524296.89
0,0,413,27,26.73,0.01,66.96,114.8,12524296.89
0,0,413,27,26.73,0.01,66.96,114.8,12524296.89
0,0,413,27,26.73,0.01,66.96,114.8,12524296.89
0,0,413,27,26.73,0.01,66.96,114.8,12524296.89
0,0,413,27,26.73,0.01,66.96,114.8,12524296.89
0,0,413,27,26.73,0.01,66.96,114.8,12524296.89
0,0,413,27,26.73,0.01,66.96,114.8,12524296.89
0,0,413,27,26.73,0.01,66.96,114.8,12524296.89
0,0,413,27,26.73,0.01,66.96,114.8,12524296.89
0,0,527,8,23.49,0.01,76.75,119.39,15106545.01
0,0,417,16,23.49,0.01,67.04,123.04,12921249.44
0,0,490,21,23.78,0.01,71.91,110.09,14032387.55
0,0,413,27,26.73,0.01,66.96,114.8,12524296.89
0,0,413,27,26.73,0.01,66.96,114.8,12524296.89
0,0,413,27,26.73,0.01,66.96,114.8,12524296.89
0,0,413,27,26.73,0.01,66.96,114.8,12524296.89
0,0,413,27,26.73,0.01,66.96,114.8,12524296.89
0,0,413,27,26.73,0.01,66.96,114.8,12524296.89
0,0,413,27,26.73,0.01,66.96,114.8,12524296.89
0,0,413,27,26.73,0.01,66.96,114.8,12524296.89
0,0,413,27,26.73,0.01,66.96,114.8,12524296.89
0,0,413,27,26.73,0.01,66.96,114.8,12524296.89
0,0,413,27,26.73,0.01,66.96,114.8,12524296.89
0,0,413,27,26.73,0.01,66.96,114.8,12524296.89
0,0,413,27,26.73,0.01,66.96,114.8,12524296.89
0,0,413,27,26.73,0.01,66.96,114.8,12524296.89
0,0,413,27,26.73,0.01,66.96,114.8,12524296.89
0,0,413,27,26.73,0.01,66.96,114.8,12524296.89
0,0,413,27,26.73,0.01,66.96,114.8,12524296.89
0,0,413,27,26.73,0.01,66.96,114.8,12524296.89
0,0,413,27,26.73,0.01,66.96,114.8,12524296.89
0,0,413,27,26.73,0.01,66.96,114.8,12524296.89
0,0,413,27,26.73,0.01,66.96,114.8,12524296.89
0,0,413,27,26.73,0.01,66.96,114.8,12524296.89
0,0,413,27,26.73,0.01,66.96,114.8,12524296.89
0,0,413,27,26.73,0.01,66.96,114.8,12524296.89
0,0,413,27,26.73,0.01,66.96,114.8,12524296.89
0,0,413,27,26.73,0.01,66.96,114.8,12524296.89
0,0,413,27,26.73,0.01,66.96,114.8,12524296.89
0,0,413,27,26.73,0.01,66.96,114.8,12524296.89
0,0,413,27,26.73,0.01,66.96,114.8,12524296.89
0,0,413,27,26.73,0.01,66.96,114.8,12524296.89
0,0,413,27,26.73,0.01,66.96,114.8,12524296.89
0,0,413,27,26.73,0.01,66.96,114.8,12524296.89
0,0,413,27,26.73,0.01,66.96,114.8,12524296.89
0,0,413,27,26.73,0.01,66.96,114.8,12524296.89
0,0,413,27,26.73,0.01,66.96,114.8,12524296.89
0,0,413,27,26.73,0.01,66.96,114.8,12524296.89
0,0,413,27,26.73,0.01,66.96,114.8,12524296.89
0,0,413,27,26.73,0.01,66.96,114.8,12524296.89
0,0,413,27,26.73,0.01,66.96,114.8,12524296.89
0,0,413,27,26.73,0.01,66.96,114.8,12524296.89
0,0,413,27,26.73,0.01,66.96,114.8,12524296.89
0,0,413,27,26.73,0.01,66.96,114.8,12524296.89
0,0,413,27,26.73,0.01,66.96,114.8,12524296.89
0,0,413,27,26.73,0.01,66.96,114.8,12524296.89
0,0,413,27,26.73,0.01,66.96,114.8,12524296.89
0,0,413,27,26.73,0.01,66.96,114.8,12524296.89
0,0,413,27,26.73,0.01,66.96,114.8,12524296.89
0,0,413,27,26.73,0.01,66.96,114.8,12524296.89
0,0,413,27,26.73,0.01,66.96,114.8,12524296.89
0,0,413,27,26.73,0.01,66.96,114.8,12524296.89
0,0,413,27,26.73,0.01,66.96,114.8,12524296.89
0,0,413,27,26.73,0.01,66.96,114.8,12524296.89
0,0,413,27,26.73,0.01,66.96,114.8,12524296.89
0,0,527,8,23.49,0.01,76.75,119.39,15106545.01
0,0,417,16,23.49,0.01,67.04,123.04,12921249.44
0,0,490,21,23.78,0.01,71.91,110.09,14032387.55
0,0,413,27,26.73,0.01,66.96,114.8,12524296.89
0,0,413,27,26.73,0.01,66.96,114.8,12524296.89
0,0,413,27,26.73,0.01,66.96,114.8,12524296.89
0,0,413,27,26.73,0.01,66.96,114.8,12524296.89
0,0,413,27,26.73,0.01,66.96,114.8,12524296.89
0,0,413,27,26.73,0.01,66.96,114.8,12524296.89
0,0,413,27,26.73,0.01,66.96,114.8,12524296.89
0,0,413,27,26.73,0.01,66.96,114.8,12524296.89
0,0,413,27,26.73,0.01,66.96,114.8,12524296.89
0,0,413,27,26.73,0.01,66.96,114.8,12524296.89
0,0,413,27,26.73,0.01,66.96,114.8,12524296.89
0,0,413,27,26.73,0.01,66.96,114.8,12524296.89
0,0,413,27,26.73,0.01,66.96,114.8,12524296.89
0,0,413,27,26.73,0.01,66.96,114.8,12524296.89
0,0,413,27,26.73,0.01,66.96,114.8,12524296.89
0,0,413,27,26.73,0.01,66.96,114.8,12524296.89
0,0,413,27,26.73,0.01,66.96,114.8,12524296.89
0,0,413,27,26.73,0.01,66.96,114.8,12524296.89
0,0,413,27,26.73,0.01,66.96,114.8,12524296.89
0,0,413,27,26.73,0.01,66.96,114.8,12524296.89
0,0,413,27,26.73,0.01,66.96,114.8,12524296.89
0,0,413,27,26.73,0.01,66.96,114.8,12524296.89
0,0,413,27,26.73,0.01,66.96,114.8,12524296.89
0,0,413,27,26.73,0.01,66.96,114.8,12524296.89
0,0,413,27,26.73,0.01,66.96,114.8,12524296.89
0,0,413,27,26.73,0.01,66.96,114.8,12524296.89
0,0,413,27,26.73,0.01,66.96,114.8,12524296.89
0,0,413,27,26.73,0.01,66.96,114.8,12524296.89
0,0,413,27,26.73,0.01,66.96,114.8,12524296.89
0,0,413,27,26.73,0.01,66.96,114.8,12524296.89
0,0,413,27,26.73,0.01,66.96,114.8,12524296.89
0,0,413,27,26.73,0.01,66.96,114.8,12524296.89
0,0,413,27,26.73,0.01,66.96,114.8,12524296.89
0,0,413,27,26.73,0.01,66.96,114.8,12524296.89
0,0,413,27,26.73,0.01,66.96,114.8,12524296.89
0,0,413,27,26.73,0.01,66.96,114.8,12524296.89
0,0,413,27,26.73,0.01,66.96,114.8,12524296.89
0,0,413,27,26.73,0.01,66.96,114.8,12524296.89
0,0,413,27,26.73,0.01,66.96,114.8,12524296.89
0,0,413,27,26.73,0.01,66.96,114.8,12524296.89
0,0,413,27,26.73,0.01,66.96,114.8,12524296.89
0,0,413,27,26.73,0.01,66.96,114.8,12524296.89
0,0,413,27,26.73,0.01,66.96,114.8,12524296.89
0,0,413,27,26.73,0.01,66.96,114.8,12524296.89
0,0,413,27,26.73,0.01,66.96,114.8,12524296.89
0,0,413,27,26.73,0.01,66.96,114.8,12524296.89
0,0,413,27,26.73,0.01,66.96,114.8,12524296.89
0,0,413,27,26.73,0.01,66.96,114.8,12524296.89
0,0,413,27,26.73,0.01,66.96,114.8,12524296.89
0,0,413,27,26.73,0.01,66.96,114.8,12524296.89
0,0,413,27,26.73,0.01,66.96,114.8,12524296.89
0,0,413,27,26.73,0.01,66.96,114.8,12524296.89
0,0,413,27,26.73,0.01,66.96,114.8,12524296.89
0,0,527,8,23.49,0.01,76.75,119.39,15106545.01
0,0,417,16,23.49,0.01,67.04,123.04,12921249.44
0,0,490,21,23.78,0.01,71.91,110.09,14032387.55
0,0,413,27,26.73,0.01,66.96,114.8,12524296.89
0,0,413,27,26.73,0.01,66.96,114.8,12524296.89
0,0,413,27,26.73,0.01,66.96,114.8,12524296.89
0,0,413,27,26.73,0.01,66.96,114.8,12524296.89
0,0,413,27,26.73,0.01,66.96,114.8,12524296.89
0,0,413,27,26.73,0.01,66.96,114.8,12524296.89
0,0,413,27,26.73,0.01,66.96,114.8,12524296.89
0,0,413,27,26.73,0.01,66.96,114.8,12524296.89
0,0,413,27,26.73,0.01,66.96,114.8,12524296.89
0,0,413,27,26.73,0.01,66.96,114.8,12524296.89
0,0,413,27,26.73,0.01,66.96,114.8,12524296.89
0,0,413,27,26.73,0.01,66.96,114.8,12524296.89
0,0,413,27,26.73,0.01,66.96,114.8,12524296.89
0,0,413,27,26.73,0.01,66.96,114.8,12524296.89
0,0,413,27,26.73,0.01,66.96,114.8,12524296.89
0,0,413,27,26.73,0.01,66.96,114.8,12524296.89
0,0,413,27,26.73,0.01,66.96,114.8,12524296.89
0,0,413,27,26.73,0.01,66.96,114.8,12524296.89
0,0,413,27,26.73,0.01,66.96,114.8,12524296.89
0,0,413,27,26.73,0.01,66.96,114.8,12524296.89
0,0,413,27,26.73,0.01,66.96,114.8,12524296.89
0,0,413,27,26.73,0.01,66.96,114.8,12524296.89
0,0,413,27,26.73,0.01,66.96,114.8,12524296.89
0,0,413,27,26.73,0.01,66.96,114.8,12524296.89
0,0,413,27,26.73,0.01,66.96,114.8,12524296.89
0,0,413,27,26.73,0.01,66.96,114.8,12524296.89
0,0,413,27,26.73,0.01,66.96,114.8,12524296.89
0,0,413,27,26.73,0.01,66.96,114.8,12524296.89
0,0,413,27,26.73,0.01,66.96,114.8,12524296.89
0,0,413,27,26.73,0.01,66.96,114.8,12524296.89
0,0,413,27,26.73,0.01,66.96,114.8,12524296.89
0,0,413,27,26.73,0.01,66.96,114.8,12524296.89
0,0,413,27,26.73,0.01,66.96,114.8,12524296.89
0,0,413,27,26.73,0.01,66.96,114.8,12524296.89
0,0,413,27,26.73,0.01,66.96,114.8,12524296.89
0,0,413,27,26.73,0.01,66.96,114.8,12524296.89
0,0,413,27,26.73,0.01,66.96,114.8,12524296.89
0,0,413,27,26.73,0.01,66.96,114.8,12524296.89
0,0,413,27,26.73,0.01,66.96,114.8,12524296.89
0,0,413,27,26.73,0.01,66.96,114.8,12524296.89
0,0,413,27,26.73,0.01,66.96,114.8,12524296.89
0,0,413,27,26.73,0.01,66.96,114.8,12524296.89
0,0,413,27,26.73,0.01,66.96,114.8,12524296.89
0,0,413,27,26.73,0.01,66.96,114.8,12524296.89
0,0,413,27,26.73,0.01,66.96,114.8,12524296.89
0,0,413,27,26.73,0.01,66.96,114.8,12524296.89
0,0,413,27,26.73,0.01,66.96,114.8,12524296.89
0,0,413,27,26.73,0.01,66.96,114.8,12524296.89
0,0,413,27,26.73,0.01,66.96,114.8,12524296.89
0,0,413,27,26.73,0.01,66.96,114.8,12524296.89
0,0,413,27,26.73,0.01,66.96,114.8,12524296.89
0,0,413,27,26.73,0.01,66.96,114.8,12524296.89
0,0,413,27,26.73,0.01,66.96,114.8,12524296.89
0,0,527,8,23.49,0.01,76.75,119.39,15106545.01
0,0,417,16,23.49,0.01,67.04,123.04,12921249.44
0,0,490,21,23.78,0.01,71.91,110.09,14032387.55
0,0,413,27,26.73,0.01,66.96,114.8,12524296.89
0,0,413,27,26.73,0.01,66.96,114.8,12524296.89
0,0,413,27,26.73,0.01,66.96,114.8,12524296.89
0,0,413,27,26.73,0.01,66.96,114.8,12524296.89
0,0,413,27,26.73,0.01,66.96,114.8,12524296.89
0,0,413,27,26.73,0.01,66.96,114.8,12524296.89
0,0,413,27,26.73,0.01,66.96,114.8,12524296.89
0,0,413,27,26.73,0.01,66.96,114.8,12524296.89
0,0,413,27,26.73,0.01,66.96,114.8,12524296.89
0,0,413,27,26.73,0.01,66.96,114.8,12524296.89
0,0,413,27,26.73,0.01,66.96,114.8,12524296.89
0,0,413,27,26.73,0.01,66.96,114.8,12524296.89
0,0,413,27,26.73,0.01,66.96,114.8,12524296.89
0,0,413,27,26.73,0.01,66.96,114.8,12524296.89
0,0,413,27,26.73,0.01,66.96,114.8,12524296.89
0,0,413,27,26.73,0.01,66.96,114.8,12524296.89
0,0,413,27,26.73,0.01,66.96,114.8,12524296.89
0,0,413,27,26.73,0.01,66.96,114.8,12524296.89
0,0,413,27,26.73,0.01,66.96,114.8,12524296.89
0,0,413,27,26.73,0.01,66.96,114.8,12524296.89
0,0,413,27,26.73,0.01,66.96,114.8,12524296.89
0,0,413,27,26.73,0.01,66.96,114.8,12524296.89
0,0,413,27,26.73,0.01,66.96,114.8,12524296.89
0,0,413,27,26.73,0.01,66.96,114.8,12524296.89
0,0,413,27,26.73,0.01,66.96,114.8,12524296.89
0,0,413,27,26.73,0.01,66.96,114.8,12524296.89
0,0,413,27,26.73,0.01,66.96,114.8,12524296.89
0,0,413,27,26.73,0.01,66.96,114.8,12524296.89
0,0,413,27,26.73,0.01,66.96,114.8,12524296.89
0,0,413,27,26.73,0.01,66.96,114.8,12524296.89
0,0,413,27,26.73,0.01,66.96,114.8,12524296.89
0,0,413,27,26.73,0.01,66.96,114.8,12524296.89
0,0,413,27,26.73,0.01,66.96,114.8,12524296.89
0,0,413,27,26.73,0.01,66.96,114.8,12524296.89
0,0,413,27,26.73,0.01,66.96,114.8,12524296.89
0,0,413,27,26.73,0.01,66.96,114.8,12524296.89
0,0,413,27,26.73,0.01,66.96,114.8,12524296.89
0,0,413,27,26.73,0.01,66.96,114.8,12524296.89
0,0,413,27,26.73,0.01,66.96,114.8,12524296.89
0,0,413,27,26.73,0.01,66.96,114.8,12524296.89
0,0,413,27,26.73,0.01,66.96,114.8,12524296.89
0,0,413,27,26.73,0.01,66.96,114.8,12524296.89
0,0,413,27,26.73,0.01,66.96,114.8,12524296.89
0,0,413,27,26.73,0.01,66.96,114.8,12524296.89
0,0,413,27,26.73,0.01,66.96,114.8,12524296.89
0,0,413,27,26.73,0.01,66.96,114.8,12524296.89
0,0,413,27,26.73,0.01,66.96,114.8,12524296.89
0,0,413,27,26.73,0.01,66.96,114.8,12524296.89
0,0,413,27,26.73,0.01,66.96,114.8,12524296.89
0,0,413,27,26.73,0.01,66.96,114.8,12524296.89
0,0,413,27,26.73,0.01,66.96,114.8,12524296.89
0,0,413,27,26.73,0.01,66.96,114.8,12524296.89
0,0,413,27,26.73,0.01,66.96,114.8,12524296.89
0,0,527,8,23.49,0.01,76.75,119.39,15106545.01
0,0,417,16,23.49,0.01,67.04,123.04,12921249.44
0,0,490,21,23.78,0.01,71.91,110.09,14032387.55
0,0,413,27,26.73,0.01,66.96,114.8,12524296.89
0,0,413,27,26.73,0.01,66.96,114.8,12524296.89
0,0,413,27,26.73,0.01,66.96,114.8,12524296.89
0,0,413,27,26.73,0.01,66.96,114.8,12524296.89
0,0,413,27,26.73,0.01,66.96,114.8,12524296.89
0,0,413,27,26.73,0.01,66.96,114.8,12524296.89
0,0,413,27,26.73,0.01,66.96,114.8,12524296.89
0,0,413,27,26.73,0.01,66.96,114.8,12524296.89
0,0,413,27,26.73,0.01,66.96,114.8,12524296.89
0,0,413,27,26.73,0.01,66.96,114.8,12524296.89
0,0,413,27,26.73,0.01,66.96,114.8,12524296.89
0,0,413,27,26.73,0.01,66.96,114.8,12524296.89
0,0,413,27,26.73,0.01,66.96,114.8,12524296.89
0,0,413,27,26.73,0.01,66.96,114.8,12524296.89
0,0,413,27,26.73,0.01,66.96,114.8,12524296.89
0,0,413,27,26.73,0.01,66.96,114.8,12524296.89
0,0,413,27,26.73,0.01,66.96,114.8,12524296.89
0,0,413,27,26.73,0.01,66.96,114.8,12524296.89
0,0,413,27,26.73,0.01,66.96,114.8,12524296.89
0,0,413,27,26.73,0.01,66.96,114.8,12524296.89
0,0,413,27,26.73,0.01,66.96,114.8,12524296.89
0,0,413,27,26.73,0.01,66.96,114.8,12524296.89
0,0,413,27,26.73,0.01,66.96,114.8,12524296.89
0,0,413,27,26.73,0.01,66.96,114.8,12524296.89
0,0,413,27,26.73,0.01,66.96,114.8,12524296.89
0,0,413,27,26.73,0.01,66.96,114.8,12524296.89
0,0,413,27,26.73,0.01,66.96,114.8,12524296.89
0,0,413,27,26.73,0.01,66.96,114.8,12524296.89
0,0,413,27,26.73,0.01,66.96,114.8,12524296.89
0,0,413,27,26.73,0.01,66.96,114.8,12524296.89
0,0,413,27,26.73,0.01,66.96,114.8,12524296.89
0,0,413,27,26.73,0.01,66.96,114.8,12524296.89
0,0,413,27,26.73,0.01,66.96,114.8,12524296.89
0,0,413,27,26.73,0.01,66.96,114.8,12524296.89
0,0,413,27,26.73,0.01,66.96,114.8,12524296.89
0,0,413,27,26.73,0.01,66.96,114.8,12524296.89
0,0,413,27,26.73,0.01,66.96,114.8,12524296.89
0,0,413,27,26.73,0.01,66.96,114.8,12524296.89
0,0,413,27,26.73,0.01,66.96,114.8,12524296.89
0,0,413,27,26.73,0.01,66.96,114.8,12524296.89
0,0,413,27,26.73,0.01,66.96,114.8,12524296.89
0,0,413,27,26.73,0.01,66.96,114.8,12524296.89
0,0,413,27,26.73,0.01,66.96,114.8,12524296.89
0,0,413,27,26.73,0.01,66.96,114.8,12524296.89
0,0,413,27,26.73,0.01,66.96,114.8,12524296.89
0,0,413,27,26.73,0.01,66.96,114.8,12524296.89
0,0,413,27,26.73,0.01,66.96,114.8,12524296.89
0,0,413,27,26.73,0.01,66.96,114.8,12524296.89
0,0,413,27,26.73,0.01,66.96,114.8,12524296.89
0,0,413,27,26.73,0.01,66.96,114.8,12524296.89
0,0,413,27,26.73,0.01,66.96,114.8,12524296.89
0,0,413,27,26.73,0.01,66.96,114.8,12524296.89
0,0,413,27,26.73,0.01,66.96,114.8,12524296.89
0,0,527,8,23.49,0.01,76.75,119.39,15106545.01
0,0,417,16,23.49,0.01,67.04,123.04,12921249.44
0,0,490,21,23.78,0.01,71.91,110.09,14032387.55
0,0,413,27,26.73,0.01,66.96,114.8,12524296.89
0,0,413,27,26.73,0.01,66.96,114.8,12524296.89
0,0,413,27,26.73,0.01,66.96,114.8,12524296.89
0,0,413,27,26.73,0.01,66.96,114.8,12524296.89
0,0,413,27,26.73,0.01,66.96,114.8,12524296.89
0,0,413,27,26.73,0.01,66.96,114.8,12524296.89
0,0,413,27,26.73,0.01,66.96,114.8,12524296.89
0,0,413,27,26.73,0.01,66.96,114.8,12524296.89
0,0,413,27,26.73,0.01,66.96,114.8,12524296.89
0,0,413,27,26.73,0.01,66.96,114.8,12524296.89
0,0,413,27,26.73,0.01,66.96,114.8,12524296.89
0,0,413,27,26.73,0.01,66.96,114.8,12524296.89
0,0,413,27,26.73,0.01,66.96,114.8,12524296.89
0,0,413,27,26.73,0.01,66.96,114.8,12524296.89
0,0,413,27,26.73,0.01,66.96,114.8,12524296.89
0,0,413,27,26.73,0.01,66.96,114.8,12524296.89
0,0,413,27,26.73,0.01,66.96,114.8,12524296.89
0,0,413,27,26.73,0.01,66.96,114.8,12524296.89
0,0,413,27,26.73,0.01,66.96,114.8,12524296.89
0,0,413,27,26.73,0.01,66.96,114.8,12524296.89
0,0,413,27,26.73,0.01,66.96,114.8,12524296.89
0,0,413,27,26.73,0.01,66.96,114.8,12524296.89
0,0,413,27,26.73,0.01,66.96,114.8,12524296.89
0,0,413,27,26.73,0.01,66.96,114.8,12524296.89
0,0,413,27,26.73,0.01,66.96,114.8,12524296.89
0,0,413,27,26.73,0.01,66.96,114.8,12524296.89
0,0,413,27,26.73,0.01,66.96,114.8,12524296.89
0,0,413,27,26.73,0.01,66.96,114.8,12524296.89
0,0,413,27,26.73,0.01,66.96,114.8,12524296.89
0,0,413,27,26.73,0.01,66.96,114.8,12524296.89
0,0,413,27,26.73,0.01,66.96,114.8,12524296.89
0,0,413,27,26.73,0.01,66.96,114.8,12524296.89
0,0,413,27,26.73,0.01,66.96,114.8,12524296.89
0,0,413,27,26.73,0.01,66.96,114.8,12524296.89
0,0,413,27,26.73,0.01,66.96,114.8,12524296.89
0,0,413,27,26.73,0.01,66.96,114.8,12524296.89
0,0,413,27,26.73,0.01,66.96,114.8,12524296.89
0,0,413,27,26.73,0.01,66.96,114.8,12524296.89
0,0,413,27,26.73,0.01,66.96,114.8,12524296.89
0,0,413,27,26.73,0.01,66.96,114.8,12524296.89
0,0,413,27,26.73,0.01,66.96,114.8,12524296.89
0,0,413,27,26.73,0.01,66.96,114.8,12524296.89
0,0,413,27,26.73,0.01,66.96,114.8,12524296.89
0,0,413,27,26.73,0.01,66.96,114.8,12524296.89
0,0,413,27,26.73,0.01,66.96,114.8,12524296.89
0,0,413,27,26.73,0.01,66.96,114.8,12524296.89
0,0,413,27,26.73,0.01,66.96,114.8,12524296.89
0,0,413,27,26.73,0.01,66.96,114.8,12524296.89
0,0,413,27,26.73,0.01,66.96,114.8,12524296.89
0,0,413,27,26.73,0.01,66.96,114.8,12524296.89
0,0,413,27,26.73,0.01,66.96,114.8,12524296.89
0,0,413,27,26.73,0.01,66.96,114.8,12524296.89
0,0,413,27,26.73,0.01,66.96,114.8,12524296.89
0,0,527,8,23.49,0.01,76.75,119.39,15106545.01
0,0,417,16,23.49,0.01,67.04,123.04,12921249.44
0,0,490,21,23.78,0.01,71.91,110.09,14032387.55
0,0,413,27,26.73,0.01,66.96,114.8,12524296.89
0,0,413,27,26.73,0.01,66.96,114.8,12524296.89
0,0,413,27,26.73,0.01,66.96,114.8,12524296.89
0,0,413,27,26.73,0.01,66.96,114.8,12524296.89
0,0,413,27,26.73,0.01,66.96,114.8,12524296.89
0,0,413,27,26.73,0.01,66.96,114.8,12524296.89
0,0,413,27,26.73,0.01,66.96,114.8,12524296.89
0,0,413,27,26.73,0.01,66.96,114.8,12524296.89
0,0,413,27,26.73,0.01,66.96,114.8,12524296.89
0,0,413,27,26.73,0.01,66.96,114.8,12524296.89
0,0,413,27,26.73,0.01,66.96,114.8,12524296.89
0,0,413,27,26.73,0.01,66.96,114.8,12524296.89
0,0,413,27,26.73,0.01,66.96,114.8,12524296.89
0,0,413,27,26.73,0.01,66.96,114.8,12524296.89
0,0,413,27,26.73,0.01,66.96,114.8,12524296.89
0,0,413,27,26.73,0.01,66.96,114.8,12524296.89
0,0,413,27,26.73,0.01,66.96,114.8,12524296.89
0,0,413,27,26.73,0.01,66.96,114.8,12524296.89
0,0,413,27,26.73,0.01,66.96,114.8,12524296.89
0,0,413,27,26.73,0.01,66.96,114.8,12524296.89
0,0,413,27,26.73,0.01,66.96,114.8,12524296.89
0,0,413,27,26.73,0.01,66.96,114.8,12524296.89
0,0,413,27,26.73,0.01,66.96,114.8,12524296.89
0,0,413,27,26.73,0.01,66.96,114.8,12524296.89
0,0,413,27,26.73,0.01,66.96,114.8,12524296.89
0,0,413,27,26.73,0.01,66.96,114.8,12524296.89
0,0,413,27,26.73,0.01,66.96,114.8,12524296.89
0,0,413,27,26.73,0.01,66.96,114.8,12524296.89
0,0,413,27,26.73,0.01,66.96,114.8,12524296.89
0,0,413,27,26.73,0.01,66.96,114.8,12524296.89
0,0,413,27,26.73,0.01,66.96,114.8,12524296.89
0,0,413,27,26.73,0.01,66.96,114.8,12524296.89
0,0,413,27,26.73,0.01,66.96,114.8,12524296.89
0,0,413,27,26.73,0.01,66.96,114.8,12524296.89
0,0,413,27,26.73,0.01,66.96,114.8,12524296.89
0,0,413,27,26.73,0.01,66.96,114.8,12524296.89
0,0,413,27,26.73,0.01,66.96,114.8,12524296.89
0,0,413,27,26.73,0.01,66.96,114.8,12524296.89
0,0,413,27,26.73,0.01,66.96,114.8,12524296.89
0,0,413,27,26.73,0.01,66.96,114.8,12524296.89
0,0,413,27,26.73,0.01,66.96,114.8,12524296.89
0,0,413,27,26.73,0.01,66.96,114.8,12524296.89
0,0,413,27,26.73,0.01,66.96,114.8,12524296.89
0,0,413,27,26.73,0.01,66.96,114.8,12524296.89
0,0,413,27,26.73,0.01,66.96,114.8,12524296.89
0,0,413,27,26.73,0.01,66.96,114.8,12524296.89
0,0,413,27,26.73,0.01,66.96,114.8,12524296.89
0,0,413,27,26.73,0.01,66.96,114.8,12524296.89
0,0,413,27,26.73,0.01,66.96,114.8,12524296.89
0,0,413,27,26.73,0.01,66.96,114.8,12524296.89
0,0,413,27,26.73,0.01,66.96,114.8,12524296.89
0,0,413,27,26.73,0.01,66.96,114.8,12524296.89
0,0,413,27,26.73,0.01,66.96,114.8,12524296.89
0,0,527,8,23.49,0.01,76.75,119.39,15106545.01
0,0,417,16,23.49,0.01,67.04,123.04,12921249.44
0,0,490,21,23.78,0.01,71.91,110.09,14032387.55
0,0,413,27,26.73,0.01,66.96,114.8,12524296.89
0,0,413,27,26.73,0.01,66.96,114.8,12524296.89
0,0,413,27,26.73,0.01,66.96,114.8,12524296.89
0,0,413,27,26.73,0.01,66.96,114.8,12524296.89
0,0,413,27,26.73,0.01,66.96,114.8,12524296.89
0,0,413,27,26.73,0.01,66.96,114.8,12524296.89
0,0,413,27,26.73,0.01,66.96,114.8,12524296.89
0,0,413,27,26.73,0.01,66.96,114.8,12524296.89
0,0,413,27,26.73,0.01,66.96,114.8,12524296.89
0,0,413,27,26.73,0.01,66.96,114.8,12524296.89
0,0,413,27,26.73,0.01,66.96,114.8,12524296.89
0,0,413,27,26.73,0.01,66.96,114.8,12524296.89
0,0,413,27,26.73,0.01,66.96,114.8,12524296.89
0,0,413,27,26.73,0.01,66.96,114.8,12524296.89
0,0,413,27,26.73,0.01,66.96,114.8,12524296.89
0,0,413,27,26.73,0.01,66.96,114.8,12524296.89
0,0,413,27,26.73,0.01,66.96,114.8,12524296.89
0,0,413,27,26.73,0.01,66.96,114.8,12524296.89
0,0,413,27,26.73,0.01,66.96,114.8,12524296.89
0,0,413,27,26.73,0.01,66.96,114.8,12524296.89
0,0,413,27,26.73,0.01,66.96,114.8,12524296.89
0,0,413,27,26.73,0.01,66.96,114.8,12524296.89
0,0,413,27,26.73,0.01,66.96,114.8,12524296.89
0,0,413,27,26.73,0.01,66.96,114.8,12524296.89
0,0,413,27,26.73,0.01,66.96,114.8,12524296.89
0,0,413,27,26.73,0.01,66.96,114.8,12524296.89
0,0,413,27,26.73,0.01,66.96,114.8,12524296.89
0,0,413,27,26.73,0.01,66.96,114.8,12524296.89
0,0,413,27,26.73,0.01,66.96,114.8,12524296.89
0,0,413,27,26.73,0.01,66.96,114.8,12524296.89
0,0,413,27,26.73,0.01,66.96,114.8,12524296.89
0,0,413,27,26.73,0.01,66.96,114.8,12524296.89
0,0,413,27,26.73,0.01,66.96,114.8,12524296.89
0,0,413,27,26.73,0.01,66.96,114.8,12524296.89
0,0,413,27,26.73,0.01,66.96,114.8,12524296.89
0,0,413,27,26.73,0.01,66.96,114.8,12524296.89
0,0,413,27,26.73,0.01,66.96,114.8,12524296.89
0,0,413,27,26.73,0.01,66.96,114.8,12524296.89
0,0,413,27,26.73,0.01,66.96,114.8,12524296.89
0,0,413,27,26.73,0.01,66.96,114.8,12524296.89
0,0,413,27,26.73,0.01,66.96,114.8,12524296.89
0,0,413,27,26.73,0.01,66.96,114.8,12524296.89
0,0,413,27,26.73,0.01,66.96,114.8,12524296.89
0,0,413,27,26.73,0.01,66.96,114.8,12524296.89
0,0,413,27,26.73,0.01,66.96,114.8,12524296.89
0,0,413,27,26.73,0.01,66.96,114.8,12524296.89
0,0,413,27,26.73,0.01,66.96,114.8,12524296.89
0,0,413,27,26.73,0.01,66.96,114.8,12524296.89
0,0,413,27,26.73,0.01,66.96,114.8,12524296.89
0,0,413,27,26.73,0.01,66.96,114.8,12524296.89
0,0,413,27,26.73,0.01,66.96,114.8,12524296.89
0,0,413,27,26.73,0.01,66.96,114.8,12524296.89
0,0,413,27,26.73,0.01,66.96,114.8,12524296.89
0,0,527,8,23.49,0.01,76.75,119.39,15106545.01
0,0,417,16,23.49,0.01,67.04,123.04,12921249.44
0,0,490,21,23.78,0.01,71.91,110.09,14032387.55
0,0,413,27,26.73,0.01,66.96,114.8,12524296.89
0,0,413,27,26.73,0.01,66.96,114.8,12524296.89
0,0,413,27,26.73,0.01,66.96,114.8,12524296.89
0,0,413,27,26.73,0.01,66.96,114.8,12524296.89
0,0,413,27,26.73,0.01,66.96,114.8,12524296.89
0,0,413,27,26.73,0.01,66.96,114.8,12524296.89
0,0,413,27,26.73,0.01,66.96,114.8,12524296.89
0,0,413,27,26.73,0.01,66.96,114.8,12524296.89
0,0,413,27,26.73,0.01,66.96,114.8,12524296.89
0,0,413,27,26.73,0.01,66.96,114.8,12524296.89
0,0,413,27,26.73,0.01,66.96,114.8,12524296.89
0,0,413,27,26.73,0.01,66.96,114.8,12524296.89
0,0,413,27,26.73,0.01,66.96,114.8,12524296.89
0,0,413,27,26.73,0.01,66.96,114.8,12524296.89
0,0,413,27,26.73,0.01,66.96,114.8,12524296.89
0,0,413,27,26.73,0.01,66.96,114.8,12524296.89
0,0,413,27,26.73,0.01,66.96,114.8,12524296.89
0,0,413,27,26.73,0.01,66.96,114.8,12524296.89
0,0,413,27,26.73,0.01,66.96,114.8,12524296.89
0,0,413,27,26.73,0.01,66.96,114.8,12524296.89
0,0,413,27,26.73,0.01,66.96,114.8,12524296.89
0,0,413,27,26.73,0.01,66.96,114.8,12524296.89
0,0,413,27,26.73,0.01,66.96,114.8,12524296.89
0,0,413,27,26.73,0.01,66.96,114.8,12524296.89
0,0,413,27,26.73,0.01,66.96,114.8,12524296.89
0,0,413,27,26.73,0.01,66.96,114.8,12524296.89
0,0,413,27,26.73,0.01,66.96,114.8,12524296.89
0,0,413,27,26.73,0.01,66.96,114.8,12524296.89
0,0,413,27,26.73,0.01,66.96,114.8,12524296.89
0,0,413,27,26.73,0.01,66.96,114.8,12524296.89
0,0,413,27,26.73,0.01,66.96,114.8,12524296.89
0,0,413,27,26.73,0.01,66.96,114.8,12524296.89
0,0,413,27,26.73,0.01,66.96,114.8,12524296.89
0,0,413,27,26.73,0.01,66.96,114.8,12524296.89
0,0,413,27,26.73,0.01,66.96,114.8,12524296.89
0,0,413,27,26.73,0.01,66.96,114.8,12524296.89
0,0,413,27,26.73,0.01,66.96,114.8,12524296.89
0,0,413,27,26.73,0.01,66.96,114.8,12524296.89
0,0,413,27,26.73,0.01,66.96,114.8,12524296.89
0,0,413,27,26.73,0.01,66.96,114.8,12524296.89
0,0,413,27,26.73,0.01,66.96,114.8,12524296.89
0,0,413,27,26.73,0.01,66.96,114.8,12524296.89
0,0,413,27,26.73,0.01,66.96,114.8,12524296.89
0,0,413,27,26.73,0.01,66.96,114.8,12524296.89
0,0,413,27,26.73,0.01,66.96,114.8,12524296.89
0,0,413,27,26.73,0.01,66.96,114.8,12524296.89
0,0,413,27,26.73,0.01,66.96,114.8,12524296.89
0,0,413,27,26.73,0.01,66.96,114.8,12524296.89
0,0,413,27,26.73,0.01,66.96,114.8,12524296.89
0,0,413,27,26.73,0.01,66.96,114.8,12524296.89
0,0,413,27,26.73,0.01,66.96,114.8,12524296.89
0,0,413,27,26.73,0.01,66.96,114.8,12524296.89
0,0,413,27,26.73,0.01,66.96,114.8,12524296.89
0,0,527,8,23.49,0.01,76.75,119.39,15106545.01
0,0,417,16,23.49,0.01,67.04,123.04,12921249.44
0,0,490,21,23.78,0.01,71.91,110.09,14032387.55
0,0,413,27,26.73,0.01,66.96,114.8,12524296.89
0,0,413,27,26.73,0.01,66.96,114.8,12524296.89
0,0,413,27,26.73,0.01,66.96,114.8,12524296.89
0,0,413,27,26.73,0.01,66.96,114.8,12524296.89
0,0,413,27,26.73,0.01,66.96,114.8,12524296.89
0,0,413,27,26.73,0.01,66.96,114.8,12524296.89
0,0,413,27,26.73,0.01,66.96,114.8,12524296.89
0,0,413,27,26.73,0.01,66.96,114.8,12524296.89
0,0,413,27,26.73,0.01,66.96,114.8,12524296.89
0,0,413,27,26.73,0.01,66.96,114.8,12524296.89
0,0,413,27,26.73,0.01,66.96,114.8,12524296.89
0,0,413,27,26.73,0.01,66.96,114.8,12524296.89
0,0,413,27,26.73,0.01,66.96,114.8,12524296.89
0,0,413,27,26.73,0.01,66.96,114.8,12524296.89
0,0,413,27,26.73,0.01,66.96,114.8,12524296.89
0,0,413,27,26.73,0.01,66.96,114.8,12524296.89
0,0,413,27,26.73,0.01,66.96,114.8,12524296.89
0,0,413,27,26.73,0.01,66.96,114.8,12524296.89
0,0,413,27,26.73,0.01,66.96,114.8,12524296.89
0,0,413,27,26.73,0.01,66.96,114.8,12524296.89
0,0,413,27,26.73,0.01,66.96,114.8,12524296.89
0,0,413,27,26.73,0.01,66.96,114.8,12524296.89
0,0,413,27,26.73,0.01,66.96,114.8,12524296.89
0,0,413,27,26.73,0.01,66.96,114.8,12524296.89
0,0,413,27,26.73,0.01,66.96,114.8,12524296.89
0,0,413,27,26.73,0.01,66.96,114.8,12524296.89
0,0,413,27,26.73,0.01,66.96,114.8,12524296.89
0,0,413,27,26.73,0.01,66.96,114.8,12524296.89
0,0,413,27,26.73,0.01,66.96,114.8,12524296.89
0,0,413,27,26.73,0.01,66.96,114.8,12524296.89
0,0,413,27,26.73,0.01,66.96,114.8,12524296.89
0,0,413,27,26.73,0.01,66.96,114.8,12524296.89
0,0,413,27,26.73,0.01,66.96,114.8,12524296.89
0,0,413,27,26.73,0.01,66.96,114.8,12524296.89
0,0,413,27,26.73,0.01,66.96,114.8,12524296.89
0,0,413,27,26.73,0.01,66.96,114.8,12524296.89
0,0,413,27,26.73,0.01,66.96,114.8,12524296.89
0,0,413,27,26.73,0.01,66.96,114.8,12524296.89
0,0,413,27,26.73,0.01,66.96,114.8,12524296.89
0,0,413,27,26.73,0.01,66.96,114.8,12524296.89
0,0,413,27,26.73,0.01,66.96,114.8,12524296.89
0,0,413,27,26.73,0.01,66.96,114.8,12524296.89
0,0,413,27,26.73,0.01,66.96,114.8,12524296.89
0,0,413,27,26.73,0.01,66.96,114.8,12524296.89
0,0,413,27,26.73,0.01,66.96,114.8,12524296.89
0,0,413,27,26.73,0.01,66.96,114.8,12524296.89
0,0,413,27,26.73,0.01,66.96,114.8,12524296.89
0,0,413,27,26.73,0.01,66.96,114.8,12524296.89
0,0,413,27,26.73,0.01,66.96,114.8,12524296.89
0,0,413,27,26.73,0.01,66.96,114.8,12524296.89
0,0,413,27,26.73,0.01,66.96,114.8,12524296.89
0,0,413,27,26.73,0.01,66.96,114.8,12524296.89
0,0,413,27,26.73,0.01,66.96,114.8,12524296.89
0,0,527,8,23.49,0.01,76.75,119.39,15106545.01
0,0,417,16,23.49,0.01,67.04,123.04,12921249.44
0,0,490,21,23.78,0.01,71.91,110.09,14032387.55
0,0,413,27,26.73,0.01,66.96,114.8,12524296.89
0,0,413,27,26.73,0.01,66.96,114.8,12524296.89
0,0,413,27,26.73,0.01,66.96,114.8,12524296.89
0,0,413,27,26.73,0.01,66.96,114.8,12524296.89
0,0,413,27,26.73,0.01,66.96,114.8,12524296.89
0,0,413,27,26.73,0.01,66.96,114.8,12524296.89
0,0,413,27,26.73,0.01,66.96,114.8,12524296.89
0,0,413,27,26.73,0.01,66.96,114.8,12524296.89
0,0,413,27,26.73,0.01,66.96,114.8,12524296.89
0,0,413,27,26.73,0.01,66.96,114.8,12524296.89
0,0,413,27,26.73,0.01,66.96,114.8,12524296.89
0,0,413,27,26.73,0.01,66.96,114.8,12524296.89
0,0,413,27,26.73,0.01,66.96,114.8,12524296.89
0,0,413,27,26.73,0.01,66.96,114.8,12524296.89
0,0,413,27,26.73,0.01,66.96,114.8,12524296.89
0,0,413,27,26.73,0.01,66.96,114.8,12524296.89
0,0,413,27,26.73,0.01,66.96,114.8,12524296.89
0,0,413,27,26.73,0.01,66.96,114.8,12524296.89
0,0,413,27,26.73,0.01,66.96,114.8,12524296.89
0,0,413,27,26.73,0.01,66.96,114.8,12524296.89
0,0,413,27,26.73,0.01,66.96,114.8,12524296.89
0,0,413,27,26.73,0.01,66.96,114.8,12524296.89
0,0,413,27,26.73,0.01,66.96,114.8,12524296.89
0,0,413,27,26.73,0.01,66.96,114.8,12524296.89
0,0,413,27,26.73,0.01,66.96,114.8,12524296.89
0,0,413,27,26.73,0.01,66.96,114.8,12524296.89
0,0,413,27,26.73,0.01,66.96,114.8,12524296.89
0,0,413,27,26.73,0.01,66.96,114.8,12524296.89
0,0,413,27,26.73,0.01,66.96,114.8,12524296.89
0,0,413,27,26.73,0.01,66.96,114.8,12524296.89
0,0,413,27,26.73,0.01,66.96,114.8,12524296.89
0,0,413,27,26.73,0.01,66.96,114.8,12524296.89
0,0,413,27,26.73,0.01,66.96,114.8,12524296.89
0,0,413,27,26.73,0.01,66.96,114.8,12524296.89
0,0,413,27,26.73,0.01,66.96,114.8,12524296.89
0,0,413,27,26.73,0.01,66.96,114.8,12524296.89
0,0,413,27,26.73,0.01,66.96,114.8,12524296.89
0,0,413,27,26.73,0.01,66.96,114.8,12524296.89
0,0,413,27,26.73,0.01,66.96,114.8,12524296.89
0,0,413,27,26.73,0.01,66.96,114.8,12524296.89
0,0,413,27,26.73,0.01,66.96,114.8,12524296.89
0,0,413,27,26.73,0.01,66.96,114.8,12524296.89
0,0,413,27,26.73,0.01,66.96,114.8,12524296.89
0,0,413,27,26.73,0.01,66.96,114.8,12524296.89
0,0,413,27,26.73,0.01,66.96,114.8,12524296.89
0,0,413,27,26.73,0.01,66.96,114.8,12524296.89
0,0,413,27,26.73,0.01,66.96,114.8,12524296.89
0,0,413,27,26.73,0.01,66.96,114.8,12524296.89
0,0,413,27,26.73,0.01,66.96,114.8,12524296.89
0,0,413,27,26.73,0.01,66.96,114.8,12524296.89
0,0,413,27,26.73,0.01,66.96,114.8,12524296.89
0,0,413,27,26.73,0.01,66.96,114.8,12524296.89
0,0,413,27,26.73,0.01,66.96,114.8,12524296.89
0,0,527,8,23.49,0.01,76.75,119.39,15106545.01
0,0,417,16,23.49,0.01,67.04,123.04,12921249.44
0,0,490,21,23.78,0.01,71.91,110.09,14032387.55
0,0,413,27,26.73,0.01,66.96,114.8,12524296.89
0,0,413,27,26.73,0.01,66.96,114.8,12524296.89
0,0,413,27,26.73,0.01,66.96,114.8,12524296.89
0,0,413,27,26.73,0.01,66.96,114.8,12524296.89
0,0,413,27,26.73,0.01,66.96,114.8,12524296.89
0,0,413,27,26.73,0.01,66.96,114.8,12524296.89
0,0,413,27,26.73,0.01,66.96,114.8,12524296.89
0,0,413,27,26.73,0.01,66.96,114.8,12524296.89
0,0,413,27,26.73,0.01,66.96,114.8,12524296.89
0,0,413,27,26.73,0.01,66.96,114.8,12524296.89
0,0,413,27,26.73,0.01,66.96,114.8,12524296.89
0,0,413,27,26.73,0.01,66.96,114.8,12524296.89
0,0,413,27,26.73,0.01,66.96,114.8,12524296.89
0,0,413,27,26.73,0.01,66.96,114.8,12524296.89
0,0,413,27,26.73,0.01,66.96,114.8,12524296.89
0,0,413,27,26.73,0.01,66.96,114.8,12524296.89
0,0,413,27,26.73,0.01,66.96,114.8,12524296.89
0,0,413,27,26.73,0.01,66.96,114.8,12524296.89
0,0,413,27,26.73,0.01,66.96,114.8,12524296.89
0,0,413,27,26.73,0.01,66.96,114.8,12524296.89
0,0,413,27,26.73,0.01,66.96,114.8,12524296.89
0,0,413,27,26.73,0.01,66.96,114.8,12524296.89
0,0,413,27,26.73,0.01,66.96,114.8,12524296.89
0,0,413,27,26.73,0.01,66.96,114.8,12524296.89
0,0,413,27,26.73,0.01,66.96,114.8,12524296.89
0,0,413,27,26.73,0.01,66.96,114.8,12524296.89
0,0,413,27,26.73,0.01,66.96,114.8,12524296.89
0,0,413,27,26.73,0.01,66.96,114.8,12524296.89
0,0,413,27,26.73,0.01,66.96,114.8,12524296.89
0,0,413,27,26.73,0.01,66.96,114.8,12524296.89
0,0,413,27,26.73,0.01,66.96,114.8,12524296.89
0,0,413,27,26.73,0.01,66.96,114.8,12524296.89
0,0,413,27,26.73,0.01,66.96,114.8,12524296.89
0,0,413,27,26.73,0.01,66.96,114.8,12524296.89
0,0,413,27,26.73,0.01,66.96,114.8,12524296.89
0,0,413,27,26.73,0.01,66.96,114.8,12524296.89
0,0,413,27,26.73,0.01,66.96,114.8,12524296.89
0,0,413,27,26.73,0.01,66.96,114.8,12524296.89
0,0,413,27,26.73,0.01,66.96,114.8,12524296.89
0,0,413,27,26.73,0.01,66.96,114.8,12524296.89
0,0,413,27,26.73,0.01,66.96,114.8,12524296.89
0,0,413,27,26.73,0.01,66.96,114.8,12524296.89
0,0,413,27,26.73,0.01,66.96,114.8,12524296.89
0,0,413,27,26.73,0.01,66.96,114.8,12524296.89
0,0,413,27,26.73,0.01,66.96,114.8,12524296.89
0,0,413,27,26.73,0.01,66.96,114.8,12524296.89
0,0,413,27,26.73,0.01,66.96,114.8,12524296.89
0,0,413,27,26.73,0.01,66.96,114.8,12524296.89
0,0,413,27,26.73,0.01,66.96,114.8,12524296.89
0,0,413,27,26.73,0.01,66.96,114.8,12524296.89
0,0,413,27,26.73,0.01,66.96,114.8,12524296.89
0,0,413,27,26.73,0.01,66.96,114.8,12524296.89
0,0,413,27,26.73,0.01,66.96,114.8,12524296.89
0,0,527,8,23.49,0.01,76.75,119.39,15106545.01
0,0,417,16,23.49,0.01,67.04,123.04,12921249.44
0,0,490,21,23.78,0.01,71.91,110.09,14032387.55
0,0,413,27,26.73,0.01,66.96,114.8,12524296.89
0,0,413,27,26.73,0.01,66.96,114.8,12524296.89
0,0,413,27,26.73,0.01,66.96,114.8,12524296.89
0,0,413,27,26.73,0.01,66.96,114.8,12524296.89
0,0,413,27,26.73,0.01,66.96,114.8,12524296.89
0,0,413,27,26.73,0.01,66.96,114.8,12524296.89
0,0,413,27,26.73,0.01,66.96,114.8,12524296.89
0,0,413,27,26.73,0.01,66.96,114.8,12524296.89
0,0,413,27,26.73,0.01,66.96,114.8,12524296.89
0,0,413,27,26.73,0.01,66.96,114.8,12524296.89
0,0,413,27,26.73,0.01,66.96,114.8,12524296.89
0,0,413,27,26.73,0.01,66.96,114.8,12524296.89
0,0,413,27,26.73,0.01,66.96,114.8,12524296.89
0,0,413,27,26.73,0.01,66.96,114.8,12524296.89
0,0,413,27,26.73,0.01,66.96,114.8,12524296.89
0,0,413,27,26.73,0.01,66.96,114.8,12524296.89
0,0,413,27,26.73,0.01,66.96,114.8,12524296.89
0,0,413,27,26.73,0.01,66.96,114.8,12524296.89
0,0,413,27,26.73,0.01,66.96,114.8,12524296.89
0,0,413,27,26.73,0.01,66.96,114.8,12524296.89
0,0,413,27,26.73,0.01,66.96,114.8,12524296.89
0,0,413,27,26.73,0.01,66.96,114.8,12524296.89
0,0,413,27,26.73,0.01,66.96,114.8,12524296.89
0,0,413,27,26.73,0.01,66.96,114.8,12524296.89
0,0,413,27,26.73,0.01,66.96,114.8,12524296.89
0,0,413,27,26.73,0.01,66.96,114.8,12524296.89
0,0,413,27,26.73,0.01,66.96,114.8,12524296.89
0,0,413,27,26.73,0.01,66.96,114.8,12524296.89
0,0,413,27,26.73,0.01,66.96,114.8,12524296.89
0,0,413,27,26.73,0.01,66.96,114.8,12524296.89
0,0,413,27,26.73,0.01,66.96,114.8,12524296.89
0,0,413,27,26.73,0.01,66.96,114.8,12524296.89
0,0,413,27,26.73,0.01,66.96,114.8,12524296.89
0,0,413,27,26.73,0.01,66.96,114.8,12524296.89
0,0,413,27,26.73,0.01,66.96,114.8,12524296.89
0,0,413,27,26.73,0.01,66.96,114.8,12524296.89
0,0,413,27,26.73,0.01,66.96,114.8,12524296.89
0,0,413,27,26.73,0.01,66.96,114.8,12524296.89
0,0,413,27,26.73,0.01,66.96,114.8,12524296.89
0,0,413,27,26.73,0.01,66.96,114.8,12524296.89
0,0,413,27,26.73,0.01,66.96,114.8,12524296.89
0,0,413,27,26.73,0.01,66.96,114.8,12524296.89
0,0,413,27,26.73,0.01,66.96,114.8,12524296.89
0,0,413,27,26.73,0.01,66.96,114.8,12524296.89
0,0,413,27,26.73,0.01,66.96,114.8,12524296.89
0,0,413,27,26.73,0.01,66.96,114.8,12524296.89
0,0,413,27,26.73,0.01,66.96,114.8,12524296.89
0,0,413,27,26.73,0.01,66.96,114.8,12524296.89
0,0,413,27,26.73,0.01,66.96,114.8,12524296.89
0,0,413,27,26.73,0.01,66.96,114.8,12524296.89
0,0,413,27,26.73,0.01,66.96,114.8,12524296.89
0,0,413,27,26.73,0.01,66.96,114.8,12524296.89
0,0,413,27,26.73,0.01,66.96,114.8,12524296.89
0,0,527,8,23.49,0.01,76.75,119.39,15106545.01
0,0,417,16,23.49,0.01,67.04,123.04,12921249.44
0,0,490,21,23.78,0.01,71.91,110.09,14032387.55
0,0,413,27,26.73,0.01,66.96,114.8,12524296.89
0,0,413,27,26.73,0.01,66.96,114.8,12524296.89
0,0,413,27,26.73,0.01,66.96,114.8,12524296.89
0,0,413,27,26.73,0.01,66.96,114.8,12524296.89
0,0,413,27,26.73,0.01,66.96,114.8,12524296.89
0,0,413,27,26.73,0.01,66.96,114.8,12524296.89
0,0,413,27,26.73,0.01,66.96,114.8,12524296.89
0,0,413,27,26.73,0.01,66.96,114.8,12524296.89
0,0,413,27,26.73,0.01,66.96,114.8,12524296.89
0,0,413,27,26.73,0.01,66.96,114.8,12524296.89
0,0,413,27,26.73,0.01,66.96,114.8,12524296.89
0,0,413,27,26.73,0.01,66.96,114.8,12524296.89
0,0,413,27,26.73,0.01,66.96,114.8,12524296.89
0,0,413,27,26.73,0.01,66.96,114.8,12524296.89
0,0,413,27,26.73,0.01,66.96,114.8,12524296.89
0,0,413,27,26.73,0.01,66.96,114.8,12524296.89
0,0,413,27,26.73,0.01,66.96,114.8,12524296.89
0,0,413,27,26.73,0.01,66.96,114.8,12524296.89
0,0,413,27,26.73,0.01,66.96,114.8,12524296.89
0,0,413,27,26.73,0.01,66.96,114.8,12524296.89
0,0,413,27,26.73,0.01,66.96,114.8,12524296.89
0,0,413,27,26.73,0.01,66.96,114.8,12524296.89
0,0,413,27,26.73,0.01,66.96,114.8,12524296.89
0,0,413,27,26.73,0.01,66.96,114.8,12524296.89
0,0,413,27,26.73,0.01,66.96,114.8,12524296.89
0,0,413,27,26.73,0.01,66.96,114.8,12524296.89
0,0,413,27,26.73,0.01,66.96,114.8,12524296.89
0,0,413,27,26.73,0.01,66.96,114.8,12524296.89
0,0,413,27,26.73,0.01,66.96,114.8,12524296.89
0,0,413,27,26.73,0.01,66.96,114.8,12524296.89
0,0,413,27,26.73,0.01,66.96,114.8,12524296.89
0,0,413,27,26.73,0.01,66.96,114.8,12524296.89
0,0,413,27,26.73,0.01,66.96,114.8,12524296.89
0,0,413,27,26.73,0.01,66.96,114.8,12524296.89
0,0,413,27,26.73,0.01,66.96,114.8,12524296.89
0,0,413,27,26.73,0.01,66.96,114.8,12524296.89
0,0,413,27,26.73,0.01,66.96,114.8,12524296.89
0,0,413,27,26.73,0.01,66.96,114.8,12524296.89
0,0,413,27,26.73,0.01,66.96,114.8,12524296.89
0,0,413,27,26.73,0.01,66.96,114.8,12524296.89
0,0,413,27,26.73,0.01,66.96,114.8,12524296.89
0,0,413,27,26.73,0.01,66.96,114.8,12524296.89
0,0,413,27,26.73,0.01,66.96,114.8,12524296.89
0,0,413,27,26.73,0.01,66.96,114.8,12524296.89
0,0,413,27,26.73,0.01,66.96,114.8,12524296.89
0,0,413,27,26.73,0.01,66.96,114.8,12524296.89
0,0,413,27,26.73,0.01,66.96,114.8,12524296.89
0,0,413,27,26.73,0.01,66.96,114.8,12524296.89
0,0,413,27,26.73,0.01,66.96,114.8,12524296.89
0,0,413,27,26.73,0.01,66.96,114.8,12524296.89
0,0,413,27,26.73,0.01,66.96,114.8,12524296.89
0,0,413,27,26.73,0.01,66.96,114.8,12524296.89
0,0,413,27,26.73,0.01,66.96,114.8,12524296.89
0,0,527,8,23.49,0.01,76.75,119.39,15106545.01
0,0,417,16,23.49,0.01,67.04,123.04,12921249.44
0,0,490,21,23.78,0.01,71.91,110.09,14032387.55
0,0,413,27,26.73,0.01,66.96,114.8,12524296.89
0,0,413,27,26.73,0.01,66.96,114.8,12524296.89
0,0,413,27,26.73,0.01,66.96,114.8,12524296.89
0,0,413,27,26.73,0.01,66.96,114.8,12524296.89
0,0,413,27,26.73,0.01,66.96,114.8,12524296.89
0,0,413,27,26.73,0.01,66.96,114.8,12524296.89
0,0,413,27,26.73,0.01,66.96,114.8,12524296.89
0,0,413,27,26.73,0.01,66.96,114.8,12524296.89
0,0,413,27,26.73,0.01,66.96,114.8,12524296.89
0,0,413,27,26.73,0.01,66.96,114.8,12524296.89
0,0,413,27,26.73,0.01,66.96,114.8,12524296.89
0,0,413,27,26.73,0.01,66.96,114.8,12524296.89
0,0,413,27,26.73,0.01,66.96,114.8,12524296.89
0,0,413,27,26.73,0.01,66.96,114.8,12524296.89
0,0,413,27,26.73,0.01,66.96,114.8,12524296.89
0,0,413,27,26.73,0.01,66.96,114.8,12524296.89
0,0,413,27,26.73,0.01,66.96,114.8,12524296.89
0,0,413,27,26.73,0.01,66.96,114.8,12524296.89
0,0,413,27,26.73,0.01,66.96,114.8,12524296.89
0,0,413,27,26.73,0.01,66.96,114.8,12524296.89
0,0,413,27,26.73,0.01,66.96,114.8,12524296.89
0,0,413,27,26.73,0.01,66.96,114.8,12524296.89
0,0,413,27,26.73,0.01,66.96,114.8,12524296.89
0,0,413,27,26.73,0.01,66.96,114.8,12524296.89
0,0,413,27,26.73,0.01,66.96,114.8,12524296.89
0,0,413,27,26.73,0.01,66.96,114.8,12524296.89
0,0,413,27,26.73,0.01,66.96,114.8,12524296.89
0,0,413,27,26.73,0.01,66.96,114.8,12524296.89
0,0,413,27,26.73,0.01,66.96,114.8,12524296.89
0,0,413,27,26.73,0.01,66.96,114.8,12524296.89
0,0,413,27,26.73,0.01,66.96,114.8,12524296.89
0,0,413,27,26.73,0.01,66.96,114.8,12524296.89
0,0,413,27,26.73,0.01,66.96,114.8,12524296.89
0,0,413,27,26.73,0.01,66.96,114.8,12524296.89
0,0,413,27,26.73,0.01,66.96,114.8,12524296.89
0,0,413,27,26.73,0.01,66.96,114.8,12524296.89
0,0,413,27,26.73,0.01,66.96,114.8,12524296.89
0,0,413,27,26.73,0.01,66.96,114.8,12524296.89
0,0,413,27,26.73,0.01,66.96,114.8,12524296.89
0,0,413,27,26.73,0.01,66.96,114.8,12524296.89
0,0,413,27,26.73,0.01,66.96,114.8,12524296.89
0,0,413,27,26.73,0.01,66.96,114.8,12524296.89
0,0,413,27,26.73,0.01,66.96,114.8,12524296.89
0,0,413,27,26.73,0.01,66.96,114.8,12524296.89
0,0,413,27,26.73,0.01,66.96,114.8,12524296.89
0,0,413,27,26.73,0.01,66.96,114.8,12524296.89
0,0,413,27,26.73,0.01,66.96,114.8,12524296.89
0,0,413,27,26.73,0.01,66.96,114.8,12524296.89
0,0,413,27,26.73,0.01,66.96,114.8,12524296.89
0,0,413,27,26.73,0.01,66.96,114.8,12524296.89
0,0,413,27,26.73,0.01,66.96,114.8,12524296.89
0,0,413,27,26.73,0.01,66.96,114.8,12524296.89
0,0,413,27,26.73,0.01,66.96,114.8,12524296.89
0,0,527,8,23.49,0.01,76.75,119.39,15106545.01
0,0,417,16,23.49,0.01,67.04,123.04,12921249.44
0,0,490,21,23.78,0.01,71.91,110.09,14032387.55
0,0,413,27,26.73,0.01,66.96,114.8,12524296.89
0,0,413,27,26.73,0.01,66.96,114.8,12524296.89
0,0,413,27,26.73,0.01,66.96,114.8,12524296.89
0,0,413,27,26.73,0.01,66.96,114.8,12524296.89
0,0,413,27,26.73,0.01,66.96,114.8,12524296.89
0,0,413,27,26.73,0.01,66.96,114.8,12524296.89
0,0,413,27,26.73,0.01,66.96,114.8,12524296.89
0,0,413,27,26.73,0.01,66.96,114.8,12524296.89
0,0,413,27,26.73,0.01,66.96,114.8,12524296.89
0,0,413,27,26.73,0.01,66.96,114.8,12524296.89
0,0,413,27,26.73,0.01,66.96,114.8,12524296.89
0,0,413,27,26.73,0.01,66.96,114.8,12524296.89
0,0,413,27,26.73,0.01,66.96,114.8,12524296.89
0,0,413,27,26.73,0.01,66.96,114.8,12524296.89
0,0,413,27,26.73,0.01,66.96,114.8,12524296.89
0,0,413,27,26.73,0.01,66.96,114.8,12524296.89
0,0,413,27,26.73,0.01,66.96,114.8,12524296.89
0,0,413,27,26.73,0.01,66.96,114.8,12524296.89
0,0,413,27,26.73,0.01,66.96,114.8,12524296.89
0,0,413,27,26.73,0.01,66.96,114.8,12524296.89
0,0,413,27,26.73,0.01,66.96,114.8,12524296.89
0,0,413,27,26.73,0.01,66.96,114.8,12524296.89
0,0,413,27,26.73,0.01,66.96,114.8,12524296.89
0,0,413,27,26.73,0.01,66.96,114.8,12524296.89
0,0,413,27,26.73,0.01,66.96,114.8,12524296.89
0,0,413,27,26.73,0.01,66.96,114.8,12524296.89
0,0,413,27,26.73,0.01,66.96,114.8,12524296.89
0,0,413,27,26.73,0.01,66.96,114.8,12524296.89
0,0,413,27,26.73,0.01,66.96,114.8,12524296.89
0,0,413,27,26.73,0.01,66.96,114.8,12524296.89
0,0,413,27,26.73,0.01,66.96,114.8,12524296.89
0,0,413,27,26.73,0.01,66.96,114.8,12524296.89
0,0,413,27,26.73,0.01,66.96,114.8,12524296.89
0,0,413,27,26.73,0.01,66.96,114.8,12524296.89
0,0,413,27,26.73,0.01,66.96,114.8,12524296.89
0,0,413,27,26.73,0.01,66.96,114.8,12524296.89
0,0,413,27,26.73,0.01,66.96,114.8,12524296.89
0,0,413,27,26.73,0.01,66.96,114.8,12524296.89
0,0,413,27,26.73,0.01,66.96,114.8,12524296.89
0,0,413,27,26.73,0.01,66.96,114.8,12524296.89
0,0,413,27,26.73,0.01,66.96,114.8,12524296.89
0,0,413,27,26.73,0.01,66.96,114.8,12524296.89
0,0,413,27,26.73,0.01,66.96,114.8,12524296.89
0,0,413,27,26.73,0.01,66.96,114.8,12524296.89
0,0,413,27,26.73,0.01,66.96,114.8,12524296.89
0,0,413,27,26.73,0.01,66.96,114.8,12524296.89
0,0,413,27,26.73,0.01,66.96,114.8,12524296.89
0,0,413,27,26.73,0.01,66.96,114.8,12524296.89
0,0,413,27,26.73,0.01,66.96,114.8,12524296.89
0,0,413,27,26.73,0.01,66.96,114.8,12524296.89
0,0,413,27,26.73,0.01,66.96,114.8,12524296.89
0,0,413,27,26.73,0.01,66.96,114.8,12524296.89
0,0,413,27,26.73,0.01,66.96,114.8,12524296.89
0,0,527,8,23.49,0.01,76.75,119.39,15106545.01
0,0,417,16,23.49,0.01,67.04,123.04,12921249.44
0,0,490,21,23.78,0.01,71.91,110.09,14032387.55
0,0,413,27,26.73,0.01,66.96,114.8,12524296.89
0,0,413,27,26.73,0.01,66.96,114.8,12524296.89
0,0,413,27,26.73,0.01,66.96,114.8,12524296.89
0,0,413,27,26.73,0.01,66.96,114.8,12524296.89
0,0,413,27,26.73,0.01,66.96,114.8,12524296.89
0,0,413,27,26.73,0.01,66.96,114.8,12524296.89
0,0,413,27,26.73,0.01,66.96,114.8,12524296.89
0,0,413,27,26.73,0.01,66.96,114.8,12524296.89
0,0,413,27,26.73,0.01,66.96,114.8,12524296.89
0,0,413,27,26.73,0.01,66.96,114.8,12524296.89
0,0,413,27,26.73,0.01,66.96,114.8,12524296.89
0,0,413,27,26.73,0.01,66.96,114.8,12524296.89
0,0,413,27,26.73,0.01,66.96,114.8,12524296.89
0,0,413,27,26.73,0.01,66.96,114.8,12524296.89
0,0,413,27,26.73,0.01,66.96,114.8,12524296.89
0,0,413,27,26.73,0.01,66.96,114.8,12524296.89
0,0,413,27,26.73,0.01,66.96,114.8,12524296.89
0,0,413,27,26.73,0.01,66.96,114.8,12524296.89
0,0,413,27,26.73,0.01,66.96,114.8,12524296.89
0,0,413,27,26.73,0.01,66.96,114.8,12524296.89
0,0,413,27,26.73,0.01,66.96,114.8,12524296.89
0,0,413,27,26.73,0.01,66.96,114.8,12524296.89
0,0,413,27,26.73,0.01,66.96,114.8,12524296.89
0,0,413,27,26.73,0.01,66.96,114.8,12524296.89
0,0,413,27,26.73,0.01,66.96,114.8,12524296.89
0,0,413,27,26.73,0.01,66.96,114.8,12524296.89
0,0,413,27,26.73,0.01,66.96,114.8,12524296.89
0,0,413,27,26.73,0.01,66.96,114.8,12524296.89
0,0,413,27,26.73,0.01,66.96,114.8,12524296.89
0,0,413,27,26.73,0.01,66.96,114.8,12524296.89
0,0,413,27,26.73,0.01,66.96,114.8,12524296.89
0,0,413,27,26.73,0.01,66.96,114.8,12524296.89
0,0,413,27,26.73,0.01,66.96,114.8,12524296.89
0,0,413,27,26.73,0.01,66.96,114.8,12524296.89
0,0,413,27,26.73,0.01,66.96,114.8,12524296.89
0,0,413,27,26.73,0.01,66.96,114.8,12524296.89
0,0,413,27,26.73,0.01,66.96,114.8,12524296.89
0,0,413,27,26.73,0.01,66.96,114.8,12524296.89
0,0,413,27,26.73,0.01,66.96,114.8,12524296.89
0,0,413,27,26.73,0.01,66.96,114.8,12524296.89
0,0,413,27,26.73,0.01,66.96,114.8,12524296.89
0,0,413,27,26.73,0.01,66.96,114.8,12524296.89
0,0,413,27,26.73,0.01,66.96,114.8,12524296.89
0,0,413,27,26.73,0.01,66.96,114.8,12524296.89
0,0,413,27,26.73,0.01,66.96,114.8,12524296.89
0,0,413,27,26.73,0.01,66.96,114.8,12524296.89
0,0,413,27,26.73,0.01,66.96,114.8,12524296.89
0,0,413,27,26.73,0.01,66.96,114.8,12524296.89
0,0,413,27,26.73,0.01,66.96,114.8,12524296.89
0,0,413,27,26.73,0.01,66.96,114.8,12524296.89
0,0,413,27,26.73,0.01,66.96,114.8,12524296.89
0,0,413,27,26.73,0.01,66.96,114.8,12524296.89
0,0,413,27,26.73,0.01,66.96,114.8,12524296.89
0,0,527,8,23.49,0.01,76.75,119.39,15106545.01
0,0,417,16,23.49,0.01,67.04,123.04,12921249.44
0,0,490,21,23.78,0.01,71.91,110.09,14032387.55
0,0,413,27,26.73,0.01,66.96,114.8,12524296.89
0,0,413,27,26.73,0.01,66.96,114.8,12524296.89
0,0,413,27,26.73,0.01,66.96,114.8,12524296.89
0,0,413,27,26.73,0.01,66.96,114.8,12524296.89
0,0,413,27,26.73,0.01,66.96,114.8,12524296.89
0,0,413,27,26.73,0.01,66.96,114.8,12524296.89
0,0,413,27,26.73,0.01,66.96,114.8,12524296.89
0,0,413,27,26.73,0.01,66.96,114.8,12524296.89
0,0,413,27,26.73,0.01,66.96,114.8,12524296.89
0,0,413,27,26.73,0.01,66.96,114.8,12524296.89
0,0,413,27,26.73,0.01,66.96,114.8,12524296.89
0,0,413,27,26.73,0.01,66.96,114.8,12524296.89
0,0,413,27,26.73,0.01,66.96,114.8,12524296.89
0,0,413,27,26.73,0.01,66.96,114.8,12524296.89
0,0,413,27,26.73,0.01,66.96,114.8,12524296.89
0,0,413,27,26.73,0.01,66.96,114.8,12524296.89
0,0,413,27,26.73,0.01,66.96,114.8,12524296.89
0,0,413,27,26.73,0.01,66.96,114.8,12524296.89
0,0,413,27,26.73,0.01,66.96,114.8,12524296.89
0,0,413,27,26.73,0.01,66.96,114.8,12524296.89
0,0,413,27,26.73,0.01,66.96,114.8,12524296.89
0,0,413,27,26.73,0.01,66.96,114.8,12524296.89
0,0,413,27,26.73,0.01,66.96,114.8,12524296.89
0,0,413,27,26.73,0.01,66.96,114.8,12524296.89
0,0,413,27,26.73,0.01,66.96,114.8,12524296.89
0,0,413,27,26.73,0.01,66.96,114.8,12524296.89
0,0,413,27,26.73,0.01,66.96,114.8,12524296.89
0,0,413,27,26.73,0.01,66.96,114.8,12524296.89
0,0,413,27,26.73,0.01,66.96,114.8,12524296.89
0,0,413,27,26.73,0.01,66.96,114.8,12524296.89
0,0,413,27,26.73,0.01,66.96,114.8,12524296.89
0,0,413,27,26.73,0.01,66.96,114.8,12524296.89
0,0,413,27,26.73,0.01,66.96,114.8,12524296.89
0,0,413,27,26.73,0.01,66.96,114.8,12524296.89
0,0,413,27,26.73,0.01,66.96,114.8,12524296.89
0,0,413,27,26.73,0.01,66.96,114.8,12524296.89
0,0,413,27,26.73,0.01,66.96,114.8,12524296.89
0,0,413,27,26.73,0.01,66.96,114.8,12524296.89
0,0,413,27,26.73,0.01,66.96,114.8,12524296.89
0,0,413,27,26.73,0.01,66.96,114.8,12524296.89
0,0,413,27,26.73,0.01,66.96,114.8,12524296.89
0,0,413,27,26.73,0.01,66.96,114.8,12524296.89
0,0,413,27,26.73,0.01,66.96,114.8,12524296.89
0,0,413,27,26.73,0.01,66.96,114.8,12524296.89
0,0,413,27,26.73,0.01,66.96,114.8,12524296.89
0,0,413,27,26.73,0.01,66.96,114.8,12524296.89
0,0,413,27,26.73,0.01,66.96,114.8,12524296.89
0,0,413,27,26.73,0.01,66.96,114.8,12524296.89
0,0,413,27,26.73,0.01,66.96,114.8,12524296.89
0,0,413,27,26.73,0.01,66.96,114.8,12524296.89
0,0,413,27,26.73,0.01,66.96,114.8,12524296.89
0,0,413,27,26.73,0.01,66.96,114.8,12524296.89
0,0,413,27,26.73,0.01,66.96,114.8,12524296.89
0,0,527,8,23.49,0.01,76.75,119.39,15106545.01
0,0,417,16,23.49,0.01,67.04,123.04,12921249.44
0,0,490,21,23.78,0.01,71.91,110.09,14032387.55
0,0,413,27,26.73,0.01,66.96,114.8,12524296.89
0,0,413,27,26.73,0.01,66.96,114.8,12524296.89
0,0,413,27,26.73,0.01,66.96,114.8,12524296.89
0,0,413,27,26.73,0.01,66.96,114.8,12524296.89
0,0,413,27,26.73,0.01,66.96,114.8,12524296.89
0,0,413,27,26.73,0.01,66.96,114.8,12524296.89
0,0,413,27,26.73,0.01,66.96,114.8,12524296.89
0,0,413,27,26.73,0.01,66.96,114.8,12524296.89
0,0,413,27,26.73,0.01,66.96,114.8,12524296.89
0,0,413,27,26.73,0.01,66.96,114.8,12524296.89
0,0,413,27,26.73,0.01,66.96,114.8,12524296.89
0,0,413,27,26.73,0.01,66.96,114.8,12524296.89
0,0,413,27,26.73,0.01,66.96,114.8,12524296.89
0,0,413,27,26.73,0.01,66.96,114.8,12524296.89
0,0,413,27,26.73,0.01,66.96,114.8,12524296.89
0,0,413,27,26.73,0.01,66.96,114.8,12524296.89
0,0,413,27,26.73,0.01,66.96,114.8,12524296.89
0,0,413,27,26.73,0.01,66.96,114.8,12524296.89
0,0,413,27,26.73,0.01,66.96,114.8,12524296.89
0,0,413,27,26.73,0.01,66.96,114.8,12524296.89
0,0,413,27,26.73,0.01,66.96,114.8,12524296.89
0,0,413,27,26.73,0.01,66.96,114.8,12524296.89
0,0,413,27,26.73,0.01,66.96,114.8,12524296.89
0,0,413,27,26.73,0.01,66.96,114.8,12524296.89
0,0,413,27,26.73,0.01,66.96,114.8,12524296.89
0,0,413,27,26.73,0.01,66.96,114.8,12524296.89
0,0,413,27,26.73,0.01,66.96,114.8,12524296.89
0,0,413,27,26.73,0.01,66.96,114.8,12524296.89
0,0,413,27,26.73,0.01,66.96,114.8,12524296.89
0,0,413,27,26.73,0.01,66.96,114.8,12524296.89
0,0,413,27,26.73,0.01,66.96,114.8,12524296.89
0,0,413,27,26.73,0.01,66.96,114.8,12524296.89
0,0,413,27,26.73,0.01,66.96,114.8,12524296.89
0,0,413,27,26.73,0.01,66.96,114.8,12524296.89
0,0,413,27,26.73,0.01,66.96,114.8,12524296.89
0,0,413,27,26.73,0.01,66.96,114.8,12524296.89
0,0,413,27,26.73,0.01,66.96,114.8,12524296.89
0,0,413,27,26.73,0.01,66.96,114.8,12524296.89
0,0,413,27,26.73,0.01,66.96,114.8,12524296.89
0,0,413,27,26.73,0.01,66.96,114.8,12524296.89
0,0,413,27,26.73,0.01,66.96,114.8,12524296.89
0,0,413,27,26.73,0.01,66.96,114.8,12524296.89
0,0,413,27,26.73,0.01,66.96,114.8,12524296.89
0,0,413,27,26.73,0.01,66.96,114.8,12524296.89
0,0,413,27,26.73,0.01,66.96,114.8,12524296.89
0,0,413,27,26.73,0.01,66.96,114.8,12524296.89
0,0,413,27,26.73,0.01,66.96,114.8,12524296.89
0,0,413,27,26.73,0.01,66.96,114.8,12524296.89
0,0,413,27,26.73,0.01,66.96,114.8,12524296.89
0,0,413,27,26.73,0.01,66.96,114.8,12524296.89
0,0,413,27,26.73,0.01,66.96,114.8,12524296.89
0,0,413,27,26.73,0.01,66.96,114.8,12524296.89
0,0,413,27,26.73,0.01,66.96,114.8,12524296.89
0,0,527,8,23.49,0.01,76.75,119.39,15106545.01
0,0,417,16,23.49,0.01,67.04,123.04,12921249.44
0,0,490,21,23.78,0.01,71.91,110.09,14032387.55
0,0,413,27,26.73,0.01,66.96,114.8,12524296.89
0,0,413,27,26.73,0.01,66.96,114.8,12524296.89
0,0,413,27,26.73,0.01,66.96,114.8,12524296.89
0,0,413,27,26.73,0.01,66.96,114.8,12524296.89
0,0,413,27,26.73,0.01,66.96,114.8,12524296.89
0,0,413,27,26.73,0.01,66.96,114.8,12524296.89
0,0,413,27,26.73,0.01,66.96,114.8,12524296.89
0,0,413,27,26.73,0.01,66.96,114.8,12524296.89
0,0,413,27,26.73,0.01,66.96,114.8,12524296.89
0,0,413,27,26.73,0.01,66.96,114.8,12524296.89
0,0,413,27,26.73,0.01,66.96,114.8,12524296.89
0,0,413,27,26.73,0.01,66.96,114.8,12524296.89
0,0,413,27,26.73,0.01,66.96,114.8,12524296.89
0,0,413,27,26.73,0.01,66.96,114.8,12524296.89
0,0,413,27,26.73,0.01,66.96,114.8,12524296.89
0,0,413,27,26.73,0.01,66.96,114.8,12524296.89
0,0,413,27,26.73,0.01,66.96,114.8,12524296.89
0,0,413,27,26.73,0.01,66.96,114.8,12524296.89
0,0,413,27,26.73,0.01,66.96,114.8,12524296.89
0,0,413,27,26.73,0.01,66.96,114.8,12524296.89
0,0,413,27,26.73,0.01,66.96,114.8,12524296.89
0,0,413,27,26.73,0.01,66.96,114.8,12524296.89
0,0,413,27,26.73,0.01,66.96,114.8,12524296.89
0,0,413,27,26.73,0.01,66.96,114.8,12524296.89
0,0,413,27,26.73,0.01,66.96,114.8,12524296.89
0,0,413,27,26.73,0.01,66.96,114.8,12524296.89
0,0,413,27,26.73,0.01,66.96,114.8,12524296.89
0,0,413,27,26.73,0.01,66.96,114.8,12524296.89
0,0,413,27,26.73,0.01,66.96,114.8,12524296.89
0,0,413,27,26.73,0.01,66.96,114.8,12524296.89
0,0,413,27,26.73,0.01,66.96,114.8,12524296.89
0,0,413,27,26.73,0.01,66.96,114.8,12524296.89
0,0,413,27,26.73,0.01,66.96,114.8,12524296.89
0,0,413,27,26.73,0.01,66.96,114.8,12524296.89
0,0,413,27,26.73,0.01,66.96,114.8,12524296.89
0,0,413,27,26.73,0.01,66.96,114.8,12524296.89
0,0,413,27,26.73,0.01,66.96,114.8,12524296.89
0,0,413,27,26.73,0.01,66.96,114.8,12524296.89
0,0,413,27,26.73,0.01,66.96,114.8,12524296.89
0,0,413,27,26.73,0.01,66.96,114.8,12524296.89
0,0,413,27,26.73,0.01,66.96,114.8,12524296.89
0,0,413,27,26.73,0.01,66.96,114.8,12524296.89
0,0,413,27,26.73,0.01,66.96,114.8,12524296.89
0,0,413,27,26.73,0.01,66.96,114.8,12524296.89
0,0,413,27,26.73,0.01,66.96,114.8,12524296.89
0,0,413,27,26.73,0.01,66.96,114.8,12524296.89
0,0,413,27,26.73,0.01,66.96,114.8,12524296.89
0,0,413,27,26.73,0.01,66.96,114.8,12524296.89
0,0,413,27,26.73,0.01,66.96,114.8,12524296.89
0,0,413,27,26.73,0.01,66.96,114.8,12524296.89
0,0,413,27,26.73,0.01,66.96,114.8,12524296.89
0,0,413,27,26.73,0.01,66.96,114.8,12524296.89
0,0,413,27,26.73,0.01,66.96,114.8,12524296.89
0,0,527,8,23.49,0.01,76.75,119.39,15106545.01
0,0,417,16,23.49,0.01,67.04,123.04,12921249.44
0,0,490,21,23.78,0.01,71.91,110.09,14032387.55
0,0,413,27,26.73,0.01,66.96,114.8,12524296.89
0,0,413,27,26.73,0.01,66.96,114.8,12524296.89
0,0,413,27,26.73,0.01,66.96,114.8,12524296.89
0,0,413,27,26.73,0.01,66.96,114.8,12524296.89
0,0,413,27,26.73,0.01,66.96,114.8,12524296.89
0,0,413,27,26.73,0.01,66.96,114.8,12524296.89
0,0,413,27,26.73,0.01,66.96,114.8,12524296.89
0,0,413,27,26.73,0.01,66.96,114.8,12524296.89
0,0,413,27,26.73,0.01,66.96,114.8,12524296.89
0,0,413,27,26.73,0.01,66.96,114.8,12524296.89
0,0,413,27,26.73,0.01,66.96,114.8,12524296.89
0,0,413,27,26.73,0.01,66.96,114.8,12524296.89
0,0,413,27,26.73,0.01,66.96,114.8,12524296.89
0,0,413,27,26.73,0.01,66.96,114.8,12524296.89
0,0,413,27,26.73,0.01,66.96,114.8,12524296.89
0,0,413,27,26.73,0.01,66.96,114.8,12524296.89
0,0,413,27,26.73,0.01,66.96,114.8,12524296.89
0,0,413,27,26.73,0.01,66.96,114.8,12524296.89
0,0,413,27,26.73,0.01,66.96,114.8,12524296.89
0,0,413,27,26.73,0.01,66.96,114.8,12524296.89
0,0,413,27,26.73,0.01,66.96,114.8,12524296.89
0,0,413,27,26.73,0.01,66.96,114.8,12524296.89
0,0,413,27,26.73,0.01,66.96,114.8,12524296.89
0,0,413,27,26.73,0.01,66.96,114.8,12524296.89
0,0,413,27,26.73,0.01,66.96,114.8,12524296.89
0,0,413,27,26.73,0.01,66.96,114.8,12524296.89
0,0,413,27,26.73,0.01,66.96,114.8,12524296.89
0,0,413,27,26.73,0.01,66.96,114.8,12524296.89
0,0,413,27,26.73,0.01,66.96,114.8,12524296.89
0,0,413,27,26.73,0.01,66.96,114.8,12524296.89
0,0,413,27,26.73,0.01,66.96,114.8,12524296.89
0,0,413,27,26.73,0.01,66.96,114.8,12524296.89
0,0,413,27,26.73,0.01,66.96,114.8,12524296.89
0,0,413,27,26.73,0.01,66.96,114.8,12524296.89
0,0,413,27,26.73,0.01,66.96,114.8,12524296.89
0,0,413,27,26.73,0.01,66.96,114.8,12524296.89
0,0,413,27,26.73,0.01,66.96,114.8,12524296.89
0,0,413,27,26.73,0.01,66.96,114.8,12524296.89
0,0,413,27,26.73,0.01,66.96,114.8,12524296.89
0,0,413,27,26.73,0.01,66.96,114.8,12524296.89
0,0,413,27,26.73,0.01,66.96,114.8,12524296.89
0,0,413,27,26.73,0.01,66.96,114.8,12524296.89
0,0,413,27,26.73,0.01,66.96,114.8,12524296.89
0,0,413,27,26.73,0.01,66.96,114.8,12524296.89
0,0,413,27,26.73,0.01,66.96,114.8,12524296.89
0,0,413,27,26.73,0.01,66.96,114.8,12524296.89
0,0,413,27,26.73,0.01,66.96,114.8,12524296.89
0,0,413,27,26.73,0.01,66.96,114.8,12524296.89
0,0,413,27,26.73,0.01,66.96,114.8,12524296.89
0,0,413,27,26.73,0.01,66.96,114.8,12524296.89
0,0,413,27,26.73,0.01,66.96,114.8,12524296.89
0,0,413,27,26.73,0.01,66.96,114.8,12524296.89
0,0,413,27,26.73,0.01,66.96,114.8,12524296.89
0,0,527,8,23.49,0.01,76.75,119.39,15106545.01
0,0,417,16,23.49,0.01,67.04,123.04,12921249.44
0,0,490,21,23.78,0.01,71.91,110.09,14032387.55
0,0,413,27,26.73,0.01,66.96,114.8,12524296.89
0,0,413,27,26.73,0.01,66.96,114.8,12524296.89
0,0,413,27,26.73,0.01,66.96,114.8,12524296.89
0,0,413,27,26.73,0.01,66.96,114.8,12524296.89
0,0,413,27,26.73,0.01,66.96,114.8,12524296.89
0,0,413,27,26.73,0.01,66.96,114.8,12524296.89
0,0,413,27,26.73,0.01,66.96,114.8,12524296.89
0,0,413,27,26.73,0.01,66.96,114.8,12524296.89
0,0,413,27,26.73,0.01,66.96,114.8,12524296.89
0,0,413,27,26.73,0.01,66.96,114.8,12524296.89
0,0,413,27,26.73,0.01,66.96,114.8,12524296.89
0,0,413,27,26.73,0.01,66.96,114.8,12524296.89
0,0,413,27,26.73,0.01,66.96,114.8,12524296.89
0,0,413,27,26.73,0.01,66.96,114.8,12524296.89
0,0,413,27,26.73,0.01,66.96,114.8,12524296.89
0,0,413,27,26.73,0.01,66.96,114.8,12524296.89
0,0,413,27,26.73,0.01,66.96,114.8,12524296.89
0,0,413,27,26.73,0.01,66.96,114.8,12524296.89
0,0,413,27,26.73,0.01,66.96,114.8,12524296.89
0,0,413,27,26.73,0.01,66.96,114.8,12524296.89
0,0,413,27,26.73,0.01,66.96,114.8,12524296.89
0,0,413,27,26.73,0.01,66.96,114.8,12524296.89
0,0,413,27,26.73,0.01,66.96,114.8,12524296.89
0,0,413,27,26.73,0.01,66.96,114.8,12524296.89
0,0,413,27,26.73,0.01,66.96,114.8,12524296.89
0,0,413,27,26.73,0.01,66.96,114.8,12524296.89
0,0,413,27,26.73,0.01,66.96,114.8,12524296.89
0,0,413,27,26.73,0.01,66.96,114.8,12524296.89
0,0,413,27,26.73,0.01,66.96,114.8,12524296.89
0,0,413,27,26.73,0.01,66.96,114.8,12524296.89
0,0,413,27,26.73,0.01,66.96,114.8,12524296.89
0,0,413,27,26.73,0.01,66.96,114.8,12524296.89
0,0,413,27,26.73,0.01,66.96,114.8,12524296.89
0,0,413,27,26.73,0.01,66.96,114.8,12524296.89
0,0,413,27,26.73,0.01,66.96,114.8,12524296.89
0,0,413,27,26.73,0.01,66.96,114.8,12524296.89
0,0,413,27,26.73,0.01,66.96,114.8,12524296.89
0,0,413,27,26.73,0.01,66.96,114.8,12524296.89
0,0,413,27,26.73,0.01,66.96,114.8,12524296.89
0,0,413,27,26.73,0.01,66.96,114.8,12524296.89
0,0,413,27,26.73,0.01,66.96,114.8,12524296.89
0,0,413,27,26.73,0.01,66.96,114.8,12524296.89
0,0,413,27,26.73,0.01,66.96,114.8,12524296.89
0,0,413,27,26.73,0.01,66.96,114.8,12524296.89
0,0,413,27,26.73,0.01,66.96,114.8,12524296.89
0,0,413,27,26.73,0.01,66.96,114.8,12524296.89
0,0,413,27,26.73,0.01,66.96,114.8,12524296.89
0,0,413,27,26.73,0.01,66.96,114.8,12524296.89
0,0,413,27,26.73,0.01,66.96,114.8,12524296.89
0,0,413,27,26.73,0.01,66.96,114.8,12524296.89
0,0,413,27,26.73,0.01,66.96,114.8,12524296.89
0,0,413,27,26.73,0.01,66.96,114.8,12524296.89
0,0,413,27,26.73,0.01,66.96,114.8,12524296.89
